drug	disease	label
C16H19ClN2O2	Vibrio_harveyi	1
C25H20O9	Staphylococcus_aureus	1
C6H10OS2	Streptococcus_mutans	1
C20H32O3	Pseudomonas_aeruginosa	1
C20H32O3	Staphylococcus_aureus	1
C20H32O3	Vibrio_harveyi	1
C20H34O2	Pseudomonas_aeruginosa	1
C20H34O2	Staphylococcus_aureus	1
C20H34O2	Vibrio_harveyi	1
C20H32O2	Pseudomonas_aeruginosa	1
C8H8OS	Streptococcus_sanguis	1
C8H8OS	Actinomyces_oris	1
C6H10OS2	Streptococcus_sanguis	1
C6H10OS2	Actinomyces_oris	1
C2H4OS	Streptococcus_mutans	1
C2H4OS	Streptococcus_sanguis	1
C16H12ClN3O2	Streptococcus_mutans	1
C14H13N3O4	Candida_albicans	1
C16H18OS2	Streptococcus_mutans	1
C16H18OS2	Actinomyces_oris	1
C20H14O3	Enterococcus_faecalis_(Streptococcus_faecalis)	1
C20H14O3	Staphylococcus_aureus	1
C20H14O3	Staphylococcus_epidermidis	1
C20H14O3	Streptococcus_mutans	1
C20H14O3	Pseudomonas_aeruginosa	1
C19H12ClNO3	Enterococcus_faecalis_(Streptococcus_faecalis)	1
C19H12ClNO3	Staphylococcus_aureus	1
C19H12ClNO3	Staphylococcus_epidermidis	1
C19H12ClNO3	Streptococcus_mutans	1
C19H12ClNO3	Pseudomonas_aeruginosa	1
C20H13NO6	Enterococcus_faecalis_(Streptococcus_faecalis)	1
C20H13NO6	Staphylococcus_aureus	1
C20H13NO6	Staphylococcus_epidermidis	1
C20H13NO6	Streptococcus_mutans	1
C20H13NO6	Pseudomonas_aeruginosa	1
C22H20ClNO5	Enterococcus_faecalis_(Streptococcus_faecalis)	1
C22H20ClNO5	Staphylococcus_aureus	1
C22H20ClNO5	Staphylococcus_epidermidis	1
C22H20ClNO5	Streptococcus_mutans	1
C22H20ClNO5	Pseudomonas_aeruginosa	1
C21H18ClNO4	Enterococcus_faecalis_(Streptococcus_faecalis)	1
C21H18ClNO4	Staphylococcus_aureus	1
C21H18ClNO4	Staphylococcus_epidermidis	1
C21H18ClNO4	Streptococcus_mutans	1
C21H18ClNO4	Pseudomonas_aeruginosa	1
C22H20O4	Enterococcus_faecalis_(Streptococcus_faecalis)	1
C22H20O4	Staphylococcus_aureus	1
C22H20O4	Staphylococcus_epidermidis	1
C22H20O4	Streptococcus_mutans	1
C22H20O4	Pseudomonas_aeruginosa	1
C21H18O3	Enterococcus_faecalis_(Streptococcus_faecalis)	1
C21H18O3	Staphylococcus_aureus	1
C21H18O3	Staphylococcus_epidermidis	1
C21H18O3	Streptococcus_mutans	1
C21H18O3	Pseudomonas_aeruginosa	1
C24H22F3NO3	Enterococcus_faecalis_(Streptococcus_faecalis)	1
C24H22F3NO3	Staphylococcus_aureus	1
C24H22F3NO3	Staphylococcus_epidermidis	1
C24H22F3NO3	Streptococcus_mutans	1
C24H22F3NO3	Pseudomonas_aeruginosa	1
C20H16O2	Enterococcus_faecalis_(Streptococcus_faecalis)	1
C20H16O2	Staphylococcus_aureus	1
C20H16O2	Staphylococcus_epidermidis	1
C20H16O2	Streptococcus_mutans	1
C20H16O2	Pseudomonas_aeruginosa	1
C21H17ClO3S	Enterococcus_faecalis_(Streptococcus_faecalis)	1
C21H17ClO3S	Staphylococcus_aureus	1
C21H17ClO3S	Staphylococcus_epidermidis	1
C21H17ClO3S	Streptococcus_mutans	1
C21H17ClO3S	Pseudomonas_aeruginosa	1
C22H16N2O	Enterococcus_faecalis_(Streptococcus_faecalis)	1
C22H16N2O	Staphylococcus_aureus	1
C22H16N2O	Staphylococcus_epidermidis	1
C22H16N2O	Streptococcus_mutans	1
C22H16N2O	Pseudomonas_aeruginosa	1
C26H22N2O3	Enterococcus_faecalis_(Streptococcus_faecalis)	1
C26H22N2O3	Staphylococcus_aureus	1
C26H22N2O3	Staphylococcus_epidermidis	1
C26H22N2O3	Streptococcus_mutans	1
C26H22N2O3	Pseudomonas_aeruginosa	1
C18H18N4O3	Candida_albicans	1
C19H19N3O3	Candida_albicans	1
C16H14O3	Haemophilus_influenzae	1
C20H30O3	Streptococcus_mutans	1
C20H30O3	Staphylococcus_aureus	1
C17H17BrN2O5	Enterococcus_faecalis_(Streptococcus_faecalis)	1
C17H17BrN2O5	Staphylococcus_aureus	1
C17H17BrN2O5	Staphylococcus_epidermidis	1
C17H17BrN2O5	Streptococcus_mutans	1
C17H17BrN2O5	Pseudomonas_aeruginosa	1
C16H11N3O3S	Candida_albicans	1
C15H17N3O	Candida_albicans	1
C20H20N2O	Candida_albicans	1
C12H15NO2	Staphylococcus_aureus	1
C12H15NO2	Staphylococcus_epidermis	1
C11H15NO3S	Streptococcus_mutans	1
C11H15NO3S	Actinomyces_oris	1
C9H11NO3S	Streptococcus_mutans	1
C9H11NO3S	Streptococcus_sanguis	1
C9H11NO3S	Actinomyces_oris	1
C7H9NO3S2	Streptococcus_mutans	1
C7H9NO3S2	Streptococcus_sanguis	1
C7H9NO3S2	Actinomyces_oris	1
C10H13NO3S	Actinomyces_oris	1
C10H12ClNO3S	Streptococcus_mutans	1
C10H12ClNO3S	Streptococcus_sanguis	1
C10H12ClNO3S	Actinomyces_oris	1
C11H15NO3S	Streptococcus_sanguis	1
C10H13NO2	Staphylococcus_epidermis	1
C6H13N5O4	Staphylococcus_aureus	1
C6H13N5O4	Staphylococcus_epidermis	1
C8H16N2O3	Staphylococcus_aureus	1
C8H16N2O3	Staphylococcus_epidermis	1
C10H11NO2	Staphylococcus_aureus	1
C10H11NO2	Staphylococcus_epidermis	1
C6H8N2O2S	Staphylococcus_aureus	1
C6H8N2O2S	Staphylococcus_epidermis	1
C13H19NO2	Staphylococcus_epidermis	1
C7H15NO2S	Staphylococcus_aureus	1
C7H15NO2S	Staphylococcus_epidermis	1
C5H8BrNO2	Staphylococcus_aureus	1
C5H8BrNO2	Staphylococcus_epidermis	1
C23H28N2O10	Pseudomonas_aeruginosa	1
C22H24F3NO10	Pseudomonas_aeruginosa	1
C21H24BrNO10	Pseudomonas_aeruginosa	1
C21H24ClNO10	Pseudomonas_aeruginosa	1
C21H24FNO10	Pseudomonas_aeruginosa	1
C22H27NO11	Pseudomonas_aeruginosa	1
C19H27NO11	Pseudomonas_aeruginosa	1
C21H31NO11	Pseudomonas_aeruginosa	1
C17H25NO10	Pseudomonas_aeruginosa	1
C23H37NO10	Pseudomonas_aeruginosa	1
C25H41NO10	Pseudomonas_aeruginosa	1
C21H33NO10	Pseudomonas_aeruginosa	1
C16H20F3NO2	Staphylococcus_aureus	1
C10H11NO3	Staphylococcus_epidermis	1
C14H11NO5	Candida_albicans	1
C13H21NO2S	Candida_albicans	1
C15H25NO2S	Candida_albicans	1
C9H13NO2S	Candida_albicans	1
C11H17NO2S	Candida_albicans	1
C14H23NO2S	Candida_albicans	1
C31H44O12	Pseudomonas_aeruginosa	1
C19H14Cl2F3NO2	Staphylococcus_aureus	1
C16H19Cl2NO2	Staphylococcus_aureus	1
C17H21Cl2NO3	Staphylococcus_aureus	1
C17H18Cl2F3NO2	Staphylococcus_aureus	1
C20H24Cl2F3NO2	Staphylococcus_aureus	1
C15H10Cl2F3NO2	Staphylococcus_aureus	1
C14H12Cl2F3NO2	Staphylococcus_aureus	1
C16H18F3NO2	Staphylococcus_aureus	1
C15H16F3NO2	Staphylococcus_aureus	1
C9H10Br2O2	Escherichia_coli	1
C18H24N4O4S2	Pseudomonas_aeruginosa	1
C18H24N4O4S2	Acinetobacter_baumannii	1
C10H18O	Vibrio_cholerae	1
C10H18O	Vibrio_harveyi	1
C15H12O	Haemophilus_influenzae	1
C14H12O3	Candida_albicans	1
C3H8N2O2	Staphylococcus_aureus	1
C3H8N2O2	Staphylococcus_epidermis	1
C15H15NO2	Staphylococcus_epidermis	1
C9H17NO2	Staphylococcus_aureus	1
C9H17NO2	Staphylococcus_epidermis	1
C8H15NO2	Staphylococcus_aureus	1
C8H15NO2	Staphylococcus_epidermis	1
C34H47N13O4	Escherichia_coli	1
C51H69N19O6	Escherichia_coli	1
C68H91N25O8	Escherichia_coli	1
C72H95N25O12	Escherichia_coli	1
C9H5BrO2	Staphylococcus_epidermidis	1
C5H2Br2O2	Staphylococcus_epidermidis	1
C9H9Br3O2	Salmonella_enterica	1
C7H5Br3O2	Salmonella_enterica	1
C11H13Br3O2	Salmonella_enterica	1
C9H10Br2O2	Salmonella_enterica	1
C7H6Br2O2	Salmonella_enterica	1
C11H14Br2O2	Salmonella_enterica	1
C6H4Br2O2	Pseudomonas_aeruginosa	1
C7H7BrO2	Staphylococcus_epidermidis	1
C5H3ClO2	Staphylococcus_epidermidis	1
C13H21NO2S	Propionibacterium_acnes	1
C11H17NO2S	Propionibacterium_acnes	1
C29H28O8	Pseudomonas_aeruginosa	1
C29H28O8	Acinetobacter_baumannii	1
C17H18Cl6O6S2	Bacillus_subtilis	1
C15H16N2O	Streptococcus_mutans	1
C31H28N6O2	Staphylococcus_aureus	1
C31H28N6O2	Bacillus_subtilis	1
C31H28N6O2	Micrococcus_luteus	1
C30H25N7O4	Staphylococcus_aureus	1
C30H25N7O4	Bacillus_subtilis	1
C30H25N7O4	Micrococcus_luteus	1
C20H16Cl2N2O2	Candida_albicans	1
C11H8ClNO3	Pseudomonas_aeruginosa	1
C11H8ClNO3	Escherichia_coli	1
C10H6ClNO3	Pseudomonas_aeruginosa	1
C10H6ClNO3	Escherichia_coli	1
C8H6N2O5	Pseudomonas_aeruginosa	1
C8H9NO2	Pseudomonas_aeruginosa	1
C14H13ClN2O	Streptococcus_mutans	1
C15H16N2O2	Streptococcus_mutans	1
C7H8N2O	Pseudomonas_aeruginosa	1
C6H6N2O	Pseudomonas_aeruginosa	1
C7H7NO	Pseudomonas_aeruginosa	1
C16H17N3O3	Streptococcus_mutans	1
C8H10O2S	Pseudomonas_aeruginosa	1
C16H18S2	Streptococcus_mutans	1
C16H18S2	Streptococcus_sanguis	1
C16H18S2	Actinomyces_oris	1
C19H18Cl2N2O5	Enterococcus_faecalis_(Streptococcus_faecalis)	1
C19H18Cl2N2O5	Staphylococcus_aureus	1
C19H18Cl2N2O5	Staphylococcus_epidermidis	1
C19H18Cl2N2O5	Streptococcus_mutans	1
C19H18Cl2N2O5	Pseudomonas_aeruginosa	1
C16H13N3O4	Enterococcus_faecalis_(Streptococcus_faecalis)	1
C16H13N3O4	Staphylococcus_aureus	1
C16H13N3O4	Staphylococcus_epidermidis	1
C16H13N3O4	Streptococcus_mutans	1
C16H13N3O4	Pseudomonas_aeruginosa	1
C20H21BrN2O7	Enterococcus_faecalis_(Streptococcus_faecalis)	1
C20H21BrN2O7	Staphylococcus_aureus	1
C20H21BrN2O7	Staphylococcus_epidermidis	1
C20H21BrN2O7	Streptococcus_mutans	1
C20H21BrN2O7	Pseudomonas_aeruginosa	1
C23H22N2O5	Enterococcus_faecalis_(Streptococcus_faecalis)	1
C23H22N2O5	Staphylococcus_aureus	1
C23H22N2O5	Staphylococcus_epidermidis	1
C23H22N2O5	Streptococcus_mutans	1
C23H22N2O5	Pseudomonas_aeruginosa	1
C25H18ClNO	Micrococcus_luteus	1
C25H18ClNO	Staphylococcus_aureus	1
C25H18ClNO	Bacillus_subtilis	1
C25H18ClNO	Escherichia_coli	1
C25H18ClNO	Pseudomonas_aeruginosa	1
C25H18ClNO	Klebsiella_planticola	1
C26H21NO3	Micrococcus_luteus	1
C26H21NO3	Staphylococcus_aureus	1
C26H21NO3	Bacillus_subtilis	1
C26H21NO3	Escherichia_coli	1
C26H21NO3	Pseudomonas_aeruginosa	1
C26H21NO3	Klebsiella_planticola	1
C26H21NO2	Micrococcus_luteus	1
C26H21NO2	Staphylococcus_aureus	1
C26H21NO2	Bacillus_subtilis	1
C26H21NO2	Escherichia_coli	1
C26H21NO2	Pseudomonas_aeruginosa	1
C26H21NO2	Klebsiella_planticola	1
C27H17F6NO	Micrococcus_luteus	1
C27H17F6NO	Staphylococcus_aureus	1
C27H17F6NO	Bacillus_subtilis	1
C27H17F6NO	Escherichia_coli	1
C27H17F6NO	Pseudomonas_aeruginosa	1
C27H17F6NO	Klebsiella_planticola	1
C26H18F3NO2	Micrococcus_luteus	1
C26H18F3NO2	Staphylococcus_aureus	1
C26H18F3NO2	Bacillus_subtilis	1
C26H18F3NO2	Escherichia_coli	1
C26H18F3NO2	Pseudomonas_aeruginosa	1
C26H18F3NO2	Klebsiella_planticola	1
C28H24N2O6	Micrococcus_luteus	1
C28H24N2O6	Staphylococcus_aureus	1
C28H24N2O6	Bacillus_subtilis	1
C28H24N2O6	Escherichia_coli	1
C28H24N2O6	Pseudomonas_aeruginosa	1
C28H24N2O6	Klebsiella_planticola	1
C26H17F3N2O4	Micrococcus_luteus	1
C26H17F3N2O4	Staphylococcus_aureus	1
C26H17F3N2O4	Bacillus_subtilis	1
C26H17F3N2O4	Escherichia_coli	1
C26H17F3N2O4	Pseudomonas_aeruginosa	1
C26H17F3N2O4	Klebsiella_planticola	1
C83H138N30O14S	Pseudomonas_aeruginosa	1
C71H126N26O12	Staphylococcus_aureus	1
C20H34O3	Pseudomonas_aeruginosa	1
C20H34O3	Staphylococcus_aureus	1
C20H34O3	Vibrio_harveyi	1
C20H36O3	Pseudomonas_aeruginosa	1
C20H36O3	Staphylococcus_aureus	1
C20H36O3	Vibrio_harveyi	1
C22H42O12	Pseudomonas_aeruginosa	1
C15H30O2	Pseudomonas_aeruginosa	1
C27H22ClN3O4	Pseudomonas_aeruginosa	1
C27H22ClN3O4	Candida_albicans	1
C27H22ClN3O3	Pseudomonas_aeruginosa	1
C27H22ClN3O3	Candida_albicans	1
C27H24ClN3O3	Pseudomonas_aeruginosa	1
C27H24ClN3O3	Candida_albicans	1
C26H20ClN3O3	Candida_albicans	1
C26H20ClN3O3	Pseudomonas_aeruginosa	1
C27H22N6O4	Pseudomonas_aeruginosa	1
C27H22N6O4	Candida_albicans	1
C26H22N10O6	Pseudomonas_aeruginosa	1
C29H44O5S2	Pseudomonas_aeruginosa	1
C29H38O9	Pseudomonas_aeruginosa	1
C23H37NO5	Pseudomonas_aeruginosa	1
C91H133N21O24	Staphylococcus_epidermidis	1
C91H133N21O24	Staphylococcus_aureus	1
C93H135N21O25	Staphylococcus_epidermidis	1
C93H135N21O25	Staphylococcus_aureus	1
C21H29NO2	Staphylococcus_aureus	1
C21H29NO2	Staphylococcus_epidermidis	1
C4H4O2	Aeromonas_hydrophila	1
C4H4O2	Hafnia_alvei	1
C10H8N2	Staphylococcus_aureus	1
C10H8N2	Pseudomonas_aeruginosa	1
C9H6F5NO2	Staphylococcus_aureus	1
C9H6F5NO2	Staphylococcus_epidermis	1
C25H20O10	Staphylococcus_aureus	1
C7H6O4	Staphylococcus_aureus	1
C9H8F3NO2	Staphylococcus_aureus	1
C9H8F3NO2	Staphylococcus_epidermis	1
C9H9Cl2NO2	Staphylococcus_epidermis	1
C9H9F2NO2	Staphylococcus_aureus	1
C9H9F2NO2	Staphylococcus_epidermis	1
C11H15NO2	Staphylococcus_aureus	1
C11H15NO2	Staphylococcus_epidermis	1
C9H9N3O6	Staphylococcus_epidermis	1
C11H6Br4N4O	Staphylococcus_aureus	1
C11H6Br4N4O	Streptococcus_epidermidis	1
C11H6Br4N4O	Pseudomonas_aeruginosa	1
C19H30O4	Staphylococcus_epidermidis	1
C19H30O4	Staphylococcus_aureus	1
C11H6Cl2N6O2S	Pseudomonas_aeruginosa	1
C22H18F2N6O2	Candida_albicans	1
C13H10BrN5O3	Pseudomonas_aeruginosa	1
C13H10FN5O3	Pseudomonas_aeruginosa	1
C14H13N5O3	Pseudomonas_aeruginosa	1
C13H10N6O5	Pseudomonas_aeruginosa	1
C13H10N6O5	Escherichia_coli	1
C13H11N5O3	Pseudomonas_aeruginosa	1
C13H10ClFN2O3	Pseudomonas_aeruginosa	1
C13H10ClFN2O3	Escherichia_coli	1
C14H13ClN2O3	Pseudomonas_aeruginosa	1
C14H13ClN2O3	Escherichia_coli	1
C13H10ClN3O5	Escherichia_coli	1
C13H11ClN2O3	Pseudomonas_aeruginosa	1
C13H11ClN2O3	Escherichia_coli	1
C13H7Br2ClFN3O	Staphylococcus_aureus	1
C13H7Br2ClFN3O	Streptococcus_epidermidis	1
C13H7Br2ClFN3O	Pseudomonas_aeruginosa	1
C6H7NO2S3	Vibrio_anguillarum	1
C6H7NO2S3	Vibrio_vulnificus	1
C13H7Br2Cl2N3O	Staphylococcus_aureus	1
C13H7Br2Cl2N3O	Streptococcus_epidermidis	1
C13H7Br2Cl2N3O	Pseudomonas_aeruginosa	1
C14H11Br2N3O2	Staphylococcus_aureus	1
C14H11Br2N3O2	Streptococcus_epidermidis	1
C14H11Br2N3O2	Pseudomonas_aeruginosa	1
C9H9Br2N3OS	Staphylococcus_aureus	1
C9H9Br2N3OS	Streptococcus_epidermidis	1
C9H9Br2N3OS	Pseudomonas_aeruginosa	1
C8H7Br2N3OS	Staphylococcus_aureus	1
C8H7Br2N3OS	Streptococcus_epidermidis	1
C8H7Br2N3OS	Pseudomonas_aeruginosa	1
C13H9Br2N3OS	Staphylococcus_aureus	1
C13H9Br2N3OS	Streptococcus_epidermidis	1
C13H9Br2N3OS	Pseudomonas_aeruginosa	1
C12H8Br2N4OS	Staphylococcus_aureus	1
C12H8Br2N4OS	Streptococcus_epidermidis	1
C12H8Br2N4OS	Pseudomonas_aeruginosa	1
C13H9Br2N3O	Staphylococcus_aureus	1
C13H9Br2N3O	Streptococcus_epidermidis	1
C13H9Br2N3O	Pseudomonas_aeruginosa	1
C15H11Br2N3O	Staphylococcus_aureus	1
C15H11Br2N3O	Streptococcus_epidermidis	1
C15H11Br2N3O	Pseudomonas_aeruginosa	1
C13H8Br2N4O3	Staphylococcus_aureus	1
C13H8Br2N4O3	Streptococcus_epidermidis	1
C13H8Br2N4O3	Pseudomonas_aeruginosa	1
C13H16BrNO6	Pseudomonas_aeruginosa	1
C13H16FNO6	Pseudomonas_aeruginosa	1
C13H8Br2ClN3O	Staphylococcus_aureus	1
C13H8Br2ClN3O	Streptococcus_epidermidis	1
C13H8Br2ClN3O	Pseudomonas_aeruginosa	1
C16H22N2O6	Pseudomonas_aeruginosa	1
C15H20N2O6	Pseudomonas_aeruginosa	1
C13H16ClNO6	Pseudomonas_aeruginosa	1
C26H28N4O2	Streptococcus_mutans	1
C26H28N4O2	Streptococcus_sanguinis	1
C26H28N4O2	Streptococcus_gordonii	1
C13H9Br2N3O2	Staphylococcus_aureus	1
C13H9Br2N3O2	Streptococcus_epidermidis	1
C13H9Br2N3O2	Pseudomonas_aeruginosa	1
C13H10BrClN2O3	Pseudomonas_aeruginosa	1
C13H10Cl2N2O3	Escherichia_coli	1
C10H14N2O2	Staphylococcus_aureus	1
C10H14N2O2	Staphylococcus_epidermis	1
C12H17N5O2S	Pseudomonas_aeruginosa	1
C10H10F3NO2	Staphylococcus_aureus	1
C10H10F3NO2	Staphylococcus_epidermis	1
C9H10N2O4	Staphylococcus_epidermis	1
C9H10ClNO2	Staphylococcus_aureus	1
C9H10ClNO2	Staphylococcus_epidermis	1
C9H10N2O4	Staphylococcus_aureus	1
C10H13NO3S	Streptococcus_mutans	1
C10H13NO3S	Streptococcus_sanguis	1
C6H11NO3S	Streptococcus_mutans	1
C6H13NO3S	Streptococcus_mutans	1
C7H6ClNO2	Burkholderia_multivorans	1
C7H6ClNO2	Burkholderia_cenocepacia	1
C6H11NO4	Staphylococcus_aureus	1
C6H11NO4	Staphylococcus_epidermis	1
C7H6FNO2	Burkholderia_multivorans	1
C7H6FNO2	Burkholderia_cenocepacia	1
C24H46ClN7O	Streptococcus_mutans	1
C14H11Br2N3O	Staphylococcus_aureus	1
C14H11Br2N3O	Streptococcus_epidermidis	1
C14H11Br2N3O	Pseudomonas_aeruginosa	1
C12H7Br4NO2	Staphylococcus_epidermidis	1
C12H7Br4NO2	Staphylococcus_aureus	1
C10H19BrO2	Pseudomonas_aeruginosa	1
C6H11BrO2	Pseudomonas_aeruginosa	1
C8H15BrO2	Pseudomonas_aeruginosa	1
C10H12N2O3	Staphylococcus_aureus	1
C10H12N2O3	Staphylococcus_epidermis	1
C10H10N2O2	Staphylococcus_epidermis	1
C9H10FNO2	Staphylococcus_epidermis	1
C20H28O4	Staphylococcus_epidermidis	1
C20H28O4	Staphylococcus_aureus	1
C23H26O4	Staphylococcus_epidermidis	1
C23H26O4	Staphylococcus_aureus	1
C10H14O3	Salmonella_enterica	1
C15H12O2	Haemophilus_influenzae	1
C10H14O2	Escherichia_coli	1
C10H10O2	Vibrio_vulnificus	1
C10H10O2	Vibrio_anguillarum	1
C10H13NO3	Staphylococcus_aureus	1
C10H13NO3	Staphylococcus_epidermis	1
C7H8O3	Escherichia_coli	1
C9H7NO3	Vibrio_cholerae	1
C9H7NO3	Vibrio_harveyi	1
C9H7NO3	Vibrio_vulnificus	1
C9H7NO3	Vibrio_anguillarum	1
C8H7NO	Pseudomonas_aeruginosa	1
C8H10OS	Actinomyces_oris	1
C25H34O9	Pseudomonas_aeruginosa	1
C54H65N15O7	Streptococcus_mutans	1
C27H22N6O3	Pseudomonas_aeruginosa	1
C27H22N6O3	Candida_albicans	1
C26H20N6O3	Pseudomonas_aeruginosa	1
C26H20N6O3	Candida_albicans	1
C7H6Cl4O3	Bacillus_subtilis	1
C11H8Cl2O4S	Bacillus_subtilis	1
C9H6Cl2O	Vibrio_cholerae	1
C9H6Cl2O	Vibrio_harveyi	1
C17H16O3	Haemophilus_influenzae	1
C9H9Br2NO3	Staphylococcus_epidermis	1
C9H9I2NO3	Staphylococcus_aureus	1
C9H9I2NO3	Staphylococcus_epidermis	1
C33H56O12	Pseudomonas_aeruginosa	1
C8H11N	Pseudomonas_aeruginosa	1
C13H13NO2	Staphylococcus_aureus	1
C13H13NO2	Staphylococcus_epidermis	1
C7H9NO3	Staphylococcus_aureus	1
C7H9NO3	Staphylococcus_epidermis	1
C18H16N4O3S2	Salmonella_enterica	1
C18H16N4O3S2	Salmonella_Typhi	1
C18H16N4O3S2	Acinetobacter_baumannii	1
C18H16N4O3S2	Staphylococcus_aureus	1
C18H16N4O3S2	Pseudomonas_aeruginosa	1
C8H10N2O2	Staphylococcus_aureus	1
C7H9NO2S	Staphylococcus_aureus	1
C7H9NO2S	Staphylococcus_epidermis	1
C18H14FNO3S2	Staphylococcus_aureus	1
C18H14FNO3S2	Staphylococcus_epidermidis	1
C18H14FNO3S2	Enterococcus_faecalis_(Streptococcus_faecalis)	1
C18H14FNO3S2	Enterococcus_faecium_(Streptococcus_faecium)	1
C18H14FNO3S2	Enterococcus_gallinarum	1
C18H14FNO3S2	Escherichia_coli	1
C18H14FNO3S2	Pseudomonas_aeruginosa	1
C8H10N2O2	Staphylococcus_epidermis	1
C19H14FNO3S2	Staphylococcus_aureus	1
C19H14FNO3S2	Staphylococcus_epidermidis	1
C19H14FNO3S2	Enterococcus_faecalis_(Streptococcus_faecalis)	1
C19H14FNO3S2	Enterococcus_faecium_(Streptococcus_faecium)	1
C19H14FNO3S2	Enterococcus_gallinarum	1
C19H14FNO3S2	Escherichia_coli	1
C19H14FNO3S2	Pseudomonas_aeruginosa	1
C17H14N2O3S2	Staphylococcus_aureus	1
C17H14N2O3S2	Staphylococcus_epidermidis	1
C17H14N2O3S2	Enterococcus_faecalis_(Streptococcus_faecalis)	1
C17H14N2O3S2	Enterococcus_faecium_(Streptococcus_faecium)	1
C17H14N2O3S2	Enterococcus_gallinarum	1
C17H14N2O3S2	Escherichia_coli	1
C17H14N2O3S2	Pseudomonas_aeruginosa	1
C10H11F2NO	Staphylococcus_aureus	1
C10H11F2NO	Staphylococcus_epidermis	1
C12H11BrO3S	Bacillus_subtilis	1
C9H10BrNO2	Staphylococcus_epidermis	1
C11H9ClO3S	Bacillus_subtilis	1
C11H9ClO5S	Bacillus_subtilis	1
C13H12Cl2O3S	Bacillus_subtilis	1
C9H10ClNO3	Staphylococcus_aureus	1
C9H10ClNO3	Staphylococcus_epidermis	1
C9H10FNO2	Staphylococcus_aureus	1
C6H6FN	Pseudomonas_aeruginosa	1
C21H30O4	Staphylococcus_epidermidis	1
C21H30O4	Staphylococcus_aureus	1
C11H15BrO2	Salmonella_enterica	1
C9H11NO3	Staphylococcus_aureus	1
C9H11NO3	Staphylococcus_epidermis	1
C9H11NO4	Staphylococcus_aureus	1
C9H10INO3	Staphylococcus_aureus	1
C9H10INO3	Staphylococcus_epidermis	1
C16H14O2	Haemophilus_influenzae	1
C10H13NO2	Staphylococcus_aureus	1
C9H10N2O5	Staphylococcus_aureus	1
C9H10N2O5	Staphylococcus_epidermis	1
C10H15NO4	Serratia_liquefaciens	1
C10H15NO4	Aeromonas_sobria	1
C12H19NO4	Hafnia_alvei	1
C18H30O4	Staphylococcus_aureus	1
C18H30O3S	Staphylococcus_aureus	1
C27H37NO	Streptococcus_mutans	1
C27H37NO	Staphylococcus_aureus	1
C27H36FNO	Streptococcus_mutans	1
C27H36FNO	Staphylococcus_aureus	1
C27H36FNO	Proteus_mirabilis	1
C39H54O4	Pseudomonas_aeruginosa	1
C15H20O3	Candida_albicans	1
C5H8O4	Bacillus_cereus	1
C5H8O4	Candida_albicans	1
C16H13Br2N3O3	Staphylococcus_aureus	1
C16H13Br2N3O3	Streptococcus_epidermidis	1
C16H13Br2N3O3	Pseudomonas_aeruginosa	1
C20H30O4	Candida_albicans	1
C13H10Br2N4O	Staphylococcus_aureus	1
C13H10Br2N4O	Streptococcus_epidermidis	1
C13H10Br2N4O	Pseudomonas_aeruginosa	1
C11H14N2O3	Staphylococcus_aureus	1
C11H14N2O3	Staphylococcus_epidermis	1
C9H12N2O2	Staphylococcus_aureus	1
C9H12N2O2	Staphylococcus_epidermis	1
C16H15NO3	Staphylococcus_aureus	1
C16H15NO3	Staphylococcus_epidermis	1
C12H12BrNO3	Pseudomonas_aeruginosa	1
C12H12Br2O3	Staphylococcus_epidermidis	1
C15H21Br2N3O5	Staphylococcus_epidermidis	1
C11H12Br2O4	Salmonella_enterica	1
C9H9Br3O2	Staphylococcus_epidermidis	1
C9H10Br2O2	Staphylococcus_epidermidis	1
C9H10Br2O2	Staphylococcus_aureus	1
C9H10Br2O2	Bacillus_subtilis	1
C9H6Br4O4	Salmonella_enterica	1
C7H4Br4O2	Salmonella_enterica	1
C9H10BrNO2	Staphylococcus_aureus	1
C6H6BrN	Pseudomonas_aeruginosa	1
C9H9ClFNO2	Staphylococcus_aureus	1
C9H9ClFNO2	Staphylococcus_epidermis	1
C10H5ClF3N	Pseudomonas_aeruginosa	1
C6H6ClN	Pseudomonas_aeruginosa	1
C15H11ClO	Haemophilus_influenzae	1
C9H6ClN	Serratia_marcescens	1
C10H10N2O2	Staphylococcus_aureus	1
C11H13NO	Vibrio_anguillarum	1
C11H13NO	Vibrio_vulnificus	1
C8H10O2	Escherichia_coli	1
C9H12O2	Escherichia_coli	1
C5H7FO3	Vibrio_harveyi	1
C10H12FNO2	Staphylococcus_aureus	1
C10H12FNO2	Staphylococcus_epidermis	1
C8H6FN	Pseudomonas_aeruginosa	1
C7H5O3	Escherichia_coli	1
C9H6O3	Escherichia_coli	1
C6H8O3	Pseudomonas_aeruginosa	1
C9H10INO2	Staphylococcus_aureus	1
C9H10INO2	Staphylococcus_epidermis	1
C7H9NO2S	Pseudomonas_aeruginosa	1
C8H9BO4	Vibrio_anguillarum	1
C8H9BO4	Vibrio_vulnificus	1
C8H9BO4	Vibrio_campbellii	1
C8H9BO4	Vibrio_cholerae	1
C32H54O12	Pseudomonas_aeruginosa	1
C5H4N2O3	Burkholderia_multivorans	1
C5H4N2O3	Burkholderia_cenocepacia	1
C15H21NO6	Pseudomonas_aeruginosa	1
C35H60O12	Pseudomonas_aeruginosa	1
C15H22O3	Candida_albicans	1
C19H18O6	Vibrio_harveyi	1
C20H24O2	Candida_albicans	1
C20H35NO4	Staphylococcus_aureus	1
C7H5Br2N3OS	Staphylococcus_aureus	1
C7H5Br2N3OS	Streptococcus_epidermidis	1
C7H5Br2N3OS	Pseudomonas_aeruginosa	1
C9H8Br2O4	Salmonella_enterica	1
C7H5BrO2	Pseudomonas_aeruginosa	1
C10H5BrClNO3	Pseudomonas_aeruginosa	1
C8H6BrN	Pseudomonas_aeruginosa	1
C5H3BrO2	Serratia_liquefaciens	1
C5H3BrO2	Aeromonas_sobria	1
C10H5Cl2NO3	Pseudomonas_aeruginosa	1
C8H6ClN	Pseudomonas_aeruginosa	1
C13H23NO2S	Candida_albicans	1
C4H4FN3O	Candida_albicans	1
C8H6FNO	Pseudomonas_aeruginosa	1
C4H3FN2O2	Pseudomonas_aeruginosa	1
C11H19NO2S	Candida_albicans	1
C30H25ClN6O2	Staphylococcus_aureus	1
C30H25ClN6O2	Bacillus_subtilis	1
C30H25ClN6O2	Micrococcus_luteus	1
C8H12N2O3S	Streptococcus_mutans	1
C8H12N2O3S	Staphylococcus_aureus	1
C8H12N2O3S	Klebsiella_pneumoniae	1
C8H12N2O3S	Proteus_mirabilis	1
C15H11NO2	Escherichia_coli	1
C8H7BrO2	Pseudomonas_aeruginosa	1
C8H6ClNO	Pseudomonas_aeruginosa	1
C17H26O4	Pseudomonas_aeruginosa	1
C15H10O3	Escherichia_coli	1
C56H91N21O9	Pseudomonas_aeruginosa	1
C64H88N22O9	Pseudomonas_aeruginosa	1
C61H98N22O10	Pseudomonas_aeruginosa	1
C9H9BrO2	Pseudomonas_aeruginosa	1
C9H6ClNO	Serratia_marcescens	1
C8H4FNO2	Pseudomonas_aeruginosa	1
C9H7NO	Pseudomonas_aeruginosa	1
C9H9NO	Pseudomonas_aeruginosa	1
C9H9N	Pseudomonas_aeruginosa	1
C8H6N2O2	Pseudomonas_aeruginosa	1
C44H64N10O11	Staphylococcus_epidermidis	1
C44H64N10O11	Staphylococcus_aureus	1
C9H6FN	Pseudomonas_aeruginosa	1
C11H12N2O2	Porphyromonas_gingivalis	1
C12H13ClN2O2S	Candida_albicans	1
C108H116N26O15	Streptococcus_mutans	1
C30H42O12	Pseudomonas_aeruginosa	1
C2H5NO2	Proteus_mirabilis	1
C7H16NO2+	Candida_albicans	1
C36H64O12	Pseudomonas_aeruginosa	1
C49H80N14O17S3	Candida_tropicalis	1
C9H14OS3	Pseudomonas_aeruginosa	1
C26H58Cl2N10	Candida_albicans	1
C6H10OS2	Proteus_mirabilis	1
C6H10OS2	Candida_albicans	1
C6H10OS2	Pseudomonas_aeruginosa	1
C15H10O5	Streptococcus_mutans	1
C15H22O2	Candida_albicans	1
C151H228N44O40S6	Cryptococcus_neoformans	1
C15H24	Candida_albicans	1
C24H26O6	Staphylococcus_epidermidis	1
C10H16	Pichia_anomala	1
C10H16	Bacillus_cereus	1
C10H16	Escherichia_coli	1
C10H16	Candida_albicans	1
C29H50O2	Staphylococcus_aureus	1
C22H43N5O13	Escherichia_coli	1
C22H43N5O13	Proteus_vulgaris	1
C22H43N5O13	Providencia_stuartii	1
C22H43N5O13	Morganella_morganii	1
C22H47N5O21S2	Escherichia_coli	1
C3H7N	Pseudomonas_aeruginosa	1
C20H25ClN2O5	Bacillus_subtilis	1
C16H19N3O5S	Listeria_monocytogenes	1
C16H19N3O5S	Bacillus_subtilis	1
C68H106N16O10	Candida_albicans	1
C16H19N3O4S	Staphylococcus_aureus	1
C16H19N3O4S	Listeria_monocytogenes	1
C16H19N3O4S	Pseudomonas_aeruginosa	1
C16H19N3O4S	Bacillus_subtilis	1
C6H7N	Pseudomonas_aeruginosa	1
C14H8O4	Streptococcus_mutans	1
C7H6NO2	Pseudomonas_aeruginosa	1
C7H6NO2	Vibrio_vulnificus	1
C7H6NO2	Bacillus_subtilis	1
C7H6NO2	Salmonella_enterica	1
C15H10O5	Escherichia_coli	1
C15H10O5	Vibrio_harveyi	1
C22H34O4	Pseudomonas_aeruginosa	1
C22H34O4	Staphylococcus_aureus	1
C22H34O4	Vibrio_harveyi	1
C9H8O4	Candida_albicans	1
C20H35AuO9PS	Candida_albicans	1
C5H10BO7-	Staphylococcus_epidermidis	1
C48H72O14	Candida_albicans	1
C38H72N2O12	Burkholderia_multivorans	1
C38H72N2O12	Burkholderia_cenocepacia	1
C38H72N2O12	Staphylococcus_aureus	1
C38H72N2O12	Pseudomonas_aeruginosa	1
C38H72N2O12	Mycobacterium_avium	1
C20H23N5O6S	Listeria_monocytogenes	1
C57H90N20O8	Streptococcus_mutans	1
C57H90N20O8	Lactobacillus_fermenti	1
C21H20O12	Burkholderia_multivorans	1
C21H20O12	Burkholderia_cenocepacia	1
C66H103N17O16S	Candida_albicans	1
C63H120N24O13S2	Burkholderia_pseudomallei	1
C15H10O5	Pseudomonas_aeruginosa	1
C15H10O5	Burkholderia_multivorans	1
C15H10O5	Burkholderia_cenocepacia	1
C15H10O5	Staphylococcus_aureus	1
C21H18O11	Pseudomonas_aeruginosa	1
C10H10O	Vibrio_cholerae	1
C10H10O	Vibrio_harveyi	1
C48H56N6O8S2	Listeria_monocytogenes	1
C17H12Br2O3	Candida_albicans	1
C27H42ClNO2	Candida_albicans	1
C9H11NO2	Pseudomonas_aeruginosa	1
C36H52O13	Pseudomonas_aeruginosa	1
C7H6O3	Propionibacterium_acnes	1
C29H48O12	Pseudomonas_aeruginosa	1
C31H52O12	Pseudomonas_aeruginosa	1
C21H22O4	Escherichia_coli	1
C117H191N39O33	Staphylococcus_epidermidis	1
C167H262N48O50S6	Cryptococcus_neoformans	1
C216H377N75O59S6	Cryptococcus_neoformans	1
C35H60O6	Escherichia_coli	1
C30H50O2	Pseudomonas_libaniensis	1
C30H50O2	Serratia_marcescens	1
C30H50O2	Acinetobacter_sp.	1
C30H50O2	Bacillus_amyloliquefaciens	1
C30H50O2	Hafnia_paralvei	1
C30H50O2	Obesumbacterium_proteus	1
C30H50O2	Pseudomonas_aeruginosa	1
C30H48O3	Escherichia_coli	1
C32H58O10	Candida_albicans	1
C12H10	Staphylococcus_aureus	1
C9H12O6	Bacillus_cereus	1
C45H56N10O11	Staphylococcus_aureus	1
C45H56N10O11	Staphylococcus_epidermidis	1
Bi2O3	Candida_albicans	1
C16H18S2	Pseudomonas_aeruginosa	1
C121H192N38O20	Burkholderia_pseudomallei	1
C158H263N45O27	Pseudomonas_aeruginosa	1
C158H263N45O27	Stenotrophomonas_maltophilia	1
C158H263N45O27	Staphylococcus_aureus	1
C145H250N44O29	Staphylococcus_aureus	1
C145H250N44O29	Enterococcus_faecalis_(Streptococcus_faecalis)	1
C145H250N44O29	Candida_albicans	1
C145H250N44O29	Candida_krusei	1
C145H250N44O29	Candida_glabrata	1
C145H250N44O29	Pseudomonas_aeruginosa	1
C145H250N44O29	Stenotrophomonas_maltophilia	1
C10H13BrO3	Salmonella_enterica	1
C18H24ClNO3	Candida_albicans	1
C4H12N2	Serratia_marcescens	1
C4H10O	Candida_albicans	1
C15H12O5	Haemophilus_influenzae	1
C23H28ClN	Candida_albicans	1
C19H17Cl3N2S	Candida_albicans	1
C11H14O5	Enterococcus_faecalis_(Streptococcus_faecalis)	1
C11H14O5	Staphylococcus_aureus	1
C11H14O5	Staphylococcus_epidermidis	1
C11H14O5	Streptococcus_mutans	1
C11H14O5	Pseudomonas_aeruginosa	1
C16H29NO3	Trueperella_pyogenes	1
C182H273N57O38	Streptococcus_mutans	1
C182H273N57O38	Streptococcus_sanguinis	1
C190H309N57O43	Streptococcus_gordonii	1
C190H309N57O43	Streptococcus_sanguinis	1
C190H309N57O43	Streptococcus_mutans	1
C8H13NO3	Hafnia_alvei	1
C8H13NO3	Serratia_liquefaciens	1
C8H13NO3	Aeromonas_sobria	1
C10H17NO3	Pseudomonas_chlororaphis	1
C10H17NO3	Hafnia_alvei	1
C10H17NO3	Serratia_liquefaciens	1
C10H17NO3	Aeromonas_sobria	1
C12H21NO3	Trueperella_pyogenes	1
Cd+2	Pseudomonas_aeruginosa	1
C9H8O4	Escherichia_coli	1
C9H8O4	Pseudomonas_aeruginosa	1
C9H8O4	Staphylococcus_aureus	1
C8H10N4O2	Pseudomonas_aeruginosa	1
CaCl2	Pseudomonas_fluorescens	1
[H]N[C@@H](CCCCN)C(=O)N[C@@H](CC1=CNC2=C1C=CC=C2)C(=O)N[C@@H](CCCCN)C(=O)N[C@@H](CC(C)C)C(=O)N[C@@H](CC1=CC=CC=C1)C(=O)N[C@@H](CCCCN)C(=O)N[C@@H](CCCCN)C(=O)N[C@@H]([C@@H](C)CC)C(=O)NCC(=O)N[C@@H]([C@@H](C)CC)C(=O)NCC(=O)N[C@@H](CCCCN)C(=O)N[C@@H](CC1=CC=CC=C1)C(=O)N[C@@H](CC(C)C)C(=O)N[C@@H](CC1=CNC=N1)C(=O)N[C@@H](CO)C(=O)N[C@@H](C)C(=O)N[C@@H](CCCCN)C(=O)N[C@@H](CCCCN)C(=O)N[C@@H](CC1=CC=CC=C1)C(O)=O	Staphylococcus_aureus	1
[H]N[C@@H](CCCCN)C(=O)N[C@@H](CC1=CNC2=C1C=CC=C2)C(=O)N[C@@H](CCCCN)C(=O)N[C@@H](CC(C)C)C(=O)N[C@@H](CC1=CC=CC=C1)C(=O)N[C@@H](CCCCN)C(=O)N[C@@H](CCCCN)C(=O)N[C@@H]([C@@H](C)CC)C(=O)NCC(=O)N[C@@H]([C@@H](C)CC)C(=O)NCC(=O)N[C@@H](CCCCN)C(=O)N[C@@H](CC1=CC=CC=C1)C(=O)N[C@@H](CC(C)C)C(=O)N[C@@H](CC1=CNC=N1)C(=O)N[C@@H](CO)C(=O)N[C@@H](C)C(=O)N[C@@H](CCCCN)C(=O)N[C@@H](CCCCN)C(=O)N[C@@H](CC1=CC=CC=C1)C(O)=O	Burkholderia_pseudomallei	1
[H]N[C@@H](CCCCN)C(=O)N[C@@H](CC1=CNC2=C1C=CC=C2)C(=O)N[C@@H](CCCCN)C(=O)N[C@@H](CC(C)C)C(=O)N[C@@H](CC1=CC=CC=C1)C(=O)N[C@@H](CCCCN)C(=O)N[C@@H](CCCCN)C(=O)N[C@@H]([C@@H](C)CC)C(=O)NCC(=O)N[C@@H]([C@@H](C)CC)C(=O)NCC(=O)N[C@@H](CCCCN)C(=O)N[C@@H](CC1=CC=CC=C1)C(=O)N[C@@H](CC(C)C)C(=O)N[C@@H](CC1=CNC=N1)C(=O)N[C@@H](CO)C(=O)N[C@@H](C)C(=O)N[C@@H](CCCCN)C(=O)N[C@@H](CCCCN)C(=O)N[C@@H](CC1=CC=CC=C1)C(O)=O	Pseudomonas_aeruginosa	1
C9H5ClN4	Staphylococcus_aureus	1
C9H5ClN4	Escherichia_coli	1
C9H5ClN4	Pseudomonas_aeruginosa	1
C20H37N3O14	Pseudomonas_aeruginosa	1
C20H37N3O14	Escherichia_coli	1
C20H37N3O14	Burkholderia_cepacia	1
C20H37N3O14	Staphylococcus_aureus	1
C20H37N3O14	Staphylococcus_epidermidis	1
C20H37N3O14	Kocuria_rhizophila	1
C22H20O13	Streptococcus_mutans	1
C7H16ClNO3	Streptococcus_mutans	1
C7H16ClNO3	Streptococcus_sanguis	1
C7H16ClNO3	Actinomyces_oris	1
C25H40O8	Streptococcus_mutans	1
C10H14O	Chromobacterium_violaceum	1
C10H14O	Salmonella_enterica	1
C10H14O	Staphylococcus_aureus	1
C10H14O	Pseudomonas_aeruginosa	1
C10H14O	Streptococcus_mutans	1
C10H14O	Escherichia_coli	1
C52H88N10O15	Candida_albicans	1
C70H118N28O11	Escherichia_coli	1
C70H118N28O11	Staphylococcus_aureus	1
C70H118N28O11	Candida_albicans	1
C15H14O6	Burkholderia_multivorans	1
C15H14O6	Burkholderia_cenocepacia	1
C15H14O6	Pseudomonas_aeruginosa	1
C15H14O6	Eikenella_corrodens	1
C22H18O10	Eikenella_corrodens	1
C205H340N60O53	Pseudomonas_aeruginosa	1
C205H340N60O53	Aggregatibacter_actinomycetemcomitans	1
C205H340N60O53	Staphylococcus_epidermidis	1
C89H152N22O15	Staphylococcus_aureus	1
C176H302N52O41S	Pseudomonas_aeruginosa	1
C176H302N52O41S	Staphylococcus_aureus	1
C15H14ClN3O4S	Listeria_monocytogenes	1
C20H18N4O5S2	Listeria_monocytogenes	1
C20H18N4O5S2	Staphylococcus_aureus	1
C14H14N8O4S3	Staphylococcus_aureus	1
C19H24N6O5S2	Candida_spp.	1
C16H15N5O7S2	Listeria_monocytogenes	1
C16H15N5O7S2	Bacillus_subtilis	1
C16H15N5O7S2	Streptococcus_mutans	1
C16H15N5O7S2	Staphylococcus_aureus	1
C16H15N5O7S2	Klebsiella_pneumoniae	1
C16H15N5O7S2	Proteus_mirabilis	1
C15H17N7O5S3	Listeria_monocytogenes	1
C16H17N5O7S2	Listeria_monocytogenes	1
C18H23N9O4S3	Listeria_monocytogenes	1
C16H17N3O7S2	Listeria_monocytogenes	1
C16H17N3O7S2	Staphylococcus_aureus	1
C22H22N6O7S2	Escherichia_coli	1
C22H22N6O7S2	Pseudomonas_aeruginosa	1
C22H22N6O7S2	Stenotrophomonas_maltophilia	1
C22H22N6O7S2	Proteus_vulgaris	1
C22H22N6O7S2	Providencia_stuartii	1
C22H22N6O7S2	Morganella_morganii	1
C22H22N6O7S2	Burkholderia_pseudomallei	1
C22H32N6O12S2	Burkholderia_multivorans	1
C22H32N6O12S2	Burkholderia_cenocepacia	1
C16H16N4O8S	Listeria_monocytogenes	1
C16H17N3O4S	Bacillus_subtilis	1
C15H11Cl2NOS	Candida_albicans	1
C90H159N25O16	Staphylococcus_aureus	1
C21H18NO4+	Staphylococcus_aureus	1
C21H18NO4+	Staphylococcus_epidermidis	1
C56H103N9O39	Staphylococcus_aureus	1
C56H103N9O39	Escherichia_coli	1
C56H103N9O39	Aspergillus_fumigatus	1
C11H12Cl2N2O5	Bacillus_subtilis	1
C11H12Cl2N2O5	Campylobacter_jejuni	1
C22H30Cl2N10	Streptococcus_mutans	1
C22H30Cl2N10	Candida_albicans	1
C26H38Cl2N10O4	Streptococcus_mutans	1
C26H38Cl2N10O4	Staphylococcus_aureus	1
C9H5Cl2NO	Candida_albicans	1
C17H19ClN2S	Staphylococcus_aureus	1
C17H19ClN2S	Escherichia_coli	1
C17H19ClN2S	Pseudomonas_aeruginosa	1
CrO4-2	Pseudomonas_aeruginosa	1
C15H10O4	Escherichia_coli	1
C15H10O4	Pseudomonas_aeruginosa	1
C15H10O4	Stenotrophomonas_maltophilia	1
C15H10O4	Streptococcus_mutans	1
C136H211N45O26	Streptococcus_mutans	1
C97H170N28O19S	Staphylococcus_aureus	1
C12H17NO2	Candida_albicans	1
C9H8O	Burkholderia_multivorans	1
C9H8O	Burkholderia_cenocepacia	1
C9H8O	Vibrio_cholerae	1
C9H8O	Vibrio_harveyi	1
C9H8O	Vibrio_vulnificus	1
C9H8O	Vibrio_anguillarum	1
C9H8O	Staphylococcus_aureus	1
C9H8O2	Pseudomonas_aeruginosa	1
C9H8O2	Candida_albicans	1
C19H22O2	Pseudomonas_aeruginosa	1
C17H18FN3O3	Pseudomonas_aeruginosa	1
C17H18FN3O3	Staphylococcus_aureus	1
C17H18FN3O3	Stenotrophomonas_maltophilia	1
C17H18FN3O3	Escherichia_coli	1
C17H18FN3O3	Proteus_vulgaris	1
C17H18FN3O3	Providencia_stuartii	1
C17H18FN3O3	Morganella_morganii	1
C20H24FN3O6	Escherichia_coli	1
C12H22O2	Candida_albicans	1
C12H22O2	Pseudomonas_aeruginosa	1
C5H9NO3	Staphylococcus_epidermis	1
C14H12	Staphylococcus_aureus	1
C10H16O	Cronobacter_sakazakii	1
C76H131N19O19	Staphylococcus_aureus	1
C38H69NO13	Mycobacterium_avium	1
C18H33ClN2O5S	Propionibacterium_acnes	1
C9H5ClINO	Candida_albicans	1
C22H17ClN2	Candida_albicans	1
C7H12ClN3O2	Pseudomonas_aeruginosa	1
C7H12ClN3O2	Streptococcus_mutans	1
C7H12ClN3O2	Escherichia_coli	1
C19H18ClN3O5S	Listeria_monocytogenes	1
C18H19ClN4	Candida_albicans	1
Co+2	Pseudomonas_aeruginosa	1
C24H30O4	Escherichia_coli	1
C53H101N16NaO16S	Escherichia_coli	1
C42H71N3O31	Staphylococcus_aureus	1
C117H177N33O28	Mixed_Culture_of_bacteria_and_fungus	1
C117H177N33O28	Streptomyces_gordonii	1
C117H177N33O28	Candida_albicans	1
CuO4S	Pseudomonas_aeruginosa	1
CuO4S	Escherichia_coli	1
CuO4S	Burkholderia_cepacia	1
CuO4S	Staphylococcus_aureus	1
CuO4S	Staphylococcus_epidermidis	1
CuO4S	Kocuria_rhizophila	1
C9H6O2	Pseudomonas_aeruginosa	1
C9H6O2	Escherichia_coli	1
C9H6O2	Vibrio_anguillarum	1
C9H6O2	Edwardsiella_tarda	1
C9H6O2	Staphylococcus_aureus	1
C10H6O4	Escherichia_coli	1
C35H65N11O9	Porphyromonas_gingivalis	1
C68H130N18O14	Porphyromonas_gingivalis	1
C101H171N27O24	Pseudomonas_aeruginosa	1
C44H64O24	Pseudomonas_aeruginosa	1
C108H166N30O30	Streptococcus_gordonii	1
C108H166N30O30	Streptococcus_sanguinis	1
C108H166N30O30	Streptococcus_mutans	1
C91H137N25O22	Streptococcus_gordonii	1
C91H137N25O22	Streptococcus_sanguinis	1
C91H137N25O22	Streptococcus_mutans	1
C21H20O6	Burkholderia_multivorans	1
C21H20O6	Burkholderia_cenocepacia	1
C21H20O6	Escherichia_coli	1
C21H20O6	Pseudomonas_aeruginosa	1
C21H20O6	Proteus_mirabilis	1
C21H20O6	Serratia_marcescens	1
C21H20O6	Vibrio_harveyi	1
C21H20O6	Vibrio_parahaemolyticus	1
C21H20O6	Vibrio_vulnificus	1
C21H20O6	Aeromonas_hydrophila	1
C21H20O6	Enterobacter_ludwigi	1
C21H20O6	Pseudomonas_japonica	1
C21H20O6	Enterobacter_cancerogenus	1
C21H20O6	Klebsiella_variicola	1
C21H20O6	Citrobacter_freundii	1
C21H20O6	Raoultella_ornithinolytica	1
C21H20O6	Streptococcus_mutans	1
C21H20O6	Candida_albicans	1
C92H129N33O12S	Pseudomonas_aeruginosa	1
C15H11O6	Klebsiella_pneumoniae	1
C15H11O6	Pseudomonas_aeruginosa	1
C14H15N3O3	Pseudomonas_aeruginosa	1
C4H9N	Pseudomonas_aeruginosa	1
C25H24O12	Pseudomonas_aeruginosa	1
C90H174N22O15	Pseudomonas_aeruginosa	1
C3H7NO2	Staphylococcus_epidermis	1
C4H8N2O3	Staphylococcus_aureus	1
C4H8N2O3	Staphylococcus_epidermis	1
C4H6NO4	Staphylococcus_aureus	1
C4H7NO4	Staphylococcus_aureus	1
C4H7NO4	Staphylococcus_epidermis	1
C6H13N3O3	Staphylococcus_aureus	1
C6H13N3O3	Staphylococcus_epidermis	1
C6H12N2O4S2	Staphylococcus_aureus	1
C6H12N2O4S2	Staphylococcus_epidermis	1
C30H42N12O15S3	Pseudomonas_aeruginosa	1
C5H10N2O3	Staphylococcus_aureus	1
C5H10N2O3	Staphylococcus_epidermis	1
C6H9N3O2	Staphylococcus_aureus	1
C6H9N3O2	Staphylococcus_epidermis	1
C6H13NO2	Staphylococcus_epidermis	1
C205H340N60O53	Staphylococcus_aureus	1
C205H340N60O53	Burkholderia_thailandensis	1
C5H11NO2S	Staphylococcus_epidermis	1
C9H11NO2	Staphylococcus_epidermis	1
C9H11NO2	Pseudoalteromonas_sp.	1
C5H9NO2	Staphylococcus_epidermis	1
C6H13NO2	Staphylococcus_aureus	1
C11H12N2O2	Staphylococcus_aureus	1
C11H12N2O2	Staphylococcus_epidermis	1
C88H100Cl2N10O28	Staphylococcus_aureus	1
C88H100Cl2N10O28	Staphylococcus_epidermidis	1
C72H101N17O26	Staphylococcus_aureus	1
C82H134N20O13	Staphylococcus_aureus	1
C74H131N19O14	Staphylococcus_aureus	1
C10H22O2	Propionibacterium_acnes	1
C22H42O11	Pseudomonas_aeruginosa	1
C15H11O7	Pseudomonas_aeruginosa	1
C131H230N42O23	Staphylococcus_epidermidis	1
C131H230N42O23	Pseudomonas_aeruginosa	1
C9H6O4	Escherichia_coli	1
C89H143N25O17	Candida_albicans	1
C89H143N25O17	Candida_tropicalis	1
C113H191N33O21	Candida_albicans	1
C113H191N33O21	Candida_tropicalis	1
C16H13ClN2O	Candida_albicans	1
C14H14S2	Pseudomonas_aeruginosa	1
C14H14S2	Streptococcus_mutans	1
C14H14S2	Streptococcus_sanguis	1
C14H14S2	Actinomyces_oris	1
C14H14S	Streptococcus_mutans	1
C14H14S	Streptococcus_sanguis	1
C14H14S	Actinomyces_oris	1
CH2Cl2	Staphylococcus_aureus	1
C18H16	Staphylococcus_aureus	1
C14H10Cl2NNaO2	Pseudomonas_aeruginosa	1
C19H17Cl2N3O5S	Listeria_monocytogenes	1
C12H23N	Burkholderia_pseudomallei	1
C14H10O3	Staphylococcus_aureus	1
C14H10O3	Staphylococcus_epidermidis	1
C7H6O4	Eikenella_corrodens	1
C2H6OS	Pseudomonas_aeruginosa	1
C12H10Se2	Candida_albicans	1
C12H10S2	Pseudomonas_aeruginosa	1
C12H10S2	Streptococcus_mutans	1
C12H10S2	Streptococcus_sanguis	1
C12H10S2	Actinomyces_oris	1
C13H12	Staphylococcus_aureus	1
C68H105N15O11	Staphylococcus_aureus	1
C68H105N15O11	Staphylococcus_epidermidis	1
C68H105N15O11	Coagulase-_negative_staphylococci	1
C68H105N15O11	Acinetobacter_baumannii	1
C68H105N15O11	Klebsiella_pneumoniae	1
C20H40O	Pseudomonas_aeruginosa	1
C7H14N2O4S2	Streptococcus_mutans	1
C7H14N2O4S2	Streptococcus_sanguis	1
C7H14N2O4S2	Actinomyces_oris	1
C70H122N26O14	Pseudomonas_aeruginosa	1
C70H122N26O14	Escherichia_coli	1
C70H122N26O14	Acinetobacter_baumannii	1
C70H122N26O14	Klebsiella_pneumoniae	1
C70H122N26O14	Salmonella_enterica	1
C78H127N27O14	Pseudomonas_aeruginosa	1
C78H127N27O14	Escherichia_coli	1
C78H127N27O14	Acinetobacter_baumannii	1
C78H127N27O14	Klebsiella_pneumoniae	1
C78H127N27O14	Salmonella_enterica	1
C24H46O11	Pseudomonas_aeruginosa	1
C22H24N2O8	Pseudomonas_aeruginosa	1
C18H15Cl3N2O	Candida_albicans	1
C14H6O8	Staphylococcus_aureus	1
C14H6O8	Escherichia_coli	1
C24H28O4	Staphylococcus_epidermidis	1
C24H28O4	Staphylococcus_aureus	1
C15H10O5	Stenotrophomonas_maltophilia	1
C20H28N2O5	Bacillus_subtilis	1
C10H15NO	Pseudomonas_aeruginosa	1
C22H18O10	Candida_albicans	1
C15H14O7	Eikenella_corrodens	1
C15H14O7	Candida_albicans	1
C22H18O11	Burkholderia_multivorans	1
C22H18O11	Burkholderia_cenocepacia	1
C22H18O11	Eikenella_corrodens	1
C22H18O11	Staphylococcus_aureus	1
C22H18O11	Staphylococcus_epidermidis	1
C22H18O11	Candida_albicans	1
C22H18O11	Aeromonas_hydrophila	1
C22H18O11	Enterobacter_ludwigi	1
C22H18O11	Pseudomonas_japonica	1
C22H18O11	Enterobacter_cancerogenus	1
C22H18O11	Klebsiella_variicola	1
C22H18O11	Citrobacter_freundii	1
C22H18O11	Serratia_marcescens	1
C22H18O11	Raoultella_ornithinolytica	1
C22H18O11	Streptococcus_mutans	1
C22H18O11	Streptococcus_pneumoniae	1
C6H12N2O	Staphylococcus_aureus	1
C6H12N2O	Escherichia_coli	1
C28H22O6	Pseudomonas_aeruginosa	1
C28H22O6	Escherichia_coli	1
C4H10O4	Streptococcus_mutans	1
C37H67NO13	Propionibacterium_acnes	1
C102H182N28O24	Pseudomonas_aeruginosa	1
C9H6O4	Pseudomonas_aeruginosa	1
C9H6O4	Burkholderia_multivorans	1
C9H6O4	Burkholderia_cenocepacia	1
C15H16O9	Pseudomonas_aeruginosa	1
C15H18O10	Burkholderia_multivorans	1
C15H18O10	Burkholderia_cenocepacia	1
C17H19N3O3S	Bacillus_subtilis	1
C2H8N2	Serratia_marcescens	1
C4H8O2	Staphylococcus_aureus	1
C9H10O5	Enterococcus_faecalis_(Streptococcus_faecalis)	1
C9H10O5	Staphylococcus_aureus	1
C9H10O5	Staphylococcus_epidermidis	1
C9H10O5	Streptococcus_mutans	1
C9H10O5	Pseudomonas_aeruginosa	1
C14H24N2O10	Staphylococcus_aureus	1
C10H16N2O8	Bacillus_subtilis	1
C10H16N2O8	Halomonas_pacifica	1
C10H16N2O8	Listeria_monocytogenes	1
C27H37O6	Candida_albicans	1
C10H12O2	Pseudomonas_aeruginosa	1
C10H12O2	Escherichia_coli	1
C10H12O2	Staphylococcus_aureus	1
C19H17N3O	Campylobacter_jejuni	1
C100H160N38O16	Staphylococcus_epidermidis	1
C15H26O	Burkholderia_multivorans	1
C15H26O	Burkholderia_cenocepacia	1
C15H26O	Candida_albicans	1
C15H26O	Candida_parapsilosis	1
C15H26O	Staphylococcus_aureus	1
C15H26O	Candida_dubliniensis	1
C15H26O	Candida_tropicalis	1
C15H26O	Staphylococcus_epidermidis	1
Cl3Fe	Klebsiella_pneumoniae	1
Fe+2	Pseudomonas_aeruginosa	1
C10H10O4	Pseudomonas_aeruginosa	1
C10H10O4	Escherichia_coli	1
C10H10O4	Staphylococcus_aureus	1
C44H69NO12	Candida_albicans	1
C15H10O2	Escherichia_coli	1
C17H16O6	Vibrio_harveyi	1
C13H12F2N6O	Candida_albicans	1
C19H20FN3	Candida_albicans	1
C29H31F2N3O	Candida_albicans	1
C16H15N2O6P	Candida_albicans	1
C16H18O10	Pseudomonas_aeruginosa	1
C16H18O10	Stenotrophomonas_maltophilia	1
C39H51N9O11	Staphylococcus_aureus	1
C4H4O2	Pseudomonas_aeruginosa	1
C5H3BrO2	Pseudomonas_aeruginosa	1
C5H3BrO2	Salmonella_enterica	1
C5H3BrO2	Staphylococcus_epidermidis	1
C5H2Br2O2	Streptococcus_mutans	1
C5H2Br2O2	Pseudomonas_aeruginosa	1
C5H3BrO2	Escherichia_coli	1
C5H2Br2O2	Salmonella_enterica	1
C6H3Br2NO3	Pseudomonas_aeruginosa	1
C31H48O6	Staphylococcus_aureus	1
C43H77N17O7	Pseudomonas_aeruginosa	1
C43H77N17O7	Escherichia_coli	1
C73H110N22O12	Streptococcus_mutans	1
C73H110N22O12	Streptococcus_mitis	1
C73H110N22O12	Streptococcus_gordonii	1
C73H110N22O12	Streptococcus_salivarius	1
C73H110N22O12	Streptococcus_sanguinis	1
C73H110N22O12	Streptococcus_sobrinus	1
C187H326N74O41	Pseudomonas_aeruginosa	1
C93H166N30O18	Streptococcus_gordonii	1
C93H166N30O18	Streptococcus_sanguinis	1
C93H166N30O18	Streptococcus_mutans	1
C7H6O5	Eikenella_corrodens	1
C7H6O5	Escherichia_coli	1
C7H6O5	Streptococcus_mutans	1
C7H6O5	Staphylococcus_aureus	1
Ga+3	Pseudomonas_aeruginosa	1
GaN3O9	Escherichia_coli	1
C21H43N5O7	Pseudomonas_aeruginosa	1
C21H43N5O7	Staphylococcus_aureus	1
C21H45N5O11S	Streptococcus_mutans	1
C21H45N5O11S	Staphylococcus_aureus	1
C21H45N5O11S	Klebsiella_pneumoniae	1
C21H45N5O11S	Proteus_mirabilis	1
C10H18O	Staphylococcus_epidermidis	1
C35H52O6	Pseudomonas_aeruginosa	1
C68H130N18O14	Pseudomonas_aeruginosa	1
C68H130N18O14	Streptococcus_gordonii	1
C21H27N5O4S	Bacillus_subtilis	1
C6H12O6	Campylobacter_jejuni	1
C2H7ClN2O	Streptococcus_mutans	1
C2H7ClN2O	Streptococcus_sanguis	1
C2H7ClN2O	Actinomyces_oris	1
C17H28O6	Pseudomonas_aeruginosa	1
C17H28O6	Vibrio_cholerae	1
C17H30O7	Pseudomonas_aeruginosa	1
C17H30O7	Vibrio_cholerae	1
C21H22O8	Vibrio_harveyi	1
C19H22FN3O3	Stenotrophomonas_maltophilia	1
C7H8O2	Escherichia_coli	1
C15H8Br2INO2	Candida_albicans	1
C13H9ClN2O3	Candida_albicans	1
C17H17BrN2O5	Candida_albicans	1
C20H20O14	Staphylococcus_aureus	1
C20H20O14	Burkholderia_cenocepacia	1
C20H20O14	Pseudomonas_aeruginosa	1
C20H20O14	Staphylococcus_capitis	1
C20H20O14	Staphylococcus_caprae	1
C20H20O14	Staphylococcus_cohnii	1
C20H20O14	Staphylococcus_chromogenes	1
C20H20O14	Staphylococcus_epidermidis	1
C63H111N23O11	Staphylococcus_aureus	1
C63H103N21O11	Staphylococcus_aureus	1
C77H126N26O13	Staphylococcus_aureus	1
C85H143N27O23S9	Staphylococcus_epidermidis	1
C17H34O2	Pseudomonas_aeruginosa	1
C22H24O9	Escherichia_coli	1
C22H24O9	Vibrio_harveyi	1
C16H14O6	Staphylococcus_aureus	1
C28H34O15	Escherichia_coli	1
C28H34O15	Vibrio_harveyi	1
C28H34O15	Yersinia_enterocolitica	1
C28H34O15	Staphylococcus_aureus	1
C13H6Cl6O2	Candida_albicans	1
C13H18O5	Enterococcus_faecalis_(Streptococcus_faecalis)	1
C13H18O5	Staphylococcus_aureus	1
C13H18O5	Staphylococcus_epidermidis	1
C13H18O5	Streptococcus_mutans	1
C13H18O5	Pseudomonas_aeruginosa	1
C10H12O2	Candida_albicans	1
C10H12O2	Candida_glabrata	1
C10H12O2	Candida_guiliermondi	1
C10H12O2	Candida_parapsilosis	1
C10H12O2	Candida_tropicalis	1
C133H195N51O33	Candida_albicans	1
C133H195N51O33	Candida_glabrata	1
C56H95N25O14S	Candida_albicans	1
C63H99N21O15	Staphylococcus_aureus	1
C63H99N21O15	Staphylococcus_epidermidis	1
C63H99N21O15	Pseudomonas_aeruginosa	1
C69H109N23O18	Staphylococcus_aureus	1
C69H109N23O18	Staphylococcus_epidermidis	1
C69H109N23O18	Pseudomonas_aeruginosa	1
C71H109N27O14	Streptococcus_mutans	1
C50H99N25O13	Candida_albicans	1
C50H99N25O13	Staphylococcus_epidermidis	1
C50H99N25O13	Staphylococcus_aureus	1
H2O2	Pseudomonas_aeruginosa	1
C30H16O8	Streptococcus_mutans	1
C21H20O12	Pseudomonas_aeruginosa	1
C71H126N26O12	Pseudomonas_aeruginosa	1
C71H126N26O12	Burkholderia_cenocepacia	1
C71H126N26O12	Escherichia_coli	1
C71H126N26O12	Acinetobacter_baumannii	1
C71H126N26O12	Klebsiella_pneumoniae	1
C71H126N26O12	Salmonella_enterica	1
C74H131N23O17	Burkholderia_pseudomallei	1
C109H185N33O26	Burkholderia_pseudomallei	1
C137H232N42O36	Burkholderia_pseudomallei	1
C14H14Cl2N2O	Candida_albicans	1
C136H199N39O28	Streptococcus_mutans	1
C16H14O4	Escherichia_coli	1
C16H10N2O2	Pseudomonas_aeruginosa	1
C16H18N2O3	Pseudomonas_aeruginosa	1
C8H7N	Burkholderia_multivorans	1
C8H7N	Burkholderia_cenocepacia	1
C8H7N	Escherichia_coli	1
C8H7N	Pseudomonas_aeruginosa	1
C8H7N	Pantoea_agglomerans	1
C8H7N	Vibrio_campbellii	1
C8H7N	Acinetobacter_oleiovorans	1
C8H7N	Vibrio_anguillarum	1
C10H9NO	Pseudomonas_aeruginosa	1
C10H10N2O	Pseudomonas_aeruginosa	1
C10H10N2O	Vibrio_campbellii	1
C10H9NO2	Vibrio_campbellii	1
C9H7NO	Vibrio_cholerae	1
C9H7NO2	Pseudomonas_aeruginosa	1
C100H131N25O14	Pseudomonas_aeruginosa	1
C100H131N25O14	Staphylococcus_aureus	1
Ag	Staphylococcus_aureus	1
C8H5NO2	Pseudomonas_aeruginosa	1
C18H14Cl4N2O	Candida_albicans	1
C15H12O4	Haemophilus_influenzae	1
C3H8O	Candida_albicans	1
C28H24O4	Candida_albicans	1
C25H22O10	Staphylococcus_aureus	1
C20H20O7	Vibrio_harveyi	1
CHNS	Pseudomonas_aeruginosa	1
C35H38Cl2N8O4	Candida_albicans	1
C77H136N20O15	Streptococcus_mutans	1
C144H234N36O23	Candida_tropicalis	1
C15H10O6	Escherichia_coli	1
C15H10O6	Vibrio_harveyi	1
C15H10O6	Staphylococcus_aureus	1
K2S2O5	Escherichia_coli	1
C20H30O2	Streptococcus_mutans	1
C69H115N21O21	Burkholderia_pseudomallei	1
C26H28Cl2N4O4	Candida_albicans	1
C20H32O	Pseudomonas_aeruginosa	1
C20H32O	Staphylococcus_aureus	1
C20H32O	Vibrio_harveyi	1
C6H6O4	Pseudomonas_aeruginosa	1
C68H106N16O10	Streptococcus_mutans	1
C126H164N30O21	Escherichia_coli	1
C26H45N3O6S2	Candida_albicans	1
C4H6NO4	Staphylococcus_saprophyticus	1
C4H6NO4	Staphylococcus_equorum	1
C4H6NO4	Staphylococcus_chromogenes	1
C4H6NO4	Staphylococcus_haemolyticus	1
C5H12N4O3	Burkholderia_multivorans	1
C5H12N4O3	Burkholderia_cenocepacia	1
C9H14N4O3	Streptococcus_mutans	1
C9H14N4O3	Streptococcus_sanguis	1
C3H7NO5S	Streptococcus_mutans	1
C3H7NO5S	Streptococcus_sanguis	1
C3H7NO5S	Actinomyces_oris	1
C75H146N20O14	Streptococcus_mutans	1
C5H14ClN2O2	Staphylococcus_epidermis	1
C15H23N3O3	Staphylococcus_aureus	1
C6H11NO2	Staphylococcus_aureus	1
C6H11NO2	Staphylococcus_epidermis	1
C11H12N2O2	Vibrio_vulnificus	1
C11H12N2O2	Bacillus_subtilis	1
C11H12N2O2	Salmonella_enterica	1
C11H12N2O2	Pseudomonas_aeruginosa	1
C141H226N46O29S3	Aspergillus_fumigatus	1
C141H226N46O29S3	Fusarium_solani	1
C141H226N46O29S3	Candida_albicans	1
Cl3La	Pseudomonas_fluorescens	1
C18H20FN3O4	Stenotrophomonas_maltophilia	1
C70H107N23O11	Pseudomonas_aeruginosa	1
C93H154N28O24	Pseudomonas_aeruginosa	1
C88H139N29O16S2	Pseudomonas_aeruginosa	1
C10H16	Streptococcus_pyogenes	1
C10H16	Streptococcus_mutans	1
C10H16	Streptococcus_mitis	1
C58H102N20O11	Staphylococcus_epidermidis	1
C58H102N20O11	Pseudomonas_aeruginosa	1
C10H18O	Pichia_anomala	1
C10H18O	Acinetobacter_baumannii	1
C10H18O	Bacillus_cereus	1
C10H18O	Escherichia_coli	1
C10H18O	Candida_albicans	1
C8H14O2S2	Pseudomonas_aeruginosa	1
C30H52O3	Streptococcus_mutans	1
C74H121N19O19	Burkholderia_pseudomallei	1
C108H176N30O27	Burkholderia_pseudomallei	1
C142H239N41O34	Burkholderia_pseudomallei	1
C177H293N51O43	Burkholderia_pseudomallei	1
C205H340N60O53	Francisella_novicida	1
C205H340N60O53	Burkholderia_pseudomallei	1
C205H340N60O53	Acinetobacter_baumannii	1
C205H340N60O53	Candida_albicans	1
C137H232N42O36	Pseudomonas_aeruginosa	1
C169H292N54O45	Pseudomonas_aeruginosa	1
C15H10Cl2N2O2	Candida_albicans	1
C22H23ClN6O	Bacillus_subtilis	1
C102H169N25O20	Streptococcus_oralis	1
C102H169N25O20	Streptococcus_salivarius	1
C102H169N25O20	Streptococcus_sanguinis	1
C102H169N25O20	Streptococcus_parasanguinis	1
C102H169N25O20	Streptococcus_mutans	1
C102H169N25O20	Streptococcus_sobrinus	1
C150H207N41O27	Streptococcus_mutans	1
C150H207N41O27	Streptococcus_sanguinis	1
C152H249N47O32	Streptococcus_mutans	1
C152H249N47O32	Streptococcus_sanguinis	1
C12H11NO5	Vibrio_cholerae	1
C112H177N29O28S	Listeria_ivanovii	1
C112H177N29O28S	Enterococcus_faecalis_(Streptococcus_faecalis)	1
C112H177N29O28S	Staphylococcus_aureus	1
C112H177N29O28S	Cryptococcus_neoformans	1
C114H180N30O29S	Streptococcus_mutans	1
C114H180N30O29S	Pseudomonas_aeruginosa	1
C21H26O5	Pseudomonas_aeruginosa	1
C131H229N39O31	Pseudomonas_aeruginosa	1
C131H228N38O32	Streptococcus_mutans	1
C10H20O	Pseudomonas_aeruginosa	1
C10H20O	Aeromonas_hydrophila	1
C17H25N3O5S	Candida_spp.	1
C14H16BrNO3S	Pseudomonas_aeruginosa	1
C7H9N	Pseudomonas_aeruginosa	1
C7H8O2S	Pseudomonas_aeruginosa	1
CH4O	Staphylococcus_aureus	1
C28H44ClNO2	Candida_albicans	1
C11H14O2	Escherichia_coli	1
C8H8O5	Enterococcus_faecalis_(Streptococcus_faecalis)	1
C8H8O5	Staphylococcus_aureus	1
C8H8O5	Staphylococcus_epidermidis	1
C8H8O5	Streptococcus_mutans	1
C8H8O5	Pseudomonas_aeruginosa	1
C10H9NO2	Pseudomonas_aeruginosa	1
C4H11NS	Burkholderia_pseudomallei	1
C6H9N3O3	Porphyromonas_gingivalis	1
C56H71N9O23S	Pseudomonas_aeruginosa	1
C18H13ClFN3	Candida_albicans	1
C23H27N3O7	Propionibacterium_acnes	1
C23H27N3O7	Staphylococcus_aureus	1
C36H61NaO11	Candida_albicans	1
C21H24FN3O4	Mycobacterium_avium	1
C21H24FN3O4	Candida_albicans	1
C21H24FN3O4	Stenotrophomonas_maltophilia	1
C66H116N26O15S2	Streptococcus_mutans	1
C66H116N26O15	Streptococcus_mutans	1
C112H186N38O24S2	Streptococcus_mutans	1
C4H2Br2O3	Bacillus_subtilis	1
C4H2Cl2O3	Bacillus_subtilis	1
C15H10O8	Staphylococcus_aureus	1
C21H20O12	Staphylococcus_aureus	1
C14H28O2	Escherichia_coli	1
C14H28O2	Proteus_vulgaris	1
C14H28O2	Proteus_mirabilis	1
C14H28O2	Klebsiella_pneumoniae	1
C14H28O2	Serratia_marcescens	1
C14H28O2	Vibrio_cholerae	1
C14H28O2	Pseudomonas_aeruginosa	1
C21H41NO4	Pseudomonas_aeruginosa	1
C61H98N16O17	Pseudomonas_aeruginosa	1
C61H98N16O17	Staphylococcus_aureus	1
C61H98N16O17	Listeria_monocytogenes	1
C63H100N18O15	Pseudomonas_aeruginosa	1
C63H100N18O15	Staphylococcus_aureus	1
C63H100N18O15	Listeria_monocytogenes	1
C87H127N19O15	Pseudomonas_aeruginosa	1
C87H127N19O15	Staphylococcus_aureus	1
C87H127N19O15	Listeria_monocytogenes	1
C87H127N27O15	Pseudomonas_aeruginosa	1
C87H127N27O15	Staphylococcus_aureus	1
C87H127N27O15	Listeria_monocytogenes	1
C14H11N3O4	Enterococcus_faecalis_(Streptococcus_faecalis)	1
C14H11N3O4	Staphylococcus_aureus	1
C14H11N3O4	Staphylococcus_epidermidis	1
C14H11N3O4	Streptococcus_mutans	1
C14H11N3O4	Pseudomonas_aeruginosa	1
C15H11F3N2O	Enterococcus_faecalis_(Streptococcus_faecalis)	1
C15H11F3N2O	Staphylococcus_aureus	1
C15H11F3N2O	Staphylococcus_epidermidis	1
C15H11F3N2O	Streptococcus_mutans	1
C15H11F3N2O	Pseudomonas_aeruginosa	1
C14H11BrN2O2	Enterococcus_faecalis_(Streptococcus_faecalis)	1
C14H11BrN2O2	Staphylococcus_aureus	1
C14H11BrN2O2	Staphylococcus_epidermidis	1
C14H11BrN2O2	Streptococcus_mutans	1
C14H11BrN2O2	Pseudomonas_aeruginosa	1
C13H11N3O	Enterococcus_faecalis_(Streptococcus_faecalis)	1
C13H11N3O	Staphylococcus_aureus	1
C13H11N3O	Staphylococcus_epidermidis	1
C13H11N3O	Streptococcus_mutans	1
C13H11N3O	Pseudomonas_aeruginosa	1
C17H12ClN3O	Streptococcus_mutans	1
C11H11BrN4O2S	Burkholderia_multivorans	1
C11H11BrN4O2S	Burkholderia_cenocepacia	1
C28H30N4O6	Pseudomonas_aeruginosa	1
C28H30N4O6	Acinetobacter_baumannii	1
C9H17NO6	Pseudomonas_aeruginosa	1
C17H33NO6	Pseudomonas_aeruginosa	1
C11H21NO6	Pseudomonas_aeruginosa	1
C13H25NO6	Pseudomonas_aeruginosa	1
C11H12N2OS	Pseudomonas_aeruginosa	1
C7H10N2OS	Pseudomonas_aeruginosa	1
C8H13NO2S	Pseudomonas_aeruginosa	1
C9H12N2O	Pseudomonas_aeruginosa	1
C8H11N3O	Pseudomonas_aeruginosa	1
C7H12N2OS	Pseudomonas_aeruginosa	1
C14H11BrN2O	Enterococcus_faecalis_(Streptococcus_faecalis)	1
C14H11BrN2O	Staphylococcus_aureus	1
C14H11BrN2O	Staphylococcus_epidermidis	1
C14H11BrN2O	Streptococcus_mutans	1
C14H11BrN2O	Pseudomonas_aeruginosa	1
C19H29NO3	Porphyromonas_gingivalis	1
C10H13NO2	Pseudomonas_aeruginosa	1
C8H16N2O2	Pseudomonas_aeruginosa	1
C8H12N2O2	Pseudomonas_aeruginosa	1
C14H17ClN4O2S	Burkholderia_multivorans	1
C14H17ClN4O2S	Burkholderia_cenocepacia	1
C16H32N2O	Porphyromonas_gingivalis	1
C5H9NO3S	Coagulase-_negative_staphylococci	1
C5H9NO3S	Corynebacterium_ammoniagenes	1
C5H9NO3S	Streptococcus_pyogenes	1
C5H9NO3S	Staphylococcus_aureus	1
C5H9NO3S	Propionibacterium_acnes	1
C5H9NO3S	Mycobacterium_smegmatis	1
C15H29NO	Pseudomonas_aeruginosa	1
C21H33NO4	Pseudomonas_aeruginosa	1
C10H13NO	Pseudomonas_aeruginosa	1
C6H14	Staphylococcus_aureus	1
C14H27NO	Serratia_marcescens	1
C17H12ClN3O	Enterococcus_faecalis_(Streptococcus_faecalis)	1
C17H12ClN3O	Staphylococcus_aureus	1
C17H12ClN3O	Staphylococcus_epidermidis	1
C17H12ClN3O	Pseudomonas_aeruginosa	1
C20H24N6O5	Vibrio_anguillarum	1
C20H24N6O5	Vibrio_vulnificus	1
C20H24N6O5	Vibrio_campbellii	1
C21H32ClN3	Serratia_marcescens	1
C21H32ClN3	Pseudomonas_aeruginosa	1
C11H12ClN3	Serratia_marcescens	1
C17H24ClN3	Serratia_marcescens	1
C17H24ClN3	Pseudomonas_aeruginosa	1
C22H32F3N3	Serratia_marcescens	1
C22H32F3N3	Pseudomonas_aeruginosa	1
C12H12F3N3	Serratia_marcescens	1
C18H24F3N3	Serratia_marcescens	1
C7H5NaO2	Staphylococcus_aureus	1
C213H342N54O38	Staphylococcus_aureus	1
C213H342N54O38	Burkholderia_thailandensis	1
CH3CH2COONa	Staphylococcus_aureus	1
Na2S2O5	Escherichia_coli	1
Na2S2O5	Streptococcus_mutans	1
C14H23NO2	Candida_albicans	1
C16H27NO2	Candida_albicans	1
C12H19NO2	Candida_albicans	1
C12H21NO2	Candida_albicans	1
ClNa	Campylobacter_jejuni	1
C15H12O5	Escherichia_coli	1
C15H12O5	Vibrio_harveyi	1
C15H12O5	Pseudomonas_aeruginosa	1
C27H32O14	Escherichia_coli	1
C27H32O14	Vibrio_harveyi	1
C27H32O14	Yersinia_enterocolitica	1
C27H32O15	Escherichia_coli	1
C27H32O15	Vibrio_harveyi	1
C143H230N42O37S7	Staphylococcus_aureus	1
C143H230N42O37S7	Listeria_monocytogenes	1
C143H230N42O37S7	Staphylococcus_epidermidis	1
C143H230N42O37S7	Pseudomonas_aeruginosa	1
C21H22O8	Escherichia_coli	1
C14H14O4	Pseudomonas_aeruginosa	1
C14H14O4	Stenotrophomonas_maltophilia	1
C18H37N	Pseudomonas_aeruginosa	1
C16H18FN3O3	Stenotrophomonas_maltophilia	1
C23H31NO3	Staphylococcus_aureus	1
C23H31NO3	Staphylococcus_epidermidis	1
C14H18O2	Pseudomonas_aeruginosa	1
C6H17N3	Bacillus_subtilis	1
C6H17N3	Pseudomonas_aeruginosa	1
C6H17N3	Escherichia_coli	1
C6H17N3	Mixed_Culture_of_bacteria	1
C6H17N3	Streptococcus_mutans	1
C6H17N3	Acinetobacter_baumannii	1
C6H17N3	Klebsiella_pneumoniae	1
C6H17N3	Staphylococcus_aureus	1
C102H167N33O20	Pseudomonas_aeruginosa	1
C47H75NO17	Candida_albicans	1
C6H7NO2	Staphylococcus_aureus	1
C6H7NO2	Enterococcus_faecalis_(Streptococcus_faecalis)	1
C16H15Cl2NO3	Staphylococcus_aureus	1
C16H15Cl2NO3	Staphylococcus_epidermis	1
C25H42O5	Enterococcus_faecalis_(Streptococcus_faecalis)	1
C25H42O5	Staphylococcus_aureus	1
C25H42O5	Staphylococcus_epidermidis	1
C25H42O5	Streptococcus_mutans	1
C25H42O5	Pseudomonas_aeruginosa	1
C8H20N2	Serratia_marcescens	1
C15H22O5	Enterococcus_faecalis_(Streptococcus_faecalis)	1
C15H22O5	Staphylococcus_aureus	1
C15H22O5	Staphylococcus_epidermidis	1
C15H22O5	Streptococcus_mutans	1
C15H22O5	Pseudomonas_aeruginosa	1
C14H25NO4	Burkholderia_pseudomallei	1
C12H21NO4	Burkholderia_pseudomallei	1
C30H48O3	Staphylococcus_aureus	1
C18H34O2	Pseudomonas_aeruginosa	1
C24H26N6O3	Bacillus_subtilis	1
C49H88N14O14S2	Candida_albicans	1
C49H88N14O14S2	Candida_glabrata	1
C49H88N14O14S2	Candida_dubliniensis	1
C49H88N14O14S2	Candida_krusei	1
C13H16N2O	Porphyromonas_gingivalis	1
C18H13Cl4N3O	Candida_albicans	1
C14H12O4	Pseudomonas_aeruginosa	1
C14H12O4	Staphylococcus_aureus	1
C22H24N2O9	Propionibacterium_acnes	1
C9H8O3	Escherichia_coli	1
C9H8O3	Pseudomonas_aeruginosa	1
C9H11NO5	Proteus_mirabilis	1
C142H247N45O32	Staphylococcus_aureus	1
C233H376N70O71	Streptococcus_mutans	1
C140H243N45O31	Staphylococcus_aureus	1
C107H196N28O30	Escherichia_coli	1
C107H196N28O30	Klebsiella_pneumoniae	1
C16H32O2	Pseudomonas_aeruginosa	1
C16H32O2	Escherichia_coli	1
C23H45NO4	Pseudomonas_aeruginosa	1
C23H45NO4	Escherichia_coli	1
C16H15F2N3O4S	Bacillus_subtilis	1
C7H9NO	Pseudomonas_aeruginosa	1
C6H4O2	Burkholderia_multivorans	1
C6H4O2	Burkholderia_cenocepacia	1
C8H11NO	Pseudomonas_aeruginosa	1
C7H6O4	Achromobacter_xylosoxidans	1
C7H6O4	Halomonas_pacifica	1
C7H6O4	Marinobacter_hydrocarbonoclasticus	1
C15H11O5	Pseudomonas_aeruginosa	1
C16H27NO4	Staphylococcus_aureus	1
C16H27NO4	Candida_albicans	1
C16H27NO4	Pseudomonas_aeruginosa	1
C16H25NO3	Staphylococcus_aureus	1
C16H25NO3	Candida_albicans	1
C16H25NO3	Pseudomonas_aeruginosa	1
C16H25NO4	Staphylococcus_aureus	1
C16H25NO4	Candida_albicans	1
C16H25NO4	Pseudomonas_aeruginosa	1
C7H8O3	Bacillus_subtilis	1
C7H8O3	Bacillus_cereus	1
C7H8O3	Pseudomonas_aeruginosa	1
C7H8O3	Achromobacter_xylosoxidans	1
C7H8O3	Achromobacter_sp.	1
C16H18N2O4S	Listeria_monocytogenes	1
C41H32O26	Staphylococcus_aureus	1
C41H32O26	Pseudomonas_aeruginosa	1
C5H12O	Candida_albicans	1
C62H108O7	Pseudomonas_aeruginosa	1
C62H108O7	Aeromonas_hydrophila	1
C62H108O7	Staphylococcus_aureus	1
C48H95N13O8	Candida_albicans	1
C55H101N23O9	Pseudomonas_aeruginosa	1
C55H101N23O9	Burkholderia_cenocepacia	1
C55H101N23O9	Listeria_monocytogenes	1
C88H150N36O20S4	Cryptococcus_neoformans	1
C14H10	Escherichia_coli	1
C14H10	Proteus_vulgaris	1
C14H10	Proteus_mirabilis	1
C14H10	Klebsiella_pneumoniae	1
C14H10	Serratia_marcescens	1
C12H12N2O3	Candida_albicans	1
C14H22O	Serratia_marcescens	1
C25H30N6O2	Staphylococcus_aureus	1
C25H30N6O2	Escherichia_coli	1
C25H30N6O2	Pseudomonas_aeruginosa	1
C15H12N2O2	Candida_albicans	1
C15H14O5	Escherichia_coli	1
C15H14O5	Staphylococcus_aureus	1
C21H24O10	Staphylococcus_aureus	1
O4P	Escherichia_coli	1
C3H8NO6P	Staphylococcus_aureus	1
C3H8NO6P	Staphylococcus_epidermis	1
C98H155N25O22	Staphylococcus_aureus	1
C6H5NO2	Pseudomonas_aeruginosa	1
C15H26O	Pseudomonas_aeruginosa	1
C23H27N5O7S	Listeria_monocytogenes	1
C23H27N5O7S	Pseudomonas_aeruginosa	1
C34H41N9O12S2	Candida_spp.	1
C34H41N9O12S2	Pseudomonas_aeruginosa	1
C25H32O9	Pseudomonas_aeruginosa	1
C100H179N37O16	Staphylococcus_aureus	1
C100H179N37O16	Enterococcus_faecium_(Streptococcus_faecium)	1
C100H179N37O16	Propionibacterium_acnes	1
C100H179N37O16	Escherichia_coli	1
C100H179N37O16	Pseudomonas_aeruginosa	1
C100H179N37O16	Streptococcus_mutans	1
C13H16O13S	Candida_albicans	1
C2H8N2O3S	Staphylococcus_aureus	1
C2H8N2O3S	Staphylococcus_epidermis	1
C2H8N2O3S	Acinetobacter_baumannii	1
C2H8N2O3S	Candida_albicans	1
C56H98N16O13	Stenotrophomonas_maltophilia	1
C32H60O10	Stenotrophomonas_maltophilia	1
C6H9I2NO	Staphylococcus_aureus	1
C7H12N2O3	Pseudomonas_aeruginosa	1
C31H46O4	Staphylococcus_epidermidis	1
C31H46O4	Staphylococcus_aureus	1
C3H6OS	Streptococcus_mutans	1
C10H12O5	Enterococcus_faecalis_(Streptococcus_faecalis)	1
C10H12O5	Staphylococcus_aureus	1
C10H12O5	Staphylococcus_epidermidis	1
C10H12O5	Streptococcus_mutans	1
C10H12O5	Pseudomonas_aeruginosa	1
C7H6O4	Pseudomonas_aeruginosa	1
C16H21NO2	Streptococcus_mutans	1
C11H6O3	Pseudomonas_aeruginosa	1
C71H117N15O15	Staphylococcus_aureus	1
C21H13BrN2O3S	Streptococcus_pneumoniae	1
C21H13BrN2O3S	Staphylococcus_aureus	1
C21H13BrN2O3S	Staphylococcus_epidermidis	1
C6H6O3	Vibrio_anguillarum	1
C6H6O3	Vibrio_vulnificus	1
C6H6O3	Vibrio_campbellii	1
C6H6O3	Vibrio_cholerae	1
C75H70N6O6	Candida_albicans	1
C15H10O7	Pseudomonas_aeruginosa	1
C15H10O7	Escherichia_coli	1
C15H10O7	Vibrio_harveyi	1
C15H14O9	Staphylococcus_aureus	1
C21H18O13	Staphylococcus_aureus	1
C9H7NO	Serratia_marcescens	1
C103H180N36O26S3	Staphylococcus_epidermidis	1
C33H40N2O9	Streptococcus_mutans	1
C6H6O2	Staphylococcus_aureus	1
C14H12O3	Burkholderia_multivorans	1
C14H12O3	Burkholderia_cenocepacia	1
C14H12O3	Escherichia_coli	1
C14H12O3	Staphylococcus_aureus	1
C14H12O3	Pseudomonas_aeruginosa	1
C15H8O6	Pseudomonas_aeruginosa	1
C15H8O6	Stenotrophomonas_maltophilia	1
C15H8O6	Streptococcus_mutans	1
C26H34O6	Propionibacterium_acnes	1
C103H178N34O28	Burkholderia_pseudomallei	1
C43H58N4O12	Staphylococcus_epidermidis	1
C43H58N4O12	Staphylococcus_aureus	1
C106H191N35O26	Burkholderia_pseudomallei	1
C141H245N45O35	Burkholderia_pseudomallei	1
C169H292N54O45	Burkholderia_pseudomallei	1
C18H16O8	Pseudomonas_aeruginosa	1
C18H16O8	Aeromonas_hydrophila	1
C126H164N38O21	Escherichia_coli	1
C83H139N29O17S2	Burkholderia_pseudomallei	1
C17H18FN3O3S	Stenotrophomonas_maltophilia	1
C18H13N3O	Campylobacter_jejuni	1
C27H30O16	Escherichia_coli	1
C27H30O16	Vibrio_harveyi	1
C27H30O16	Pseudomonas_aeruginosa	1
C5H13ClN2O2S	Streptococcus_mutans	1
C5H13ClN2O2S	Streptococcus_sanguis	1
C6H8N2O2S2	Streptococcus_mutans	1
C7H9NO2S2	Streptococcus_mutans	1
C7H9NO2S2	Actinomyces_oris	1
C10H13NO2S	Streptococcus_mutans	1
C10H13NO2S	Streptococcus_sanguis	1
C10H13NO2S	Actinomyces_oris	1
C5H9NO4S	Streptococcus_mutans	1
C5H9NO4S	Actinomyces_oris	1
C5H11NO2S	Streptococcus_mutans	1
C5H11NO2S	Streptococcus_sanguis	1
C4H9NO2S	Streptococcus_mutans	1
C4H9NO2S	Streptococcus_sanguis	1
C9H11NO2S	Streptococcus_mutans	1
C9H11NO2S	Streptococcus_sanguis	1
C9H11NO2S	Actinomyces_oris	1
C9H11NO3S	Pseudomonas_aeruginosa	1
C6H13NO2S	Streptococcus_mutans	1
C88H118N22O12	Streptococcus_mutans	1
C88H118N22O12	Streptococcus_sanguinis	1
C7H6O3	Pseudomonas_aeruginosa	1
C7H6O3	Enterobacter_aerogenes	1
C7H6O3	Enterococcus_faecalis_(Streptococcus_faecalis)	1
C7H6O3	Klebsiella_pneumoniae	1
C7H6O3	Candida_albicans	1
C20H14NO4+	Staphylococcus_aureus	1
C20H14NO4+	Staphylococcus_epidermidis	1
C10H8O4	Escherichia_coli	1
C30H18O10	Streptococcus_mutans	1
C20H15Cl3N2OS	Candida_albicans	1
C16H16O5	Pseudomonas_aeruginosa	1
C16H16O5	Stenotrophomonas_maltophilia	1
C97H137N23O27S4	Enterococcus_faecalis_(Streptococcus_faecalis)	1
C6H7AgO7	Staphylococcus_aureus	1
Ag+	Pseudomonas_aeruginosa	1
AgNO3	Pseudomonas_aeruginosa	1
AgNO3	Escherichia_coli	1
AgNO3	Burkholderia_cepacia	1
AgNO3	Staphylococcus_aureus	1
AgNO3	Staphylococcus_epidermidis	1
AgNO3	Kocuria_rhizophila	1
C10H9AgN4O2S	Staphylococcus_aureus	1
AgO4S	Staphylococcus_aureus	1
C11H12O5	Escherichia_coli	1
C15H23N7O5	Streptococcus_pneumoniae	1
C20H20O7	Escherichia_coli	1
C129H173N39O20	Streptococcus_mutans	1
C157H214N42O24	Streptococcus_mutans	1
C133H181N39O22	Streptococcus_mutans	1
C146H260N52O32	Burkholderia_thailandensis	1
C146H260N52O32	Pseudomonas_aeruginosa	1
C146H260N52O32	Stenotrophomonas_maltophilia	1
C146H260N52O32	Staphylococcus_aureus	1
C6H7NaO6	Pseudomonas_aeruginosa	1
ClNa	Pseudomonas_fluorescens	1
Na2O4S	Pseudomonas_fluorescens	1
C56H94N14O18	Staphylococcus_aureus	1
C56H94N14O18	Pseudomonas_aeruginosa	1
C10H26N4	Vibrio_cholerae	1
C61H92N14O20	Streptococcus_mutans	1
C18H36O2	Vibrio_cholerae	1
C14H12	Escherichia_coli	1
C21H39N7O12	Pseudomonas_aeruginosa	1
C21H39N7O12	Staphylococcus_aureus	1
C25H33N3O	Staphylococcus_aureus	1
C152H226N38O45S3	Gardnerella_vaginalis	1
C152H226N38O45S3	Listeria_monocytogenes	1
C152H226N38O45S3	Escherichia_coli	1
C12H22O11	Campylobacter_jejuni	1
C18H16Cl3N3O3S	Candida_albicans	1
C9H10O5	Escherichia_coli	1
C99H155N33O19S4	Pseudomonas_aeruginosa	1
C76H52O46	Proteus_mirabilis	1
C76H52O46	Pseudomonas_aeruginosa	1
C76H52O46	Escherichia_coli	1
C2H7NO3S	Streptococcus_mutans	1
C2H7NO3S	Streptococcus_sanguis	1
C2H7NO3S	Actinomyces_oris	1
C89H99Cl2N9O33	Staphylococcus_aureus	1
O3Te-2	Pseudomonas_aeruginosa	1
C26H31Cl2N5O3	Candida_albicans	1
C10H18O	Pseudomonas_putida	1
C78H141N31O14S	Pseudomonas_aeruginosa	1
C77H107N25O11S	Staphylococcus_aureus	1
C77H107N25O11S	Pseudomonas_aeruginosa	1
C83H139N31O14S	Pseudomonas_aeruginosa	1
CHN4	Pseudomonas_aeruginosa	1
C11H17NS	Candida_albicans	1
C11H17NS	Streptococcus_mutans	1
C9H9HgNaO2S	Candida_albicans	1
C5H3BrOS	Escherichia_coli	1
C32H55BrN4O	Candida_albicans	1
C29H39N5O8	Staphylococcus_aureus	1
C30H26O13	Staphylococcus_aureus	1
C16H13Cl3N2OS	Candida_albicans	1
O2Ti	Escherichia_coli	1
C22H38ClNO5	Candida_albicans	1
C41H74O15	Candida_albicans	1
C18H37N5O9	Burkholderia_multivorans	1
C18H37N5O9	Burkholderia_cenocepacia	1
C18H37N5O9	Pseudomonas_aeruginosa	1
C18H37N5O9	Staphylococcus_aureus	1
C18H37N5O9	Stenotrophomonas_maltophilia	1
C26H28ClNO	Candida_albicans	1
C26H28ClNO	Candida_glabrata	1
C26H28ClNO	Candida_dubliniensis	1
C26H28ClNO	Candida_krusei	1
C26H28ClNO	Pseudomonas_aeruginosa	1
C26H28ClNO	Staphylococcus_epidermidis	1
C26H28ClNO	Staphylococcus_aureus	1
C9H16O	Vibrio_cholerae	1
C9H16O	Vibrio_harveyi	1
C5H8O	Vibrio_cholerae	1
C5H8O	Vibrio_harveyi	1
C12H7Cl3O2	Streptococcus_mutans	1
C124H228Br10O10P10	Staphylococcus_aureus	1
C124H228Br10O10P10	Enterococcus_faecalis_(Streptococcus_faecalis)	1
C124H228Br10N10O10	Staphylococcus_aureus	1
C124H228Br10N10O10	Enterococcus_faecalis_(Streptococcus_faecalis)	1
C24H29N7O6S	Stenotrophomonas_maltophilia	1
C18H16O5	Vibrio_harveyi	1
C18H34Br2N2O2	Staphylococcus_aureus	1
C18H34Br2N2O2	Enterococcus_faecalis_(Streptococcus_faecalis)	1
C18H34Br2O2P2	Staphylococcus_aureus	1
C18H34Br2O2P2	Enterococcus_faecalis_(Streptococcus_faecalis)	1
C94H168Br10O10P10	Staphylococcus_aureus	1
C94H168Br10O10P10	Enterococcus_faecalis_(Streptococcus_faecalis)	1
C94H168Br10N10O10	Staphylococcus_aureus	1
C94H168Br10N10O10	Enterococcus_faecalis_(Streptococcus_faecalis)	1
C8H10O2	Candida_albicans	1
C8H10O2	Candida_glabrata	1
C8H10O2	Streptococcus_mutans	1
C8H10O2	Mixed_Culture_of_bacteria_and_fungus	1
C18H22N2O	Candida_albicans	1
C16H14ClN3O2	Candida_albicans	1
C11H17NO2S	Pseudomonas_aeruginosa	1
C11H22O2	Escherichia_coli	1
C11H22O2	Proteus_vulgaris	1
C11H22O2	Proteus_mirabilis	1
C11H22O2	Klebsiella_pneumoniae	1
C11H22O2	Serratia_marcescens	1
C23H44O11	Pseudomonas_aeruginosa	1
C30H48O3	Pseudomonas_aeruginosa	1
C30H48O3	Vibrio_harveyi	1
C18H16O7	Candida_albicans	1
C66H75Cl2N9O24	Candida_spp.	1
C66H75Cl2N9O24	Staphylococcus_aureus	1
C66H75Cl2N9O24	Staphylococcus_capitis	1
C66H75Cl2N9O24	Staphylococcus_caprae	1
C66H75Cl2N9O24	Staphylococcus_cohnii	1
C66H75Cl2N9O24	Staphylococcus_chromogenes	1
C66H75Cl2N9O24	Staphylococcus_epidermidis	1
C66H75Cl2N9O24	Enterococcus_faecalis_(Streptococcus_faecalis)	1
C8H8O4	Escherichia_coli	1
C8H8O3	Aeromonas_hydrophila	1
C8H8O3	Escherichia_coli	1
C11H14O3	Pseudomonas_aeruginosa	1
C16H13NO4	Acinetobacter_nosocomialis	1
C6H8O6	Escherichia_coli	1
C29H50O2	Escherichia_coli	1
C21H20O10	Pseudomonas_aeruginosa	1
C16H14F3N5O	Candida_albicans	1
C83H115N17O12	Enterococcus_faecalis_(Streptococcus_faecalis)	1
C87H124N18O14	Enterococcus_faecalis_(Streptococcus_faecalis)	1
C16H22Cl2N2O2S	Candida_albicans	1
C19H16N2O2	Candida_albicans	1
C21H27ClN2O3	Candida_albicans	1
C40H56O2	Pseudomonas_aeruginosa	1
Zn	Escherichia_coli	1
ZnCl2	Pseudomonas_aeruginosa	1
Zn(NO3)2	Pseudomonas_aeruginosa	1
ZnO	Pseudomonas_aeruginosa	1
ZnO	Escherichia_coli	1
ZnO	Staphylococcus_aureus	1
O4SZn	Pseudomonas_aeruginosa	1
O4SZn	Escherichia_coli	1
O4SZn	Burkholderia_cepacia	1
O4SZn	Staphylococcus_aureus	1
O4SZn	Staphylococcus_epidermidis	1
O4SZn	Kocuria_rhizophila	1
C18H18ClNOS	Candida_albicans	1
C4H10OS2	Streptococcus_mutans	1
C27H37NO	Mycobacterium_avium	0
C167H262N48O50S6	Streptococcus_sobrinus	0
C10H10N2O	Candida_guiliermondi	0
C13H6Cl6O2	Proteus_mirabilis	0
C20H24Cl2F3NO2	Corynebacterium_ammoniagenes	0
C18H37N5O9	Enterobacter_aerogenes	0
C9H5BrO2	Streptococcus_epidermidis	0
C21H18O13	Staphylococcus_haemolyticus	0
C34H47N13O4	Pseudomonas_fluorescens	0
C11H14O2	Edwardsiella_tarda	0
C9H8Br2O4	Hafnia_alvei	0
C19H20FN3	Mycobacterium_smegmatis	0
C12H10	Gardnerella_vaginalis	0
C6H9N3O3	Burkholderia_cenocepacia	0
C15H20N2O6	Bacillus_subtilis	0
C107H196N28O30	Streptococcus_mutans	0
C9H10N2O4	Vibrio_campbellii	0
C31H28N6O2	Mixed_Culture_of_bacteria_and_fungus	0
C16H15N2O6P	Staphylococcus_saprophyticus	0
C9H5BrO2	Pseudomonas_japonica	0
C44H64O24	Enterococcus_gallinarum	0
C20H14O3	Candida_albicans	0
C10H5ClF3N	Marinobacter_hydrocarbonoclasticus	0
C7H6O3	Cronobacter_sakazakii	0
C26H28Cl2N4O4	Staphylococcus_capitis	0
C15H8O6	Pichia_anomala	0
C15H11O5	Mycobacterium_avium	0
C9H6O2	Lactobacillus_fermenti	0
C22H24N2O8	Streptococcus_parasanguinis	0
C20H20O14	Vibrio_vulnificus	0
C14H13N5O3	Actinomyces_oris	0
C66H116N26O15S2	Klebsiella_planticola	0
C8H6N2O2	Stenotrophomonas_maltophilia	0
C2H5NO2	Klebsiella_planticola	0
C2H5NO2	Campylobacter_jejuni	0
C10H16	Haemophilus_influenzae	0
C21H17ClO3S	Staphylococcus_cohnii	0
C18H18ClNOS	Bacillus_amyloliquefaciens	0
C9H9Br3O2	Streptococcus_sanguis	0
C9H6O4	Staphylococcus_haemolyticus	0
C30H42O12	Aeromonas_sobria	0
C4H4O2	Marinobacter_hydrocarbonoclasticus	0
C26H20N6O3	Pichia_anomala	0
C10H12O5	Pseudomonas_putida	0
C5H8BrNO2	Vibrio_cholerae	0
C10H13NO3S	Enterobacter_ludwigi	0
C17H18Cl2F3NO2	Marinobacter_hydrocarbonoclasticus	0
C44H69NO12	Vibrio_campbellii	0
C10H13BrO3	Streptococcus_oralis	0
C9H6O2	Raoultella_ornithinolytica	0
C36H52O13	Staphylococcus_capitis	0
C31H48O6	Staphylococcus_epidermidis	0
C8H6FNO	Klebsiella_variicola	0
C15H17N3O	Obesumbacterium_proteus	0
C27H22N6O4	Streptococcus_pneumoniae	0
C15H30O2	Pseudomonas_fluorescens	0
C29H39N5O8	Candida_glabrata	0
C21H26O5	Staphylococcus_epidermidis	0
C92H129N33O12S	Streptococcus_pneumoniae	0
C133H181N39O22	Bacillus_amyloliquefaciens	0
C11H12O5	Pseudomonas_japonica	0
C9H17NO6	Acinetobacter_oleiovorans	0
C15H30O2	Eikenella_corrodens	0
C141H245N45O35	Enterococcus_faecium_(Streptococcus_faecium)	0
C16H16N4O8S	Serratia_marcescens	0
C10H6ClNO3	Actinomyces_oris	0
C15H25NO2S	Pseudomonas_fluorescens	0
C233H376N70O71	Marinobacter_hydrocarbonoclasticus	0
C41H74O15	Vibrio_campbellii	0
C5H10BO7-	Candida_krusei	0
C23H22N2O5	Streptococcus_pneumoniae	0
C41H74O15	Mycobacterium_avium	0
C21H29NO2	Burkholderia_pseudomallei	0
C15H10O4	Achromobacter_xylosoxidans	0
C25H20O10	Klebsiella_pneumoniae	0
C10H20O	Aggregatibacter_actinomycetemcomitans	0
C63H120N24O13S2	Pseudoalteromonas_sp.	0
C12H21NO3	Klebsiella_pneumoniae	0
C27H30O16	Acinetobacter_sp.	0
C12H12BrNO3	Aeromonas_sobria	0
C64H88N22O9	Serratia_marcescens	0
C13H10Cl2N2O3	Staphylococcus_haemolyticus	0
C41H32O26	Streptococcus_mutans	0
C18H16Cl3N3O3S	Listeria_ivanovii	0
C18H36O2	Halomonas_pacifica	0
C8H7NO	Yersinia_enterocolitica	0
C77H126N26O13	Acinetobacter_oleiovorans	0
C14H16BrNO3S	Serratia_marcescens	0
CuO4S	Streptococcus_salivarius	0
C114H180N30O29S	Eikenella_corrodens	0
C9H9Br3O2	Enterobacter_ludwigi	0
C12H12BrNO3	Mixed_Culture_of_bacteria_and_fungus	0
C9H7NO3	Burkholderia_thailandensis	0
C7H6O5	Streptococcus_salivarius	0
C8H15NO2	Streptomyces_gordonii	0
C6H6O2	Raoultella_ornithinolytica	0
C144H234N36O23	Vibrio_anguillarum	0
C3H7NO5S	Chromobacterium_violaceum	0
C20H30O4	Raoultella_ornithinolytica	0
C4H8O2	Streptococcus_sanguinis	0
C5H2Br2O2	Enterobacter_ludwigi	0
C3H8O	Bacillus_subtilis	0
C35H60O6	Candida_krusei	0
C24H29N7O6S	Lactobacillus_fermenti	0
C30H42N12O15S3	Staphylococcus_epidermis	0
C103H180N36O26S3	Pseudomonas_japonica	0
C9H7NO3	Staphylococcus_capitis	0
C24H30O4	Gardnerella_vaginalis	0
C6H6BrN	Achromobacter_xylosoxidans	0
C20H21BrN2O7	Streptococcus_pyogenes	0
C6H7N	Aspergillus_fumigatus	0
C92H129N33O12S	Burkholderia_multivorans	0
C10H6ClNO3	Enterococcus_gallinarum	0
C20H16O2	Stenotrophomonas_maltophilia	0
C7H6NO2	Propionibacterium_acnes	0
C14H24N2O10	Vibrio_harveyi	0
C26H58Cl2N10	Edwardsiella_tarda	0
C10H13NO	Vibrio_anguillarum	0
C21H24FNO10	Mixed_Culture_of_bacteria	0
C72H95N25O12	Staphylococcus_capitis	0
C22H43N5O13	Mycobacterium_smegmatis	0
C12H13ClN2O2S	Bacillus_cereus	0
C6H8N2O2S2	Burkholderia_pseudomallei	0
C63H99N21O15	Cryptococcus_neoformans	0
C17H24ClN3	Burkholderia_multivorans	0
C19H14Cl2F3NO2	Escherichia_coli	0
C12H12F3N3	Burkholderia_thailandensis	0
C15H20O3	Staphylococcus_capitis	0
C3H8N2O2	Citrobacter_freundii	0
C16H18FN3O3	Streptococcus_sobrinus	0
C25H30N6O2	Candida_albicans	0
C133H195N51O33	Candida_parapsilosis	0
C102H169N25O20	Vibrio_vulnificus	0
C52H88N10O15	Vibrio_parahaemolyticus	0
C6H7N	Streptococcus_mitis	0
C48H95N13O8	Achromobacter_sp.	0
C16H32O2	Hafnia_paralvei	0
C22H20O4	Cronobacter_sakazakii	0
C8H10N4O2	Cryptococcus_neoformans	0
C9H9Cl2NO2	Aeromonas_hydrophila	0
C16H15NO3	Bacillus_amyloliquefaciens	0
C117H177N33O28	Vibrio_parahaemolyticus	0
C18H24F3N3	Burkholderia_cenocepacia	0
C29H44O5S2	Burkholderia_cenocepacia	0
C17H16O6	Enterococcus_gallinarum	0
C6H13NO2S	Enterococcus_faecalis_(Streptococcus_faecalis)	0
C13H6Cl6O2	Burkholderia_multivorans	0
C4H6NO4	Proteus_mirabilis	0
C150H207N41O27	Candida_dubliniensis	0
C18H19ClN4	Escherichia_coli	0
C14H13N5O3	Haemophilus_influenzae	0
CH3CH2COONa	Francisella_novicida	0
C14H14S	Obesumbacterium_proteus	0
C26H20N6O3	Vibrio_parahaemolyticus	0
C14H16BrNO3S	Streptococcus_oralis	0
C15H20N2O6	Acinetobacter_sp.	0
AgO4S	Francisella_novicida	0
C73H110N22O12	Mixed_Culture_of_bacteria	0
C6H7N	Staphylococcus_saprophyticus	0
C15H14O6	Streptococcus_oralis	0
C15H10O6	Burkholderia_thailandensis	0
C24H29N7O6S	Serratia_marcescens	0
C5H9NO4S	Streptomyces_gordonii	0
C12H8Br2N4OS	Listeria_monocytogenes	0
C90H159N25O16	Acinetobacter_oleiovorans	0
C31H44O12	Staphylococcus_saprophyticus	0
C6H11BrO2	Candida_albicans	0
C13H10FN5O3	Aeromonas_sobria	0
C51H69N19O6	Burkholderia_cenocepacia	0
C23H37NO5	Vibrio_harveyi	0
C19H27NO11	Porphyromonas_gingivalis	0
C26H21NO3	Pantoea_agglomerans	0
C8H11NO	Mycobacterium_smegmatis	0
C14H14N8O4S3	Acinetobacter_sp.	0
C7H16NO2+	Streptococcus_epidermidis	0
C22H20O4	Streptococcus_mitis	0
C11H12N2O2	Aeromonas_hydrophila	0
C17H16O3	Campylobacter_jejuni	0
C150H207N41O27	Fusarium_solani	0
C22H20ClNO5	Pseudomonas_libaniensis	0
C4H9N	Pseudomonas_libaniensis	0
CH2Cl2	Staphylococcus_haemolyticus	0
C14H13ClN2O3	Listeria_monocytogenes	0
C10H19BrO2	Pichia_anomala	0
C14H23NO2S	Pseudoalteromonas_sp.	0
C11H19NO2S	Cronobacter_sakazakii	0
C74H131N23O17	Staphylococcus_saprophyticus	0
C21H24ClNO10	Candida_krusei	0
C17H14N2O3S2	Raoultella_ornithinolytica	0
C36H64O12	Acinetobacter_nosocomialis	0
C5H12N4O3	Streptococcus_salivarius	0
C15H12O2	Staphylococcus_caprae	0
C151H228N44O40S6	Pseudoalteromonas_sp.	0
C12H11BrO3S	Obesumbacterium_proteus	0
C20H37N3O14	Edwardsiella_tarda	0
C27H37NO	Candida_krusei	0
C14H12O4	Vibrio_anguillarum	0
C20H35NO4	Streptococcus_gordonii	0
C19H19N3O3	Staphylococcus_caprae	0
C15H22O3	Campylobacter_jejuni	0
C15H17N3O	Enterobacter_aerogenes	0
C10H13NO2	Burkholderia_cepacia	0
C64H88N22O9	Achromobacter_xylosoxidans	0
C14H22O	Campylobacter_jejuni	0
C10H10O2	Providencia_stuartii	0
C10H19BrO2	Streptococcus_mutans	0
C15H10O5	Staphylococcus_chromogenes	0
C14H12O3	Aspergillus_fumigatus	0
C23H37NO10	Gardnerella_vaginalis	0
C18H14Cl4N2O	Streptococcus_epidermidis	0
C14H23NO2S	Enterococcus_gallinarum	0
C15H12O2	Staphylococcus_cohnii	0
C16H20F3NO2	Salmonella_Typhi	0
C17H19ClN2S	Proteus_mirabilis	0
C9H8O	Providencia_stuartii	0
C6H9N3O2	Yersinia_enterocolitica	0
C8H13NO3	Escherichia_coli	0
C5H10BO7-	Fusarium_solani	0
C8H7BrO2	Hafnia_alvei	0
C112H177N29O28S	Candida_albicans	0
C12H12F3N3	Candida_albicans	0
C10H11F2NO	Burkholderia_multivorans	0
C26H28Cl2N4O4	Escherichia_coli	0
C190H309N57O43	Burkholderia_cepacia	0
C11H15NO3S	Candida_tropicalis	0
C6H4Br2O2	Candida_glabrata	0
C13H10ClFN2O3	Streptococcus_pyogenes	0
C20H25ClN2O5	Streptococcus_sanguis	0
C26H28ClNO	Klebsiella_pneumoniae	0
C9H10ClNO2	Streptococcus_gordonii	0
C15H17N3O	Cronobacter_sakazakii	0
C23H31NO3	Francisella_novicida	0
C17H17BrN2O5	Staphylococcus_chromogenes	0
C11H6Br4N4O	Mycobacterium_avium	0
C72H101N17O26	Enterococcus_faecalis_(Streptococcus_faecalis)	0
C8H20N2	Eikenella_corrodens	0
C20H16Cl2N2O2	Candida_glabrata	0
C15H14O9	Staphylococcus_haemolyticus	0
C21H45N5O11S	Burkholderia_multivorans	0
C38H69NO13	Salmonella_Typhi	0
C49H88N14O14S2	Proteus_mirabilis	0
AgO4S	Providencia_stuartii	0
C12H19NO2	Enterobacter_cancerogenus	0
C16H14F3N5O	Enterococcus_faecalis_(Streptococcus_faecalis)	0
C108H116N26O15	Pantoea_agglomerans	0
C10H10N2O2	Halomonas_pacifica	0
C49H80N14O17S3	Klebsiella_planticola	0
C8H14O2S2	Klebsiella_planticola	0
C23H27N5O7S	Achromobacter_sp.	0
C5H2Br2O2	Burkholderia_cepacia	0
C9H7NO2	Eikenella_corrodens	0
C13H7Br2Cl2N3O	Candida_guiliermondi	0
C21H18O3	Micrococcus_luteus	0
C121H192N38O20	Pseudomonas_japonica	0
C18H24N4O4S2	Lactobacillus_fermenti	0
C22H20ClNO5	Edwardsiella_tarda	0
C29H39N5O8	Pseudomonas_aeruginosa	0
C6H12N2O	Staphylococcus_caprae	0
C10H13NO2S	Burkholderia_cepacia	0
C29H38O9	Escherichia_coli	0
C28H34O15	Candida_spp.	0
C4H10OS2	Pseudomonas_chlororaphis	0
C3H8O	Fusarium_solani	0
C21H18O11	Pseudomonas_libaniensis	0
C49H80N14O17S3	Porphyromonas_gingivalis	0
C14H18O2	Enterococcus_gallinarum	0
C91H133N21O24	Campylobacter_jejuni	0
C10H6ClNO3	Streptococcus_mutans	0
C22H42O11	Pseudomonas_chlororaphis	0
C8H14O2S2	Staphylococcus_epidermis	0
C142H239N41O34	Kocuria_rhizophila	0
C20H36O3	Enterococcus_gallinarum	0
C76H131N19O19	Staphylococcus_equorum	0
C19H24N6O5S2	Mycobacterium_smegmatis	0
C23H45NO4	Staphylococcus_cohnii	0
C39H54O4	Pseudomonas_chlororaphis	0
C21H24FN3O4	Salmonella_enterica	0
C19H18Cl2N2O5	Acinetobacter_nosocomialis	0
C27H22ClN3O4	Mixed_Culture_of_bacteria_and_fungus	0
C14H12O4	Enterobacter_cancerogenus	0
C8H13NO3	Listeria_monocytogenes	0
C14H13N5O3	Pichia_anomala	0
C15H11ClO	Edwardsiella_tarda	0
C20H16Cl2N2O2	Klebsiella_variicola	0
C19H17Cl3N2S	Chromobacterium_violaceum	0
C27H37NO	Bacillus_amyloliquefaciens	0
C63H111N23O11	Escherichia_coli	0
C6H9N3O2	Staphylococcus_caprae	0
C16H13ClN2O	Propionibacterium_acnes	0
C14H22O	Burkholderia_cepacia	0
C9H6O4	Halomonas_pacifica	0
C18H22N2O	Vibrio_campbellii	0
C15H12O	Bacillus_amyloliquefaciens	0
C20H30O3	Porphyromonas_gingivalis	0
C107H196N28O30	Streptococcus_sanguinis	0
C14H11BrN2O2	Streptococcus_epidermidis	0
C6H4O2	Staphylococcus_chromogenes	0
C7H9NO3S2	Streptococcus_oralis	0
C19H17N3O	Gardnerella_vaginalis	0
C18H18ClNOS	Streptomyces_gordonii	0
C6H10OS2	Streptococcus_gordonii	0
C13H12	Escherichia_coli	0
C30H48O3	Campylobacter_jejuni	0
C26H45N3O6S2	Salmonella_enterica	0
C10H5Cl2NO3	Hafnia_alvei	0
C6H11NO2	Streptococcus_parasanguinis	0
C21H18NO4+	Pseudoalteromonas_sp.	0
C13H16N2O	Streptococcus_salivarius	0
C15H14O7	Staphylococcus_saprophyticus	0
C9H11NO4	Burkholderia_multivorans	0
C83H138N30O14S	Pseudomonas_putida	0
C38H69NO13	Pichia_anomala	0
C22H18O10	Staphylococcus_equorum	0
C124H228Br10N10O10	Coagulase-_negative_staphylococci	0
C27H24ClN3O3	Streptococcus_parasanguinis	0
C9H8O2	Pantoea_agglomerans	0
C8H12N2O2	Pantoea_agglomerans	0
C22H42O12	Porphyromonas_gingivalis	0
C5H10BO7-	Morganella_morganii	0
C25H30N6O2	Streptomyces_gordonii	0
C87H124N18O14	Mycobacterium_smegmatis	0
C91H137N25O22	Pseudomonas_japonica	0
C15H17N3O	Burkholderia_multivorans	0
C16H22Cl2N2O2S	Edwardsiella_tarda	0
C15H14O7	Candida_tropicalis	0
C22H34O4	Pseudomonas_fluorescens	0
C35H60O6	Burkholderia_cepacia	0
C19H18O6	Pseudomonas_japonica	0
C16H14O4	Bacillus_amyloliquefaciens	0
C9H9Br3O2	Klebsiella_planticola	0
C20H32O	Acinetobacter_oleiovorans	0
C12H12Br2O3	Enterococcus_gallinarum	0
C73H110N22O12	Candida_glabrata	0
C15H14ClN3O4S	Candida_guiliermondi	0
C25H24O12	Candida_glabrata	0
C129H173N39O20	Burkholderia_cepacia	0
C20H20N2O	Proteus_vulgaris	0
C9H9I2NO3	Staphylococcus_saprophyticus	0
C4H4FN3O	Pseudomonas_libaniensis	0
C10H18O	Pseudoalteromonas_sp.	0
C27H32O15	Staphylococcus_epidermis	0
C88H150N36O20S4	Kocuria_rhizophila	0
C27H37O6	Listeria_ivanovii	0
C71H109N27O14	Porphyromonas_gingivalis	0
C8H6FN	Acinetobacter_nosocomialis	0
C31H52O12	Corynebacterium_ammoniagenes	0
C3H7N	Klebsiella_variicola	0
C13H7Br2Cl2N3O	Pseudomonas_fluorescens	0
C9H8O4	Vibrio_anguillarum	0
C15H11Br2N3O	Vibrio_vulnificus	0
C20H30O2	Bacillus_amyloliquefaciens	0
C11H13NO	Listeria_ivanovii	0
C68H130N18O14	Pseudomonas_libaniensis	0
C15H18O10	Marinobacter_hydrocarbonoclasticus	0
C5H2Br2O2	Cryptococcus_neoformans	0
C10H9AgN4O2S	Bacillus_amyloliquefaciens	0
C20H14O3	Enterococcus_faecium_(Streptococcus_faecium)	0
C10H12O5	Raoultella_ornithinolytica	0
C12H11BrO3S	Raoultella_ornithinolytica	0
C9H6FN	Streptococcus_parasanguinis	0
C3H8N2O2	Propionibacterium_acnes	0
C6H7AgO7	Enterobacter_ludwigi	0
C133H181N39O22	Kocuria_rhizophila	0
C8H10N4O2	Streptococcus_sobrinus	0
C16H18N2O4S	Acinetobacter_baumannii	0
C7H9NO	Vibrio_parahaemolyticus	0
C69H109N23O18	Marinobacter_hydrocarbonoclasticus	0
ClNa	Candida_krusei	0
C187H326N74O41	Vibrio_parahaemolyticus	0
C43H77N17O7	Proteus_vulgaris	0
C2H7NO3S	Mixed_Culture_of_bacteria_and_fungus	0
C8H7BrO2	Pseudomonas_libaniensis	0
C8H11NO	Vibrio_harveyi	0
C9H13NO2S	Streptococcus_salivarius	0
C19H29NO3	Acinetobacter_nosocomialis	0
C11H21NO6	Listeria_ivanovii	0
C6H4O2	Campylobacter_jejuni	0
C9H6Br4O4	Staphylococcus_haemolyticus	0
C8H9BO4	Streptococcus_salivarius	0
C6H6ClN	Klebsiella_variicola	0
C8H6N2O2	Streptococcus_salivarius	0
C15H16F3NO2	Candida_albicans	0
C21H24BrNO10	Lactobacillus_fermenti	0
C102H167N33O20	Cryptococcus_neoformans	0
C66H116N26O15	Enterococcus_faecium_(Streptococcus_faecium)	0
C20H35NO4	Listeria_monocytogenes	0
C11H8ClNO3	Staphylococcus_epidermis	0
C21H24FNO10	Klebsiella_variicola	0
C66H116N26O15S2	Enterococcus_gallinarum	0
C6H9I2NO	Mycobacterium_smegmatis	0
C48H56N6O8S2	Candida_krusei	0
C25H41NO10	Candida_spp.	0
CH3CH2COONa	Morganella_morganii	0
C22H30Cl2N10	Candida_tropicalis	0
C158H263N45O27	Streptococcus_gordonii	0
C6H6O3	Burkholderia_pseudomallei	0
C49H88N14O14S2	Acinetobacter_nosocomialis	0
C28H22O6	Staphylococcus_equorum	0
C9H6FN	Serratia_marcescens	0
C9H10INO2	Burkholderia_multivorans	0
C11H17NO2S	Edwardsiella_tarda	0
C17H12ClN3O	Staphylococcus_chromogenes	0
C9H11NO3S	Gardnerella_vaginalis	0
C22H43N5O13	Candida_krusei	0
C9H6Br4O4	Klebsiella_planticola	0
C22H47N5O21S2	Pseudomonas_libaniensis	0
C28H34O15	Pseudomonas_aeruginosa	0
C14H12Cl2F3NO2	Burkholderia_pseudomallei	0
C17H14N2O3S2	Enterobacter_aerogenes	0
C56H98N16O13	Enterococcus_faecalis_(Streptococcus_faecalis)	0
K2S2O5	Coagulase-_negative_staphylococci	0
C20H25ClN2O5	Pichia_anomala	0
C16H13Cl3N2OS	Trueperella_pyogenes	0
C9H8O4	Bacillus_subtilis	0
C71H126N26O12	Enterococcus_gallinarum	0
C9H6O2	Staphylococcus_capitis	0
C8H13NO3	Pseudomonas_chlororaphis	0
C22H18F2N6O2	Obesumbacterium_proteus	0
C77H126N26O13	Micrococcus_luteus	0
C14H11BrN2O2	Mycobacterium_avium	0
C44H64N10O11	Trueperella_pyogenes	0
C15H14O6	Hafnia_paralvei	0
C18H16	Enterobacter_ludwigi	0
C18H34Br2O2P2	Aggregatibacter_actinomycetemcomitans	0
C9H17NO2	Streptococcus_sanguis	0
C29H48O12	Pantoea_agglomerans	0
C21H41NO4	Yersinia_enterocolitica	0
C23H27N3O7	Pseudomonas_aeruginosa	0
C6H7AgO7	Staphylococcus_chromogenes	0
C10H12O5	Burkholderia_pseudomallei	0
C102H182N28O24	Salmonella_enterica	0
C182H273N57O38	Klebsiella_planticola	0
C6H7N	Acinetobacter_oleiovorans	0
C12H22O11	Bacillus_cereus	0
C7H5O3	Candida_tropicalis	0
C11H17NS	Listeria_monocytogenes	0
C20H28O4	Edwardsiella_tarda	0
C4H2Cl2O3	Streptococcus_pyogenes	0
C16H18FN3O3	Burkholderia_cepacia	0
C19H18O6	Escherichia_coli	0
C136H211N45O26	Klebsiella_variicola	0
C6H7NO2S3	Propionibacterium_acnes	0
C16H13Cl3N2OS	Aggregatibacter_actinomycetemcomitans	0
C4H9NO2S	Coagulase-_negative_staphylococci	0
C13H10ClFN2O3	Corynebacterium_ammoniagenes	0
C10H16N2O8	Salmonella_enterica	0
C32H55BrN4O	Lactobacillus_fermenti	0
C8H5NO2	Burkholderia_cenocepacia	0
C3H8O	Vibrio_parahaemolyticus	0
C27H24ClN3O3	Francisella_novicida	0
C15H10O7	Salmonella_Typhi	0
C20H13NO6	Vibrio_cholerae	0
C11H14O2	Klebsiella_pneumoniae	0
C6H5NO2	Escherichia_coli	0
Na2S2O5	Micrococcus_luteus	0
C24H22F3NO3	Vibrio_anguillarum	0
C15H16N2O	Mycobacterium_smegmatis	0
C14H23NO2S	Stenotrophomonas_maltophilia	0
C21H33NO4	Propionibacterium_acnes	0
C7H6Cl4O3	Hafnia_alvei	0
C90H174N22O15	Yersinia_enterocolitica	0
C13H12F2N6O	Burkholderia_cepacia	0
C124H228Br10N10O10	Cryptococcus_neoformans	0
C8H7NO	Klebsiella_pneumoniae	0
Cl3La	Salmonella_Typhi	0
C3H7NO5S	Achromobacter_sp.	0
C23H28N2O10	Mycobacterium_smegmatis	0
C22H47N5O21S2	Candida_guiliermondi	0
C28H22O6	Streptococcus_sobrinus	0
CH2Cl2	Bacillus_subtilis	0
C11H12ClN3	Streptococcus_sanguis	0
C8H11N3O	Achromobacter_xylosoxidans	0
C7H6ClNO2	Pseudomonas_japonica	0
C3H7N	Candida_glabrata	0
C9H9Br2NO3	Candida_krusei	0
C10H19BrO2	Vibrio_cholerae	0
C16H19N3O4S	Eikenella_corrodens	0
C94H168Br10O10P10	Eikenella_corrodens	0
C11H6O3	Vibrio_anguillarum	0
K2S2O5	Burkholderia_multivorans	0
Bi2O3	Cronobacter_sakazakii	0
C16H18N2O3	Streptomyces_gordonii	0
C45H56N10O11	Vibrio_cholerae	0
C15H11Br2N3O	Pseudomonas_putida	0
C15H17N7O5S3	Streptococcus_mutans	0
C7H15NO2S	Achromobacter_sp.	0
C16H13N3O4	Pseudomonas_putida	0
C113H191N33O21	Streptococcus_sobrinus	0
C14H24N2O10	Streptococcus_pneumoniae	0
C5H8BrNO2	Staphylococcus_epidermidis	0
C68H105N15O11	Campylobacter_jejuni	0
C16H13Br2N3O3	Aggregatibacter_actinomycetemcomitans	0
C9H11NO4	Obesumbacterium_proteus	0
C7H6Br2O2	Bacillus_cereus	0
C6H7NaO6	Aspergillus_fumigatus	0
C6H3Br2NO3	Streptococcus_sanguinis	0
C20H14O3	Candida_guiliermondi	0
C83H139N31O14S	Staphylococcus_caprae	0
C29H39N5O8	Enterococcus_gallinarum	0
C7H16NO2+	Enterobacter_cancerogenus	0
C8H16N2O3	Candida_krusei	0
C15H8O6	Streptococcus_pneumoniae	0
C16H15F2N3O4S	Streptococcus_pneumoniae	0
C16H15NO3	Staphylococcus_chromogenes	0
C6H9N3O3	Candida_spp.	0
C26H20N6O3	Edwardsiella_tarda	0
C20H32O2	Pseudomonas_fluorescens	0
C20H37N3O14	Mycobacterium_smegmatis	0
C19H17Cl2N3O5S	Haemophilus_influenzae	0
C100H179N37O16	Acinetobacter_sp.	0
C13H16N2O	Streptococcus_sanguinis	0
C12H12N2O3	Proteus_mirabilis	0
C14H11N3O4	Pseudomonas_chlororaphis	0
C8H13NO3	Lactobacillus_fermenti	0
C9H10BrNO2	Mixed_Culture_of_bacteria_and_fungus	0
C20H13NO6	Streptococcus_mitis	0
C25H22O10	Aeromonas_sobria	0
C6H13N5O4	Proteus_vulgaris	0
C11H17NS	Aspergillus_fumigatus	0
C7H9NO2S	Streptococcus_oralis	0
C142H247N45O32	Vibrio_anguillarum	0
C4H4O2	Burkholderia_thailandensis	0
C9H14N4O3	Burkholderia_multivorans	0
C16H25NO3	Chromobacterium_violaceum	0
C24H28O4	Burkholderia_cepacia	0
C15H8Br2INO2	Streptococcus_sobrinus	0
C90H159N25O16	Proteus_vulgaris	0
C14H11BrN2O2	Aspergillus_fumigatus	0
C16H27NO4	Coagulase-_negative_staphylococci	0
C2H6OS	Haemophilus_influenzae	0
C8H7N	Enterobacter_ludwigi	0
C36H61NaO11	Staphylococcus_epidermis	0
C88H150N36O20S4	Yersinia_enterocolitica	0
C3H7N	Staphylococcus_epidermidis	0
C63H120N24O13S2	Obesumbacterium_proteus	0
C35H38Cl2N8O4	Pseudoalteromonas_sp.	0
C27H32O14	Streptococcus_pneumoniae	0
C6H17N3	Mixed_Culture_of_bacteria_and_fungus	0
C5H13ClN2O2S	Candida_glabrata	0
C169H292N54O45	Streptococcus_pneumoniae	0
C14H17ClN4O2S	Eikenella_corrodens	0
C22H23ClN6O	Providencia_stuartii	0
C15H11F3N2O	Mycobacterium_avium	0
C24H22F3NO3	Listeria_ivanovii	0
C14H15N3O3	Streptococcus_epidermidis	0
C22H17ClN2	Staphylococcus_epidermis	0
C100H160N38O16	Salmonella_Typhi	0
C6H12N2O4S2	Staphylococcus_epidermidis	0
C102H167N33O20	Yersinia_enterocolitica	0
C15H10O4	Porphyromonas_gingivalis	0
C117H191N39O33	Haemophilus_influenzae	0
C8H10O2	Pseudoalteromonas_sp.	0
C66H103N17O16S	Hafnia_paralvei	0
C11H8ClNO3	Burkholderia_pseudomallei	0
C30H25ClN6O2	Mycobacterium_smegmatis	0
C6H13N3O3	Streptococcus_mutans	0
C17H16O6	Staphylococcus_haemolyticus	0
C169H292N54O45	Mycobacterium_smegmatis	0
C9H12N2O2	Candida_spp.	0
C22H18O10	Burkholderia_thailandensis	0
C7H6O5	Acinetobacter_nosocomialis	0
C18H37N	Hafnia_paralvei	0
AgNO3	Aeromonas_sobria	0
C22H38ClNO5	Streptococcus_epidermidis	0
C11H17NS	Klebsiella_planticola	0
C8H4FNO2	Candida_dubliniensis	0
C9H8Br2O4	Enterobacter_cancerogenus	0
C150H207N41O27	Staphylococcus_chromogenes	0
C15H22O3	Streptococcus_sanguinis	0
C8H16N2O2	Aeromonas_sobria	0
C66H103N17O16S	Bacillus_cereus	0
C7H15NO2S	Morganella_morganii	0
C23H31NO3	Candida_dubliniensis	0
C22H20O13	Streptococcus_parasanguinis	0
C13H7Br2ClFN3O	Providencia_stuartii	0
C18H24F3N3	Staphylococcus_cohnii	0
C13H21NO2S	Acinetobacter_sp.	0
Co+2	Enterococcus_faecium_(Streptococcus_faecium)	0
C109H185N33O26	Burkholderia_cenocepacia	0
C26H21NO2	Staphylococcus_epidermis	0
C129H173N39O20	Trueperella_pyogenes	0
C20H35NO4	Corynebacterium_ammoniagenes	0
C66H103N17O16S	Enterococcus_gallinarum	0
C9H10FNO2	Streptococcus_sanguis	0
C26H45N3O6S2	Achromobacter_xylosoxidans	0
C27H22N6O3	Staphylococcus_equorum	0
C14H15N3O3	Burkholderia_cenocepacia	0
C28H22O6	Cronobacter_sakazakii	0
C78H127N27O14	Porphyromonas_gingivalis	0
C12H17N5O2S	Staphylococcus_aureus	0
C14H6O8	Propionibacterium_acnes	0
C6H9N3O2	Serratia_liquefaciens	0
C8H16N2O3	Candida_dubliniensis	0
C114H180N30O29S	Achromobacter_xylosoxidans	0
C13H16FNO6	Enterobacter_cancerogenus	0
C141H226N46O29S3	Mixed_Culture_of_bacteria_and_fungus	0
C15H16N2O	Vibrio_cholerae	0
C21H24FNO10	Candida_guiliermondi	0
C16H14O3	Pseudomonas_putida	0
C23H37NO10	Burkholderia_multivorans	0
C6H13NO3S	Streptococcus_gordonii	0
C20H14NO4+	Vibrio_anguillarum	0
C19H17Cl3N2S	Micrococcus_luteus	0
C6H13NO3S	Mycobacterium_avium	0
C16H14O2	Enterococcus_faecium_(Streptococcus_faecium)	0
C10H20O	Pseudomonas_chlororaphis	0
C9H9Cl2NO2	Streptococcus_pyogenes	0
C17H33NO6	Actinomyces_oris	0
C16H16N4O8S	Candida_parapsilosis	0
C6H12N2O4S2	Achromobacter_xylosoxidans	0
C64H88N22O9	Staphylococcus_haemolyticus	0
C28H34O15	Vibrio_cholerae	0
C15H11Br2N3O	Acinetobacter_oleiovorans	0
C7H9NO	Enterococcus_faecalis_(Streptococcus_faecalis)	0
C108H166N30O30	Achromobacter_xylosoxidans	0
C22H27NO11	Citrobacter_freundii	0
C43H58N4O12	Mixed_Culture_of_bacteria	0
C88H150N36O20S4	Mixed_Culture_of_bacteria	0
C68H91N25O8	Enterobacter_aerogenes	0
C24H26N6O3	Staphylococcus_chromogenes	0
C26H31Cl2N5O3	Propionibacterium_acnes	0
C36H61NaO11	Vibrio_harveyi	0
C103H178N34O28	Staphylococcus_aureus	0
C26H28ClNO	Stenotrophomonas_maltophilia	0
C8H7Br2N3OS	Vibrio_vulnificus	0
C16H19Cl2NO2	Achromobacter_xylosoxidans	0
C13H10BrClN2O3	Raoultella_ornithinolytica	0
C15H25NO2S	Streptococcus_gordonii	0
C17H18Cl2F3NO2	Pseudomonas_putida	0
C6H12N2O4S2	Staphylococcus_saprophyticus	0
CrO4-2	Bacillus_subtilis	0
C13H10ClFN2O3	Candida_albicans	0
C29H28O8	Bacillus_amyloliquefaciens	0
C5H12N4O3	Coagulase-_negative_staphylococci	0
C26H45N3O6S2	Pseudoalteromonas_sp.	0
C2H8N2	Haemophilus_influenzae	0
C31H44O12	Staphylococcus_epidermidis	0
C15H18O10	Aspergillus_fumigatus	0
C7H7BrO2	Achromobacter_sp.	0
C13H16FNO6	Pseudomonas_libaniensis	0
C20H18N4O5S2	Klebsiella_variicola	0
C20H24O2	Enterobacter_cancerogenus	0
Cd+2	Listeria_ivanovii	0
C5H10BO7-	Staphylococcus_chromogenes	0
C11H13NO	Achromobacter_sp.	0
C9H8O3	Aspergillus_fumigatus	0
C30H48O3	Listeria_monocytogenes	0
C6H7AgO7	Corynebacterium_ammoniagenes	0
C16H32N2O	Klebsiella_variicola	0
C14H10Cl2NNaO2	Candida_guiliermondi	0
C15H11O5	Campylobacter_jejuni	0
C7H6FNO2	Pseudomonas_libaniensis	0
C22H32F3N3	Kocuria_rhizophila	0
C102H169N25O20	Aeromonas_sobria	0
C9H8O2	Burkholderia_cepacia	0
C6H11NO4	Streptococcus_parasanguinis	0
C9H6O2	Providencia_stuartii	0
C213H342N54O38	Streptococcus_sanguis	0
C13H9Br2N3O2	Vibrio_harveyi	0
C16H14O2	Salmonella_enterica	0
C15H17N3O	Mycobacterium_smegmatis	0
C14H10O3	Streptococcus_sanguis	0
C7H12ClN3O2	Candida_spp.	0
C11H12O5	Vibrio_vulnificus	0
Cd+2	Candida_parapsilosis	0
C26H22N2O3	Stenotrophomonas_maltophilia	0
C17H21Cl2NO3	Acinetobacter_sp.	0
C4H11NS	Staphylococcus_caprae	0
C21H27ClN2O3	Vibrio_campbellii	0
C6H14	Klebsiella_variicola	0
C4H7NO4	Achromobacter_sp.	0
C20H28O4	Streptococcus_sobrinus	0
C6H7NO2S3	Streptococcus_epidermidis	0
C9H10INO2	Cryptococcus_neoformans	0
C97H137N23O27S4	Mycobacterium_smegmatis	0
C10H9NO2	Burkholderia_multivorans	0
C10H16N2O8	Candida_parapsilosis	0
C9H10O5	Candida_albicans	0
C6H9N3O3	Acinetobacter_nosocomialis	0
C7H5O3	Staphylococcus_aureus	0
C109H185N33O26	Raoultella_ornithinolytica	0
C11H21NO6	Staphylococcus_caprae	0
C43H58N4O12	Staphylococcus_saprophyticus	0
C7H16NO2+	Staphylococcus_caprae	0
C10H13BrO3	Staphylococcus_epidermidis	0
C15H16N2O	Acinetobacter_baumannii	0
C77H107N25O11S	Enterobacter_cancerogenus	0
C90H174N22O15	Burkholderia_cenocepacia	0
C23H44O11	Staphylococcus_epidermidis	0
C7H15NO2S	Klebsiella_planticola	0
C23H27N3O7	Micrococcus_luteus	0
C5H12O	Halomonas_pacifica	0
C14H28O2	Morganella_morganii	0
C141H245N45O35	Aeromonas_sobria	0
C14H11NO5	Pseudomonas_japonica	0
C10H13NO2S	Streptococcus_pyogenes	0
C10H26N4	Burkholderia_cepacia	0
C50H99N25O13	Acinetobacter_nosocomialis	0
C4H2Br2O3	Aeromonas_hydrophila	0
C31H52O12	Enterococcus_faecium_(Streptococcus_faecium)	0
C6H11BrO2	Providencia_stuartii	0
C7H5Br2N3OS	Aeromonas_sobria	0
C10H13NO3S	Acinetobacter_nosocomialis	0
C14H27NO	Actinomyces_oris	0
C66H116N26O15	Candida_guiliermondi	0
C88H150N36O20S4	Klebsiella_planticola	0
C6H6O4	Halomonas_pacifica	0
C9H6FN	Hafnia_alvei	0
C14H13N3O4	Pseudomonas_aeruginosa	0
C19H27NO11	Candida_tropicalis	0
C13H12	Micrococcus_luteus	0
C9H5Cl2NO	Burkholderia_pseudomallei	0
C6H4Br2O2	Staphylococcus_haemolyticus	0
C26H58Cl2N10	Burkholderia_pseudomallei	0
C22H38ClNO5	Achromobacter_sp.	0
C16H22N2O6	Marinobacter_hydrocarbonoclasticus	0
C22H17ClN2	Streptococcus_mutans	0
C71H109N27O14	Candida_tropicalis	0
C70H118N28O11	Candida_spp.	0
C3H7NO2	Burkholderia_pseudomallei	0
C6H13NO2	Kocuria_rhizophila	0
C15H17N3O	Staphylococcus_cohnii	0
C5H9NO4S	Candida_tropicalis	0
C136H211N45O26	Enterococcus_faecium_(Streptococcus_faecium)	0
C17H18Cl2F3NO2	Corynebacterium_ammoniagenes	0
C30H48O3	Staphylococcus_equorum	0
C21H29NO2	Burkholderia_cenocepacia	0
C18H37N	Staphylococcus_saprophyticus	0
C6H4O2	Francisella_novicida	0
C29H38O9	Burkholderia_pseudomallei	0
C88H139N29O16S2	Staphylococcus_chromogenes	0
C7H4Br4O2	Trueperella_pyogenes	0
C21H27ClN2O3	Acinetobacter_nosocomialis	0
C16H18F3NO2	Trueperella_pyogenes	0
C5H8BrNO2	Streptococcus_sobrinus	0
C12H13ClN2O2S	Proteus_vulgaris	0
C16H13Cl3N2OS	Proteus_mirabilis	0
C39H51N9O11	Stenotrophomonas_maltophilia	0
C7H8O2S	Burkholderia_pseudomallei	0
C8H6ClNO	Trueperella_pyogenes	0
C10H18O	Vibrio_parahaemolyticus	0
C31H28N6O2	Marinobacter_hydrocarbonoclasticus	0
C26H31Cl2N5O3	Raoultella_ornithinolytica	0
C11H14N2O3	Enterococcus_faecium_(Streptococcus_faecium)	0
C13H9Br2N3OS	Candida_krusei	0
C23H44O11	Streptococcus_sanguis	0
C10H15NO4	Mixed_Culture_of_bacteria_and_fungus	0
C12H21NO4	Bacillus_subtilis	0
C87H127N19O15	Staphylococcus_saprophyticus	0
C38H69NO13	Serratia_marcescens	0
C16H21NO2	Proteus_mirabilis	0
C16H17N3O7S2	Candida_tropicalis	0
C16H16N4O8S	Porphyromonas_gingivalis	0
C23H28ClN	Proteus_vulgaris	0
C11H13Br3O2	Candida_tropicalis	0
C32H55BrN4O	Achromobacter_sp.	0
O3Te-2	Vibrio_campbellii	0
C18H37N	Morganella_morganii	0
C10H13NO	Pseudomonas_japonica	0
C7H6O4	Yersinia_enterocolitica	0
C21H43N5O7	Pseudoalteromonas_sp.	0
C8H5NO2	Candida_albicans	0
C17H18Cl2F3NO2	Streptococcus_mutans	0
C16H21NO2	Kocuria_rhizophila	0
C14H13N3O4	Actinomyces_oris	0
C16H29NO3	Staphylococcus_epidermidis	0
C152H249N47O32	Pseudomonas_japonica	0
C18H22N2O	Hafnia_alvei	0
GaN3O9	Candida_spp.	0
C77H126N26O13	Francisella_novicida	0
C16H32O2	Streptococcus_sanguis	0
C15H22O3	Streptococcus_epidermidis	0
C129H173N39O20	Mixed_Culture_of_bacteria	0
C43H58N4O12	Aeromonas_hydrophila	0
C7H9N	Streptococcus_sanguis	0
C9H11NO5	Staphylococcus_chromogenes	0
C88H150N36O20S4	Acinetobacter_sp.	0
C90H174N22O15	Streptococcus_salivarius	0
C25H42O5	Micrococcus_luteus	0
C27H42ClNO2	Mixed_Culture_of_bacteria_and_fungus	0
C13H12Cl2O3S	Pseudomonas_putida	0
C22H16N2O	Haemophilus_influenzae	0
C13H10BrN5O3	Streptococcus_oralis	0
C40H56O2	Candida_spp.	0
C15H10O7	Pseudomonas_fluorescens	0
CrO4-2	Candida_spp.	0
C11H15BrO2	Stenotrophomonas_maltophilia	0
C6H11BrO2	Streptococcus_mutans	0
Na2S2O5	Gardnerella_vaginalis	0
C15H16N2O2	Achromobacter_sp.	0
C9H10N2O4	Burkholderia_cenocepacia	0
C63H103N21O11	Pseudomonas_japonica	0
C12H17N5O2S	Fusarium_solani	0
C7H10N2OS	Kocuria_rhizophila	0
C167H262N48O50S6	Raoultella_ornithinolytica	0
C4H12N2	Halomonas_pacifica	0
C3H7N	Chromobacterium_violaceum	0
C25H20O10	Acinetobacter_baumannii	0
C7H6ClNO2	Staphylococcus_caprae	0
C9H8F3NO2	Mixed_Culture_of_bacteria	0
C10H13NO3	Streptococcus_pneumoniae	0
C9H8O2	Vibrio_harveyi	0
C9H8Br2O4	Fusarium_solani	0
C20H20O14	Achromobacter_xylosoxidans	0
C23H28ClN	Mixed_Culture_of_bacteria_and_fungus	0
C26H20N6O3	Staphylococcus_caprae	0
C47H75NO17	Salmonella_enterica	0
C4H3FN2O2	Streptococcus_sanguinis	0
C10H10O2	Proteus_mirabilis	0
C27H17F6NO	Klebsiella_pneumoniae	0
C13H16O13S	Enterococcus_faecium_(Streptococcus_faecium)	0
C106H191N35O26	Burkholderia_cepacia	0
C76H52O46	Streptococcus_gordonii	0
C18H16N4O3S2	Enterococcus_faecalis_(Streptococcus_faecalis)	0
C18H15Cl3N2O	Streptococcus_parasanguinis	0
[H]N[C@@H](CCCCN)C(=O)N[C@@H](CC1=CNC2=C1C=CC=C2)C(=O)N[C@@H](CCCCN)C(=O)N[C@@H](CC(C)C)C(=O)N[C@@H](CC1=CC=CC=C1)C(=O)N[C@@H](CCCCN)C(=O)N[C@@H](CCCCN)C(=O)N[C@@H]([C@@H](C)CC)C(=O)NCC(=O)N[C@@H]([C@@H](C)CC)C(=O)NCC(=O)N[C@@H](CCCCN)C(=O)N[C@@H](CC1=CC=CC=C1)C(=O)N[C@@H](CC(C)C)C(=O)N[C@@H](CC1=CNC=N1)C(=O)N[C@@H](CO)C(=O)N[C@@H](C)C(=O)N[C@@H](CCCCN)C(=O)N[C@@H](CCCCN)C(=O)N[C@@H](CC1=CC=CC=C1)C(O)=O	Candida_spp.	0
C17H30O7	Haemophilus_influenzae	0
C13H6Cl6O2	Providencia_stuartii	0
C20H32O2	Vibrio_campbellii	0
C18H37N	Streptococcus_sobrinus	0
C129H173N39O20	Pseudomonas_japonica	0
C28H44ClNO2	Enterobacter_ludwigi	0
C15H11Br2N3O	Staphylococcus_epidermidis	0
C14H23NO2	Serratia_marcescens	0
C5H8O4	Achromobacter_sp.	0
C24H28O4	Staphylococcus_caprae	0
C9H9ClFNO2	Coagulase-_negative_staphylococci	0
C14H12O3	Streptococcus_pyogenes	0
C10H16N2O8	Mycobacterium_avium	0
C16H18S2	Enterobacter_aerogenes	0
C20H15Cl3N2OS	Hafnia_alvei	0
C8H7NO	Edwardsiella_tarda	0
C35H38Cl2N8O4	Streptomyces_gordonii	0
C10H13NO2	Staphylococcus_equorum	0
C37H67NO13	Yersinia_enterocolitica	0
C22H27NO11	Campylobacter_jejuni	0
C14H10Cl2NNaO2	Staphylococcus_epidermidis	0
C8H7BrO2	Fusarium_solani	0
C15H12N2O2	Streptococcus_sanguis	0
C14H24N2O10	Hafnia_paralvei	0
C5H8O	Cronobacter_sakazakii	0
C10H15NO4	Klebsiella_variicola	0
C29H44O5S2	Mycobacterium_smegmatis	0
C12H22O11	Bacillus_amyloliquefaciens	0
C26H31Cl2N5O3	Streptococcus_mutans	0
C9H9I2NO3	Pseudomonas_chlororaphis	0
C15H23N7O5	Citrobacter_freundii	0
C17H24ClN3	Staphylococcus_chromogenes	0
AgO4S	Vibrio_cholerae	0
C11H12O5	Aeromonas_sobria	0
Na2S2O5	Streptococcus_sanguis	0
C10H12FNO2	Coagulase-_negative_staphylococci	0
C21H20O10	Achromobacter_sp.	0
C5H7FO3	Micrococcus_luteus	0
AgNO3	Micrococcus_luteus	0
C20H24O2	Pseudomonas_japonica	0
C5H8O	Streptococcus_gordonii	0
C16H13N3O4	Pseudomonas_chlororaphis	0
C13H16ClNO6	Haemophilus_influenzae	0
C13H10BrN5O3	Candida_guiliermondi	0
C12H15NO2	Pseudoalteromonas_sp.	0
CH4O	Bacillus_subtilis	0
C2H6OS	Halomonas_pacifica	0
C6H7N	Candida_albicans	0
C6H11NO3S	Pichia_anomala	0
C9H6Cl2O	Hafnia_alvei	0
C21H24FNO10	Pseudomonas_putida	0
C7H6O3	Chromobacterium_violaceum	0
C7H5O3	Hafnia_paralvei	0
C10H15NO4	Providencia_stuartii	0
C20H14NO4+	Enterococcus_faecalis_(Streptococcus_faecalis)	0
C20H37N3O14	Listeria_monocytogenes	0
C9H5ClN4	Listeria_monocytogenes	0
C9H10ClNO2	Pantoea_agglomerans	0
C14H10Cl2NNaO2	Mycobacterium_smegmatis	0
C16H19Cl2NO2	Salmonella_enterica	0
C63H120N24O13S2	Burkholderia_multivorans	0
C29H50O2	Francisella_novicida	0
C102H167N33O20	Morganella_morganii	0
C216H377N75O59S6	Staphylococcus_saprophyticus	0
C15H17N7O5S3	Burkholderia_pseudomallei	0
C9H6ClNO	Escherichia_coli	0
Ag	Enterococcus_faecium_(Streptococcus_faecium)	0
C36H52O13	Mycobacterium_avium	0
C11H8Cl2O4S	Burkholderia_pseudomallei	0
C20H28O4	Halomonas_pacifica	0
C11H6Cl2N6O2S	Candida_dubliniensis	0
C20H18N4O5S2	Staphylococcus_capitis	0
C16H14F3N5O	Pseudomonas_japonica	0
C15H17N3O	Klebsiella_planticola	0
C34H47N13O4	Edwardsiella_tarda	0
C20H30O3	Bacillus_subtilis	0
C13H11ClN2O3	Edwardsiella_tarda	0
C7H6O5	Enterobacter_aerogenes	0
C20H32O3	Candida_krusei	0
C14H24N2O10	Vibrio_anguillarum	0
C6H9N3O2	Enterococcus_faecium_(Streptococcus_faecium)	0
C7H9NO2S	Acinetobacter_oleiovorans	0
C9H11NO3	Streptococcus_sobrinus	0
C8H16N2O3	Candida_spp.	0
C8H10N4O2	Stenotrophomonas_maltophilia	0
C3H8O	Hafnia_alvei	0
C10H14O3	Burkholderia_thailandensis	0
GaN3O9	Kocuria_rhizophila	0
C126H164N38O21	Burkholderia_thailandensis	0
C10H14O	Pseudomonas_japonica	0
C47H75NO17	Enterobacter_ludwigi	0
C10H5Cl2NO3	Candida_guiliermondi	0
C8H10O2S	Pseudomonas_chlororaphis	0
C16H11N3O3S	Pantoea_agglomerans	0
C98H155N25O22	Vibrio_anguillarum	0
C13H10ClN3O5	Streptococcus_epidermidis	0
C16H15F2N3O4S	Stenotrophomonas_maltophilia	0
C16H17N3O7S2	Aeromonas_sobria	0
C18H20FN3O4	Staphylococcus_caprae	0
C18H16O5	Citrobacter_freundii	0
C10H12N2O3	Enterobacter_cancerogenus	0
C11H11BrN4O2S	Streptococcus_pneumoniae	0
C35H60O6	Aspergillus_fumigatus	0
C12H19NO4	Aggregatibacter_actinomycetemcomitans	0
C9H6ClNO	Klebsiella_planticola	0
C8H8O5	Bacillus_cereus	0
C14H23NO2	Acinetobacter_baumannii	0
C32H60O10	Staphylococcus_chromogenes	0
CuO4S	Staphylococcus_cohnii	0
C28H22O6	Pseudoalteromonas_sp.	0
C8H10N2O2	Haemophilus_influenzae	0
C6H11NO2	Pichia_anomala	0
C83H139N31O14S	Enterococcus_gallinarum	0
C11H6Br4N4O	Gardnerella_vaginalis	0
C4H10O	Streptococcus_salivarius	0
C21H27N5O4S	Pseudomonas_chlororaphis	0
C5H3ClO2	Staphylococcus_capitis	0
C8H6ClN	Vibrio_anguillarum	0
C20H20N2O	Hafnia_paralvei	0
C20H24O2	Acinetobacter_baumannii	0
C11H9ClO3S	Staphylococcus_chromogenes	0
C31H44O12	Pseudomonas_fluorescens	0
C14H23NO2	Achromobacter_xylosoxidans	0
C9H14N4O3	Kocuria_rhizophila	0
C30H48O3	Streptococcus_pyogenes	0
C87H127N19O15	Aeromonas_sobria	0
C16H13NO4	Marinobacter_hydrocarbonoclasticus	0
C21H24FN3O4	Streptococcus_epidermidis	0
C16H17N3O7S2	Candida_dubliniensis	0
C37H67NO13	Achromobacter_xylosoxidans	0
C87H127N19O15	Pseudomonas_libaniensis	0
C14H12O4	Streptococcus_sanguis	0
C43H58N4O12	Salmonella_Typhi	0
C16H32N2O	Citrobacter_freundii	0
C25H41NO10	Obesumbacterium_proteus	0
C97H170N28O19S	Pseudomonas_aeruginosa	0
C22H18O11	Streptococcus_pyogenes	0
C14H24N2O10	Proteus_vulgaris	0
C14H22O	Salmonella_Typhi	0
C5H3ClO2	Actinomyces_oris	0
C17H34O2	Pseudomonas_japonica	0
C23H26O4	Klebsiella_variicola	0
C34H41N9O12S2	Candida_tropicalis	0
C100H160N38O16	Streptococcus_parasanguinis	0
C98H155N25O22	Aggregatibacter_actinomycetemcomitans	0
C71H109N27O14	Streptococcus_epidermidis	0
C71H117N15O15	Micrococcus_luteus	0
C11H12O5	Enterobacter_aerogenes	0
C21H18O13	Streptococcus_pneumoniae	0
C15H16N2O	Candida_parapsilosis	0
C25H24O12	Eikenella_corrodens	0
C22H34O4	Enterobacter_cancerogenus	0
C9H9Br2NO3	Burkholderia_pseudomallei	0
C8H11N3O	Proteus_vulgaris	0
C27H32O15	Pseudomonas_fluorescens	0
C9H16O	Staphylococcus_chromogenes	0
C16H17N5O7S2	Burkholderia_cepacia	0
C9H5BrO2	Bacillus_subtilis	0
C8H6N2O5	Burkholderia_multivorans	0
C16H14O3	Citrobacter_freundii	0
C17H34O2	Achromobacter_sp.	0
C15H11F3N2O	Salmonella_Typhi	0
C88H150N36O20S4	Pseudomonas_chlororaphis	0
C5H13ClN2O2S	Coagulase-_negative_staphylococci	0
C18H19ClN4	Klebsiella_pneumoniae	0
C16H13NO4	Candida_dubliniensis	0
C12H12N2O3	Vibrio_campbellii	0
C23H45NO4	Vibrio_parahaemolyticus	0
C14H23NO2S	Enterococcus_faecium_(Streptococcus_faecium)	0
C88H118N22O12	Coagulase-_negative_staphylococci	0
C10H10O	Enterobacter_ludwigi	0
C8H11N3O	Trueperella_pyogenes	0
C13H10ClFN2O3	Streptomyces_gordonii	0
C13H9Br2N3O	Streptococcus_mitis	0
C18H34O2	Mixed_Culture_of_bacteria	0
C12H15NO2	Cronobacter_sakazakii	0
C12H7Cl3O2	Burkholderia_pseudomallei	0
C6H6O4	Burkholderia_pseudomallei	0
C56H95N25O14S	Streptococcus_salivarius	0
C88H150N36O20S4	Pseudomonas_libaniensis	0
C74H131N23O17	Pseudomonas_chlororaphis	0
C6H6O4	Acinetobacter_baumannii	0
C8H9BO4	Obesumbacterium_proteus	0
C8H6N2O5	Listeria_monocytogenes	0
C4H10OS2	Actinomyces_oris	0
C72H101N17O26	Mycobacterium_smegmatis	0
C12H19NO2	Coagulase-_negative_staphylococci	0
C18H18N4O3	Campylobacter_jejuni	0
C50H99N25O13	Morganella_morganii	0
C106H191N35O26	Lactobacillus_fermenti	0
C20H14O3	Serratia_liquefaciens	0
CH4O	Bacillus_cereus	0
C10H11F2NO	Kocuria_rhizophila	0
C20H13NO6	Mycobacterium_avium	0
CuO4S	Burkholderia_multivorans	0
C7H8O2	Fusarium_solani	0
C22H42O12	Staphylococcus_capitis	0
C9H7NO	Acinetobacter_sp.	0
C2H4OS	Pseudoalteromonas_sp.	0
C10H15NO4	Streptococcus_mitis	0
C7H16ClNO3	Acinetobacter_sp.	0
C7H16ClNO3	Streptococcus_mitis	0
C18H30O3S	Vibrio_anguillarum	0
C99H155N33O19S4	Trueperella_pyogenes	0
C14H14O4	Kocuria_rhizophila	0
C7H6Br2O2	Candida_spp.	0
C29H31F2N3O	Candida_dubliniensis	0
C7H8O3	Haemophilus_influenzae	0
C16H14O6	Salmonella_Typhi	0
CH4O	Haemophilus_influenzae	0
C31H46O4	Burkholderia_multivorans	0
C16H18N2O4S	Pseudomonas_fluorescens	0
C97H170N28O19S	Candida_albicans	0
C10H12ClNO3S	Pseudomonas_putida	0
C25H24O12	Streptococcus_epidermidis	0
C8H7BrO2	Streptococcus_oralis	0
C4H2Br2O3	Stenotrophomonas_maltophilia	0
C24H46ClN7O	Pseudomonas_putida	0
C7H5NaO2	Enterococcus_gallinarum	0
C6H10OS2	Porphyromonas_gingivalis	0
C11H14N2O3	Staphylococcus_caprae	0
C19H17Cl3N2S	Enterobacter_aerogenes	0
C13H18O5	Morganella_morganii	0
C21H18O11	Streptococcus_sanguis	0
C20H34O3	Serratia_marcescens	0
C16H18F3NO2	Mixed_Culture_of_bacteria_and_fungus	0
C4H9N	Candida_albicans	0
C10H14N2O2	Mixed_Culture_of_bacteria_and_fungus	0
C24H28O4	Listeria_monocytogenes	0
C18H24N4O4S2	Coagulase-_negative_staphylococci	0
C11H12O5	Klebsiella_pneumoniae	0
Zn(NO3)2	Burkholderia_thailandensis	0
C18H33ClN2O5S	Francisella_novicida	0
C8H15NO2	Pseudomonas_japonica	0
C20H35AuO9PS	Acinetobacter_nosocomialis	0
C63H111N23O11	Bacillus_amyloliquefaciens	0
C15H11Cl2NOS	Salmonella_Typhi	0
C14H10O3	Vibrio_campbellii	0
C24H46O11	Mixed_Culture_of_bacteria_and_fungus	0
C8H10O2	Streptococcus_sanguinis	0
C34H41N9O12S2	Streptococcus_epidermidis	0
C15H11O6	Proteus_mirabilis	0
C78H127N27O14	Vibrio_harveyi	0
C3H8O	Francisella_novicida	0
C9H5BrO2	Vibrio_harveyi	0
C12H21NO2	Listeria_monocytogenes	0
C16H13ClN2O	Streptococcus_mutans	0
C182H273N57O38	Proteus_mirabilis	0
C32H60O10	Morganella_morganii	0
C8H11NO	Candida_spp.	0
C68H105N15O11	Pseudomonas_chlororaphis	0
C20H35NO4	Klebsiella_pneumoniae	0
C5H11NO2S	Morganella_morganii	0
C5H9NO3	Proteus_mirabilis	0
CHN4	Enterococcus_faecium_(Streptococcus_faecium)	0
C83H138N30O14S	Burkholderia_thailandensis	0
C4H4O2	Burkholderia_cepacia	0
C27H22N6O3	Streptococcus_sanguis	0
Zn	Mixed_Culture_of_bacteria_and_fungus	0
C27H17F6NO	Mycobacterium_avium	0
C17H26O4	Vibrio_vulnificus	0
C87H127N27O15	Burkholderia_cepacia	0
C18H13Cl4N3O	Aeromonas_hydrophila	0
C20H30O2	Staphylococcus_equorum	0
C22H32F3N3	Bacillus_amyloliquefaciens	0
C37H67NO13	Streptococcus_sanguis	0
C15H11F3N2O	Kocuria_rhizophila	0
C108H116N26O15	Raoultella_ornithinolytica	0
C20H36O3	Campylobacter_jejuni	0
C9H5ClINO	Halomonas_pacifica	0
C28H24O4	Streptococcus_pneumoniae	0
C30H52O3	Hafnia_alvei	0
C75H70N6O6	Bacillus_subtilis	0
C12H15NO2	Bacillus_subtilis	0
C21H18ClNO4	Burkholderia_thailandensis	0
C18H36O2	Morganella_morganii	0
C75H146N20O14	Achromobacter_xylosoxidans	0
C35H60O6	Burkholderia_cenocepacia	0
C7H7NO	Acinetobacter_nosocomialis	0
C16H19N3O4S	Coagulase-_negative_staphylococci	0
C16H17N3O3	Streptococcus_pneumoniae	0
C11H6Cl2N6O2S	Staphylococcus_aureus	0
C6H12N2O4S2	Bacillus_amyloliquefaciens	0
C4H2Cl2O3	Streptococcus_oralis	0
C9H16O	Mycobacterium_smegmatis	0
C31H52O12	Klebsiella_variicola	0
C32H58O10	Burkholderia_multivorans	0
C27H24ClN3O3	Gardnerella_vaginalis	0
C13H10ClN3O5	Citrobacter_freundii	0
C7H10N2OS	Raoultella_ornithinolytica	0
C22H42O11	Escherichia_coli	0
C11H6Br4N4O	Streptococcus_parasanguinis	0
C18H16O7	Enterobacter_ludwigi	0
C17H19ClN2S	Citrobacter_freundii	0
C27H37O6	Candida_krusei	0
C10H17NO3	Streptococcus_gordonii	0
C8H20N2	Vibrio_vulnificus	0
C10H13NO	Aeromonas_hydrophila	0
C15H15NO2	Enterococcus_gallinarum	0
C63H103N21O11	Enterococcus_gallinarum	0
C15H14ClN3O4S	Kocuria_rhizophila	0
C71H109N27O14	Pseudomonas_japonica	0
C63H99N21O15	Providencia_stuartii	0
C9H10FNO2	Raoultella_ornithinolytica	0
C9H11NO3S	Mixed_Culture_of_bacteria_and_fungus	0
C16H25NO3	Francisella_novicida	0
C20H24FN3O6	Candida_tropicalis	0
C7H9NO2S	Staphylococcus_haemolyticus	0
C18H18ClNOS	Burkholderia_pseudomallei	0
C108H116N26O15	Aeromonas_hydrophila	0
C15H12N2O2	Pseudomonas_japonica	0
O4P	Candida_krusei	0
C19H22O2	Francisella_novicida	0
C8H12N2O3S	Streptococcus_sanguis	0
C5H13ClN2O2S	Candida_spp.	0
C8H6FN	Aeromonas_hydrophila	0
C18H16O8	Eikenella_corrodens	0
C9H14OS3	Corynebacterium_ammoniagenes	0
C15H22O3	Fusarium_solani	0
C49H80N14O17S3	Serratia_marcescens	0
C11H19NO2S	Pseudomonas_japonica	0
C3H6OS	Gardnerella_vaginalis	0
C23H27N3O7	Chromobacterium_violaceum	0
C15H11O7	Staphylococcus_saprophyticus	0
C13H10ClFN2O3	Actinomyces_oris	0
C5H10BO7-	Staphylococcus_epidermis	0
C29H31F2N3O	Hafnia_paralvei	0
C5H9NO3	Mixed_Culture_of_bacteria_and_fungus	0
C17H12Br2O3	Fusarium_solani	0
C9H7NO3	Streptococcus_oralis	0
C6H13NO2	Aspergillus_fumigatus	0
C6H6O3	Propionibacterium_acnes	0
C9H9ClFNO2	Candida_parapsilosis	0
C16H15F2N3O4S	Acinetobacter_baumannii	0
C20H30O4	Vibrio_cholerae	0
C94H168Br10O10P10	Staphylococcus_caprae	0
C30H18O10	Enterococcus_gallinarum	0
C20H32O2	Streptococcus_salivarius	0
C18H16O8	Providencia_stuartii	0
O3Te-2	Enterobacter_aerogenes	0
C9H9Br2NO3	Vibrio_cholerae	0
C13H8Br2ClN3O	Vibrio_parahaemolyticus	0
C9H10INO2	Candida_glabrata	0
C33H56O12	Streptococcus_sanguinis	0
C9H9HgNaO2S	Klebsiella_variicola	0
C177H293N51O43	Staphylococcus_chromogenes	0
C15H10O6	Staphylococcus_caprae	0
C9H9N	Haemophilus_influenzae	0
C6H6FN	Listeria_monocytogenes	0
C13H10BrN5O3	Acinetobacter_baumannii	0
C61H98N22O10	Mixed_Culture_of_bacteria_and_fungus	0
C30H50O2	Candida_albicans	0
C11H6Cl2N6O2S	Streptococcus_salivarius	0
C15H10O6	Listeria_monocytogenes	0
C20H35AuO9PS	Acinetobacter_baumannii	0
C18H37N5O9	Candida_parapsilosis	0
C6H12N2O4S2	Candida_tropicalis	0
C16H18F3NO2	Vibrio_cholerae	0
C9H13NO2S	Streptococcus_gordonii	0
C233H376N70O71	Salmonella_enterica	0
C34H41N9O12S2	Yersinia_enterocolitica	0
C182H273N57O38	Pseudomonas_japonica	0
C23H37NO5	Streptococcus_mutans	0
C75H70N6O6	Corynebacterium_ammoniagenes	0
C21H24BrNO10	Chromobacterium_violaceum	0
C92H129N33O12S	Staphylococcus_equorum	0
C11H17NO2S	Pichia_anomala	0
C9H6Cl2O	Streptococcus_salivarius	0
C9H10N2O4	Achromobacter_sp.	0
C20H35NO4	Fusarium_solani	0
C16H14O6	Haemophilus_influenzae	0
C61H98N16O17	Enterococcus_faecalis_(Streptococcus_faecalis)	0
C19H16N2O2	Burkholderia_pseudomallei	0
C10H26N4	Stenotrophomonas_maltophilia	0
C9H11NO5	Burkholderia_multivorans	0
C9H9Br2N3OS	Klebsiella_variicola	0
Na2O4S	Mixed_Culture_of_bacteria	0
C20H24O2	Pseudomonas_putida	0
C26H17F3N2O4	Staphylococcus_capitis	0
C21H30O4	Aggregatibacter_actinomycetemcomitans	0
C10H22O2	Klebsiella_variicola	0
C129H173N39O20	Hafnia_alvei	0
C6H9N3O3	Edwardsiella_tarda	0
C5H10BO7-	Salmonella_enterica	0
C18H30O3S	Raoultella_ornithinolytica	0
C27H22N6O4	Porphyromonas_gingivalis	0
C16H19Cl2NO2	Serratia_liquefaciens	0
C25H20O10	Cryptococcus_neoformans	0
C17H14N2O3S2	Achromobacter_xylosoxidans	0
C17H18Cl6O6S2	Aeromonas_sobria	0
GaN3O9	Enterobacter_ludwigi	0
C7H12N2O3	Proteus_mirabilis	0
C26H38Cl2N10O4	Hafnia_paralvei	0
Zn	Aeromonas_hydrophila	0
C16H29NO3	Streptococcus_mitis	0
C21H27ClN2O3	Enterobacter_cancerogenus	0
C66H116N26O15	Burkholderia_multivorans	0
C158H263N45O27	Bacillus_amyloliquefaciens	0
C98H155N25O22	Streptococcus_sanguinis	0
C15H14O5	Haemophilus_influenzae	0
C10H13NO2	Candida_parapsilosis	0
C22H42O11	Serratia_liquefaciens	0
C8H10O2	Staphylococcus_epidermidis	0
C216H377N75O59S6	Pseudoalteromonas_sp.	0
C124H228Br10O10P10	Streptococcus_gordonii	0
C102H169N25O20	Pseudomonas_aeruginosa	0
C28H24O4	Candida_krusei	0
C15H10O8	Candida_dubliniensis	0
C9H10ClNO3	Streptococcus_epidermidis	0
C7H5BrO2	Listeria_monocytogenes	0
C12H12N2O3	Burkholderia_pseudomallei	0
C15H10O6	Pseudomonas_japonica	0
C53H101N16NaO16S	Candida_albicans	0
CrO4-2	Trueperella_pyogenes	0
C6H17N3	Listeria_ivanovii	0
C9H10FNO2	Bacillus_subtilis	0
C15H12N2O2	Enterobacter_ludwigi	0
C10H14O3	Staphylococcus_cohnii	0
C26H20N6O3	Staphylococcus_epidermis	0
C13H16BrNO6	Candida_parapsilosis	0
C34H47N13O4	Streptococcus_salivarius	0
CH2Cl2	Yersinia_enterocolitica	0
C24H46O11	Enterococcus_faecium_(Streptococcus_faecium)	0
C6H11NO2	Streptococcus_sobrinus	0
C18H30O4	Aeromonas_sobria	0
C21H45N5O11S	Enterococcus_gallinarum	0
C15H15NO2	Lactobacillus_fermenti	0
C6H8O6	Corynebacterium_ammoniagenes	0
C14H15N3O3	Streptococcus_salivarius	0
C78H127N27O14	Burkholderia_cenocepacia	0
C21H22O4	Candida_albicans	0
C11H12O5	Candida_krusei	0
C34H41N9O12S2	Mycobacterium_avium	0
C13H10ClFN2O3	Pseudomonas_fluorescens	0
K2S2O5	Staphylococcus_chromogenes	0
C20H32O2	Proteus_vulgaris	0
C29H44O5S2	Coagulase-_negative_staphylococci	0
C13H9ClN2O3	Staphylococcus_cohnii	0
C7H10N2OS	Proteus_mirabilis	0
C15H12O	Actinomyces_oris	0
C27H24ClN3O3	Listeria_monocytogenes	0
C2H8N2	Corynebacterium_ammoniagenes	0
C30H42N12O15S3	Proteus_vulgaris	0
C142H239N41O34	Streptococcus_pneumoniae	0
C13H9ClN2O3	Staphylococcus_saprophyticus	0
C16H19Cl2NO2	Streptococcus_parasanguinis	0
C9H10INO2	Burkholderia_pseudomallei	0
C12H21NO4	Stenotrophomonas_maltophilia	0
C9H9I2NO3	Morganella_morganii	0
C13H12	Burkholderia_cenocepacia	0
C23H31NO3	Enterococcus_faecium_(Streptococcus_faecium)	0
C8H9NO2	Corynebacterium_ammoniagenes	0
Na2S2O5	Vibrio_anguillarum	0
C63H100N18O15	Providencia_stuartii	0
C16H18S2	Mixed_Culture_of_bacteria	0
C15H12O2	Staphylococcus_saprophyticus	0
C61H98N22O10	Pseudomonas_putida	0
C34H41N9O12S2	Bacillus_subtilis	0
C16H18S2	Haemophilus_influenzae	0
C10H15NO	Aspergillus_fumigatus	0
C15H16N2O2	Streptomyces_gordonii	0
C43H58N4O12	Aeromonas_sobria	0
C158H263N45O27	Klebsiella_variicola	0
C102H167N33O20	Burkholderia_cepacia	0
C124H228Br10O10P10	Bacillus_amyloliquefaciens	0
C9H6O4	Cryptococcus_neoformans	0
C131H229N39O31	Pantoea_agglomerans	0
C7H16ClNO3	Staphylococcus_saprophyticus	0
C16H11N3O3S	Porphyromonas_gingivalis	0
AgO4S	Pseudoalteromonas_sp.	0
C8H10N4O2	Cronobacter_sakazakii	0
C9H11NO5	Burkholderia_pseudomallei	0
C28H34O15	Enterobacter_cancerogenus	0
C4H2Br2O3	Vibrio_parahaemolyticus	0
C26H20ClN3O3	Yersinia_enterocolitica	0
C18H33ClN2O5S	Mixed_Culture_of_bacteria_and_fungus	0
C44H64N10O11	Candida_guiliermondi	0
C15H10O3	Candida_parapsilosis	0
C106H191N35O26	Trueperella_pyogenes	0
C8H9BO4	Mycobacterium_smegmatis	0
C14H24N2O10	Proteus_mirabilis	0
C3H7NO2	Edwardsiella_tarda	0
C16H14O4	Streptococcus_salivarius	0
CrO4-2	Enterococcus_gallinarum	0
C17H25N3O5S	Salmonella_Typhi	0
C7H16ClNO3	Corynebacterium_ammoniagenes	0
C16H18N2O3	Streptococcus_pneumoniae	0
C27H30O16	Staphylococcus_aureus	0
C5H4N2O3	Gardnerella_vaginalis	0
C15H22O5	Lactobacillus_fermenti	0
C21H13BrN2O3S	Edwardsiella_tarda	0
C16H15N2O6P	Staphylococcus_epidermis	0
C13H7Br2Cl2N3O	Staphylococcus_epidermidis	0
C14H11N3O4	Hafnia_paralvei	0
C20H30O2	Marinobacter_hydrocarbonoclasticus	0
C22H43N5O13	Pseudomonas_putida	0
C9H5ClINO	Obesumbacterium_proteus	0
C87H127N19O15	Burkholderia_pseudomallei	0
C4H11NS	Haemophilus_influenzae	0
C8H8O5	Mycobacterium_avium	0
C6H13NO2	Cryptococcus_neoformans	0
C75H70N6O6	Pseudomonas_putida	0
C11H13Br3O2	Mixed_Culture_of_bacteria	0
C6H8N2O2S	Streptococcus_sanguis	0
C112H186N38O24S2	Aeromonas_sobria	0
C20H20O7	Chromobacterium_violaceum	0
C4H10O	Staphylococcus_haemolyticus	0
C61H92N14O20	Haemophilus_influenzae	0
C9H9F2NO2	Staphylococcus_capitis	0
C15H11NO2	Staphylococcus_haemolyticus	0
C42H71N3O31	Enterococcus_gallinarum	0
C10H13NO	Salmonella_Typhi	0
H2O2	Streptococcus_mutans	0
C77H126N26O13	Porphyromonas_gingivalis	0
O2Ti	Streptococcus_mutans	0
C14H11N3O4	Enterococcus_gallinarum	0
C25H18ClNO	Streptococcus_oralis	0
C112H177N29O28S	Candida_dubliniensis	0
C9H16O	Gardnerella_vaginalis	0
C5H3BrOS	Actinomyces_oris	0
C38H69NO13	Acinetobacter_oleiovorans	0
C20H24O2	Mycobacterium_avium	0
C87H127N19O15	Streptococcus_parasanguinis	0
C21H24O10	Candida_spp.	0
C74H131N23O17	Candida_glabrata	0
C9H8O2	Vibrio_cholerae	0
C20H28N2O5	Staphylococcus_aureus	0
C15H8O6	Obesumbacterium_proteus	0
C21H30O4	Enterobacter_ludwigi	0
C26H58Cl2N10	Pseudomonas_chlororaphis	0
C32H55BrN4O	Streptococcus_mutans	0
C82H134N20O13	Mycobacterium_avium	0
C20H37N3O14	Acinetobacter_sp.	0
C6H13NO2S	Aeromonas_sobria	0
C21H18O3	Hafnia_paralvei	0
C7H9NO3S2	Pseudomonas_fluorescens	0
C16H18O10	Burkholderia_cenocepacia	0
C93H135N21O25	Cryptococcus_neoformans	0
C15H16F3NO2	Acinetobacter_nosocomialis	0
C16H18FN3O3	Bacillus_cereus	0
C11H22O2	Staphylococcus_caprae	0
C10H22O2	Bacillus_amyloliquefaciens	0
C13H16N2O	Burkholderia_cepacia	0
C13H16N2O	Listeria_monocytogenes	0
C97H137N23O27S4	Staphylococcus_capitis	0
O3Te-2	Halomonas_pacifica	0
C44H64N10O11	Burkholderia_thailandensis	0
C13H10ClN3O5	Candida_spp.	0
C11H14O5	Streptococcus_oralis	0
C143H230N42O37S7	Salmonella_Typhi	0
C6H9N3O2	Proteus_vulgaris	0
C61H92N14O20	Candida_krusei	0
C31H48O6	Francisella_novicida	0
O2Ti	Vibrio_campbellii	0
C6H10OS2	Streptococcus_mitis	0
C9H8Br2O4	Staphylococcus_epidermis	0
C14H23NO2S	Achromobacter_xylosoxidans	0
C16H19N3O4S	Mycobacterium_avium	0
C10H6ClNO3	Porphyromonas_gingivalis	0
C3H8N2O2	Acinetobacter_baumannii	0
C9H11NO4	Cryptococcus_neoformans	0
C13H16N2O	Acinetobacter_nosocomialis	0
C25H20O9	Vibrio_campbellii	0
C3H7NO2	Vibrio_anguillarum	0
C16H18FN3O3	Salmonella_enterica	0
C23H37NO5	Burkholderia_thailandensis	0
C30H52O3	Candida_tropicalis	0
C20H20O7	Streptococcus_mitis	0
C23H27N3O7	Candida_parapsilosis	0
C8H10N2O2	Streptococcus_sobrinus	0
C7H8N2O	Corynebacterium_ammoniagenes	0
C20H32O	Bacillus_amyloliquefaciens	0
C145H250N44O29	Trueperella_pyogenes	0
C9H7NO2	Streptococcus_pneumoniae	0
C27H17F6NO	Burkholderia_cepacia	0
C39H54O4	Coagulase-_negative_staphylococci	0
C14H11NO5	Pantoea_agglomerans	0
C69H109N23O18	Gardnerella_vaginalis	0
C45H56N10O11	Pseudomonas_chlororaphis	0
C24H22F3NO3	Fusarium_solani	0
C15H23N7O5	Streptococcus_gordonii	0
C167H262N48O50S6	Trueperella_pyogenes	0
C15H10O8	Acinetobacter_baumannii	0
C17H26O4	Edwardsiella_tarda	0
C15H16F3NO2	Providencia_stuartii	0
C17H25N3O5S	Candida_tropicalis	0
C5H12N4O3	Pichia_anomala	0
C44H64N10O11	Pseudoalteromonas_sp.	0
C10H13NO2	Candida_glabrata	0
C6H6BrN	Candida_tropicalis	0
C54H65N15O7	Acinetobacter_nosocomialis	0
C3H7NO5S	Listeria_monocytogenes	0
C22H18F2N6O2	Burkholderia_pseudomallei	0
C11H14O3	Vibrio_anguillarum	0
C87H127N27O15	Achromobacter_xylosoxidans	0
C6H12N2O	Streptococcus_oralis	0
C35H60O12	Marinobacter_hydrocarbonoclasticus	0
C16H18S2	Enterococcus_faecium_(Streptococcus_faecium)	0
C8H6N2O2	Streptococcus_sobrinus	0
C24H30O4	Streptomyces_gordonii	0
C177H293N51O43	Candida_glabrata	0
C36H61NaO11	Streptococcus_pyogenes	0
C11H12Br2O4	Streptococcus_sanguis	0
C7H8N2O	Citrobacter_freundii	0
C12H11NO5	Halomonas_pacifica	0
C108H166N30O30	Candida_glabrata	0
C4H11NS	Hafnia_alvei	0
C11H11BrN4O2S	Candida_krusei	0
O4P	Streptomyces_gordonii	0
C6H17N3	Edwardsiella_tarda	0
C10H11NO2	Burkholderia_cepacia	0
C98H155N25O22	Streptococcus_salivarius	0
C18H16O8	Vibrio_parahaemolyticus	0
C43H77N17O7	Staphylococcus_equorum	0
C10H12N2O3	Serratia_liquefaciens	0
C7H12N2OS	Burkholderia_thailandensis	0
C143H230N42O37S7	Obesumbacterium_proteus	0
C10H15NO4	Francisella_novicida	0
C44H64O24	Candida_glabrata	0
C3H8NO6P	Bacillus_cereus	0
C14H14Cl2N2O	Marinobacter_hydrocarbonoclasticus	0
C7H12ClN3O2	Enterococcus_faecium_(Streptococcus_faecium)	0
C12H7Cl3O2	Aspergillus_fumigatus	0
C19H20FN3	Streptococcus_sanguis	0
C29H39N5O8	Listeria_ivanovii	0
C22H20O13	Streptomyces_gordonii	0
C93H166N30O18	Klebsiella_pneumoniae	0
C9H17NO6	Coagulase-_negative_staphylococci	0
C133H195N51O33	Gardnerella_vaginalis	0
C20H32O3	Salmonella_Typhi	0
C9H6O4	Vibrio_parahaemolyticus	0
C7H6Br2O2	Francisella_novicida	0
C93H166N30O18	Actinomyces_oris	0
C22H22N6O7S2	Staphylococcus_epidermidis	0
C10H10F3NO2	Chromobacterium_violaceum	0
C8H15NO2	Acinetobacter_baumannii	0
C20H24Cl2F3NO2	Streptococcus_oralis	0
C5H7FO3	Pseudomonas_chlororaphis	0
C15H18O10	Streptococcus_pyogenes	0
C5H8O	Pseudomonas_putida	0
C9H8O3	Hafnia_paralvei	0
C9H10N2O4	Haemophilus_influenzae	0
C18H20FN3O4	Acinetobacter_oleiovorans	0
C4H7NO4	Streptococcus_salivarius	0
C5H10N2O3	Enterobacter_cancerogenus	0
C49H80N14O17S3	Streptococcus_mitis	0
C13H9Br2N3O2	Streptococcus_pyogenes	0
C29H38O9	Enterococcus_faecalis_(Streptococcus_faecalis)	0
ZnCl2	Mixed_Culture_of_bacteria	0
C22H24O9	Serratia_liquefaciens	0
C54H65N15O7	Porphyromonas_gingivalis	0
C6H12N2O	Staphylococcus_equorum	0
C9H9N3O6	Mixed_Culture_of_bacteria_and_fungus	0
C11H12N2O2	Bacillus_cereus	0
C15H22O2	Streptococcus_sobrinus	0
C9H10Br2O2	Acinetobacter_sp.	0
C15H12O5	Mycobacterium_avium	0
C11H14O5	Listeria_ivanovii	0
C13H11N3O	Obesumbacterium_proteus	0
C11H14Br2O2	Candida_krusei	0
C7H4Br4O2	Staphylococcus_epidermis	0
C17H33NO6	Pseudoalteromonas_sp.	0
C10H13BrO3	Achromobacter_xylosoxidans	0
C150H207N41O27	Propionibacterium_acnes	0
C6H7NO2	Enterobacter_cancerogenus	0
C14H11BrN2O2	Enterobacter_cancerogenus	0
C9H8F3NO2	Actinomyces_oris	0
C8H6ClNO	Achromobacter_xylosoxidans	0
C13H12F2N6O	Mixed_Culture_of_bacteria	0
C22H38ClNO5	Bacillus_cereus	0
C15H11NO2	Gardnerella_vaginalis	0
C66H116N26O15S2	Candida_spp.	0
C10H9NO2	Acinetobacter_baumannii	0
C27H32O14	Campylobacter_jejuni	0
C58H102N20O11	Enterobacter_cancerogenus	0
C9H6O4	Staphylococcus_caprae	0
C11H22O2	Candida_guiliermondi	0
C16H14O2	Proteus_mirabilis	0
C5H9NO3	Pseudomonas_libaniensis	0
C7H16ClNO3	Acinetobacter_baumannii	0
C13H11ClN2O3	Vibrio_parahaemolyticus	0
C18H37N5O9	Salmonella_enterica	0
C68H105N15O11	Streptococcus_gordonii	0
C5H8BrNO2	Achromobacter_xylosoxidans	0
C23H45NO4	Pantoea_agglomerans	0
Cl3Fe	Streptococcus_sanguinis	0
C16H19ClN2O2	Aspergillus_fumigatus	0
C112H186N38O24S2	Streptococcus_mitis	0
C9H11NO3	Mycobacterium_avium	0
C27H24ClN3O3	Pseudomonas_japonica	0
C4H2Cl2O3	Hafnia_alvei	0
C10H15NO	Cronobacter_sakazakii	0
C88H139N29O16S2	Vibrio_parahaemolyticus	0
C56H71N9O23S	Salmonella_enterica	0
C20H32O	Burkholderia_cenocepacia	0
C23H26O4	Enterococcus_faecium_(Streptococcus_faecium)	0
C152H226N38O45S3	Pichia_anomala	0
C15H16N2O2	Edwardsiella_tarda	0
C17H18FN3O3	Candida_albicans	0
C14H10Cl2NNaO2	Salmonella_Typhi	0
C21H18O13	Vibrio_vulnificus	0
C87H124N18O14	Acinetobacter_oleiovorans	0
C22H22N6O7S2	Serratia_marcescens	0
C16H12ClN3O2	Micrococcus_luteus	0
C6H4Br2O2	Candida_krusei	0
C68H91N25O8	Vibrio_campbellii	0
C10H10O4	Acinetobacter_sp.	0
C16H17N3O7S2	Micrococcus_luteus	0
C3H6OS	Staphylococcus_capitis	0
C17H21Cl2NO3	Salmonella_Typhi	0
C19H14FNO3S2	Staphylococcus_capitis	0
C13H13NO2	Streptococcus_pyogenes	0
C15H23N7O5	Streptococcus_oralis	0
C5H2Br2O2	Gardnerella_vaginalis	0
C10H17NO3	Klebsiella_planticola	0
C17H34O2	Halomonas_pacifica	0
C17H12Br2O3	Pseudomonas_libaniensis	0
C18H16N4O3S2	Hafnia_alvei	0
C13H13NO2	Serratia_marcescens	0
C9H9Br2NO3	Kocuria_rhizophila	0
C9H9Br2NO3	Stenotrophomonas_maltophilia	0
C23H28ClN	Porphyromonas_gingivalis	0
C22H24F3NO10	Enterobacter_ludwigi	0
C13H10FN5O3	Streptococcus_parasanguinis	0
C15H12O	Listeria_ivanovii	0
C3H8O	Aspergillus_fumigatus	0
C23H31NO3	Enterobacter_cancerogenus	0
C8H13NO3	Staphylococcus_epidermidis	0
C9H10INO3	Acinetobacter_baumannii	0
C5H7FO3	Streptococcus_epidermidis	0
C2H7NO3S	Cronobacter_sakazakii	0
C16H21NO2	Achromobacter_xylosoxidans	0
C9H5Cl2NO	Actinomyces_oris	0
C20H32O	Aggregatibacter_actinomycetemcomitans	0
C9H11NO5	Hafnia_paralvei	0
C9H6FN	Mixed_Culture_of_bacteria	0
C4H6NO4	Aggregatibacter_actinomycetemcomitans	0
C14H23NO2S	Hafnia_paralvei	0
C19H14FNO3S2	Streptococcus_gordonii	0
C16H27NO2	Staphylococcus_saprophyticus	0
C8H10N2O2	Aggregatibacter_actinomycetemcomitans	0
C66H116N26O15	Pseudomonas_aeruginosa	0
C16H13ClN2O	Pseudomonas_fluorescens	0
C12H22O2	Proteus_vulgaris	0
C10H14O	Klebsiella_variicola	0
C20H24O2	Burkholderia_multivorans	0
C10H12FNO2	Vibrio_campbellii	0
C15H16N2O2	Staphylococcus_aureus	0
C8H6N2O2	Enterobacter_cancerogenus	0
C44H69NO12	Staphylococcus_caprae	0
C18H33ClN2O5S	Marinobacter_hydrocarbonoclasticus	0
C24H26O6	Candida_dubliniensis	0
C74H131N19O14	Staphylococcus_equorum	0
C49H88N14O14S2	Enterococcus_faecium_(Streptococcus_faecium)	0
C9H6Br4O4	Chromobacterium_violaceum	0
C23H22N2O5	Staphylococcus_caprae	0
C13H9Br2N3O	Corynebacterium_ammoniagenes	0
C4H4O2	Pseudomonas_japonica	0
C16H11N3O3S	Mixed_Culture_of_bacteria_and_fungus	0
C15H10O8	Yersinia_enterocolitica	0
C28H44ClNO2	Pseudomonas_chlororaphis	0
C27H30O16	Candida_glabrata	0
C152H249N47O32	Campylobacter_jejuni	0
C6H12N2O4S2	Candida_krusei	0
C21H20O10	Mycobacterium_avium	0
C92H129N33O12S	Achromobacter_xylosoxidans	0
C7H12N2O3	Citrobacter_freundii	0
C8H16N2O2	Francisella_novicida	0
C9H8Br2O4	Candida_dubliniensis	0
C16H19N3O4S	Vibrio_anguillarum	0
C18H13N3O	Streptococcus_pyogenes	0
C10H17NO3	Porphyromonas_gingivalis	0
C16H15F2N3O4S	Candida_albicans	0
C12H17N5O2S	Trueperella_pyogenes	0
C16H16O5	Yersinia_enterocolitica	0
C14H11Br2N3O2	Acinetobacter_nosocomialis	0
C7H9NO3S2	Streptococcus_sobrinus	0
CHNS	Cronobacter_sakazakii	0
C6H12N2O	Staphylococcus_cohnii	0
C9H9Br3O2	Candida_guiliermondi	0
C35H52O6	Pseudomonas_japonica	0
C23H31NO3	Streptococcus_sanguis	0
C56H94N14O18	Bacillus_subtilis	0
C187H326N74O41	Candida_dubliniensis	0
C10H12N2O3	Yersinia_enterocolitica	0
C16H29NO3	Staphylococcus_haemolyticus	0
C37H67NO13	Klebsiella_pneumoniae	0
C18H36O2	Burkholderia_thailandensis	0
C35H60O12	Klebsiella_variicola	0
C16H15Cl2NO3	Propionibacterium_acnes	0
C9H7NO3	Acinetobacter_nosocomialis	0
C30H16O8	Escherichia_coli	0
C18H33ClN2O5S	Acinetobacter_nosocomialis	0
C9H6Cl2O	Streptococcus_mutans	0
C63H120N24O13S2	Streptococcus_gordonii	0
C19H14Cl2F3NO2	Achromobacter_xylosoxidans	0
C16H32N2O	Vibrio_campbellii	0
C144H234N36O23	Aeromonas_sobria	0
C77H136N20O15	Marinobacter_hydrocarbonoclasticus	0
C18H16Cl3N3O3S	Staphylococcus_equorum	0
C24H46O11	Listeria_monocytogenes	0
C35H38Cl2N8O4	Streptococcus_pneumoniae	0
C12H7Cl3O2	Lactobacillus_fermenti	0
C15H22O5	Halomonas_pacifica	0
C124H228Br10O10P10	Streptococcus_oralis	0
C27H37O6	Proteus_mirabilis	0
C16H18O10	Vibrio_parahaemolyticus	0
C21H29NO2	Staphylococcus_equorum	0
C7H7NO	Streptococcus_parasanguinis	0
C7H9NO2S2	Coagulase-_negative_staphylococci	0
C9H9Br3O2	Listeria_ivanovii	0
C124H228Br10N10O10	Candida_albicans	0
C29H50O2	Marinobacter_hydrocarbonoclasticus	0
C77H136N20O15	Pseudomonas_chlororaphis	0
C28H22O6	Staphylococcus_aureus	0
Cl3La	Streptococcus_gordonii	0
C4H7NO4	Streptococcus_sobrinus	0
C12H19NO2	Streptococcus_sanguis	0
C12H22O11	Vibrio_harveyi	0
C19H12ClNO3	Fusarium_solani	0
C16H18FN3O3	Francisella_novicida	0
C9H10ClNO3	Listeria_ivanovii	0
C15H11O7	Mycobacterium_smegmatis	0
C7H6NO2	Lactobacillus_fermenti	0
C107H196N28O30	Stenotrophomonas_maltophilia	0
C83H139N29O17S2	Serratia_liquefaciens	0
C28H24O4	Acinetobacter_sp.	0
C88H150N36O20S4	Streptococcus_salivarius	0
C70H118N28O11	Mixed_Culture_of_bacteria_and_fungus	0
C43H77N17O7	Citrobacter_freundii	0
C13H16FNO6	Candida_albicans	0
C6H7NO2	Streptococcus_pneumoniae	0
C56H91N21O9	Corynebacterium_ammoniagenes	0
C68H106N16O10	Candida_parapsilosis	0
C7H6O5	Cronobacter_sakazakii	0
C13H11N5O3	Burkholderia_multivorans	0
C13H12	Aggregatibacter_actinomycetemcomitans	0
C34H47N13O4	Vibrio_vulnificus	0
C99H155N33O19S4	Mycobacterium_smegmatis	0
C107H196N28O30	Cronobacter_sakazakii	0
C10H14O	Staphylococcus_chromogenes	0
C19H17Cl3N2S	Staphylococcus_cohnii	0
C20H23N5O6S	Trueperella_pyogenes	0
O2Ti	Staphylococcus_cohnii	0
C6H7NO2	Streptococcus_sanguinis	0
C14H13ClN2O3	Serratia_liquefaciens	0
C22H20O4	Salmonella_enterica	0
C93H135N21O25	Burkholderia_pseudomallei	0
C20H14O3	Staphylococcus_cohnii	0
C48H56N6O8S2	Achromobacter_sp.	0
C7H9NO2S2	Acinetobacter_nosocomialis	0
C108H166N30O30	Pantoea_agglomerans	0
C21H18ClNO4	Pichia_anomala	0
C85H143N27O23S9	Enterobacter_aerogenes	0
C93H154N28O24	Achromobacter_xylosoxidans	0
C190H309N57O43	Salmonella_Typhi	0
C9H8O	Burkholderia_cepacia	0
C6H12N2O	Obesumbacterium_proteus	0
C88H139N29O16S2	Fusarium_solani	0
C14H25NO4	Enterobacter_cancerogenus	0
C22H24F3NO10	Candida_krusei	0
C9H5ClN4	Achromobacter_xylosoxidans	0
C9H10BrNO2	Klebsiella_pneumoniae	0
C35H38Cl2N8O4	Corynebacterium_ammoniagenes	0
C7H8N2O	Streptococcus_sanguis	0
C7H7BrO2	Pichia_anomala	0
C25H20O9	Acinetobacter_sp.	0
C14H14N8O4S3	Burkholderia_cepacia	0
C6H13NO2	Aeromonas_sobria	0
C9H13NO2S	Staphylococcus_caprae	0
C8H10OS	Streptococcus_gordonii	0
C9H10BrNO2	Burkholderia_thailandensis	0
C47H75NO17	Bacillus_subtilis	0
C213H342N54O38	Streptococcus_sanguinis	0
C22H32F3N3	Morganella_morganii	0
C131H229N39O31	Cronobacter_sakazakii	0
C17H33NO6	Proteus_vulgaris	0
C20H35NO4	Pseudomonas_putida	0
C6H6BrN	Candida_parapsilosis	0
C16H19ClN2O2	Candida_albicans	0
C19H18ClN3O5S	Burkholderia_cenocepacia	0
C133H195N51O33	Staphylococcus_saprophyticus	0
C16H18OS2	Candida_spp.	0
C7H6O5	Obesumbacterium_proteus	0
C9H8Br2O4	Trueperella_pyogenes	0
C13H8Br2ClN3O	Streptococcus_salivarius	0
C13H10BrClN2O3	Yersinia_enterocolitica	0
C53H101N16NaO16S	Streptococcus_pyogenes	0
C20H34O2	Morganella_morganii	0
C35H65N11O9	Marinobacter_hydrocarbonoclasticus	0
C9H9ClFNO2	Acinetobacter_nosocomialis	0
C71H117N15O15	Pseudoalteromonas_sp.	0
C18H16N4O3S2	Bacillus_cereus	0
C2H6OS	Bacillus_subtilis	0
C21H31NO11	Staphylococcus_aureus	0
C15H14O9	Streptococcus_gordonii	0
C4H3FN2O2	Edwardsiella_tarda	0
C10H13NO2	Burkholderia_thailandensis	0
C20H24N6O5	Proteus_vulgaris	0
C21H18ClNO4	Citrobacter_freundii	0
CH4O	Kocuria_rhizophila	0
C77H136N20O15	Candida_krusei	0
C38H72N2O12	Candida_dubliniensis	0
C136H199N39O28	Raoultella_ornithinolytica	0
C121H192N38O20	Streptococcus_pneumoniae	0
C17H33NO6	Raoultella_ornithinolytica	0
C27H22N6O4	Serratia_liquefaciens	0
C14H13N5O3	Mixed_Culture_of_bacteria_and_fungus	0
C25H32O9	Fusarium_solani	0
C8H16N2O2	Pantoea_agglomerans	0
C30H16O8	Enterobacter_aerogenes	0
C213H342N54O38	Micrococcus_luteus	0
C14H11N3O4	Staphylococcus_epidermis	0
C169H292N54O45	Streptococcus_oralis	0
C44H64O24	Francisella_novicida	0
C6H6FN	Pantoea_agglomerans	0
C3H8O	Gardnerella_vaginalis	0
C35H52O6	Burkholderia_multivorans	0
C26H45N3O6S2	Vibrio_cholerae	0
C17H18Cl2F3NO2	Acinetobacter_sp.	0
C14H12	Proteus_mirabilis	0
C2H6OS	Morganella_morganii	0
C16H19Cl2NO2	Staphylococcus_caprae	0
C14H15N3O3	Staphylococcus_chromogenes	0
C15H11O5	Enterobacter_cancerogenus	0
C91H133N21O24	Candida_glabrata	0
C9H5Cl2NO	Marinobacter_hydrocarbonoclasticus	0
C22H34O4	Klebsiella_variicola	0
C13H25NO6	Bacillus_subtilis	0
C10H15NO	Obesumbacterium_proteus	0
C141H245N45O35	Staphylococcus_capitis	0
C5H4N2O3	Corynebacterium_ammoniagenes	0
C16H15Cl2NO3	Actinomyces_oris	0
C18H37N5O9	Halomonas_pacifica	0
C44H69NO12	Edwardsiella_tarda	0
C7H10N2OS	Cronobacter_sakazakii	0
C18H20FN3O4	Streptococcus_pneumoniae	0
C17H19ClN2S	Streptococcus_sobrinus	0
C73H110N22O12	Streptococcus_pneumoniae	0
C18H13Cl4N3O	Salmonella_enterica	0
C9H5ClINO	Cronobacter_sakazakii	0
C8H7Br2N3OS	Staphylococcus_capitis	0
C11H14O2	Candida_parapsilosis	0
C19H19N3O3	Serratia_liquefaciens	0
Cd+2	Stenotrophomonas_maltophilia	0
C100H179N37O16	Vibrio_vulnificus	0
C4H11NS	Candida_guiliermondi	0
C9H10N2O4	Mycobacterium_smegmatis	0
C15H11Cl2NOS	Francisella_novicida	0
C3H7N	Streptomyces_gordonii	0
C2H5NO2	Klebsiella_variicola	0
C9H10INO3	Acinetobacter_nosocomialis	0
C22H24F3NO10	Morganella_morganii	0
C10H8O4	Staphylococcus_epidermis	0
C7H6O4	Citrobacter_freundii	0
C43H77N17O7	Pantoea_agglomerans	0
C100H160N38O16	Serratia_liquefaciens	0
C7H9NO2S2	Streptococcus_sobrinus	0
C16H22N2O6	Haemophilus_influenzae	0
C15H22O3	Vibrio_anguillarum	0
C7H8O2S	Enterobacter_aerogenes	0
C10H9NO	Morganella_morganii	0
C12H10S2	Lactobacillus_fermenti	0
C15H12O	Pseudomonas_japonica	0
C9H6ClN	Staphylococcus_saprophyticus	0
C11H12ClN3	Chromobacterium_violaceum	0
C12H22O11	Chromobacterium_violaceum	0
C5H9NO3	Staphylococcus_cohnii	0
C15H17N3O	Streptomyces_gordonii	0
C30H50O2	Pseudomonas_japonica	0
C7H6FNO2	Kocuria_rhizophila	0
C16H12ClN3O2	Candida_dubliniensis	0
C23H37NO10	Propionibacterium_acnes	0
C9H9Cl2NO2	Enterobacter_cancerogenus	0
C4H9NO2S	Candida_tropicalis	0
C14H13ClN2O	Pseudomonas_fluorescens	0
C12H12N2O3	Francisella_novicida	0
C12H21NO4	Streptococcus_sanguinis	0
C9H8O2	Staphylococcus_capitis	0
O4P	Coagulase-_negative_staphylococci	0
C5H7FO3	Salmonella_enterica	0
C10H13NO3	Porphyromonas_gingivalis	0
C18H16O5	Achromobacter_xylosoxidans	0
C9H9N3O6	Morganella_morganii	0
C7H7BrO2	Streptococcus_parasanguinis	0
C14H13N5O3	Marinobacter_hydrocarbonoclasticus	0
C114H180N30O29S	Candida_spp.	0
C8H10OS	Serratia_liquefaciens	0
C152H249N47O32	Yersinia_enterocolitica	0
C6H11NO4	Candida_glabrata	0
C20H35NO4	Vibrio_campbellii	0
C13H6Cl6O2	Candida_guiliermondi	0
C9H8O	Raoultella_ornithinolytica	0
C19H18ClN3O5S	Stenotrophomonas_maltophilia	0
C20H32O3	Enterococcus_faecium_(Streptococcus_faecium)	0
C4H11NS	Coagulase-_negative_staphylococci	0
C5H10N2O3	Staphylococcus_caprae	0
C22H24N2O8	Candida_glabrata	0
C77H126N26O13	Raoultella_ornithinolytica	0
C8H13NO3	Klebsiella_variicola	0
Fe+2	Bacillus_cereus	0
C12H10	Corynebacterium_ammoniagenes	0
C16H21NO2	Streptococcus_parasanguinis	0
C20H24FN3O6	Pseudoalteromonas_sp.	0
C102H167N33O20	Streptomyces_gordonii	0
C13H7Br2ClFN3O	Staphylococcus_saprophyticus	0
C66H116N26O15S2	Yersinia_enterocolitica	0
C17H24ClN3	Pantoea_agglomerans	0
C152H249N47O32	Francisella_novicida	0
C13H16BrNO6	Serratia_marcescens	0
C133H195N51O33	Staphylococcus_chromogenes	0
C6H12O6	Staphylococcus_chromogenes	0
C21H20O12	Staphylococcus_cohnii	0
C21H27N5O4S	Streptococcus_sanguinis	0
C9H11NO5	Trueperella_pyogenes	0
C5H10N2O3	Providencia_stuartii	0
C17H18Cl6O6S2	Enterococcus_gallinarum	0
C17H34O2	Staphylococcus_saprophyticus	0
C10H6ClNO3	Salmonella_enterica	0
C19H20FN3	Micrococcus_luteus	0
C12H23N	Staphylococcus_epidermis	0
C37H67NO13	Klebsiella_planticola	0
C6H12N2O4S2	Candida_glabrata	0
C7H8O3	Campylobacter_jejuni	0
C30H52O3	Acinetobacter_oleiovorans	0
C11H8Cl2O4S	Providencia_stuartii	0
C64H88N22O9	Candida_guiliermondi	0
C51H69N19O6	Hafnia_paralvei	0
C6H6ClN	Lactobacillus_fermenti	0
C77H136N20O15	Coagulase-_negative_staphylococci	0
C19H19N3O3	Staphylococcus_capitis	0
C78H127N27O14	Stenotrophomonas_maltophilia	0
C30H25ClN6O2	Serratia_marcescens	0
C13H11ClN2O3	Providencia_stuartii	0
C22H18F2N6O2	Mycobacterium_avium	0
C7H5BrO2	Morganella_morganii	0
C27H37NO	Enterococcus_faecium_(Streptococcus_faecium)	0
C10H6ClNO3	Pseudomonas_libaniensis	0
