drug	disease	label
C15H10O4	anaerobic_bacterium_'strain_7'	1
C15H10O5	Bacteroides_uniformis	1
C54H92O23	Bacteroides	1
C54H92O23	Bifidobacterium_Genus	1
C12H22O11	Klebsiella_pneumoniae	1
C12H22O11	Enterococcus_faecalis_(Streptococcus_faecalis)	1
C12H22O11	Cronobacter_sakazakii	1
C12H22O11	Enterococcus_casseliflavus	1
C11H12N2S	Bacteroides	1
C10H15N	Clostridia	1
C10H15N	Enterococcus	1
C10H15N	Lactobacillus	1
C21H20O12	Enterococcus_casseliflavus	1
C21H20O12	Eubacterium_ramulus	1
C8H9NO2	Clostridioides_difficile	1
C41H64O14	Eggerthella_lenta	1
C11H13BrN2O6	Bacteroides_fragilis	1
C11H13BrN2O6	Bacteroides_thetaiotaomicron	1
C11H13BrN2O6	Bacteroides_uniformis	1
C11H13BrN2O6	Bacteroides_vulgatus	1
C11H13BrN2O6	Bacteroides_eggerthii	1
C7H15Cl2N2O2P	Firmicutes	1
C8H9NO2	Fusobacteria	1
C8H9NO2	Bacteroidetes	1
C8H9NO2	Actinobacteria	1
C21H20O9	Enterococcus_faecium_(Streptococcus_faecium)	1
C21H20O9	Bifidobacterium_sp.	1
C21H20O9	Lactobacillus_mucosae	1
C21H20O9	Eggerthella_sp._Species_84111	1
C14H6O8	Gordonibacter	1
C16H24N2	Campylobacter	1
C16H24N2	Escherichia	1
C16H24N2	Enterococcus	1
C16H24N2	Clostridium	1
C16H24N2	Corynebacterium_Genus	1
C8H10O2	Raoultella_terrigena	1
C7H5NO3S	Clostridiales_bacterium_Species_n.a.	1
C18H14N4O5S	Enterococcus_faecalis_(Streptococcus_faecalis)	1
C18H14N4O5S	Lactobacillus_sp.	1
C18H14N4O5S	Bacteroides_sp._Species_816	1
C44H69NO12	Faecalibacterium_prausnitzii	1
C20H26O6	Enterococcus_faecalis_(Streptococcus_faecalis)	1
C20H26O6	Eubacterium_limosum	1
C20H26O6	Clostridium_scindens	1
C20H26O6	Blautia_producta	1
C20H26O6	Eggerthella_lenta	1
C20H26O6	Lactonifactor_longoviformis	1
C7H5NO3S	Bacteroides	1
C9H18NO2	Firmicutes	1
C16H19N3O5S	Lactobacillus	1
C16H19N3O5S	Clostridioides_difficile	1
C16H19N3O5S	Candida_albicans	1
C25H27N9O8S2	Candida_albicans	1
C18H36N4O11	Lactobacillus	1
C6H9N3O3	Bifidobacterium_sp.	1
C21H39N7O12	Salmonella_enterica_subsp._enterica_serovar_Typhimurium_Subspecies	1
C6H9N3O3	Clostridium_perfringens_Species_1485	1
C12H22O11	Bacteroides	1
C12H22O11	Lactobacillus	1
C12H22O11	Escherichia_coli	1
C11H12N2S	Bacteroidetes	1
C15H16O2	Escherichia_coli_ATCC_25922	1
C15H11N3O3	Clostridium_leptum	1
C11H13BrN2O6	Bacteroides_sp._Species_816	1
C9H11FN2O5	Mycoplasma_hyorhinis	1
C10H11F3N2O5	Mycoplasma_hyorhinis	1
C7H15Cl2N2O2P	Lactobacillus	1
C7H15Cl2N2O2P	Pseudomonas_aeruginosa	1
C7H15Cl2N2O2P	Enterococcus_hirae	1
C7H15Cl2N2O2P	Barnesiella_intestinihominis	1
C7H15Cl2N2O2P	Lactobacillus_murinus	1
C7H15Cl2N2O2P	Lactobacillus_johnsonii_Species_1578	1
C27H29NO11	Enterococcus_hirae	1
C27H29NO11	Lactobacillus_murinus	1
C27H29NO11	Lactobacillus_johnsonii_Species_1578	1
C9H11F2N3O4	Mycoplasma	1
C33H38N4O6	Enterobacteriaceae	1
C33H38N4O6	Streptococcus_thermophilus	1
C33H38N4O6	Clostridioides_difficile	1
C33H38N4O6	Lactobacillus_acidophilus	1
C33H38N4O6	Lactobacillus_plantarum_Species_1578	1
C33H38N4O6	Lactobacillus_paracasei_Species_1578	1
C33H38N4O6	Bifidobacterium_breve	1
C33H38N4O6	Bifidobacterium_longum_(Bifidobacterium_infantis,_Bifidobacterium_suis)	1
C33H38N4O6	Lactobacillus_delbrueckii_subsp._bulgaricus	1
C33H38N4O6	Bifidobacterium_longum_subsp._infantis	1
C20H22N8O5	Bacteroides	1
C20H22N8O5	Streptococcus	1
C11H13BrN2O5	Bacteroides_thetaiotaomicron	1
C11H13BrN2O5	Bacteroides_ovatus	1
C11H13BrN2O6	Bacteroides_ovatus	1
C6H8N2O2S	Streptococcus_pyogenes	1
C15H10O4	Lactococcus_garvieae	1
C15H10O4	Adlercreutzia_equolifaciens	1
C15H10O4	Slackia_equolifaciens	1
C15H10O4	Slackia_isoflavoniconvertens	1
C15H10O5	Lactococcus_garvieae	1
C15H10O5	Adlercreutzia_equolifaciens	1
C15H10O5	Slackia_equolifaciens	1
C15H10O5	Slackia_isoflavoniconvertens	1
C54H92O23	Ruminococcus_sp.	1
C54H92O23	Oscillibacter_sp.	1
C54H92O23	Sutterella_sp.	1
C54H92O23	Holdemania_sp.	1
C18H15NO8S2	Eubacterium_rectale	1
As	Desulfovibrio_desulfuricans	1
C4H8O2	Firmicutes	1
C4H8O2	Faecalibacterium_prausnitzii	1
C21H20O6	Escherichia_coli	1
C9H11NO4	Helicobacter_pylori	1
C9H8N4O5	Enterobacter	1
C9H8N4O5	Staphylococcus	1
C9H8N4O5	Escherichia_coli	1
C9H8N4O5	Mycobacterium	1
C9H8N4O5	Bacillus	1
C14H11Cl2NO2	Escherichia_coli	1
C4H4FN3O	Escherichia_coli	1
C41H64O14	Clostridioides_difficile	1
C7H7NO3	Pseudomonas_aeruginosa	1
C7H7NO3	Citrobacter_freundii	1
C7H7NO3	Klebsiella_oxytoca	1
C7H7NO3	Klebsiella_pneumoniae_subsp._ozaenae	1
C7H7NO3	Morganella_morganii	1
C7H7NO3	Serratia_marcescens	1
C7H7NO3	Shigella_flexneri	1
C7H7NO3	Vibrio_cholerae_Species_662	1
C7H7NO3	Plesiomonas_shigelloides	1
C7H7NO3	Citrobacter_amalonaticus	1
C7H7NO3	Klebsiella_pneumoniae_subsp._rhinoscleromatis	1
C7H7NO3	Citrobacter_farmeri	1
C8H8N2O3S	Clostridium_sporogenes	1
C33H38N4O6	Escherichia_coli	1
C33H38N4O6	Bacteroides_fragilis	1
C33H38N4O6	Streptococcus_agalactiae	1
C33H38N4O6	Clostridium_perfringens_Species_1485	1
C14H18N2O5	Enterobacteriaceae	1
C14H18N2O5	Clostridium_leptum	1
C5H14NO+	Clostridia	1
C12H22O11	Bifidobacterium_Genus	1
C6H12NNaO3S	Clostridia	1
C6H12NNaO3S	Enterococcus	1
C9H18NO2	Lactobacillus	1
C9H11FN2O5	Mycoplasma	1
C10H11F3N2O5	Mycoplasma	1
C10H12FN5O4	Escherichia_coli	1
C9H11F2N3O4	Escherichia_coli	1
C9H11NO4	Lactobacillus_brevis	1
C8H10O2	Klebsiella	1
C25H43NO18	Escherichia_coli	1
C4H11N5	Escherichia	1
C4H11N5	Bacteroides	1
C4H11N5	Lactobacillus	1
C4H11N5	Phascolarctobacterium	1
C4H11N5	Blautia_Genus	1
C4H11N5	Butyricicoccus	1
C4H11N5	Bacteroidetes	1
C4H11N5	Proteobacteria	1
C4H11N5	Firmicutes	1
C4H11N5	Verrucomicrobia_Phylum	1
C4H11N5	Bifidobacterium_adolescentis	1
C4H11N5	Allobaculum	1
C8H17NO5	Coriobacteriaceae	1
C8H17NO5	Erysipelotrichaceae	1
C19H20N2O3S	Proteobacteria	1
C11H13BrN2O6	Bacteroides	1
C9H8O4	Enterococcus	1
C9H8O4	Lactobacillus	1
C25H29I2NO3	Escherichia_coli_Nissle_1917	1
C33H38N4O6	Bacteroides_vulgatus	1
C33H38N4O6	Erysipelatoclostridium_ramosum	1
C12H22O11	Clostridium	1
C25H38O5	Lactobacillus	1
C8H8N2O3S	Pseudomonas_fluorescens_Species_286	1
C8H8N2O3S	Escherichia_coli	1
C8H8N2O3S	Bacteroides_vulgatus	1
C8H8N2O3S	Enterococcus_faecalis_(Streptococcus_faecalis)	1
C8H8N2O3S	Bifidobacterium_bifidum_Species_1678	1
C8H8N2O3S	Lactobacillus_rhamnosus_Species_1578	1
C8H8N2O3S	Salmonella_enterica_subsp._enterica_serovar_Typhimurium_Subspecies	1
C8H9NO2	Clostridium	1
C28H32O15	Escherichia	1
C28H32O15	Enterococcus	1
C28H32O15	Clostridium	1
C28H32O15	Lactobacillus	1
C28H32O15	Bifidobacterium_Genus	1
C33H38N4O6	Bacteroides	1
C33H38N4O6	Clostridium	1
C33H38N4O6	Bifidobacterium_sp.	1
C21H20O9	Eubacterium_rectale	1
C27H30O16	Bacteroides	1
C27H30O16	Clostridium	1
C27H30O16	Lactobacillus	1
C27H30O16	Eubacterium	1
C27H30O16	Bifidobacterium_sp.	1
C8H8N2O3S	Clostridium	1
C17H19NO3	Pseudomonas_aeruginosa	1
C9H18N6	Pseudomonas_putida	1
ClO-	Styrax_aureus	1
C22H26N2O4S	Bacteroides_thetaiotaomicron	1
C22H28FN3O6S	Firmicutes	1
C22H28FN3O6S	Lactobacillus_reuteri	1
C19H27N5O4	Bacteroides_dorei_DSM17855	1
C17H12Br2O3	Bifidobacterium_breve_DSM20213	1
C19H34Cl2N2O2	Clostridium_difficile_120	1
C15H22FN3O6	Salmonella_typhimurium_LT2	1
C19H20ClN3	Blautia_hansenii_DSM20583	1
C9H10N2O3S2	Eubacterium_rectale_ATCC33656	1
C24H28N2O4S2	Bacteroides_uniformis_ATCC8492	1
C24H31NO8	Blautia_hansenii_DSM20583	1
C15H12N2O2	Bacteroides_dorei_DSM17855	1
C20H21NO4	Bacteroides_dorei_DSM17855	1
C22H25N5O2	Bacteroides_dorei_DSM17855	1
C15H23N3O4S	Bacteroides_fragilis_HMW610	1
C14H24Cl2N2O3	Bacteroides_fragilis_3397	1
C27H38N2O4	Bacteroides_vulgatus_ATCC8482	1
C10H13N5O4	Anaerococcus_hydrogenalis_DSM7454	1
C15H23N3O2	Bacteroides_uniformis_ATCC8492	1
C17H19N5	Blautia_hansenii_DSM20583	1
C15H14ClN3O4S3	Blautia_hansenii_DSM20583	1
C18H14F4N2O4S	Bacteroides_fragilis_HMW610	1
C18H14F4N2O4S	Bacteroides_fragilis_HMW615	1
C17H14F3N3O2S	Clostridium_sporogenes_ATCC15579	1
C17H14F3N3O2S	Eubacterium_biforme_DSM3989	1
C20H21N	Blautia_hansenii_DSM20583	1
C29H31N7O	Bacteroides_vulgatus_ATCC8482	1
C12H21N	Eubacterium_biforme_DSM3989	1
C12H13NO2	Bacteroides_dorei_DSM17855	1
C25H31N3O6	Dorea_formicigenerans_ATCC27755	1
C25H31N3O6	Victivallis_vadensis_ATCC_BAA-548	1
C24H28N2O3	Akkermansia_muciniphila_ATCC_BAA-835	1
C24H28N2O3	Bacteroides_fragilis_HMW610	1
C15H14N4O	Blautia_hansenii_DSM20583	1
C23H29N3O2S2	Blautia_hansenii_DSM20583	1
C18H17NO5	Bacteroides_fragilis_HMW610	1
C22H26N2O2	Blautia_hansenii_DSM20583	1
C24H40N8O4	Blautia_hansenii_DSM20583	1
C24H40N8O4	Bacteroides_dorei_DSM17855	1
C24H29N5O8S	Blautia_hansenii_DSM20583	1
C24H29N5O8S	Bacteroides_dorei_DSM17855	1
C24H32N2O9	Blautia_hansenii_DSM20583	1
C24H32N2O9	Eubacterium_biforme_DSM3989	1
C19H25F3N2O6	Blautia_hansenii_DSM20583	1
C28H38N6O11S	Blautia_hansenii_DSM20583	1
C28H38N6O11S	Clostridium_difficile_120	1
C18H27N3O6S	Bacteroides_thetaiotaomicron_VPI-5482	1
C18H27N3O6S	Bacteroides_fragilis_DS-208	1
C18H27N3O6S	Bacteroides_fragilis_HMW610	1
C19H16O4	Bacteroides_vulgatus_ATCC8482	1
C19H16O4	Bacteroides_fragilis_HMW615	1
C22H31ClN4O7S2	Bacteroides_vulgatus_ATCC8482	1
C10H17N	Bacteroides_uniformis_ATCC8492	1
C10H17N	Bacteroides_fragilis_DS-208	1
C7H15Cl2N2O2P	Blautia_hansenii_DSM20583	1
C7H15Cl2N2O2P	Eubacterium_biforme_DSM3989	1
C7H15Cl2N2O2P	Bacteroides_fragilis_HMW615	1
C70H76N10O16	Bacteroides_dorei_DSM17855	1
C70H76N10O16	Bacteroides_WH2	1
C70H76N10O16	Bacteroides_fragilis_DS-208	1
C17H16F6N2O	Providencia_alcalifaciens_DSM30120	1
C17H16F6N2O	Roseburia_intestinalis_L1-82	1
C36H60N2O8S	Bacteroides_vulgatus_ATCC8482	1
C36H60N2O8S	Bacteroides_uniformis_ATCC8492	1
C36H60N2O8S	Eubacterium_biforme_DSM3989	1
C28H29F2N3O	Anaerotruncus_colihominis_DSM17241	1
C28H29F2N3O	Clostridium_bolteae_ATCCBAA-613	1
C28H29F2N3O	Akkermansia_muciniphila_ATCC_BAA-835	1
C22H19N3O4	Bacteroides_fragilis_HMW610	1
C22H19N3O4	Bacteroides_fragilis_HMW615	1
C21H29NO	Blautia_hansenii_DSM20583	1
C21H29NO	Bacteroides_dorei_DSM17855	1
C21H29NO	Bacteroides_vulgatus_ATCC8482	1
C14H19NO2	Blautia_hansenii_DSM20583	1
C19H24N2S	Blautia_hansenii_DSM20583	1
C19H24N2S	Bacteroides_dorei_DSM17855	1
C19H24N2S	Bacteroides_vulgatus_ATCC8482	1
C15H11N2NaO2	Bacteroides_dorei_DSM17855	1
C15H11N2NaO2	Bacteroides_vulgatus_ATCC8482	1
C15H11N2NaO2	Parabacteroides_distasonis_ATCC8503	1
C15H11N2NaO2	Bacteroides_uniformis_ATCC8492	1
C20H31NO	Blautia_hansenii_DSM20583	1
C20H31NO	Bacteroides_dorei_DSM17855	1
C20H31NO	Bacteroides_uniformis_ATCC8492	1
C10H16N6S	Bacteroides_dorei_DSM17855	1
C10H16N6S	Bacteroides_uniformis_ATCC8492	1
C10H16N6S	Bacteroides_thetaiotaomicron_VPI-5482	1
C10H16N6S	Bacteroides_fragilis_3397	1
C10H16N6S	Bacteroides_fragilis_T(B)9	1
C22H26ClN7O2S	Blautia_hansenii_DSM20583	1
C22H26ClN7O2S	Clostridium_bolteae_ATCCBAA-613	1
C22H26ClN7O2S	Lactobacillus_reuteri_CF48-3A_BEI_HM-102	1
C22H26ClN7O2S	Bacteroides_fragilis_HMW610	1
C26H35NO7	Blautia_hansenii_DSM20583	1
C26H35NO7	Bacteroides_vulgatus_ATCC8482	1
C26H35NO7	Bacteroides_fragilis_NCTC_9343	1
C26H35NO7	Bacteroides_uniformis_ATCC8492	1
C17H20N4S	Bacteroides_dorei_DSM17855	1
C17H20N4S	Bacteroides_fragilis_3397	1
C17H20N4S	Bacteroides_fragilis_T(B)9	1
C17H20N4S	Bacteroides_fragilis_HMW610	1
C17H20N4S	Bacteroides_fragilis_HMW615	1
C10H7Cl2N3O	Blautia_hansenii_DSM20583	1
C10H7Cl2N3O	Bacteroides_dorei_DSM17855	1
C10H7Cl2N3O	Eubacterium_biforme_DSM3989	1
C10H7Cl2N3O	Bacteroides_fragilis_T(B)9	1
C19H20ClNO4	Bacteroides_dorei_DSM17855	1
C19H20ClNO4	Bacteroides_vulgatus_ATCC8482	1
C19H20ClNO4	Bacteroides_fragilis_NCTC_9343	1
C19H20ClNO4	Parabacteroides_merdae_ATCC43184	1
C19H20ClNO4	Bacteroides_fragilis_HMW610	1
C26H39NO10	Blautia_hansenii_DSM20583	1
C26H39NO10	Bacteroides_dorei_DSM17855	1
C26H39NO10	Bacteroides_vulgatus_ATCC8482	1
C26H39NO10	Bacteroides_uniformis_ATCC8492	1
C26H39NO10	Victivallis_vadensis_ATCC_BAA-548	1
C11H12ClNO3S	Blautia_hansenii_DSM20583	1
C11H12ClNO3S	Bacteroides_vulgatus_ATCC8482	1
C11H12ClNO3S	Clostridium_asparagiforme_DSM15981	1
C11H12ClNO3S	Eubacterium_biforme_DSM3989	1
C19H35NO2	Bacteroides_dorei_DSM17855	1
C19H35NO2	Bacteroides_vulgatus_ATCC8482	1
C19H35NO2	Parabacteroides_distasonis_ATCC8503	1
C19H35NO2	Pretovella_copri_DSM18205	1
C19H35NO2	Ruminococcus_torques_ATCC27756	1
C20H21ClO4	Bacteroides_eggerthii_DSM20697	1
C20H21ClO4	Proteus_penneri_ATCC35198	1
C20H21ClO4	Pretovella_copri_DSM18205	1
C20H21ClO4	Clostridium_asparagiforme_DSM15981	1
C20H21ClO4	Bacteroides_fragilis_NCTC_9343	1
C20H21ClO4	Clostridium_difficile_120	1
C20H21ClO4	Bacteroides_fragilis_T(B)9	1
C35H38Cl2N8O4	Blautia_hansenii_DSM20583	1
C35H38Cl2N8O4	Bacteroides_uniformis_ATCC8492	1
C35H38Cl2N8O4	Akkermansia_muciniphila_ATCC_BAA-835	1
C35H38Cl2N8O4	Blautia_luti_DSM14534	1
C35H38Cl2N8O4	Clostridium_sporogenes_ATCC15579	1
C24H26BrN3O3	Blautia_hansenii_DSM20583	1
C24H26BrN3O3	Parabacteroides_distasonis_ATCC8503	1
C24H26BrN3O3	Bacteroides_uniformis_ATCC8492	1
C24H26BrN3O3	Clostridium_difficile_120	1
C24H26BrN3O3	Salmonella_typhimurium_LT2	1
C23H32N2O5	Bacteroides_cellulosilyticus_DSM14838	1
C23H32N2O5	Bacteroides_vulgatus_ATCC8482	1
C23H32N2O5	Bacteroides_uniformis_ATCC8492	1
C23H32N2O5	Eubacterium_biforme_DSM3989	1
C23H32N2O5	Bacteroides_fragilis_T(B)9	1
C13H22N4O3S	Clostridium_hathewayi_DSM13479	1
C13H22N4O3S	Parabacteroides_johnsonii_DSM18315	1
C13H22N4O3S	Bifidobacterium_breve_DSM20213	1
C13H22N4O3S	Enterococcus_faecalis_V583	1
C13H22N4O3S	Bacteroides_fragilis_T(B)9	1
C13H22N4O3S	Bacteroides_fragilis_DS-208	1
C13H22N4O3S	Bacteroides_fragilis_HMW610	1
C13H22N4O3S	Bacteroides_fragilis_HMW615	1
C18H19NOS	Blautia_hansenii_DSM20583	1
C18H19NOS	Bacteroides_dorei_DSM17855	1
C18H19NOS	Enterobacter_cancerogenus_ATCC35316	1
C18H19NOS	Bacteroides_uniformis_ATCC8492	1
C18H19NOS	Bacteroides_ovatus_ATCC8483	1
C22H29FO5	Bacteroides_dorei_DSM17855	1
C22H29FO5	Clostridium_scindens_ATCC35704	1
C22H29FO5	Bacteroides_uniformis_ATCC8492	1
C22H29FO5	Bacteroides_stercoris_ATCC43183	1
C22H29FO5	Bacteroides_thetaiotaomicron_VPI-5482	1
C22H29FO5	Bacteroides_fragilis_DS-208	1
C22H29FO5	Bacteroides_fragilis_HMW610	1
C21H27N5O4S	Bacteroides_dorei_DSM17855	1
C21H27N5O4S	Bacteroides_fragilis_NCTC_9343	1
C21H27N5O4S	Eubacterium_biforme_DSM3989	1
C21H27N5O4S	Bacteroides_fragilis_3397	1
C21H27N5O4S	Bacteroides_fragilis_T(B)9	1
C21H27N5O4S	Bacteroides_fragilis_HMW610	1
C29H35NO2	Blautia_hansenii_DSM20583	1
C29H35NO2	Bacteroides_dorei_DSM17855	1
C29H35NO2	Bacteroides_vulgatus_ATCC8482	1
C29H35NO2	Bacteroides_fragilis_NCTC_9343	1
C29H35NO2	Bacteroides_fragilis_DS-208	1
C29H35NO2	Bacteroides_fragilis_HMW610	1
C21H23N3OS	Bacteroides_caccae_ATCC43185	1
C21H23N3OS	Bacteroides_dorei_DSM17855	1
C21H23N3OS	Bacteroides_vulgatus_ATCC8482	1
C21H23N3OS	Parabacteroides_johnsonii_DSM18315	1
C21H23N3OS	Parabacteroides_distasonis_ATCC8503	1
C21H23N3OS	Bacteroides_fragilis_HMW610	1
C15H27N3O9P2	Anaerococcus_hydrogenalis_DSM7454	1
C15H27N3O9P2	Clostridium_bolteae_ATCCBAA-613	1
C15H27N3O9P2	Clostridium_symbiosum_ATCC1494_	1
C15H27N3O9P2	Clostridium_spiroforme_DSM1552	1
C15H27N3O9P2	Parabacteroides_distasonis_ATCC8503	1
C15H27N3O9P2	Bacteroides_pectinophilus_ATCC43243	1
C15H27N3O9P2	Bifidobacterium_breve_DSM20213	1
C15H27N3O9P2	Clostridium_difficile_120	1
C24H30O3	Bacteroides_dorei_DSM17855	1
C24H30O3	Bacteroides_vulgatus_ATCC8482	1
C24H30O3	Parabacteroides_johnsonii_DSM18315	1
C24H30O3	Bacteroides_fragilis_NCTC_9343	1
C24H30O3	Bacteroides_uniformis_ATCC8492	1
C24H30O3	Eubacterium_biforme_DSM3989	1
C24H30O3	Bacteroides_fragilis_HMW610	1
C24H30O3	Bacteroides_fragilis_HMW615	1
C17H17ClN6O3	Collinsella_aerofaciens_ATCC25986	1
C17H17ClN6O3	Anaerococcus_hydrogenalis_DSM7454	1
C17H17ClN6O3	Clostridium_symbiosum_ATCC1494_	1
C17H17ClN6O3	Ruminococcus_lactaris_ATCC29176	1
C17H17ClN6O3	Eubacterium_hallii_DSM3353	1
C17H17ClN6O3	Bacteroides_dorei_DSM17855	1
C17H17ClN6O3	Eubacterium_rectale_ATCC33656	1
C17H17ClN6O3	Marvinbryantia_formatexigens_DSM_14469	1
C22H26F3N3OS	Blautia_hansenii_DSM20583	1
C22H26F3N3OS	Bacteroides_dorei_DSM17855	1
C22H26F3N3OS	Bacteroides_vulgatus_ATCC8482	1
C22H26F3N3OS	Eubacterium_ventriosum_ATCC27560	1
C22H26F3N3OS	Parabacteroides_distasonis_ATCC8503	1
C22H26F3N3OS	Pretovella_copri_DSM18205	1
C22H26F3N3OS	Bacteroides_uniformis_ATCC8492	1
C22H26F3N3OS	Roseburia_intestinalis_L1-82	1
C19H24N2O6	Bacteroides_dorei_DSM17855	1
C19H24N2O6	Bacteroides_vulgatus_ATCC8482	1
C19H24N2O6	Bacteroides_fragilis_NCTC_9343	1
C19H24N2O6	Bacteroides_uniformis_ATCC8492	1
C19H24N2O6	Bacteroides_fragilis_T(B)9	1
C19H24N2O6	Bacteroides_fragilis_DS-208	1
C19H24N2O6	Bacteroides_fragilis_HMW610	1
C22H32ClNO3	Blautia_hansenii_DSM20583	1
C22H32ClNO3	Bacteroides_dorei_DSM17855	1
C22H32ClNO3	Bacteroides_vulgatus_ATCC8482	1
C22H32ClNO3	Bacteroides_uniformis_ATCC8492	1
C22H32ClNO3	Eubacterium_biforme_DSM3989	1
C22H32ClNO3	Bacteroides_fragilis_HMW610	1
C47H51NO14	Bacteroides_uniformis_ATCC8492	1
C47H51NO14	Bacteroides_thetaiotaomicron_VPI-5482	1
C47H51NO14	Bacteroides_fragilis_DS-208	1
C47H51NO14	Bacteroides_fragilis_HMW615	1
C27H36N2O4	Bacteroides_dorei_DSM17855	1
C27H36N2O4	Bacteroides_vulgatus_ATCC8482	1
C27H36N2O4	Bacteroides_uniformis_ATCC8492	1
C27H36N2O4	Bacteroides_fragilis_HMW610	1
C27H36N2O4	Bacteroides_fragilis_HMW615	1
C12H20N2O3S	Pretovella_copri_DSM18205	1
C12H20N2O3S	Bacteroides_uniformis_ATCC8492	1
C12H20N2O3S	Bacteroides_ovatus_ATCC8483	1
C12H20N2O3S	Bacteroides_thetaiotaomicron_VPI-5482	1
C12H20N2O3S	Bacteroides_fragilis_3397	1
C12H20N2O3S	Bacteroides_fragilis_DS-208	1
C12H20N2O3S	Bacteroides_fragilis_HMW610	1
C12H20N2O3S	Bacteroides_fragilis_HMW615	1
C17H15N5O	Blautia_hansenii_DSM20583	1
C17H15N5O	Bacteroides_dorei_DSM17855	1
C17H15N5O	Bacteroides_vulgatus_ATCC8482	1
C17H15N5O	Bacteroides_fragilis_NCTC_9343	1
C17H15N5O	Bacteroides_uniformis_ATCC8492	1
C17H15N5O	Bacteroides_fragilis_HMW610	1
C17H15N5O	Bacteroides_fragilis_HMW615	1
C24H21F2NO3	Bacteroides_uniformis_ATCC8492	1
C24H21F2NO3	Bacteroides_stercoris_ATCC43183	1
C24H21F2NO3	Clostridium_sporogenes_ATCC15579	1
C24H21F2NO3	Bacteroides_fragilis_3397	1
C24H21F2NO3	Bacteroides_fragilis_T(B)9	1
C24H21F2NO3	Bacteroides_fragilis_DS-208	1
C24H21F2NO3	Bacteroides_fragilis_HMW615	1
C15H21N3O3S	Bacteroides_dorei_DSM17855	1
C15H21N3O3S	Bacteroides_vulgatus_ATCC8482	1
C15H21N3O3S	Parabacteroides_distasonis_ATCC8503	1
C15H21N3O3S	Bacteroides_fragilis_3397	1
C15H21N3O3S	Bacteroides_fragilis_DS-208	1
C15H21N3O3S	Bacteroides_fragilis_HMW610	1
C15H21N3O3S	Bacteroides_fragilis_HMW615	1
C19H15ClN2O4	Bacteroides_dorei_DSM17855	1
C19H15ClN2O4	Parabacteroides_distasonis_ATCC8503	1
C19H15ClN2O4	Bacteroides_uniformis_ATCC8492	1
C19H15ClN2O4	Bacteroides_stercoris_ATCC43183	1
C19H15ClN2O4	Bacteroides_ovatus_ATCC8483	1
C19H15ClN2O4	Bacteroides_fragilis_3397	1
C19H15ClN2O4	Bacteroides_fragilis_HMW610	1
C19H15ClN2O4	Bacteroides_fragilis_HMW615	1
C23H20N2O3S	Parabacteroides_johnsonii_DSM18315	1
C23H20N2O3S	Bacteroides_fragilis_NCTC_9343	1
C23H20N2O3S	Bacteroides_fragilis_DS-208	1
C23H20N2O3S	Bacteroides_fragilis_HMW610	1
C23H20N2O3S	Bacteroides_fragilis_HMW615	1
C17H21NO3	Blautia_hansenii_DSM20583	1
C17H21NO3	Bacteroides_uniformis_ATCC8492	1
C17H21NO3	Bacteroides_thetaiotaomicron_VPI-5482	1
C17H21NO3	Bacteroides_fragilis_3397	1
C17H21NO3	Bacteroides_fragilis_T(B)9	1
C17H21NO3	Bacteroides_fragilis_DS-208	1
C17H21NO3	Bacteroides_fragilis_HMW615	1
C23H36N2O2	Bacteroides_dorei_DSM17855	1
C23H36N2O2	Bacteroides_vulgatus_ATCC8482	1
C23H36N2O2	Parabacteroides_distasonis_ATCC8503	1
C23H36N2O2	Bacteroides_fragilis_NCTC_9343	1
C23H36N2O2	Bacteroides_uniformis_ATCC8492	1
C23H36N2O2	Akkermansia_muciniphila_ATCC_BAA-835	1
C23H36N2O2	Bacteroides_fragilis_DS-208	1
C23H36N2O2	Bacteroides_fragilis_HMW610	1
C23H36N2O2	Bacteroides_fragilis_HMW615	1
C17H21NO3	Bacteroides_ovatus_ATCC8483	1
C17H21NO3	Bacteroides_dorei_DSM17855	1
C17H21NO3	Bacteroides_fragilis_HMW610	1
C17H17ClO6	Bacteroides_dorei_DSM17855	1
C17H17ClO6	Bacteroides_vulgatus_ATCC8482	1
C17H17ClO6	Parabacteroides_distasonis_ATCC8503	1
C17H17ClO6	Bacteroides_fragilis_NCTC_9343	1
C17H17ClO6	Bacteroides_uniformis_ATCC8492	1
C17H17ClO6	Bacteroides_thetaiotaomicron_VPI-5482	1
C17H17ClO6	Bacteroides_fragilis_3397	1
C17H17ClO6	Bacteroides_fragilis_T(B)9	1
C17H17ClO6	Bacteroides_fragilis_DS-208	1
C17H17ClO6	Bacteroides_fragilis_HMW615	1
C12H15NO3	Blautia_hansenii_DSM20583	1
C12H15NO3	Bacteroides_dorei_DSM17855	1
C12H15NO3	Bacteroides_vulgatus_ATCC8482	1
C12H15NO3	Parabacteroides_distasonis_ATCC8503	1
C12H15NO3	Bacteroides_pectinophilus_ATCC43243	1
C12H15NO3	Bacteroides_fragilis_NCTC_9343	1
C12H15NO3	Bacteroides_uniformis_ATCC8492	1
C12H15NO3	Bacteroides_fragilis_HMW610	1
C12H15NO3	Bacteroides_fragilis_HMW615	1
C19H21NO4	Pretovella_copri_DSM18205	1
C19H21NO4	Bacteroides_uniformis_ATCC8492	1
C19H21NO4	Bacteroides_ovatus_ATCC8483	1
C19H21NO4	Bacteroides_dorei_DSM17855	1
C19H21NO4	Bacteroides_thetaiotaomicron_VPI-5482	1
C19H21NO4	Bacteroides_fragilis_3397	1
C19H21NO4	Bacteroides_fragilis_T(B)9	1
C19H21NO4	Bacteroides_fragilis_DS-208	1
C19H21NO4	Bacteroides_fragilis_HMW610	1
C14H14O3	Bacteroides_vulgatus_ATCC8482	1
C14H14O3	Parabacteroides_distasonis_ATCC8503	1
C14H14O3	Bacteroides_uniformis_ATCC8492	1
C14H14O3	Bacteroides_fragilis_3397	1
C14H14O3	Bacteroides_fragilis_T(B)9	1
C14H14O3	Bacteroides_fragilis_HMW610	1
C14H14O3	Bacteroides_fragilis_HMW615	1
C12H19BrN2O2	Bacteroides_dorei_DSM17855	1
C12H19BrN2O2	Bacteroides_fragilis_NCTC_9343	1
C12H19BrN2O2	Bacteroides_uniformis_ATCC8492	1
C12H19BrN2O2	Bacteroides_ovatus_ATCC8483	1
C12H19BrN2O2	Parabacteroides_merdae_ATCC43184	1
C12H19BrN2O2	Bacteroides_thetaiotaomicron_VPI-5482	1
C12H19BrN2O2	Bacteroides_fragilis_3397	1
C12H19BrN2O2	Bacteroides_fragilis_T(B)9	1
C12H19BrN2O2	Bacteroides_fragilis_DS-208	1
C33H30N4O2	Bacteroides_dorei_DSM17855	1
C33H30N4O2	Bacteroides_cellulosilyticus_DSM14838	1
C33H30N4O2	Bacteroides_vulgatus_ATCC8482	1
C33H30N4O2	Parabacteroides_distasonis_ATCC8503	1
C33H30N4O2	Bacteroides_fragilis_NCTC_9343	1
C33H30N4O2	Bacteroides_uniformis_ATCC8492	1
C33H30N4O2	Bacteroides_stercoris_ATCC43183	1
C33H30N4O2	Bacteroides_ovatus_ATCC8483	1
C33H30N4O2	Bacteroides_fragilis_HMW610	1
C22H25NO6	Blautia_hansenii_DSM20583	1
C22H25NO6	Bacteroides_dorei_DSM17855	1
C22H25NO6	Bacteroides_vulgatus_ATCC8482	1
C22H25NO6	Parabacteroides_johnsonii_DSM18315	1
C22H25NO6	Bacteroides_fragilis_NCTC_9343	1
C22H25NO6	Bacteroides_uniformis_ATCC8492	1
C22H25NO6	Bacteroides_fragilis_3397	1
C22H25NO6	Bacteroides_fragilis_T(B)9	1
C22H25NO6	Bacteroides_fragilis_DS-208	1
C22H25NO6	Bacteroides_fragilis_HMW610	1
C22H26N2O4S	Blautia_hansenii_DSM20583	1
C22H26N2O4S	Bacteroides_dorei_DSM17855	1
C22H26N2O4S	Parabacteroides_johnsonii_DSM18315	1
C22H26N2O4S	Parabacteroides_distasonis_ATCC8503	1
C22H26N2O4S	Bacteroides_uniformis_ATCC8492	1
C22H26N2O4S	Bacteroides_ovatus_ATCC8483	1
C22H26N2O4S	Bacteroides_thetaiotaomicron_VPI-5482	1
C22H26N2O4S	Victivallis_vadensis_ATCC_BAA-548	1
C23H27N3O6	Bacteroides_dorei_DSM17855	1
C23H27N3O6	Bacteroides_cellulosilyticus_DSM14838	1
C23H27N3O6	Bacteroides_pectinophilus_ATCC43243	1
C23H27N3O6	Clostridium_asparagiforme_DSM15981	1
C23H27N3O6	Coprococcus_comes_ATCC27758	1
C23H27N3O6	Lactobacillus_reuteri_CF48-3A_BEI_HM-102	1
C23H27N3O6	Clostridium_difficile_120	1
C23H27N3O6	Bacteroides_fragilis_T(B)9	1
C23H27N3O6	Bacteroides_fragilis_DS-208	1
C23H27N3O6	Bacteroides_fragilis_HMW610	1
C23H27N3O6	Bacteroides_fragilis_HMW615	1
C22H23ClN6O	Bacteroides_dorei_DSM17855	1
C22H23ClN6O	Bacteroides_vulgatus_ATCC8482	1
C22H23ClN6O	Parabacteroides_johnsonii_DSM18315	1
C22H23ClN6O	Parabacteroides_distasonis_ATCC8503	1
C22H23ClN6O	Bacteroides_fragilis_NCTC_9343	1
C22H23ClN6O	Bacteroides_uniformis_ATCC8492	1
C22H23ClN6O	Parabacteroides_merdae_ATCC43184	1
C22H23ClN6O	Bacteroides_fragilis_HMW610	1
C22H23ClN6O	Bacteroides_fragilis_HMW615	1
C16H14F3N5O	Bacteroides_dorei_DSM17855	1
C16H14F3N5O	Bacteroides_vulgatus_ATCC8482	1
C16H14F3N5O	Parabacteroides_distasonis_ATCC8503	1
C16H14F3N5O	Bacteroides_uniformis_ATCC8492	1
C16H14F3N5O	Bacteroides_fragilis_3397	1
C16H14F3N5O	Bacteroides_fragilis_T(B)9	1
C16H14F3N5O	Bacteroides_fragilis_DS-208	1
C16H14F3N5O	Bacteroides_fragilis_HMW610	1
C16H14F3N5O	Bacteroides_fragilis_HMW615	1
C12H21N5O2S2	Bacteroides_dorei_DSM17855	1
C12H21N5O2S2	Parabacteroides_johnsonii_DSM18315	1
C12H21N5O2S2	Bifidobacterium_breve_DSM20213	1
C12H21N5O2S2	Bacteroides_uniformis_ATCC8492	1
C12H21N5O2S2	Parabacteroides_merdae_ATCC43184	1
C12H21N5O2S2	Bacteroides_thetaiotaomicron_VPI-5482	1
C12H21N5O2S2	Bacteroides_fragilis_T(B)9	1
C12H21N5O2S2	Bacteroides_fragilis_DS-208	1
C12H21N5O2S2	Bacteroides_fragilis_HMW610	1
C12H21N5O2S2	Bacteroides_fragilis_HMW615	1
C9H9Cl2N3	Bacteroides_dorei_DSM17855	1
C9H9Cl2N3	Bacteroides_fragilis_NCTC_9343	1
C9H9Cl2N3	Bacteroides_uniformis_ATCC8492	1
C9H9Cl2N3	Bacteroides_stercoris_ATCC43183	1
C9H9Cl2N3	Bacteroides_ovatus_ATCC8483	1
C9H9Cl2N3	Bacteroides_thetaiotaomicron_VPI-5482	1
C9H9Cl2N3	Bacteroides_fragilis_3397	1
C9H9Cl2N3	Bacteroides_fragilis_T(B)9	1
C9H9Cl2N3	Bacteroides_fragilis_DS-208	1
C9H9Cl2N3	Bacteroides_fragilis_HMW615	1
C13H12F2N6O	Blautia_hansenii_DSM20583	1
C13H12F2N6O	Bacteroides_dorei_DSM17855	1
C13H12F2N6O	Bacteroides_fragilis_NCTC_9343	1
C13H12F2N6O	Bacteroides_uniformis_ATCC8492	1
C13H12F2N6O	Bacteroides_stercoris_ATCC43183	1
C13H12F2N6O	Bacteroides_ovatus_ATCC8483	1
C13H12F2N6O	Bacteroides_thetaiotaomicron_VPI-5482	1
C13H12F2N6O	Bacteroides_fragilis_3397	1
C13H12F2N6O	Bacteroides_fragilis_T(B)9	1
C13H12F2N6O	Bacteroides_fragilis_HMW610	1
C19H16ClNO4	Bacteroides_uniformis_ATCC8492	1
C19H16ClNO4	Bacteroides_stercoris_ATCC43183	1
C19H16ClNO4	Parabacteroides_merdae_ATCC43184	1
C19H16ClNO4	Bacteroides_thetaiotaomicron_VPI-5482	1
C19H16ClNO4	Bacteroides_fragilis_3397	1
C19H16ClNO4	Bacteroides_fragilis_T(B)9	1
C19H16ClNO4	Bacteroides_fragilis_DS-208	1
C19H16ClNO4	Bacteroides_fragilis_HMW610	1
C19H16ClNO4	Bacteroides_fragilis_HMW615	1
C24H31FO6	Blautia_hansenii_DSM20583	1
C24H31FO6	Bacteroides_dorei_DSM17855	1
C24H31FO6	Parabacteroides_johnsonii_DSM18315	1
C24H31FO6	Bacteroides_fragilis_NCTC_9343	1
C24H31FO6	Bacteroides_stercoris_ATCC43183	1
C24H31FO6	Bacteroides_thetaiotaomicron_VPI-5482	1
C24H31FO6	Bacteroides_fragilis_3397	1
C24H31FO6	Bacteroides_fragilis_T(B)9	1
C24H31FO6	Bacteroides_fragilis_DS-208	1
C24H31FO6	Bacteroides_fragilis_HMW615	1
C25H34O6	Bacteroides_eggerthii_DSM20697	1
C25H34O6	Blautia_hansenii_DSM20583	1
C25H34O6	Bacteroides_dorei_DSM17855	1
C25H34O6	Bacteroides_vulgatus_ATCC8482	1
C25H34O6	Parabacteroides_johnsonii_DSM18315	1
C25H34O6	Parabacteroides_distasonis_ATCC8503	1
C25H34O6	Parabacteroides_merdae_ATCC43184	1
C25H34O6	Eubacterium_biforme_DSM3989	1
C25H34O6	Bacteroides_fragilis_3397	1
C25H34O6	Bacteroides_fragilis_T(B)9	1
C25H34O6	Bacteroides_fragilis_HMW610	1
C25H34O6	Bacteroides_fragilis_HMW615	1
C24H26N2O4	Blautia_hansenii_DSM20583	1
C24H26N2O4	Bacteroides_dorei_DSM17855	1
C24H26N2O4	Bacteroides_fragilis_NCTC_9343	1
C24H26N2O4	Bacteroides_uniformis_ATCC8492	1
C24H26N2O4	Roseburia_intestinalis_L1-82	1
C24H26N2O4	Bacteroides_ovatus_ATCC8483	1
C24H26N2O4	Clostridium_sporogenes_ATCC15579	1
C24H26N2O4	Eubacterium_biforme_DSM3989	1
C24H26N2O4	Bacteroides_thetaiotaomicron_VPI-5482	1
C24H26N2O4	Bacteroides_fragilis_T(B)9	1
C24H26N2O4	Bacteroides_fragilis_DS-208	1
C24H26N2O4	Bacteroides_fragilis_HMW615	1
C25H28N6O	Blautia_hansenii_DSM20583	1
C25H28N6O	Bacteroides_dorei_DSM17855	1
C25H28N6O	Bacteroides_vulgatus_ATCC8482	1
C25H28N6O	Parabacteroides_johnsonii_DSM18315	1
C25H28N6O	Bacteroides_uniformis_ATCC8492	1
C25H28N6O	Parabacteroides_merdae_ATCC43184	1
C25H28N6O	Bacteroides_thetaiotaomicron_VPI-5482	1
C25H28N6O	Bacteroides_fragilis_DS-208	1
C25H28N6O	Bacteroides_fragilis_HMW610	1
C25H28N6O	Bacteroides_fragilis_HMW615	1
C25H28N8O2	Bacteroides_caccae_ATCC43185	1
C25H28N8O2	Bacteroides_dorei_DSM17855	1
C25H28N8O2	Bacteroides_finegoldii_DSM17565	1
C25H28N8O2	Parabacteroides_johnsonii_DSM18315	1
C25H28N8O2	Bacteroides_intestinalis_DSM17393	1
C25H28N8O2	Parabacteroides_distasonis_ATCC8503	1
C25H28N8O2	Pretovella_copri_DSM18205	1
C25H28N8O2	Bacteroides_fragilis_NCTC_9343	1
C25H28N8O2	Bacteroides_uniformis_ATCC8492	1
C25H28N8O2	Bacteroides_stercoris_ATCC43183	1
C25H28N8O2	Bacteroides_thetaiotaomicron_VPI-5482	1
C25H28N8O2	Bacteroides_fragilis_3397	1
C37H48N6O5S2	Bacteroides_eggerthii_DSM20697	1
C37H48N6O5S2	Blautia_hansenii_DSM20583	1
C37H48N6O5S2	Bacteroides_dorei_DSM17855	1
C37H48N6O5S2	Bacteroides_vulgatus_ATCC8482	1
C37H48N6O5S2	Parabacteroides_distasonis_ATCC8503	1
C37H48N6O5S2	Bacteroides_fragilis_NCTC_9343	1
C37H48N6O5S2	Bacteroides_uniformis_ATCC8492	1
C37H48N6O5S2	Bacteroides_fragilis_3397	1
C37H48N6O5S2	Bacteroides_fragilis_DS-208	1
C23H34O5	Bacteroides_dorei_DSM17855	1
C23H34O5	Bacteroides_cellulosilyticus_DSM14838	1
C23H34O5	Bacteroides_vulgatus_ATCC8482	1
C23H34O5	Bacteroides_intestinalis_DSM17393	1
C23H34O5	Parabacteroides_distasonis_ATCC8503	1
C23H34O5	Bacteroides_pectinophilus_ATCC43243	1
C23H34O5	Bifidobacterium_breve_DSM20213	1
C23H34O5	Lactobacillus_reuteri_CF48-3A_BEI_HM-102	1
C23H34O5	Bacteroides_uniformis_ATCC8492	1
C23H34O5	Parabacteroides_merdae_ATCC43184	1
C23H34O5	Bacteroides_fragilis_DS-208	1
C23H34O5	Bacteroides_fragilis_HMW610	1
C15H20N2O2	Parabacteroides_johnsonii_DSM18315	1
C15H20N2O2	Pretovella_copri_DSM18205	1
C15H20N2O2	Bacteroides_fragilis_NCTC_9343	1
C15H20N2O2	Bacteroides_uniformis_ATCC8492	1
C15H20N2O2	Bacteroides_stercoris_ATCC43183	1
C15H20N2O2	Bacteroides_ovatus_ATCC8483	1
C15H20N2O2	Bacteroides_dorei_DSM17855	1
C15H20N2O2	Bacteroides_thetaiotaomicron_VPI-5482	1
C15H20N2O2	Bacteroides_fragilis_3397	1
C15H20N2O2	Bacteroides_fragilis_T(B)9	1
C15H20N2O2	Bacteroides_fragilis_DS-208	1
C15H20N2O2	Bacteroides_fragilis_HMW610	1
C15H20N2O2	Bacteroides_fragilis_HMW615	1
C12H19N3O	Bacteroides_dorei_DSM17855	1
C12H19N3O	Bacteroides_vulgatus_ATCC8482	1
C12H19N3O	Bacteroides_fragilis_NCTC_9343	1
C12H19N3O	Bacteroides_uniformis_ATCC8492	1
C12H19N3O	Bacteroides_stercoris_ATCC43183	1
C12H19N3O	Bacteroides_ovatus_ATCC8483	1
C12H19N3O	Bacteroides_thetaiotaomicron_VPI-5482	1
C12H19N3O	Bacteroides_fragilis_T(B)9	1
C12H19N3O	Bacteroides_fragilis_HMW610	1
C12H19N3O	Bacteroides_fragilis_HMW615	1
C24H34N2O5	Bacteroides_eggerthii_DSM20697	1
C24H34N2O5	Bacteroides_dorei_DSM17855	1
C24H34N2O5	Bacteroides_cellulosilyticus_DSM14838	1
C24H34N2O5	Bacteroides_vulgatus_ATCC8482	1
C24H34N2O5	Parabacteroides_distasonis_ATCC8503	1
C24H34N2O5	Pretovella_copri_DSM18205	1
C24H34N2O5	Bacteroides_fragilis_NCTC_9343	1
C24H34N2O5	Bacteroides_uniformis_ATCC8492	1
C24H34N2O5	Eubacterium_biforme_DSM3989	1
C24H34N2O5	Bacteroides_fragilis_3397	1
C24H34N2O5	Bacteroides_fragilis_T(B)9	1
C24H34N2O5	Bacteroides_fragilis_DS-208	1
C24H34N2O5	Bacteroides_fragilis_HMW615	1
C24H29N5O3	Bacteroides_dorei_DSM17855	1
C24H29N5O3	Bacteroides_vulgatus_ATCC8482	1
C24H29N5O3	Parabacteroides_distasonis_ATCC8503	1
C24H29N5O3	Pretovella_copri_DSM18205	1
C24H29N5O3	Bacteroides_fragilis_NCTC_9343	1
C24H29N5O3	Bacteroides_uniformis_ATCC8492	1
C24H29N5O3	Bacteroides_ovatus_ATCC8483	1
C24H29N5O3	Bacteroides_fragilis_T(B)9	1
C24H29N5O3	Bacteroides_fragilis_DS-208	1
C24H29N5O3	Bacteroides_fragilis_HMW610	1
C24H29N5O3	Bacteroides_fragilis_HMW615	1
C27H37FO6	Bacteroides_eggerthii_DSM20697	1
C27H37FO6	Blautia_hansenii_DSM20583	1
C27H37FO6	Bacteroides_vulgatus_ATCC8482	1
C27H37FO6	Parabacteroides_johnsonii_DSM18315	1
C27H37FO6	Bacteroides_uniformis_ATCC8492	1
C27H37FO6	Subdoligranulum_variabile_DSM15176	1
C27H37FO6	Victivallis_vadensis_ATCC_BAA-548	1
C27H37FO6	Bacteroides_fragilis_DS-208	1
C27H37FO6	Bacteroides_fragilis_HMW610	1
C27H37FO6	Bacteroides_fragilis_HMW615	1
C24H29ClO4	Bacteroides_eggerthii_DSM20697	1
C24H29ClO4	Blautia_hansenii_DSM20583	1
C24H29ClO4	Bacteroides_dorei_DSM17855	1
C24H29ClO4	Bacteroides_vulgatus_ATCC8482	1
C24H29ClO4	Parabacteroides_distasonis_ATCC8503	1
C24H29ClO4	Bacteroides_fragilis_NCTC_9343	1
C24H29ClO4	Bacteroides_uniformis_ATCC8492	1
C24H29ClO4	Bacteroides_fragilis_T(B)9	1
C24H29ClO4	Bacteroides_fragilis_DS-208	1
C24H29ClO4	Bacteroides_fragilis_HMW610	1
C24H29ClO4	Bacteroides_fragilis_HMW615	1
C12H8O4	Bacteroides_caccae_ATCC43185	1
C12H8O4	Clostridium_ramosum_DSM1402	1
C12H8O4	Bacteroides_eggerthii_DSM20697	1
C12H8O4	Blautia_hansenii_DSM20583	1
C12H8O4	Bacteroides_dorei_DSM17855	1
C12H8O4	Bacteroides_finegoldii_DSM17565	1
C12H8O4	Parabacteroides_johnsonii_DSM18315	1
C12H8O4	Parabacteroides_distasonis_ATCC8503	1
C12H8O4	Bacteroides_fragilis_NCTC_9343	1
C12H8O4	Bacteroides_uniformis_ATCC8492	1
C12H8O4	Clostridium_sporogenes_ATCC15579	1
C12H8O4	Bacteroides_fragilis_T(B)9	1
C12H8O4	Bacteroides_fragilis_HMW610	1
C12H8O4	Bacteroides_fragilis_HMW615	1
C19H27NO3	Bacteroides_eggerthii_DSM20697	1
C19H27NO3	Blautia_hansenii_DSM20583	1
C19H27NO3	Bacteroides_vulgatus_ATCC8482	1
C19H27NO3	Parabacteroides_distasonis_ATCC8503	1
C19H27NO3	Bacteroides_uniformis_ATCC8492	1
C19H27NO3	Parabacteroides_merdae_ATCC43184	1
C19H27NO3	Bacteroides_thetaiotaomicron_VPI-5482	1
C19H27NO3	Bacteroides_fragilis_T(B)9	1
C19H27NO3	Bacteroides_fragilis_DS-208	1
C19H27NO3	Bacteroides_fragilis_HMW610	1
C19H27NO3	Bacteroides_fragilis_HMW615	1
C16H16N2O3S	Bacteroides_eggerthii_DSM20697	1
C16H16N2O3S	Blautia_hansenii_DSM20583	1
C16H16N2O3S	Bacteroides_dorei_DSM17855	1
C16H16N2O3S	Bacteroides_vulgatus_ATCC8482	1
C16H16N2O3S	Parabacteroides_distasonis_ATCC8503	1
C16H16N2O3S	Bacteroides_fragilis_NCTC_9343	1
C16H16N2O3S	Bacteroides_uniformis_ATCC8492	1
C16H16N2O3S	Parabacteroides_merdae_ATCC43184	1
C16H16N2O3S	Bacteroides_fragilis_3397	1
C16H16N2O3S	Bacteroides_fragilis_T(B)9	1
C16H16N2O3S	Bacteroides_fragilis_HMW615	1
C16H21NO2	Bacteroides_eggerthii_DSM20697	1
C16H21NO2	Blautia_hansenii_DSM20583	1
C16H21NO2	Bacteroides_dorei_DSM17855	1
C16H21NO2	Bacteroides_vulgatus_ATCC8482	1
C16H21NO2	Parabacteroides_distasonis_ATCC8503	1
C16H21NO2	Pretovella_copri_DSM18205	1
C16H21NO2	Bacteroides_fragilis_NCTC_9343	1
C16H21NO2	Bacteroides_uniformis_ATCC8492	1
C16H21NO2	Bacteroides_stercoris_ATCC43183	1
C16H21NO2	Parabacteroides_merdae_ATCC43184	1
C16H21NO2	Bacteroides_thetaiotaomicron_VPI-5482	1
C16H21NO2	Bacteroides_fragilis_DS-208	1
C16H21NO2	Bacteroides_fragilis_HMW610	1
C16H13N3O3	Bacteroides_eggerthii_DSM20697	1
C16H13N3O3	Blautia_hansenii_DSM20583	1
C16H13N3O3	Bacteroides_dorei_DSM17855	1
C16H13N3O3	Bacteroides_cellulosilyticus_DSM14838	1
C16H13N3O3	Bacteroides_vulgatus_ATCC8482	1
C16H13N3O3	Parabacteroides_distasonis_ATCC8503	1
C16H13N3O3	Bacteroides_pectinophilus_ATCC43243	1
C16H13N3O3	Bacteroides_fragilis_NCTC_9343	1
C16H13N3O3	Bacteroides_uniformis_ATCC8492	1
C16H13N3O3	Bacteroides_stercoris_ATCC43183	1
C16H13N3O3	Bacteroides_thetaiotaomicron_VPI-5482	1
C16H13N3O3	Bacteroides_fragilis_T(B)9	1
C16H13N3O3	Bacteroides_fragilis_DS-208	1
C16H13N3O3	Bacteroides_fragilis_HMW610	1
C23H27FN4O3	Bacteroides_caccae_ATCC43185	1
C23H27FN4O3	Anaerococcus_hydrogenalis_DSM7454	1
C23H27FN4O3	Clostridium_scindens_ATCC35704	1
C23H27FN4O3	Anaerotruncus_colihominis_DSM17241	1
C23H27FN4O3	Clostridium_symbiosum_ATCC1494_	1
C23H27FN4O3	Ruminococcus_lactaris_ATCC29176	1
C23H27FN4O3	Enterobacter_cancerogenus_ATCC35316	1
C23H27FN4O3	Clostridium_asparagiforme_DSM15981	1
C23H27FN4O3	Bifidobacterium_breve_DSM20213	1
C23H27FN4O3	Coprococcus_comes_ATCC27758	1
C23H27FN4O3	Eubacterium_hallii_DSM3353	1
C23H27FN4O3	Collinsella_intestinalis_DSM13280	1
C23H27FN4O3	Blautia_luti_DSM14534	1
C23H27FN4O3	Roseburia_intestinalis_L1-82	1
C23H27FN4O3	Eubacterium_rectale_ATCC33656	1
C23H27FN4O3	Subdoligranulum_variabile_DSM15176	1
C23H27FN4O3	Clostridium_sporogenes_ATCC15579	1
C23H27FN4O3	Bacteroides_fragilis_DS-208	1
C9H12N2O4S	Blautia_hansenii_DSM20583	1
C9H12N2O4S	Bacteroides_dorei_DSM17855	1
C9H12N2O4S	Parabacteroides_johnsonii_DSM18315	1
C9H12N2O4S	Parabacteroides_distasonis_ATCC8503	1
C9H12N2O4S	Pretovella_copri_DSM18205	1
C9H12N2O4S	Bacteroides_fragilis_NCTC_9343	1
C9H12N2O4S	Bacteroides_uniformis_ATCC8492	1
C9H12N2O4S	Bacteroides_stercoris_ATCC43183	1
C9H12N2O4S	Bacteroides_ovatus_ATCC8483	1
C9H12N2O4S	Bacteroides_thetaiotaomicron_VPI-5482	1
C9H12N2O4S	Bacteroides_fragilis_3397	1
C9H12N2O4S	Bacteroides_fragilis_T(B)9	1
C9H12N2O4S	Bacteroides_fragilis_DS-208	1
C9H12N2O4S	Bacteroides_fragilis_HMW610	1
C9H12N2O4S	Bacteroides_fragilis_HMW615	1
C24H28N2O5	Blautia_hansenii_DSM20583	1
C24H28N2O5	Bacteroides_dorei_DSM17855	1
C24H28N2O5	Bacteroides_vulgatus_ATCC8482	1
C24H28N2O5	Bacteroides_intestinalis_DSM17393	1
C24H28N2O5	Parabacteroides_distasonis_ATCC8503	1
C24H28N2O5	Pretovella_copri_DSM18205	1
C24H28N2O5	Bacteroides_stercoris_ATCC43183	1
C24H28N2O5	Bacteroides_ovatus_ATCC8483	1
C24H28N2O5	Parabacteroides_merdae_ATCC43184	1
C24H28N2O5	Bacteroides_thetaiotaomicron_VPI-5482	1
C24H28N2O5	Bacteroides_fragilis_3397	1
C24H28N2O5	Bacteroides_fragilis_T(B)9	1
C24H28N2O5	Bacteroides_fragilis_DS-208	1
C24H28N2O5	Bacteroides_fragilis_HMW610	1
C24H28N2O5	Bacteroides_fragilis_HMW615	1
C12H24N2O4	Blautia_hansenii_DSM20583	1
C12H24N2O4	Bacteroides_dorei_DSM17855	1
C12H24N2O4	Bacteroides_cellulosilyticus_DSM14838	1
C12H24N2O4	Bacteroides_vulgatus_ATCC8482	1
C12H24N2O4	Parabacteroides_distasonis_ATCC8503	1
C12H24N2O4	Bacteroides_pectinophilus_ATCC43243	1
C12H24N2O4	Pretovella_copri_DSM18205	1
C12H24N2O4	Bacteroides_fragilis_NCTC_9343	1
C12H24N2O4	Bacteroides_uniformis_ATCC8492	1
C12H24N2O4	Bacteroides_stercoris_ATCC43183	1
C12H24N2O4	Bacteroides_thetaiotaomicron_VPI-5482	1
C12H24N2O4	Bacteroides_fragilis_3397	1
C12H24N2O4	Bacteroides_fragilis_T(B)9	1
C12H24N2O4	Bacteroides_fragilis_DS-208	1
C12H24N2O4	Bacteroides_fragilis_HMW610	1
C12H24N2O4	Bacteroides_fragilis_HMW615	1
C41H64O14	Bacteroides_eggerthii_DSM20697	1
C41H64O14	Blautia_hansenii_DSM20583	1
C41H64O14	Bacteroides_dorei_DSM17855	1
C41H64O14	Bacteroides_vulgatus_ATCC8482	1
C41H64O14	Parabacteroides_johnsonii_DSM18315	1
C41H64O14	Bacteroides_uniformis_ATCC8492	1
C41H64O14	Bacteroides_stercoris_ATCC43183	1
C41H64O14	Bacteroides_ovatus_ATCC8483	1
C41H64O14	Parabacteroides_merdae_ATCC43184	1
C41H64O14	Bacteroides_thetaiotaomicron_VPI-5482	1
C41H64O14	Bacteroides_fragilis_3397	1
C41H64O14	Bacteroides_fragilis_T(B)9	1
C41H64O14	Bacteroides_fragilis_DS-208	1
C41H64O14	Bacteroides_fragilis_HMW610	1
C41H64O14	Bacteroides_fragilis_HMW615	1
C24H31N3O	Blautia_hansenii_DSM20583	1
C24H31N3O	Bacteroides_dorei_DSM17855	1
C24H31N3O	Bacteroides_cellulosilyticus_DSM14838	1
C24H31N3O	Bacteroides_vulgatus_ATCC8482	1
C24H31N3O	Parabacteroides_distasonis_ATCC8503	1
C24H31N3O	Pretovella_copri_DSM18205	1
C24H31N3O	Bacteroides_fragilis_NCTC_9343	1
C24H31N3O	Bacteroides_stercoris_ATCC43183	1
C24H31N3O	Bacteroides_ovatus_ATCC8483	1
C24H31N3O	Subdoligranulum_variabile_DSM15176	1
C24H31N3O	Eubacterium_biforme_DSM3989	1
C24H31N3O	Bacteroides_thetaiotaomicron_VPI-5482	1
C24H31N3O	Bacteroides_fragilis_3397	1
C24H31N3O	Bacteroides_fragilis_T(B)9	1
C24H31N3O	Bacteroides_fragilis_DS-208	1
C24H31N3O	Bacteroides_fragilis_HMW610	1
C21H34O5	Bacteroides_vulgatus_ATCC8482	1
C21H34O5	Clostridium_bolteae_ATCCBAA-613	1
C21H34O5	Ruminococcus_lactaris_ATCC29176	1
C21H34O5	Parabacteroides_distasonis_ATCC8503	1
C21H34O5	Bacteroides_pectinophilus_ATCC43243	1
C21H34O5	Bacteroides_fragilis_NCTC_9343	1
C21H34O5	Bacteroides_uniformis_ATCC8492	1
C21H34O5	Blautia_luti_DSM14534	1
C21H34O5	Roseburia_intestinalis_L1-82	1
C21H34O5	Bacteroides_ovatus_ATCC8483	1
C21H34O5	Subdoligranulum_variabile_DSM15176	1
C21H34O5	Bacteroides_fragilis_3397	1
C21H34O5	Bacteroides_fragilis_T(B)9	1
C21H34O5	Bacteroides_fragilis_DS-208	1
C21H34O5	Bacteroides_fragilis_HMW610	1
C11H12N2S	Bacteroides_dorei_DSM17855	1
C11H12N2S	Bacteroides_vulgatus_ATCC8482	1
C11H12N2S	Anaerococcus_hydrogenalis_DSM7454	1
C11H12N2S	Anaerotruncus_colihominis_DSM17241	1
C11H12N2S	Parabacteroides_johnsonii_DSM18315	1
C11H12N2S	Edwardsiella_tarda_ATCC23685	1
C11H12N2S	Bacteroides_fragilis_NCTC_9343	1
C11H12N2S	Bacteroides_uniformis_ATCC8492	1
C11H12N2S	Bacteroides_stercoris_ATCC43183	1
C11H12N2S	Clostridium_sporogenes_ATCC15579	1
C11H12N2S	Clostridium_difficile_120	1
C11H12N2S	Bacteroides_thetaiotaomicron_VPI-5482	1
C11H12N2S	Bacteroides_fragilis_3397	1
C11H12N2S	Bacteroides_fragilis_T(B)9	1
C11H12N2S	Bacteroides_fragilis_DS-208	1
C11H12N2S	Bacteroides_fragilis_HMW610	1
C29H33ClN2O2	Bacteroides_eggerthii_DSM20697	1
C29H33ClN2O2	Blautia_hansenii_DSM20583	1
C29H33ClN2O2	Bacteroides_dorei_DSM17855	1
C29H33ClN2O2	Bacteroides_vulgatus_ATCC8482	1
C29H33ClN2O2	Parabacteroides_distasonis_ATCC8503	1
C29H33ClN2O2	Bacteroides_fragilis_NCTC_9343	1
C29H33ClN2O2	Bacteroides_uniformis_ATCC8492	1
C29H33ClN2O2	Bacteroides_stercoris_ATCC43183	1
C29H33ClN2O2	Providencia_rettgeri_DSM1131	1
C29H33ClN2O2	Roseburia_intestinalis_L1-82	1
C29H33ClN2O2	Clostridium_sporogenes_ATCC15579	1
C29H33ClN2O2	Eubacterium_biforme_DSM3989	1
C29H33ClN2O2	Bacteroides_fragilis_3397	1
C29H33ClN2O2	Bacteroides_fragilis_T(B)9	1
C29H33ClN2O2	Bacteroides_fragilis_HMW610	1
C24H32O4	Blautia_hansenii_DSM20583	1
C24H32O4	Bacteroides_dorei_DSM17855	1
C24H32O4	Bacteroides_vulgatus_ATCC8482	1
C24H32O4	Clostridium_hathewayi_DSM13479	1
C24H32O4	Parabacteroides_distasonis_ATCC8503	1
C24H32O4	Bacteroides_fragilis_NCTC_9343	1
C24H32O4	Bacteroides_uniformis_ATCC8492	1
C24H32O4	Parabacteroides_merdae_ATCC43184	1
C24H32O4	Bacteroides_fragilis_3397	1
C24H32O4	Bacteroides_fragilis_T(B)9	1
C24H32O4	Bacteroides_fragilis_DS-208	1
C24H32O4	Bacteroides_fragilis_HMW610	1
C24H32O4	Bacteroides_fragilis_HMW615	1
C21H28O2	Bacteroides_caccae_ATCC43185	1
C21H28O2	Ruminococcus_gnavus_ATCC29149	1
C21H28O2	Bacteroides_dorei_DSM17855	1
C21H28O2	Bacteroides_cellulosilyticus_DSM14838	1
C21H28O2	Bacteroides_vulgatus_ATCC8482	1
C21H28O2	Parabacteroides_johnsonii_DSM18315	1
C21H28O2	Bacteroides_fragilis_NCTC_9343	1
C21H28O2	Bacteroides_uniformis_ATCC8492	1
C21H28O2	Parabacteroides_merdae_ATCC43184	1
C21H28O2	Bacteroides_WH2	1
C21H28O2	Eubacterium_biforme_DSM3989	1
C21H28O2	Bacteroides_fragilis_3397	1
C21H28O2	Bacteroides_fragilis_T(B)9	1
C21H28O2	Bacteroides_fragilis_DS-208	1
C21H28O2	Bacteroides_fragilis_HMW610	1
C21H28O2	Bacteroides_fragilis_HMW615	1
C18H15NO3	Blautia_hansenii_DSM20583	1
C18H15NO3	Bacteroides_dorei_DSM17855	1
C18H15NO3	Bacteroides_vulgatus_ATCC8482	1
C18H15NO3	Bacteroides_intestinalis_DSM17393	1
C18H15NO3	Parabacteroides_distasonis_ATCC8503	1
C18H15NO3	Pretovella_copri_DSM18205	1
C18H15NO3	Bacteroides_fragilis_NCTC_9343	1
C18H15NO3	Bacteroides_uniformis_ATCC8492	1
C18H15NO3	Bacteroides_stercoris_ATCC43183	1
C18H15NO3	Bacteroides_ovatus_ATCC8483	1
C18H15NO3	Bacteroides_thetaiotaomicron_VPI-5482	1
C18H15NO3	Bacteroides_fragilis_T(B)9	1
C18H15NO3	Bacteroides_fragilis_DS-208	1
C18H15NO3	Bacteroides_fragilis_HMW610	1
C18H15NO3	Bacteroides_fragilis_HMW615	1
C25H30ClNO5	Bacteroides_eggerthii_DSM20697	1
C25H30ClNO5	Blautia_hansenii_DSM20583	1
C25H30ClNO5	Bacteroides_dorei_DSM17855	1
C25H30ClNO5	Bacteroides_cellulosilyticus_DSM14838	1
C25H30ClNO5	Bacteroides_vulgatus_ATCC8482	1
C25H30ClNO5	Parabacteroides_distasonis_ATCC8503	1
C25H30ClNO5	Bacteroides_pectinophilus_ATCC43243	1
C25H30ClNO5	Pretovella_copri_DSM18205	1
C25H30ClNO5	Bacteroides_fragilis_NCTC_9343	1
C25H30ClNO5	Bacteroides_uniformis_ATCC8492	1
C25H30ClNO5	Bacteroides_stercoris_ATCC43183	1
C25H30ClNO5	Providencia_rettgeri_DSM1131	1
C25H30ClNO5	Roseburia_intestinalis_L1-82	1
C25H30ClNO5	Eubacterium_biforme_DSM3989	1
C25H30ClNO5	Bacteroides_fragilis_3397	1
C25H30ClNO5	Bacteroides_fragilis_DS-208	1
C25H30ClNO5	Bacteroides_fragilis_HMW610	1
C26H32F2O7	Blautia_hansenii_DSM20583	1
C26H32F2O7	Bacteroides_dorei_DSM17855	1
C26H32F2O7	Bacteroides_cellulosilyticus_DSM14838	1
C26H32F2O7	Bacteroides_vulgatus_ATCC8482	1
C26H32F2O7	Parabacteroides_johnsonii_DSM18315	1
C26H32F2O7	Parabacteroides_distasonis_ATCC8503	1
C26H32F2O7	Pretovella_copri_DSM18205	1
C26H32F2O7	Bacteroides_uniformis_ATCC8492	1
C26H32F2O7	Bacteroides_ovatus_ATCC8483	1
C26H32F2O7	Parabacteroides_merdae_ATCC43184	1
C26H32F2O7	Bacteroides_thetaiotaomicron_VPI-5482	1
C26H32F2O7	Bacteroides_fragilis_3397	1
C26H32F2O7	Victivallis_vadensis_ATCC_BAA-548	1
C26H32F2O7	Bacteroides_fragilis_T(B)9	1
C26H32F2O7	Bacteroides_fragilis_HMW610	1
C26H32F2O7	Bacteroides_fragilis_HMW615	1
C41H64O13	Bacteroides_eggerthii_DSM20697	1
C41H64O13	Blautia_hansenii_DSM20583	1
C41H64O13	Bacteroides_dorei_DSM17855	1
C41H64O13	Bacteroides_vulgatus_ATCC8482	1
C41H64O13	Parabacteroides_johnsonii_DSM18315	1
C41H64O13	Parabacteroides_distasonis_ATCC8503	1
C41H64O13	Bacteroides_uniformis_ATCC8492	1
C41H64O13	Bacteroides_stercoris_ATCC43183	1
C41H64O13	Bacteroides_ovatus_ATCC8483	1
C41H64O13	Parabacteroides_merdae_ATCC43184	1
C41H64O13	Clostridium_sporogenes_ATCC15579	1
C41H64O13	Bacteroides_thetaiotaomicron_VPI-5482	1
C41H64O13	Bacteroides_fragilis_3397	1
C41H64O13	Bacteroides_fragilis_T(B)9	1
C41H64O13	Bacteroides_fragilis_DS-208	1
C41H64O13	Bacteroides_fragilis_HMW610	1
C41H64O13	Bacteroides_fragilis_HMW615	1
C26H33NO9	Blautia_hansenii_DSM20583	1
C26H33NO9	Bacteroides_dorei_DSM17855	1
C26H33NO9	Clostridium_hathewayi_DSM13479	1
C26H33NO9	Anaerococcus_hydrogenalis_DSM7454	1
C26H33NO9	Ruminococcus_lactaris_ATCC29176	1
C26H33NO9	Enterobacter_cancerogenus_ATCC35316	1
C26H33NO9	Clostridium_spiroforme_DSM1552	1
C26H33NO9	Bacteroides_pectinophilus_ATCC43243	1
C26H33NO9	Clostridium_asparagiforme_DSM15981	1
C26H33NO9	Eubacterium_hallii_DSM3353	1
C26H33NO9	Ruminococcus_torques_ATCC27756	1
C26H33NO9	Lactobacillus_reuteri_CF48-3A_BEI_HM-102	1
C26H33NO9	Akkermansia_muciniphila_ATCC_BAA-835	1
C26H33NO9	Marvinbryantia_formatexigens_DSM_14469	1
C26H33NO9	Eubacterium_biforme_DSM3989	1
C26H33NO9	Salmonella_typhimurium_LT2	1
C26H33NO9	Victivallis_vadensis_ATCC_BAA-548	1
C16H18ClNO6S2	Bacteroides_eggerthii_DSM20697	1
C16H18ClNO6S2	Blautia_hansenii_DSM20583	1
C16H18ClNO6S2	Bacteroides_dorei_DSM17855	1
C16H18ClNO6S2	Bacteroides_vulgatus_ATCC8482	1
C16H18ClNO6S2	Parabacteroides_johnsonii_DSM18315	1
C16H18ClNO6S2	Parabacteroides_distasonis_ATCC8503	1
C16H18ClNO6S2	Bacteroides_fragilis_NCTC_9343	1
C16H18ClNO6S2	Bacteroides_uniformis_ATCC8492	1
C16H18ClNO6S2	Bacteroides_stercoris_ATCC43183	1
C16H18ClNO6S2	Bacteroides_ovatus_ATCC8483	1
C16H18ClNO6S2	Parabacteroides_merdae_ATCC43184	1
C16H18ClNO6S2	Clostridium_sporogenes_ATCC15579	1
C16H18ClNO6S2	Bacteroides_thetaiotaomicron_VPI-5482	1
C16H18ClNO6S2	Bacteroides_fragilis_3397	1
C16H18ClNO6S2	Bacteroides_fragilis_T(B)9	1
C16H18ClNO6S2	Bacteroides_fragilis_DS-208	1
C16H18ClNO6S2	Bacteroides_fragilis_HMW610	1
C16H18ClNO6S2	Bacteroides_fragilis_HMW615	1
C44H69NO12	Clostridium_ramosum_DSM1402	1
C44H69NO12	Bacteroides_eggerthii_DSM20697	1
C44H69NO12	Blautia_hansenii_DSM20583	1
C44H69NO12	Ruminococcus_gnavus_ATCC29149	1
C44H69NO12	Parabacteroides_distasonis_ATCC8503	1
C44H69NO12	Bacteroides_fragilis_NCTC_9343	1
C44H69NO12	Bacteroides_uniformis_ATCC8492	1
C44H69NO12	Akkermansia_muciniphila_ATCC_BAA-835	1
C44H69NO12	Providencia_alcalifaciens_DSM30120	1
C44H69NO12	Blautia_luti_DSM14534	1
C44H69NO12	Roseburia_intestinalis_L1-82	1
C44H69NO12	Parabacteroides_merdae_ATCC43184	1
C44H69NO12	Clostridium_sporogenes_ATCC15579	1
C44H69NO12	Eubacterium_biforme_DSM3989	1
C44H69NO12	Clostridium_difficile_120	1
C44H69NO12	Victivallis_vadensis_ATCC_BAA-548	1
C44H69NO12	Bacteroides_fragilis_T(B)9	1
C24H36O5	Bifidobacterium_adolescentis_ATCC_15703	1
C24H36O5	Bacteroides_dorei_DSM17855	1
C24H36O5	Bacteroides_cellulosilyticus_DSM14838	1
C24H36O5	Bacteroides_vulgatus_ATCC8482	1
C24H36O5	Parabacteroides_johnsonii_DSM18315	1
C24H36O5	Bacteroides_intestinalis_DSM17393	1
C24H36O5	Parabacteroides_distasonis_ATCC8503	1
C24H36O5	Pretovella_copri_DSM18205	1
C24H36O5	Clostridium_asparagiforme_DSM15981	1
C24H36O5	Bifidobacterium_breve_DSM20213	1
C24H36O5	Bacteroides_fragilis_NCTC_9343	1
C24H36O5	Bacteroides_uniformis_ATCC8492	1
C24H36O5	Parabacteroides_merdae_ATCC43184	1
C24H36O5	Bacteroides_WH2	1
C24H36O5	Eubacterium_biforme_DSM3989	1
C24H36O5	Bacteroides_fragilis_3397	1
C24H36O5	Victivallis_vadensis_ATCC_BAA-548	1
C24H36O5	Bacteroides_fragilis_T(B)9	1
C24H36O5	Bacteroides_fragilis_HMW610	1
C24H36O5	Bacteroides_fragilis_HMW615	1
C14H21N3O3S	Bacteroides_eggerthii_DSM20697	1
C14H21N3O3S	Blautia_hansenii_DSM20583	1
C14H21N3O3S	Bacteroides_dorei_DSM17855	1
C14H21N3O3S	Bacteroides_cellulosilyticus_DSM14838	1
C14H21N3O3S	Bacteroides_vulgatus_ATCC8482	1
C14H21N3O3S	Parabacteroides_johnsonii_DSM18315	1
C14H21N3O3S	Parabacteroides_distasonis_ATCC8503	1
C14H21N3O3S	Bacteroides_pectinophilus_ATCC43243	1
C14H21N3O3S	Pretovella_copri_DSM18205	1
C14H21N3O3S	Bacteroides_fragilis_NCTC_9343	1
C14H21N3O3S	Bacteroides_uniformis_ATCC8492	1
C14H21N3O3S	Bacteroides_stercoris_ATCC43183	1
C14H21N3O3S	Bacteroides_ovatus_ATCC8483	1
C14H21N3O3S	Eubacterium_biforme_DSM3989	1
C14H21N3O3S	Bacteroides_thetaiotaomicron_VPI-5482	1
C14H21N3O3S	Bacteroides_fragilis_3397	1
C14H21N3O3S	Bacteroides_fragilis_T(B)9	1
C14H21N3O3S	Bacteroides_fragilis_DS-208	1
C14H21N3O3S	Bacteroides_fragilis_HMW610	1
C14H21N3O3S	Bacteroides_fragilis_HMW615	1
C21H25ClN2O3	Bacteroides_eggerthii_DSM20697	1
C21H25ClN2O3	Blautia_hansenii_DSM20583	1
C21H25ClN2O3	Bacteroides_dorei_DSM17855	1
C21H25ClN2O3	Bacteroides_cellulosilyticus_DSM14838	1
C21H25ClN2O3	Bacteroides_vulgatus_ATCC8482	1
C21H25ClN2O3	Bacteroides_finegoldii_DSM17565	1
C21H25ClN2O3	Bacteroides_intestinalis_DSM17393	1
C21H25ClN2O3	Parabacteroides_distasonis_ATCC8503	1
C21H25ClN2O3	Bacteroides_pectinophilus_ATCC43243	1
C21H25ClN2O3	Pretovella_copri_DSM18205	1
C21H25ClN2O3	Bacteroides_fragilis_NCTC_9343	1
C21H25ClN2O3	Bacteroides_uniformis_ATCC8492	1
C21H25ClN2O3	Bacteroides_stercoris_ATCC43183	1
C21H25ClN2O3	Subdoligranulum_variabile_DSM15176	1
C21H25ClN2O3	Marvinbryantia_formatexigens_DSM_14469	1
C21H25ClN2O3	Eubacterium_biforme_DSM3989	1
C21H25ClN2O3	Bacteroides_thetaiotaomicron_VPI-5482	1
C21H25ClN2O3	Bacteroides_fragilis_3397	1
C21H25ClN2O3	Salmonella_typhimurium_LT2	1
C21H25ClN2O3	Bacteroides_fragilis_T(B)9	1
C21H25ClN2O3	Bacteroides_fragilis_DS-208	1
C21H25ClN2O3	Bacteroides_fragilis_HMW610	1
C21H25ClN2O3	Bacteroides_fragilis_HMW615	1
C26H27N5O2	Bacteroides_eggerthii_DSM20697	1
C26H27N5O2	Bacteroides_dorei_DSM17855	1
C26H27N5O2	Bacteroides_cellulosilyticus_DSM14838	1
C26H27N5O2	Bacteroides_vulgatus_ATCC8482	1
C26H27N5O2	Parabacteroides_johnsonii_DSM18315	1
C26H27N5O2	Clostridium_spiroforme_DSM1552	1
C26H27N5O2	Bacteroides_intestinalis_DSM17393	1
C26H27N5O2	Parabacteroides_distasonis_ATCC8503	1
C26H27N5O2	Pretovella_copri_DSM18205	1
C26H27N5O2	Bacteroides_fragilis_NCTC_9343	1
C26H27N5O2	Bacteroides_uniformis_ATCC8492	1
C26H27N5O2	Bacteroides_stercoris_ATCC43183	1
C26H27N5O2	Bacteroides_ovatus_ATCC8483	1
C26H27N5O2	Parabacteroides_merdae_ATCC43184	1
C26H27N5O2	Bacteroides_WH2	1
C26H27N5O2	Clostridium_sporogenes_ATCC15579	1
C26H27N5O2	Bacteroides_thetaiotaomicron_VPI-5482	1
C26H27N5O2	Bacteroides_fragilis_3397	1
C26H27N5O2	Bacteroides_fragilis_T(B)9	1
C26H27N5O2	Bacteroides_fragilis_DS-208	1
C26H27N5O2	Bacteroides_fragilis_HMW610	1
C26H27N5O2	Bacteroides_fragilis_HMW615	1
C25H31NO6	Bacteroides_caccae_ATCC43185	1
C25H31NO6	Bacteroides_eggerthii_DSM20697	1
C25H31NO6	Blautia_hansenii_DSM20583	1
C25H31NO6	Bacteroides_dorei_DSM17855	1
C25H31NO6	Bacteroides_cellulosilyticus_DSM14838	1
C25H31NO6	Bacteroides_vulgatus_ATCC8482	1
C25H31NO6	Parabacteroides_johnsonii_DSM18315	1
C25H31NO6	Bacteroides_intestinalis_DSM17393	1
C25H31NO6	Parabacteroides_distasonis_ATCC8503	1
C25H31NO6	Pretovella_copri_DSM18205	1
C25H31NO6	Bacteroides_uniformis_ATCC8492	1
C25H31NO6	Bacteroides_ovatus_ATCC8483	1
C25H31NO6	Parabacteroides_merdae_ATCC43184	1
C25H31NO6	Bacteroides_WH2	1
C25H31NO6	Eubacterium_rectale_ATCC33656	1
C25H31NO6	Bacteroides_thetaiotaomicron_VPI-5482	1
C25H31NO6	Bacteroides_fragilis_3397	1
C25H31NO6	Victivallis_vadensis_ATCC_BAA-548	1
C25H31NO6	Bacteroides_fragilis_T(B)9	1
C25H31NO6	Bacteroides_fragilis_DS-208	1
C25H31NO6	Bacteroides_fragilis_HMW610	1
C25H31NO6	Bacteroides_fragilis_HMW615	1
C14H19N5O4	Bacteroides_caccae_ATCC43185	1
C14H19N5O4	Bacteroides_eggerthii_DSM20697	1
C14H19N5O4	Bacteroides_dorei_DSM17855	1
C14H19N5O4	Bacteroides_cellulosilyticus_DSM14838	1
C14H19N5O4	Bacteroides_vulgatus_ATCC8482	1
C14H19N5O4	Bacteroides_finegoldii_DSM17565	1
C14H19N5O4	Parabacteroides_johnsonii_DSM18315	1
C14H19N5O4	Bacteroides_intestinalis_DSM17393	1
C14H19N5O4	Parabacteroides_distasonis_ATCC8503	1
C14H19N5O4	Pretovella_copri_DSM18205	1
C14H19N5O4	Bifidobacterium_longum_subsp._Infantis_CCUG52486	1
C14H19N5O4	Bacteroides_fragilis_NCTC_9343	1
C14H19N5O4	Bacteroides_uniformis_ATCC8492	1
C14H19N5O4	Bacteroides_stercoris_ATCC43183	1
C14H19N5O4	Bacteroides_ovatus_ATCC8483	1
C14H19N5O4	Parabacteroides_merdae_ATCC43184	1
C14H19N5O4	Bacteroides_WH2	1
C14H19N5O4	Bacteroides_thetaiotaomicron_VPI-5482	1
C14H19N5O4	Bacteroides_fragilis_3397	1
C14H19N5O4	Victivallis_vadensis_ATCC_BAA-548	1
C14H19N5O4	Bacteroides_fragilis_T(B)9	1
C14H19N5O4	Bacteroides_fragilis_DS-208	1
C14H19N5O4	Bacteroides_fragilis_HMW610	1
C14H19N5O4	Bacteroides_fragilis_HMW615	1
C25H30N2O5	Bacteroides_caccae_ATCC43185	1
C25H30N2O5	Bacteroides_eggerthii_DSM20697	1
C25H30N2O5	Blautia_hansenii_DSM20583	1
C25H30N2O5	Bacteroides_dorei_DSM17855	1
C25H30N2O5	Bacteroides_cellulosilyticus_DSM14838	1
C25H30N2O5	Bacteroides_vulgatus_ATCC8482	1
C25H30N2O5	Bacteroides_intestinalis_DSM17393	1
C25H30N2O5	Parabacteroides_distasonis_ATCC8503	1
C25H30N2O5	Bacteroides_pectinophilus_ATCC43243	1
C25H30N2O5	Pretovella_copri_DSM18205	1
C25H30N2O5	Bifidobacterium_breve_DSM20213	1
C25H30N2O5	Bacteroides_fragilis_NCTC_9343	1
C25H30N2O5	Bacteroides_uniformis_ATCC8492	1
C25H30N2O5	Bacteroides_stercoris_ATCC43183	1
C25H30N2O5	Subdoligranulum_variabile_DSM15176	1
C25H30N2O5	Marvinbryantia_formatexigens_DSM_14469	1
C25H30N2O5	Eubacterium_biforme_DSM3989	1
C25H30N2O5	Bacteroides_thetaiotaomicron_VPI-5482	1
C25H30N2O5	Bacteroides_fragilis_3397	1
C25H30N2O5	Salmonella_typhimurium_LT2	1
C25H30N2O5	Bacteroides_fragilis_T(B)9	1
C25H30N2O5	Bacteroides_fragilis_DS-208	1
C25H30N2O5	Bacteroides_fragilis_HMW615	1
C8H5F3N2OS	Bacteroides_caccae_ATCC43185	1
C8H5F3N2OS	Clostridium_ramosum_DSM1402	1
C8H5F3N2OS	Bacteroides_eggerthii_DSM20697	1
C8H5F3N2OS	Blautia_hansenii_DSM20583	1
C8H5F3N2OS	Bacteroides_dorei_DSM17855	1
C8H5F3N2OS	Bacteroides_vulgatus_ATCC8482	1
C8H5F3N2OS	Parabacteroides_distasonis_ATCC8503	1
C8H5F3N2OS	Pretovella_copri_DSM18205	1
C8H5F3N2OS	Bacteroides_fragilis_NCTC_9343	1
C8H5F3N2OS	Lactobacillus_reuteri_CF48-3A_BEI_HM-102	1
C8H5F3N2OS	Bacteroides_uniformis_ATCC8492	1
C8H5F3N2OS	Bacteroides_stercoris_ATCC43183	1
C8H5F3N2OS	Akkermansia_muciniphila_ATCC_BAA-835	1
C8H5F3N2OS	Roseburia_intestinalis_L1-82	1
C8H5F3N2OS	Bacteroides_ovatus_ATCC8483	1
C8H5F3N2OS	Subdoligranulum_variabile_DSM15176	1
C8H5F3N2OS	Clostridium_sporogenes_ATCC15579	1
C8H5F3N2OS	Bacteroides_thetaiotaomicron_VPI-5482	1
C8H5F3N2OS	Bacteroides_fragilis_3397	1
C8H5F3N2OS	Bacteroides_fragilis_T(B)9	1
C8H5F3N2OS	Bacteroides_fragilis_DS-208	1
C8H5F3N2OS	Bacteroides_fragilis_HMW610	1
C8H5F3N2OS	Bacteroides_fragilis_HMW615	1
C23H27FN4O2	Bacteroides_caccae_ATCC43185	1
C23H27FN4O2	Blautia_hansenii_DSM20583	1
C23H27FN4O2	Ruminococcus_gnavus_ATCC29149	1
C23H27FN4O2	Clostridium_hathewayi_DSM13479	1
C23H27FN4O2	Anaerococcus_hydrogenalis_DSM7454	1
C23H27FN4O2	Clostridium_scindens_ATCC35704	1
C23H27FN4O2	Anaerotruncus_colihominis_DSM17241	1
C23H27FN4O2	Clostridium_bolteae_ATCCBAA-613	1
C23H27FN4O2	Clostridium_symbiosum_ATCC1494_	1
C23H27FN4O2	Ruminococcus_lactaris_ATCC29176	1
C23H27FN4O2	Enterobacter_cancerogenus_ATCC35316	1
C23H27FN4O2	Clostridium_asparagiforme_DSM15981	1
C23H27FN4O2	Bifidobacterium_breve_DSM20213	1
C23H27FN4O2	Coprococcus_comes_ATCC27758	1
C23H27FN4O2	Eubacterium_hallii_DSM3353	1
C23H27FN4O2	Ruminococcus_torques_ATCC27756	1
C23H27FN4O2	Collinsella_intestinalis_DSM13280	1
C23H27FN4O2	Blautia_luti_DSM14534	1
C23H27FN4O2	Roseburia_intestinalis_L1-82	1
C23H27FN4O2	Eubacterium_rectale_ATCC33656	1
C23H27FN4O2	Subdoligranulum_variabile_DSM15176	1
C23H27FN4O2	Clostridium_sporogenes_ATCC15579	1
C23H27FN4O2	Enterococcus_faecalis_V583	1
C23H27FN4O2	Marvinbryantia_formatexigens_DSM_14469	1
C23H27FN4O2	Eubacterium_biforme_DSM3989	1
C23H27FN4O2	Clostridium_difficile_120	1
C23H27FN4O2	Bacteroides_fragilis_T(B)9	1
C23H27FN4O2	Bacteroides_fragilis_DS-208	1
C23H27FN4O2	Bacteroides_fragilis_HMW610	1
C19H28N2O4	Bacteroides_caccae_ATCC43185	1
C19H28N2O4	Bacteroides_eggerthii_DSM20697	1
C19H28N2O4	Bacteroides_dorei_DSM17855	1
C19H28N2O4	Bacteroides_cellulosilyticus_DSM14838	1
C19H28N2O4	Bacteroides_vulgatus_ATCC8482	1
C19H28N2O4	Bacteroides_finegoldii_DSM17565	1
C19H28N2O4	Parabacteroides_johnsonii_DSM18315	1
C19H28N2O4	Providencia_stuartii_ATCC25827	1
C19H28N2O4	Bacteroides_intestinalis_DSM17393	1
C19H28N2O4	Parabacteroides_distasonis_ATCC8503	1
C19H28N2O4	Bacteroides_pectinophilus_ATCC43243	1
C19H28N2O4	Pretovella_copri_DSM18205	1
C19H28N2O4	Bifidobacterium_longum_subsp._Infantis_CCUG52486	1
C19H28N2O4	Bacteroides_fragilis_NCTC_9343	1
C19H28N2O4	Bacteroides_uniformis_ATCC8492	1
C19H28N2O4	Bacteroides_stercoris_ATCC43183	1
C19H28N2O4	Providencia_alcalifaciens_DSM30120	1
C19H28N2O4	Bacteroides_ovatus_ATCC8483	1
C19H28N2O4	Parabacteroides_merdae_ATCC43184	1
C19H28N2O4	Bacteroides_WH2	1
C19H28N2O4	Subdoligranulum_variabile_DSM15176	1
C19H28N2O4	Bacteroides_thetaiotaomicron_VPI-5482	1
C19H28N2O4	Bacteroides_fragilis_3397	1
C19H28N2O4	Salmonella_typhimurium_LT2	1
C19H28N2O4	Victivallis_vadensis_ATCC_BAA-548	1
C19H28N2O4	Bacteroides_fragilis_T(B)9	1
C19H28N2O4	Bacteroides_fragilis_DS-208	1
C19H28N2O4	Bacteroides_fragilis_HMW610	1
C19H28N2O4	Bacteroides_fragilis_HMW615	1
C21H23NO4S	Bifidobacterium_adolescentis_ATCC_15703	1
C21H23NO4S	Blautia_hansenii_DSM20583	1
C21H23NO4S	Bacteroides_dorei_DSM17855	1
C21H23NO4S	Bacteroides_cellulosilyticus_DSM14838	1
C21H23NO4S	Bacteroides_vulgatus_ATCC8482	1
C21H23NO4S	Clostridium_hathewayi_DSM13479	1
C21H23NO4S	Bacteroides_finegoldii_DSM17565	1
C21H23NO4S	Parabacteroides_johnsonii_DSM18315	1
C21H23NO4S	Eubacterium_ventriosum_ATCC27560	1
C21H23NO4S	Ruminococcus_lactaris_ATCC29176	1
C21H23NO4S	Bacteroides_intestinalis_DSM17393	1
C21H23NO4S	Parabacteroides_distasonis_ATCC8503	1
C21H23NO4S	Bacteroides_pectinophilus_ATCC43243	1
C21H23NO4S	Pretovella_copri_DSM18205	1
C21H23NO4S	Bifidobacterium_breve_DSM20213	1
C21H23NO4S	Bifidobacterium_longum_subsp._Infantis_CCUG52486	1
C21H23NO4S	Bacteroides_fragilis_NCTC_9343	1
C21H23NO4S	Bacteroides_uniformis_ATCC8492	1
C21H23NO4S	Bacteroides_stercoris_ATCC43183	1
C21H23NO4S	Akkermansia_muciniphila_ATCC_BAA-835	1
C21H23NO4S	Roseburia_intestinalis_L1-82	1
C21H23NO4S	Bacteroides_ovatus_ATCC8483	1
C21H23NO4S	Parabacteroides_merdae_ATCC43184	1
C21H23NO4S	Bacteroides_WH2	1
C21H23NO4S	Clostridium_sporogenes_ATCC15579	1
C21H23NO4S	Marvinbryantia_formatexigens_DSM_14469	1
C21H23NO4S	Clostridium_difficile_120	1
C21H23NO4S	Bacteroides_thetaiotaomicron_VPI-5482	1
C21H23NO4S	Victivallis_vadensis_ATCC_BAA-548	1
C21H23NO4S	Bacteroides_fragilis_T(B)9	1
C21H23NO4S	Bacteroides_fragilis_DS-208	1
C21H23NO4S	Bacteroides_fragilis_HMW610	1
C21H23NO4S	Bacteroides_fragilis_HMW615	1
C29H30N6O6	Bacteroides_caccae_ATCC43185	1
C29H30N6O6	Bacteroides_dorei_DSM17855	1
C29H30N6O6	Bacteroides_cellulosilyticus_DSM14838	1
C29H30N6O6	Bacteroides_vulgatus_ATCC8482	1
C29H30N6O6	Collinsella_aerofaciens_ATCC25986	1
C29H30N6O6	Clostridium_hathewayi_DSM13479	1
C29H30N6O6	Anaerococcus_hydrogenalis_DSM7454	1
C29H30N6O6	Anaerotruncus_colihominis_DSM17241	1
C29H30N6O6	Clostridium_bolteae_ATCCBAA-613	1
C29H30N6O6	Clostridium_symbiosum_ATCC1494_	1
C29H30N6O6	Bacteroides_finegoldii_DSM17565	1
C29H30N6O6	Parabacteroides_johnsonii_DSM18315	1
C29H30N6O6	Eubacterium_ventriosum_ATCC27560	1
C29H30N6O6	Ruminococcus_lactaris_ATCC29176	1
C29H30N6O6	Proteus_penneri_ATCC35198	1
C29H30N6O6	Edwardsiella_tarda_ATCC23685	1
C29H30N6O6	Dorea_formicigenerans_ATCC27755	1
C29H30N6O6	Enterobacter_cancerogenus_ATCC35316	1
C29H30N6O6	Providencia_stuartii_ATCC25827	1
C29H30N6O6	Bacteroides_intestinalis_DSM17393	1
C29H30N6O6	Parabacteroides_distasonis_ATCC8503	1
C29H30N6O6	Bacteroides_pectinophilus_ATCC43243	1
C29H30N6O6	Pretovella_copri_DSM18205	1
C29H30N6O6	Clostridium_asparagiforme_DSM15981	1
C29H30N6O6	Bifidobacterium_breve_DSM20213	1
C29H30N6O6	Eubacterium_hallii_DSM3353	1
C29H30N6O6	Bifidobacterium_longum_subsp._Infantis_CCUG52486	1
C29H30N6O6	Bacteroides_fragilis_NCTC_9343	1
C29H30N6O6	Lactobacillus_reuteri_CF48-3A_BEI_HM-102	1
C29H30N6O6	Bacteroides_uniformis_ATCC8492	1
C29H30N6O6	Bacteroides_stercoris_ATCC43183	1
C29H30N6O6	Eubacterium_rectale_ATCC33656	1
C29H30N6O6	Subdoligranulum_variabile_DSM15176	1
C29H30N6O6	Marvinbryantia_formatexigens_DSM_14469	1
C29H30N6O6	Eubacterium_biforme_DSM3989	1
C29H30N6O6	Clostridium_difficile_120	1
C29H30N6O6	Bacteroides_fragilis_3397	1
C29H30N6O6	Salmonella_typhimurium_LT2	1
C29H30N6O6	Victivallis_vadensis_ATCC_BAA-548	1
C29H30N6O6	Bacteroides_fragilis_T(B)9	1
C29H30N6O6	Bacteroides_fragilis_DS-208	1
C29H30N6O6	Bacteroides_fragilis_HMW610	1
C17H18F3NO	Bacteroides_caccae_ATCC43185	1
C17H18F3NO	Clostridium_ramosum_DSM1402	1
C17H18F3NO	Bifidobacterium_adolescentis_ATCC_15703	1
C17H18F3NO	Bacteroides_eggerthii_DSM20697	1
C17H18F3NO	Blautia_hansenii_DSM20583	1
C17H18F3NO	Ruminococcus_gnavus_ATCC29149	1
C17H18F3NO	Bacteroides_dorei_DSM17855	1
C17H18F3NO	Bacteroides_vulgatus_ATCC8482	1
C17H18F3NO	Collinsella_aerofaciens_ATCC25986	1
C17H18F3NO	Clostridium_bolteae_ATCCBAA-613	1
C17H18F3NO	Parabacteroides_johnsonii_DSM18315	1
C17H18F3NO	Eubacterium_ventriosum_ATCC27560	1
C17H18F3NO	Ruminococcus_lactaris_ATCC29176	1
C17H18F3NO	Proteus_penneri_ATCC35198	1
C17H18F3NO	Dorea_formicigenerans_ATCC27755	1
C17H18F3NO	Enterobacter_cancerogenus_ATCC35316	1
C17H18F3NO	Providencia_stuartii_ATCC25827	1
C17H18F3NO	Bacteroides_intestinalis_DSM17393	1
C17H18F3NO	Parabacteroides_distasonis_ATCC8503	1
C17H18F3NO	Bacteroides_pectinophilus_ATCC43243	1
C17H18F3NO	Pretovella_copri_DSM18205	1
C17H18F3NO	Clostridium_asparagiforme_DSM15981	1
C17H18F3NO	Bifidobacterium_breve_DSM20213	1
C17H18F3NO	Eubacterium_hallii_DSM3353	1
C17H18F3NO	Bifidobacterium_longum_subsp._Infantis_CCUG52486	1
C17H18F3NO	Bacteroides_fragilis_NCTC_9343	1
C17H18F3NO	Lactobacillus_reuteri_CF48-3A_BEI_HM-102	1
C17H18F3NO	Bacteroides_uniformis_ATCC8492	1
C17H18F3NO	Bacteroides_stercoris_ATCC43183	1
C17H18F3NO	Roseburia_intestinalis_L1-82	1
C17H18F3NO	Bacteroides_ovatus_ATCC8483	1
C17H18F3NO	Parabacteroides_merdae_ATCC43184	1
C17H18F3NO	Bacteroides_WH2	1
C17H18F3NO	Eubacterium_rectale_ATCC33656	1
C17H18F3NO	Subdoligranulum_variabile_DSM15176	1
C17H18F3NO	Clostridium_sporogenes_ATCC15579	1
C17H18F3NO	Enterococcus_faecalis_V583	1
C17H18F3NO	Eubacterium_biforme_DSM3989	1
C17H18F3NO	Clostridium_difficile_120	1
C17H18F3NO	Bacteroides_thetaiotaomicron_VPI-5482	1
C17H18F3NO	Bacteroides_fragilis_3397	1
C17H18F3NO	Salmonella_typhimurium_LT2	1
C17H18F3NO	Bacteroides_fragilis_T(B)9	1
C17H18F3NO	Bacteroides_fragilis_DS-208	1
C17H18F3NO	Bacteroides_fragilis_HMW610	1
C17H18F3NO	Bacteroides_fragilis_HMW615	1
C11H11N5	Clostridium_ramosum_DSM1402	1
C11H11N5	Blautia_hansenii_DSM20583	1
C11H11N5	Ruminococcus_gnavus_ATCC29149	1
C11H11N5	Bacteroides_dorei_DSM17855	1
C11H11N5	Bacteroides_cellulosilyticus_DSM14838	1
C11H11N5	Bacteroides_vulgatus_ATCC8482	1
C11H11N5	Collinsella_aerofaciens_ATCC25986	1
C11H11N5	Clostridium_hathewayi_DSM13479	1
C11H11N5	Anaerococcus_hydrogenalis_DSM7454	1
C11H11N5	Anaerotruncus_colihominis_DSM17241	1
C11H11N5	Clostridium_bolteae_ATCCBAA-613	1
C11H11N5	Clostridium_symbiosum_ATCC1494_	1
C11H11N5	Bacteroides_finegoldii_DSM17565	1
C11H11N5	Parabacteroides_johnsonii_DSM18315	1
C11H11N5	Eubacterium_ventriosum_ATCC27560	1
C11H11N5	Ruminococcus_lactaris_ATCC29176	1
C11H11N5	Proteus_penneri_ATCC35198	1
C11H11N5	Dorea_formicigenerans_ATCC27755	1
C11H11N5	Clostridium_spiroforme_DSM1552	1
C11H11N5	Bacteroides_intestinalis_DSM17393	1
C11H11N5	Parabacteroides_distasonis_ATCC8503	1
C11H11N5	Pretovella_copri_DSM18205	1
C11H11N5	Clostridium_asparagiforme_DSM15981	1
C11H11N5	Bifidobacterium_breve_DSM20213	1
C11H11N5	Coprococcus_comes_ATCC27758	1
C11H11N5	Eubacterium_hallii_DSM3353	1
C11H11N5	Ruminococcus_torques_ATCC27756	1
C11H11N5	Bacteroides_fragilis_NCTC_9343	1
C11H11N5	Bacteroides_uniformis_ATCC8492	1
C11H11N5	Collinsella_intestinalis_DSM13280	1
C11H11N5	Blautia_luti_DSM14534	1
C11H11N5	Roseburia_intestinalis_L1-82	1
C11H11N5	Bacteroides_ovatus_ATCC8483	1
C11H11N5	Parabacteroides_merdae_ATCC43184	1
C11H11N5	Bacteroides_WH2	1
C11H11N5	Eubacterium_rectale_ATCC33656	1
C11H11N5	Subdoligranulum_variabile_DSM15176	1
C11H11N5	Clostridium_sporogenes_ATCC15579	1
C11H11N5	Enterococcus_faecalis_V583	1
C11H11N5	Marvinbryantia_formatexigens_DSM_14469	1
C11H11N5	Eubacterium_biforme_DSM3989	1
C11H11N5	Clostridium_difficile_120	1
C11H11N5	Bacteroides_thetaiotaomicron_VPI-5482	1
C11H11N5	Bacteroides_fragilis_3397	1
C11H11N5	Victivallis_vadensis_ATCC_BAA-548	1
C11H11N5	Bacteroides_fragilis_T(B)9	1
C11H11N5	Bacteroides_fragilis_DS-208	1
C11H11N5	Bacteroides_fragilis_HMW610	1
C11H11N5	Bacteroides_fragilis_HMW615	1
C18H20N2O6	Bacteroides_caccae_ATCC43185	1
C18H20N2O6	Clostridium_ramosum_DSM1402	1
C18H20N2O6	Bifidobacterium_adolescentis_ATCC_15703	1
C18H20N2O6	Bacteroides_eggerthii_DSM20697	1
C18H20N2O6	Blautia_hansenii_DSM20583	1
C18H20N2O6	Ruminococcus_gnavus_ATCC29149	1
C18H20N2O6	Bacteroides_dorei_DSM17855	1
C18H20N2O6	Bacteroides_cellulosilyticus_DSM14838	1
C18H20N2O6	Bacteroides_vulgatus_ATCC8482	1
C18H20N2O6	Collinsella_aerofaciens_ATCC25986	1
C18H20N2O6	Clostridium_hathewayi_DSM13479	1
C18H20N2O6	Anaerococcus_hydrogenalis_DSM7454	1
C18H20N2O6	Clostridium_scindens_ATCC35704	1
C18H20N2O6	Anaerotruncus_colihominis_DSM17241	1
C18H20N2O6	Clostridium_bolteae_ATCCBAA-613	1
C18H20N2O6	Clostridium_symbiosum_ATCC1494_	1
C18H20N2O6	Bacteroides_finegoldii_DSM17565	1
C18H20N2O6	Parabacteroides_johnsonii_DSM18315	1
C18H20N2O6	Eubacterium_ventriosum_ATCC27560	1
C18H20N2O6	Ruminococcus_lactaris_ATCC29176	1
C18H20N2O6	Dorea_formicigenerans_ATCC27755	1
C18H20N2O6	Clostridium_spiroforme_DSM1552	1
C18H20N2O6	Bacteroides_intestinalis_DSM17393	1
C18H20N2O6	Parabacteroides_distasonis_ATCC8503	1
C18H20N2O6	Pretovella_copri_DSM18205	1
C18H20N2O6	Clostridium_asparagiforme_DSM15981	1
C18H20N2O6	Coprococcus_comes_ATCC27758	1
C18H20N2O6	Eubacterium_hallii_DSM3353	1
C18H20N2O6	Bifidobacterium_longum_subsp._Infantis_CCUG52486	1
C18H20N2O6	Bacteroides_fragilis_NCTC_9343	1
C18H20N2O6	Bacteroides_uniformis_ATCC8492	1
C18H20N2O6	Bacteroides_stercoris_ATCC43183	1
C18H20N2O6	Collinsella_intestinalis_DSM13280	1
C18H20N2O6	Blautia_luti_DSM14534	1
C18H20N2O6	Roseburia_intestinalis_L1-82	1
C18H20N2O6	Parabacteroides_merdae_ATCC43184	1
C18H20N2O6	Bacteroides_WH2	1
C18H20N2O6	Eubacterium_rectale_ATCC33656	1
C18H20N2O6	Subdoligranulum_variabile_DSM15176	1
C18H20N2O6	Clostridium_sporogenes_ATCC15579	1
C18H20N2O6	Marvinbryantia_formatexigens_DSM_14469	1
C18H20N2O6	Eubacterium_biforme_DSM3989	1
C18H20N2O6	Clostridium_difficile_120	1
C18H20N2O6	Bacteroides_thetaiotaomicron_VPI-5482	1
C18H20N2O6	Bacteroides_fragilis_3397	1
C18H20N2O6	Victivallis_vadensis_ATCC_BAA-548	1
C18H20N2O6	Bacteroides_fragilis_T(B)9	1
C18H20N2O6	Bacteroides_fragilis_DS-208	1
C18H20N2O6	Bacteroides_fragilis_HMW610	1
C18H20N2O6	Bacteroides_fragilis_HMW615	1
C18H14N4O5S	Bacteroides_caccae_ATCC43185	1
C18H14N4O5S	Clostridium_ramosum_DSM1402	1
C18H14N4O5S	Bifidobacterium_adolescentis_ATCC_15703	1
C18H14N4O5S	Bacteroides_eggerthii_DSM20697	1
C18H14N4O5S	Blautia_hansenii_DSM20583	1
C18H14N4O5S	Ruminococcus_gnavus_ATCC29149	1
C18H14N4O5S	Bacteroides_dorei_DSM17855	1
C18H14N4O5S	Bacteroides_cellulosilyticus_DSM14838	1
C18H14N4O5S	Bacteroides_vulgatus_ATCC8482	1
C18H14N4O5S	Collinsella_aerofaciens_ATCC25986	1
C18H14N4O5S	Clostridium_hathewayi_DSM13479	1
C18H14N4O5S	Anaerococcus_hydrogenalis_DSM7454	1
C18H14N4O5S	Clostridium_scindens_ATCC35704	1
C18H14N4O5S	Anaerotruncus_colihominis_DSM17241	1
C18H14N4O5S	Clostridium_bolteae_ATCCBAA-613	1
C18H14N4O5S	Clostridium_symbiosum_ATCC1494_	1
C18H14N4O5S	Bacteroides_finegoldii_DSM17565	1
C18H14N4O5S	Ruminococcus_lactaris_ATCC29176	1
C18H14N4O5S	Proteus_penneri_ATCC35198	1
C18H14N4O5S	Dorea_formicigenerans_ATCC27755	1
C18H14N4O5S	Clostridium_spiroforme_DSM1552	1
C18H14N4O5S	Bacteroides_intestinalis_DSM17393	1
C18H14N4O5S	Parabacteroides_distasonis_ATCC8503	1
C18H14N4O5S	Pretovella_copri_DSM18205	1
C18H14N4O5S	Clostridium_asparagiforme_DSM15981	1
C18H14N4O5S	Bifidobacterium_breve_DSM20213	1
C18H14N4O5S	Coprococcus_comes_ATCC27758	1
C18H14N4O5S	Eubacterium_hallii_DSM3353	1
C18H14N4O5S	Bifidobacterium_longum_subsp._Infantis_CCUG52486	1
C18H14N4O5S	Ruminococcus_torques_ATCC27756	1
C18H14N4O5S	Bacteroides_fragilis_NCTC_9343	1
C18H14N4O5S	Lactobacillus_reuteri_CF48-3A_BEI_HM-102	1
C18H14N4O5S	Bacteroides_uniformis_ATCC8492	1
C18H14N4O5S	Collinsella_intestinalis_DSM13280	1
C18H14N4O5S	Blautia_luti_DSM14534	1
C18H14N4O5S	Roseburia_intestinalis_L1-82	1
C18H14N4O5S	Parabacteroides_merdae_ATCC43184	1
C18H14N4O5S	Bacteroides_WH2	1
C18H14N4O5S	Eubacterium_rectale_ATCC33656	1
C18H14N4O5S	Subdoligranulum_variabile_DSM15176	1
C18H14N4O5S	Clostridium_sporogenes_ATCC15579	1
C18H14N4O5S	Enterococcus_faecalis_V583	1
C18H14N4O5S	Eubacterium_biforme_DSM3989	1
C18H14N4O5S	Clostridium_difficile_120	1
C18H14N4O5S	Bacteroides_thetaiotaomicron_VPI-5482	1
C18H14N4O5S	Bacteroides_fragilis_3397	1
C18H14N4O5S	Victivallis_vadensis_ATCC_BAA-548	1
C18H14N4O5S	Bacteroides_fragilis_T(B)9	1
C18H14N4O5S	Bacteroides_fragilis_DS-208	1
C18H14N4O5S	Bacteroides_fragilis_HMW610	1
C18H14N4O5S	Bacteroides_fragilis_HMW615	1
C8H13N3O4S	Bacteroides_caccae_ATCC43185	1
C8H13N3O4S	Clostridium_ramosum_DSM1402	1
C8H13N3O4S	Bifidobacterium_adolescentis_ATCC_15703	1
C8H13N3O4S	Bacteroides_eggerthii_DSM20697	1
C8H13N3O4S	Blautia_hansenii_DSM20583	1
C8H13N3O4S	Ruminococcus_gnavus_ATCC29149	1
C8H13N3O4S	Bacteroides_dorei_DSM17855	1
C8H13N3O4S	Bacteroides_cellulosilyticus_DSM14838	1
C8H13N3O4S	Bacteroides_vulgatus_ATCC8482	1
C8H13N3O4S	Collinsella_aerofaciens_ATCC25986	1
C8H13N3O4S	Clostridium_hathewayi_DSM13479	1
C8H13N3O4S	Anaerococcus_hydrogenalis_DSM7454	1
C8H13N3O4S	Clostridium_scindens_ATCC35704	1
C8H13N3O4S	Anaerotruncus_colihominis_DSM17241	1
C8H13N3O4S	Clostridium_bolteae_ATCCBAA-613	1
C8H13N3O4S	Clostridium_symbiosum_ATCC1494_	1
C8H13N3O4S	Bacteroides_finegoldii_DSM17565	1
C8H13N3O4S	Parabacteroides_johnsonii_DSM18315	1
C8H13N3O4S	Eubacterium_ventriosum_ATCC27560	1
C8H13N3O4S	Ruminococcus_lactaris_ATCC29176	1
C8H13N3O4S	Dorea_formicigenerans_ATCC27755	1
C8H13N3O4S	Clostridium_spiroforme_DSM1552	1
C8H13N3O4S	Bacteroides_intestinalis_DSM17393	1
C8H13N3O4S	Parabacteroides_distasonis_ATCC8503	1
C8H13N3O4S	Pretovella_copri_DSM18205	1
C8H13N3O4S	Clostridium_asparagiforme_DSM15981	1
C8H13N3O4S	Bifidobacterium_breve_DSM20213	1
C8H13N3O4S	Coprococcus_comes_ATCC27758	1
C8H13N3O4S	Eubacterium_hallii_DSM3353	1
C8H13N3O4S	Bifidobacterium_longum_subsp._Infantis_CCUG52486	1
C8H13N3O4S	Ruminococcus_torques_ATCC27756	1
C8H13N3O4S	Bacteroides_fragilis_NCTC_9343	1
C8H13N3O4S	Bacteroides_uniformis_ATCC8492	1
C8H13N3O4S	Bacteroides_stercoris_ATCC43183	1
C8H13N3O4S	Akkermansia_muciniphila_ATCC_BAA-835	1
C8H13N3O4S	Collinsella_intestinalis_DSM13280	1
C8H13N3O4S	Blautia_luti_DSM14534	1
C8H13N3O4S	Roseburia_intestinalis_L1-82	1
C8H13N3O4S	Bacteroides_ovatus_ATCC8483	1
C8H13N3O4S	Parabacteroides_merdae_ATCC43184	1
C8H13N3O4S	Bacteroides_WH2	1
C8H13N3O4S	Eubacterium_rectale_ATCC33656	1
C8H13N3O4S	Subdoligranulum_variabile_DSM15176	1
C8H13N3O4S	Clostridium_sporogenes_ATCC15579	1
C8H13N3O4S	Enterococcus_faecalis_V583	1
C8H13N3O4S	Marvinbryantia_formatexigens_DSM_14469	1
C8H13N3O4S	Eubacterium_biforme_DSM3989	1
C8H13N3O4S	Clostridium_difficile_120	1
C8H13N3O4S	Bacteroides_thetaiotaomicron_VPI-5482	1
C8H13N3O4S	Bacteroides_fragilis_3397	1
C8H13N3O4S	Victivallis_vadensis_ATCC_BAA-548	1
C8H13N3O4S	Bacteroides_fragilis_T(B)9	1
C8H13N3O4S	Bacteroides_fragilis_DS-208	1
C8H13N3O4S	Bacteroides_fragilis_HMW610	1
C8H13N3O4S	Bacteroides_fragilis_HMW615	1
C23H31NO7	Clostridium_ramosum_DSM1402	1
C23H31NO7	Bifidobacterium_adolescentis_ATCC_15703	1
C23H31NO7	Bacteroides_eggerthii_DSM20697	1
C23H31NO7	Blautia_hansenii_DSM20583	1
C23H31NO7	Bacteroides_dorei_DSM17855	1
C23H31NO7	Bacteroides_vulgatus_ATCC8482	1
C23H31NO7	Clostridium_hathewayi_DSM13479	1
C23H31NO7	Anaerococcus_hydrogenalis_DSM7454	1
C23H31NO7	Clostridium_scindens_ATCC35704	1
C23H31NO7	Clostridium_bolteae_ATCCBAA-613	1
C23H31NO7	Parabacteroides_johnsonii_DSM18315	1
C23H31NO7	Proteus_penneri_ATCC35198	1
C23H31NO7	Edwardsiella_tarda_ATCC23685	1
C23H31NO7	Dorea_formicigenerans_ATCC27755	1
C23H31NO7	Enterobacter_cancerogenus_ATCC35316	1
C23H31NO7	Providencia_stuartii_ATCC25827	1
C23H31NO7	Clostridium_spiroforme_DSM1552	1
C23H31NO7	Bacteroides_intestinalis_DSM17393	1
C23H31NO7	Parabacteroides_distasonis_ATCC8503	1
C23H31NO7	Bacteroides_pectinophilus_ATCC43243	1
C23H31NO7	Pretovella_copri_DSM18205	1
C23H31NO7	Clostridium_asparagiforme_DSM15981	1
C23H31NO7	Bifidobacterium_breve_DSM20213	1
C23H31NO7	Coprococcus_comes_ATCC27758	1
C23H31NO7	Eubacterium_hallii_DSM3353	1
C23H31NO7	Bifidobacterium_longum_subsp._Infantis_CCUG52486	1
C23H31NO7	Ruminococcus_torques_ATCC27756	1
C23H31NO7	Bacteroides_fragilis_NCTC_9343	1
C23H31NO7	Lactobacillus_reuteri_CF48-3A_BEI_HM-102	1
C23H31NO7	Bacteroides_uniformis_ATCC8492	1
C23H31NO7	Bacteroides_stercoris_ATCC43183	1
C23H31NO7	Akkermansia_muciniphila_ATCC_BAA-835	1
C23H31NO7	Providencia_alcalifaciens_DSM30120	1
C23H31NO7	Providencia_rettgeri_DSM1131	1
C23H31NO7	Collinsella_intestinalis_DSM13280	1
C23H31NO7	Blautia_luti_DSM14534	1
C23H31NO7	Roseburia_intestinalis_L1-82	1
C23H31NO7	Bacteroides_ovatus_ATCC8483	1
C23H31NO7	Parabacteroides_merdae_ATCC43184	1
C23H31NO7	Bacteroides_WH2	1
C23H31NO7	Eubacterium_rectale_ATCC33656	1
C23H31NO7	Subdoligranulum_variabile_DSM15176	1
C23H31NO7	Enterococcus_faecalis_V583	1
C23H31NO7	Marvinbryantia_formatexigens_DSM_14469	1
C23H31NO7	Eubacterium_biforme_DSM3989	1
C23H31NO7	Clostridium_difficile_120	1
C23H31NO7	Bacteroides_thetaiotaomicron_VPI-5482	1
C23H31NO7	Bacteroides_fragilis_3397	1
C23H31NO7	Salmonella_typhimurium_LT2	1
C23H31NO7	Victivallis_vadensis_ATCC_BAA-548	1
C23H31NO7	Bacteroides_fragilis_T(B)9	1
C23H31NO7	Bacteroides_fragilis_DS-208	1
C23H31NO7	Bacteroides_fragilis_HMW610	1
C23H31NO7	Bacteroides_fragilis_HMW615	1
C33H44BrN5O8S	Clostridium_ramosum_DSM1402	1
C33H44BrN5O8S	Bifidobacterium_adolescentis_ATCC_15703	1
C33H44BrN5O8S	Bacteroides_eggerthii_DSM20697	1
C33H44BrN5O8S	Blautia_hansenii_DSM20583	1
C33H44BrN5O8S	Ruminococcus_gnavus_ATCC29149	1
C33H44BrN5O8S	Bacteroides_dorei_DSM17855	1
C33H44BrN5O8S	Bacteroides_cellulosilyticus_DSM14838	1
C33H44BrN5O8S	Bacteroides_vulgatus_ATCC8482	1
C33H44BrN5O8S	Collinsella_aerofaciens_ATCC25986	1
C33H44BrN5O8S	Clostridium_hathewayi_DSM13479	1
C33H44BrN5O8S	Anaerococcus_hydrogenalis_DSM7454	1
C33H44BrN5O8S	Anaerotruncus_colihominis_DSM17241	1
C33H44BrN5O8S	Clostridium_bolteae_ATCCBAA-613	1
C33H44BrN5O8S	Clostridium_symbiosum_ATCC1494_	1
C33H44BrN5O8S	Bacteroides_finegoldii_DSM17565	1
C33H44BrN5O8S	Parabacteroides_johnsonii_DSM18315	1
C33H44BrN5O8S	Eubacterium_ventriosum_ATCC27560	1
C33H44BrN5O8S	Ruminococcus_lactaris_ATCC29176	1
C33H44BrN5O8S	Proteus_penneri_ATCC35198	1
C33H44BrN5O8S	Edwardsiella_tarda_ATCC23685	1
C33H44BrN5O8S	Dorea_formicigenerans_ATCC27755	1
C33H44BrN5O8S	Enterobacter_cancerogenus_ATCC35316	1
C33H44BrN5O8S	Providencia_stuartii_ATCC25827	1
C33H44BrN5O8S	Clostridium_spiroforme_DSM1552	1
C33H44BrN5O8S	Bacteroides_intestinalis_DSM17393	1
C33H44BrN5O8S	Parabacteroides_distasonis_ATCC8503	1
C33H44BrN5O8S	Bacteroides_pectinophilus_ATCC43243	1
C33H44BrN5O8S	Pretovella_copri_DSM18205	1
C33H44BrN5O8S	Clostridium_asparagiforme_DSM15981	1
C33H44BrN5O8S	Bifidobacterium_breve_DSM20213	1
C33H44BrN5O8S	Eubacterium_hallii_DSM3353	1
C33H44BrN5O8S	Bifidobacterium_longum_subsp._Infantis_CCUG52486	1
C33H44BrN5O8S	Ruminococcus_torques_ATCC27756	1
C33H44BrN5O8S	Bacteroides_fragilis_NCTC_9343	1
C33H44BrN5O8S	Lactobacillus_reuteri_CF48-3A_BEI_HM-102	1
C33H44BrN5O8S	Bacteroides_uniformis_ATCC8492	1
C33H44BrN5O8S	Akkermansia_muciniphila_ATCC_BAA-835	1
C33H44BrN5O8S	Providencia_rettgeri_DSM1131	1
C33H44BrN5O8S	Collinsella_intestinalis_DSM13280	1
C33H44BrN5O8S	Blautia_luti_DSM14534	1
C33H44BrN5O8S	Roseburia_intestinalis_L1-82	1
C33H44BrN5O8S	Bacteroides_ovatus_ATCC8483	1
C33H44BrN5O8S	Parabacteroides_merdae_ATCC43184	1
C33H44BrN5O8S	Eubacterium_rectale_ATCC33656	1
C33H44BrN5O8S	Subdoligranulum_variabile_DSM15176	1
C33H44BrN5O8S	Clostridium_sporogenes_ATCC15579	1
C33H44BrN5O8S	Clostridium_difficile_120	1
C33H44BrN5O8S	Bacteroides_thetaiotaomicron_VPI-5482	1
C33H44BrN5O8S	Bacteroides_fragilis_3397	1
C33H44BrN5O8S	Salmonella_typhimurium_LT2	1
C33H44BrN5O8S	Victivallis_vadensis_ATCC_BAA-548	1
C33H44BrN5O8S	Bacteroides_fragilis_T(B)9	1
C33H44BrN5O8S	Bacteroides_fragilis_DS-208	1
C33H44BrN5O8S	Bacteroides_fragilis_HMW610	1
C33H44BrN5O8S	Bacteroides_fragilis_HMW615	1
C14H15N3O5	Bacteroides_caccae_ATCC43185	1
C14H15N3O5	Clostridium_ramosum_DSM1402	1
C14H15N3O5	Bifidobacterium_adolescentis_ATCC_15703	1
C14H15N3O5	Bacteroides_eggerthii_DSM20697	1
C14H15N3O5	Blautia_hansenii_DSM20583	1
C14H15N3O5	Ruminococcus_gnavus_ATCC29149	1
C14H15N3O5	Bacteroides_dorei_DSM17855	1
C14H15N3O5	Bacteroides_cellulosilyticus_DSM14838	1
C14H15N3O5	Bacteroides_vulgatus_ATCC8482	1
C14H15N3O5	Collinsella_aerofaciens_ATCC25986	1
C14H15N3O5	Clostridium_hathewayi_DSM13479	1
C14H15N3O5	Anaerococcus_hydrogenalis_DSM7454	1
C14H15N3O5	Clostridium_scindens_ATCC35704	1
C14H15N3O5	Anaerotruncus_colihominis_DSM17241	1
C14H15N3O5	Clostridium_bolteae_ATCCBAA-613	1
C14H15N3O5	Clostridium_symbiosum_ATCC1494_	1
C14H15N3O5	Bacteroides_finegoldii_DSM17565	1
C14H15N3O5	Parabacteroides_johnsonii_DSM18315	1
C14H15N3O5	Eubacterium_ventriosum_ATCC27560	1
C14H15N3O5	Ruminococcus_lactaris_ATCC29176	1
C14H15N3O5	Proteus_penneri_ATCC35198	1
C14H15N3O5	Edwardsiella_tarda_ATCC23685	1
C14H15N3O5	Dorea_formicigenerans_ATCC27755	1
C14H15N3O5	Clostridium_spiroforme_DSM1552	1
C14H15N3O5	Bacteroides_intestinalis_DSM17393	1
C14H15N3O5	Parabacteroides_distasonis_ATCC8503	1
C14H15N3O5	Bacteroides_pectinophilus_ATCC43243	1
C14H15N3O5	Pretovella_copri_DSM18205	1
C14H15N3O5	Clostridium_asparagiforme_DSM15981	1
C14H15N3O5	Bifidobacterium_breve_DSM20213	1
C14H15N3O5	Coprococcus_comes_ATCC27758	1
C14H15N3O5	Eubacterium_hallii_DSM3353	1
C14H15N3O5	Bifidobacterium_longum_subsp._Infantis_CCUG52486	1
C14H15N3O5	Ruminococcus_torques_ATCC27756	1
C14H15N3O5	Bacteroides_fragilis_NCTC_9343	1
C14H15N3O5	Bacteroides_uniformis_ATCC8492	1
C14H15N3O5	Bacteroides_stercoris_ATCC43183	1
C14H15N3O5	Akkermansia_muciniphila_ATCC_BAA-835	1
C14H15N3O5	Collinsella_intestinalis_DSM13280	1
C14H15N3O5	Blautia_luti_DSM14534	1
C14H15N3O5	Roseburia_intestinalis_L1-82	1
C14H15N3O5	Bacteroides_ovatus_ATCC8483	1
C14H15N3O5	Parabacteroides_merdae_ATCC43184	1
C14H15N3O5	Bacteroides_WH2	1
C14H15N3O5	Eubacterium_rectale_ATCC33656	1
C14H15N3O5	Subdoligranulum_variabile_DSM15176	1
C14H15N3O5	Clostridium_sporogenes_ATCC15579	1
C14H15N3O5	Enterococcus_faecalis_V583	1
C14H15N3O5	Marvinbryantia_formatexigens_DSM_14469	1
C14H15N3O5	Eubacterium_biforme_DSM3989	1
C14H15N3O5	Clostridium_difficile_120	1
C14H15N3O5	Bacteroides_thetaiotaomicron_VPI-5482	1
C14H15N3O5	Bacteroides_fragilis_3397	1
C14H15N3O5	Victivallis_vadensis_ATCC_BAA-548	1
C14H15N3O5	Bacteroides_fragilis_T(B)9	1
C14H15N3O5	Bacteroides_fragilis_DS-208	1
C14H15N3O5	Bacteroides_fragilis_HMW610	1
C14H15N3O5	Bacteroides_fragilis_HMW615	1
C22H27NO2	Bacteroides_caccae_ATCC43185	1
C22H27NO2	Clostridium_ramosum_DSM1402	1
C22H27NO2	Bifidobacterium_adolescentis_ATCC_15703	1
C22H27NO2	Bacteroides_eggerthii_DSM20697	1
C22H27NO2	Blautia_hansenii_DSM20583	1
C22H27NO2	Ruminococcus_gnavus_ATCC29149	1
C22H27NO2	Bacteroides_dorei_DSM17855	1
C22H27NO2	Bacteroides_cellulosilyticus_DSM14838	1
C22H27NO2	Bacteroides_vulgatus_ATCC8482	1
C22H27NO2	Collinsella_aerofaciens_ATCC25986	1
C22H27NO2	Clostridium_hathewayi_DSM13479	1
C22H27NO2	Anaerococcus_hydrogenalis_DSM7454	1
C22H27NO2	Clostridium_scindens_ATCC35704	1
C22H27NO2	Anaerotruncus_colihominis_DSM17241	1
C22H27NO2	Clostridium_bolteae_ATCCBAA-613	1
C22H27NO2	Clostridium_symbiosum_ATCC1494_	1
C22H27NO2	Bacteroides_finegoldii_DSM17565	1
C22H27NO2	Parabacteroides_johnsonii_DSM18315	1
C22H27NO2	Eubacterium_ventriosum_ATCC27560	1
C22H27NO2	Ruminococcus_lactaris_ATCC29176	1
C22H27NO2	Proteus_penneri_ATCC35198	1
C22H27NO2	Edwardsiella_tarda_ATCC23685	1
C22H27NO2	Dorea_formicigenerans_ATCC27755	1
C22H27NO2	Enterobacter_cancerogenus_ATCC35316	1
C22H27NO2	Providencia_stuartii_ATCC25827	1
C22H27NO2	Clostridium_spiroforme_DSM1552	1
C22H27NO2	Bacteroides_intestinalis_DSM17393	1
C22H27NO2	Parabacteroides_distasonis_ATCC8503	1
C22H27NO2	Bacteroides_pectinophilus_ATCC43243	1
C22H27NO2	Pretovella_copri_DSM18205	1
C22H27NO2	Bifidobacterium_breve_DSM20213	1
C22H27NO2	Coprococcus_comes_ATCC27758	1
C22H27NO2	Bifidobacterium_longum_subsp._Infantis_CCUG52486	1
C22H27NO2	Ruminococcus_torques_ATCC27756	1
C22H27NO2	Bacteroides_fragilis_NCTC_9343	1
C22H27NO2	Bacteroides_uniformis_ATCC8492	1
C22H27NO2	Bacteroides_stercoris_ATCC43183	1
C22H27NO2	Akkermansia_muciniphila_ATCC_BAA-835	1
C22H27NO2	Providencia_alcalifaciens_DSM30120	1
C22H27NO2	Providencia_rettgeri_DSM1131	1
C22H27NO2	Blautia_luti_DSM14534	1
C22H27NO2	Roseburia_intestinalis_L1-82	1
C22H27NO2	Parabacteroides_merdae_ATCC43184	1
C22H27NO2	Bacteroides_WH2	1
C22H27NO2	Eubacterium_rectale_ATCC33656	1
C22H27NO2	Subdoligranulum_variabile_DSM15176	1
C22H27NO2	Clostridium_sporogenes_ATCC15579	1
C22H27NO2	Enterococcus_faecalis_V583	1
C22H27NO2	Marvinbryantia_formatexigens_DSM_14469	1
C22H27NO2	Eubacterium_biforme_DSM3989	1
C22H27NO2	Clostridium_difficile_120	1
C22H27NO2	Bacteroides_thetaiotaomicron_VPI-5482	1
C22H27NO2	Bacteroides_fragilis_3397	1
C22H27NO2	Salmonella_typhimurium_LT2	1
C22H27NO2	Victivallis_vadensis_ATCC_BAA-548	1
C22H27NO2	Bacteroides_fragilis_T(B)9	1
C22H27NO2	Bacteroides_fragilis_DS-208	1
C22H27NO2	Bacteroides_fragilis_HMW610	1
C22H27NO2	Bacteroides_fragilis_HMW615	1
C16H18N4O3S	Bacteroides_caccae_ATCC43185	1
C16H18N4O3S	Clostridium_ramosum_DSM1402	1
C16H18N4O3S	Bifidobacterium_adolescentis_ATCC_15703	1
C16H18N4O3S	Bacteroides_eggerthii_DSM20697	1
C16H18N4O3S	Blautia_hansenii_DSM20583	1
C16H18N4O3S	Ruminococcus_gnavus_ATCC29149	1
C16H18N4O3S	Bacteroides_dorei_DSM17855	1
C16H18N4O3S	Bacteroides_cellulosilyticus_DSM14838	1
C16H18N4O3S	Bacteroides_vulgatus_ATCC8482	1
C16H18N4O3S	Collinsella_aerofaciens_ATCC25986	1
C16H18N4O3S	Clostridium_hathewayi_DSM13479	1
C16H18N4O3S	Anaerococcus_hydrogenalis_DSM7454	1
C16H18N4O3S	Clostridium_scindens_ATCC35704	1
C16H18N4O3S	Bacteroides_finegoldii_DSM17565	1
C16H18N4O3S	Eubacterium_ventriosum_ATCC27560	1
C16H18N4O3S	Proteus_penneri_ATCC35198	1
C16H18N4O3S	Edwardsiella_tarda_ATCC23685	1
C16H18N4O3S	Dorea_formicigenerans_ATCC27755	1
C16H18N4O3S	Enterobacter_cancerogenus_ATCC35316	1
C16H18N4O3S	Providencia_stuartii_ATCC25827	1
C16H18N4O3S	Clostridium_spiroforme_DSM1552	1
C16H18N4O3S	Bacteroides_intestinalis_DSM17393	1
C16H18N4O3S	Parabacteroides_distasonis_ATCC8503	1
C16H18N4O3S	Bacteroides_pectinophilus_ATCC43243	1
C16H18N4O3S	Pretovella_copri_DSM18205	1
C16H18N4O3S	Clostridium_asparagiforme_DSM15981	1
C16H18N4O3S	Bifidobacterium_breve_DSM20213	1
C16H18N4O3S	Coprococcus_comes_ATCC27758	1
C16H18N4O3S	Eubacterium_hallii_DSM3353	1
C16H18N4O3S	Bifidobacterium_longum_subsp._Infantis_CCUG52486	1
C16H18N4O3S	Ruminococcus_torques_ATCC27756	1
C16H18N4O3S	Bacteroides_fragilis_NCTC_9343	1
C16H18N4O3S	Lactobacillus_reuteri_CF48-3A_BEI_HM-102	1
C16H18N4O3S	Bacteroides_uniformis_ATCC8492	1
C16H18N4O3S	Bacteroides_stercoris_ATCC43183	1
C16H18N4O3S	Akkermansia_muciniphila_ATCC_BAA-835	1
C16H18N4O3S	Providencia_alcalifaciens_DSM30120	1
C16H18N4O3S	Providencia_rettgeri_DSM1131	1
C16H18N4O3S	Collinsella_intestinalis_DSM13280	1
C16H18N4O3S	Blautia_luti_DSM14534	1
C16H18N4O3S	Roseburia_intestinalis_L1-82	1
C16H18N4O3S	Bacteroides_ovatus_ATCC8483	1
C16H18N4O3S	Parabacteroides_merdae_ATCC43184	1
C16H18N4O3S	Bacteroides_WH2	1
C16H18N4O3S	Eubacterium_rectale_ATCC33656	1
C16H18N4O3S	Subdoligranulum_variabile_DSM15176	1
C16H18N4O3S	Clostridium_sporogenes_ATCC15579	1
C16H18N4O3S	Enterococcus_faecalis_V583	1
C16H18N4O3S	Marvinbryantia_formatexigens_DSM_14469	1
C16H18N4O3S	Eubacterium_biforme_DSM3989	1
C16H18N4O3S	Clostridium_difficile_120	1
C16H18N4O3S	Bacteroides_thetaiotaomicron_VPI-5482	1
C16H18N4O3S	Bacteroides_fragilis_3397	1
C16H18N4O3S	Salmonella_typhimurium_LT2	1
C16H18N4O3S	Victivallis_vadensis_ATCC_BAA-548	1
C16H18N4O3S	Bacteroides_fragilis_T(B)9	1
C16H18N4O3S	Bacteroides_fragilis_DS-208	1
C16H18N4O3S	Bacteroides_fragilis_HMW610	1
C16H18N4O3S	Bacteroides_fragilis_HMW615	1
C10H11NO3	Bacteroides_caccae_ATCC43185	1
C10H11NO3	Clostridium_ramosum_DSM1402	1
C10H11NO3	Bifidobacterium_adolescentis_ATCC_15703	1
C10H11NO3	Bacteroides_eggerthii_DSM20697	1
C10H11NO3	Ruminococcus_gnavus_ATCC29149	1
C10H11NO3	Bacteroides_dorei_DSM17855	1
C10H11NO3	Bacteroides_cellulosilyticus_DSM14838	1
C10H11NO3	Bacteroides_vulgatus_ATCC8482	1
C10H11NO3	Collinsella_aerofaciens_ATCC25986	1
C10H11NO3	Clostridium_hathewayi_DSM13479	1
C10H11NO3	Anaerococcus_hydrogenalis_DSM7454	1
C10H11NO3	Clostridium_scindens_ATCC35704	1
C10H11NO3	Anaerotruncus_colihominis_DSM17241	1
C10H11NO3	Clostridium_bolteae_ATCCBAA-613	1
C10H11NO3	Clostridium_symbiosum_ATCC1494_	1
C10H11NO3	Bacteroides_finegoldii_DSM17565	1
C10H11NO3	Parabacteroides_johnsonii_DSM18315	1
C10H11NO3	Eubacterium_ventriosum_ATCC27560	1
C10H11NO3	Ruminococcus_lactaris_ATCC29176	1
C10H11NO3	Proteus_penneri_ATCC35198	1
C10H11NO3	Edwardsiella_tarda_ATCC23685	1
C10H11NO3	Dorea_formicigenerans_ATCC27755	1
C10H11NO3	Providencia_stuartii_ATCC25827	1
C10H11NO3	Clostridium_spiroforme_DSM1552	1
C10H11NO3	Bacteroides_intestinalis_DSM17393	1
C10H11NO3	Parabacteroides_distasonis_ATCC8503	1
C10H11NO3	Bacteroides_pectinophilus_ATCC43243	1
C10H11NO3	Pretovella_copri_DSM18205	1
C10H11NO3	Clostridium_asparagiforme_DSM15981	1
C10H11NO3	Bifidobacterium_breve_DSM20213	1
C10H11NO3	Coprococcus_comes_ATCC27758	1
C10H11NO3	Eubacterium_hallii_DSM3353	1
C10H11NO3	Bifidobacterium_longum_subsp._Infantis_CCUG52486	1
C10H11NO3	Ruminococcus_torques_ATCC27756	1
C10H11NO3	Bacteroides_fragilis_NCTC_9343	1
C10H11NO3	Lactobacillus_reuteri_CF48-3A_BEI_HM-102	1
C10H11NO3	Bacteroides_uniformis_ATCC8492	1
C10H11NO3	Bacteroides_stercoris_ATCC43183	1
C10H11NO3	Akkermansia_muciniphila_ATCC_BAA-835	1
C10H11NO3	Providencia_alcalifaciens_DSM30120	1
C10H11NO3	Providencia_rettgeri_DSM1131	1
C10H11NO3	Collinsella_intestinalis_DSM13280	1
C10H11NO3	Blautia_luti_DSM14534	1
C10H11NO3	Roseburia_intestinalis_L1-82	1
C10H11NO3	Bacteroides_ovatus_ATCC8483	1
C10H11NO3	Parabacteroides_merdae_ATCC43184	1
C10H11NO3	Bacteroides_WH2	1
C10H11NO3	Eubacterium_rectale_ATCC33656	1
C10H11NO3	Subdoligranulum_variabile_DSM15176	1
C10H11NO3	Clostridium_sporogenes_ATCC15579	1
C10H11NO3	Enterococcus_faecalis_V583	1
C10H11NO3	Marvinbryantia_formatexigens_DSM_14469	1
C10H11NO3	Eubacterium_biforme_DSM3989	1
C10H11NO3	Clostridium_difficile_120	1
C10H11NO3	Bacteroides_thetaiotaomicron_VPI-5482	1
C10H11NO3	Bacteroides_fragilis_3397	1
C10H11NO3	Salmonella_typhimurium_LT2	1
C10H11NO3	Victivallis_vadensis_ATCC_BAA-548	1
C10H11NO3	Bacteroides_fragilis_T(B)9	1
C10H11NO3	Bacteroides_fragilis_DS-208	1
C10H11NO3	Bacteroides_fragilis_HMW610	1
C10H11NO3	Bacteroides_fragilis_HMW615	1
C15H22O5	Bacteroides_caccae_ATCC43185	1
C15H22O5	Clostridium_ramosum_DSM1402	1
C15H22O5	Bifidobacterium_adolescentis_ATCC_15703	1
C15H22O5	Bacteroides_eggerthii_DSM20697	1
C15H22O5	Blautia_hansenii_DSM20583	1
C15H22O5	Ruminococcus_gnavus_ATCC29149	1
C15H22O5	Bacteroides_dorei_DSM17855	1
C15H22O5	Bacteroides_cellulosilyticus_DSM14838	1
C15H22O5	Bacteroides_vulgatus_ATCC8482	1
C15H22O5	Collinsella_aerofaciens_ATCC25986	1
C15H22O5	Clostridium_hathewayi_DSM13479	1
C15H22O5	Anaerococcus_hydrogenalis_DSM7454	1
C15H22O5	Clostridium_scindens_ATCC35704	1
C15H22O5	Anaerotruncus_colihominis_DSM17241	1
C15H22O5	Clostridium_bolteae_ATCCBAA-613	1
C15H22O5	Clostridium_symbiosum_ATCC1494_	1
C15H22O5	Bacteroides_finegoldii_DSM17565	1
C15H22O5	Parabacteroides_johnsonii_DSM18315	1
C15H22O5	Eubacterium_ventriosum_ATCC27560	1
C15H22O5	Ruminococcus_lactaris_ATCC29176	1
C15H22O5	Proteus_penneri_ATCC35198	1
C15H22O5	Edwardsiella_tarda_ATCC23685	1
C15H22O5	Dorea_formicigenerans_ATCC27755	1
C15H22O5	Enterobacter_cancerogenus_ATCC35316	1
C15H22O5	Providencia_stuartii_ATCC25827	1
C15H22O5	Clostridium_spiroforme_DSM1552	1
C15H22O5	Bacteroides_intestinalis_DSM17393	1
C15H22O5	Parabacteroides_distasonis_ATCC8503	1
C15H22O5	Bacteroides_pectinophilus_ATCC43243	1
C15H22O5	Pretovella_copri_DSM18205	1
C15H22O5	Clostridium_asparagiforme_DSM15981	1
C15H22O5	Bifidobacterium_breve_DSM20213	1
C15H22O5	Coprococcus_comes_ATCC27758	1
C15H22O5	Eubacterium_hallii_DSM3353	1
C15H22O5	Bifidobacterium_longum_subsp._Infantis_CCUG52486	1
C15H22O5	Ruminococcus_torques_ATCC27756	1
C15H22O5	Bacteroides_fragilis_NCTC_9343	1
C15H22O5	Lactobacillus_reuteri_CF48-3A_BEI_HM-102	1
C15H22O5	Bacteroides_uniformis_ATCC8492	1
C15H22O5	Bacteroides_stercoris_ATCC43183	1
C15H22O5	Akkermansia_muciniphila_ATCC_BAA-835	1
C15H22O5	Providencia_alcalifaciens_DSM30120	1
C15H22O5	Providencia_rettgeri_DSM1131	1
C15H22O5	Collinsella_intestinalis_DSM13280	1
C15H22O5	Blautia_luti_DSM14534	1
C15H22O5	Roseburia_intestinalis_L1-82	1
C15H22O5	Bacteroides_ovatus_ATCC8483	1
C15H22O5	Parabacteroides_merdae_ATCC43184	1
C15H22O5	Bacteroides_WH2	1
C15H22O5	Eubacterium_rectale_ATCC33656	1
C15H22O5	Subdoligranulum_variabile_DSM15176	1
C15H22O5	Clostridium_sporogenes_ATCC15579	1
C15H22O5	Enterococcus_faecalis_V583	1
C15H22O5	Marvinbryantia_formatexigens_DSM_14469	1
C15H22O5	Eubacterium_biforme_DSM3989	1
C15H22O5	Clostridium_difficile_120	1
C15H22O5	Bacteroides_thetaiotaomicron_VPI-5482	1
C15H22O5	Bacteroides_fragilis_3397	1
C15H22O5	Salmonella_typhimurium_LT2	1
C15H22O5	Victivallis_vadensis_ATCC_BAA-548	1
C15H22O5	Bacteroides_fragilis_T(B)9	1
C15H22O5	Bacteroides_fragilis_DS-208	1
C15H22O5	Bacteroides_fragilis_HMW610	1
C15H22O5	Bacteroides_fragilis_HMW615	1
C17H19N3O3S	Bacteroides_caccae_ATCC43185	1
C17H19N3O3S	Clostridium_ramosum_DSM1402	1
C17H19N3O3S	Bifidobacterium_adolescentis_ATCC_15703	1
C17H19N3O3S	Bacteroides_eggerthii_DSM20697	1
C17H19N3O3S	Blautia_hansenii_DSM20583	1
C17H19N3O3S	Ruminococcus_gnavus_ATCC29149	1
C17H19N3O3S	Bacteroides_dorei_DSM17855	1
C17H19N3O3S	Bacteroides_cellulosilyticus_DSM14838	1
C17H19N3O3S	Bacteroides_vulgatus_ATCC8482	1
C17H19N3O3S	Collinsella_aerofaciens_ATCC25986	1
C17H19N3O3S	Clostridium_hathewayi_DSM13479	1
C17H19N3O3S	Anaerococcus_hydrogenalis_DSM7454	1
C17H19N3O3S	Clostridium_scindens_ATCC35704	1
C17H19N3O3S	Anaerotruncus_colihominis_DSM17241	1
C17H19N3O3S	Clostridium_bolteae_ATCCBAA-613	1
C17H19N3O3S	Clostridium_symbiosum_ATCC1494_	1
C17H19N3O3S	Bacteroides_finegoldii_DSM17565	1
C17H19N3O3S	Parabacteroides_johnsonii_DSM18315	1
C17H19N3O3S	Eubacterium_ventriosum_ATCC27560	1
C17H19N3O3S	Ruminococcus_lactaris_ATCC29176	1
C17H19N3O3S	Proteus_penneri_ATCC35198	1
C17H19N3O3S	Edwardsiella_tarda_ATCC23685	1
C17H19N3O3S	Dorea_formicigenerans_ATCC27755	1
C17H19N3O3S	Enterobacter_cancerogenus_ATCC35316	1
C17H19N3O3S	Providencia_stuartii_ATCC25827	1
C17H19N3O3S	Clostridium_spiroforme_DSM1552	1
C17H19N3O3S	Bacteroides_intestinalis_DSM17393	1
C17H19N3O3S	Bacteroides_pectinophilus_ATCC43243	1
C17H19N3O3S	Pretovella_copri_DSM18205	1
C17H19N3O3S	Clostridium_asparagiforme_DSM15981	1
C17H19N3O3S	Bifidobacterium_breve_DSM20213	1
C17H19N3O3S	Coprococcus_comes_ATCC27758	1
C17H19N3O3S	Eubacterium_hallii_DSM3353	1
C17H19N3O3S	Bifidobacterium_longum_subsp._Infantis_CCUG52486	1
C17H19N3O3S	Ruminococcus_torques_ATCC27756	1
C17H19N3O3S	Bacteroides_fragilis_NCTC_9343	1
C17H19N3O3S	Lactobacillus_reuteri_CF48-3A_BEI_HM-102	1
C17H19N3O3S	Bacteroides_uniformis_ATCC8492	1
C17H19N3O3S	Bacteroides_stercoris_ATCC43183	1
C17H19N3O3S	Akkermansia_muciniphila_ATCC_BAA-835	1
C17H19N3O3S	Providencia_alcalifaciens_DSM30120	1
C17H19N3O3S	Providencia_rettgeri_DSM1131	1
C17H19N3O3S	Collinsella_intestinalis_DSM13280	1
C17H19N3O3S	Blautia_luti_DSM14534	1
C17H19N3O3S	Roseburia_intestinalis_L1-82	1
C17H19N3O3S	Bacteroides_ovatus_ATCC8483	1
C17H19N3O3S	Parabacteroides_merdae_ATCC43184	1
C17H19N3O3S	Bacteroides_WH2	1
C17H19N3O3S	Eubacterium_rectale_ATCC33656	1
C17H19N3O3S	Subdoligranulum_variabile_DSM15176	1
C17H19N3O3S	Clostridium_sporogenes_ATCC15579	1
C17H19N3O3S	Enterococcus_faecalis_V583	1
C17H19N3O3S	Marvinbryantia_formatexigens_DSM_14469	1
C17H19N3O3S	Eubacterium_biforme_DSM3989	1
C17H19N3O3S	Clostridium_difficile_120	1
C17H19N3O3S	Bacteroides_thetaiotaomicron_VPI-5482	1
C17H19N3O3S	Bacteroides_fragilis_3397	1
C17H19N3O3S	Salmonella_typhimurium_LT2	1
C17H19N3O3S	Victivallis_vadensis_ATCC_BAA-548	1
C17H19N3O3S	Bacteroides_fragilis_T(B)9	1
C17H19N3O3S	Bacteroides_fragilis_DS-208	1
C17H19N3O3S	Bacteroides_fragilis_HMW610	1
C17H19N3O3S	Bacteroides_fragilis_HMW615	1
C22H19NO4	Bacteroides_caccae_ATCC43185	1
C22H19NO4	Clostridium_ramosum_DSM1402	1
C22H19NO4	Bifidobacterium_adolescentis_ATCC_15703	1
C22H19NO4	Bacteroides_eggerthii_DSM20697	1
C22H19NO4	Blautia_hansenii_DSM20583	1
C22H19NO4	Ruminococcus_gnavus_ATCC29149	1
C22H19NO4	Bacteroides_dorei_DSM17855	1
C22H19NO4	Bacteroides_cellulosilyticus_DSM14838	1
C22H19NO4	Bacteroides_vulgatus_ATCC8482	1
C22H19NO4	Collinsella_aerofaciens_ATCC25986	1
C22H19NO4	Clostridium_hathewayi_DSM13479	1
C22H19NO4	Anaerococcus_hydrogenalis_DSM7454	1
C22H19NO4	Clostridium_scindens_ATCC35704	1
C22H19NO4	Anaerotruncus_colihominis_DSM17241	1
C22H19NO4	Clostridium_bolteae_ATCCBAA-613	1
C22H19NO4	Clostridium_symbiosum_ATCC1494_	1
C22H19NO4	Bacteroides_finegoldii_DSM17565	1
C22H19NO4	Parabacteroides_johnsonii_DSM18315	1
C22H19NO4	Eubacterium_ventriosum_ATCC27560	1
C22H19NO4	Ruminococcus_lactaris_ATCC29176	1
C22H19NO4	Proteus_penneri_ATCC35198	1
C22H19NO4	Edwardsiella_tarda_ATCC23685	1
C22H19NO4	Dorea_formicigenerans_ATCC27755	1
C22H19NO4	Enterobacter_cancerogenus_ATCC35316	1
C22H19NO4	Providencia_stuartii_ATCC25827	1
C22H19NO4	Clostridium_spiroforme_DSM1552	1
C22H19NO4	Bacteroides_intestinalis_DSM17393	1
C22H19NO4	Parabacteroides_distasonis_ATCC8503	1
C22H19NO4	Bacteroides_pectinophilus_ATCC43243	1
C22H19NO4	Pretovella_copri_DSM18205	1
C22H19NO4	Clostridium_asparagiforme_DSM15981	1
C22H19NO4	Bifidobacterium_breve_DSM20213	1
C22H19NO4	Coprococcus_comes_ATCC27758	1
C22H19NO4	Eubacterium_hallii_DSM3353	1
C22H19NO4	Bifidobacterium_longum_subsp._Infantis_CCUG52486	1
C22H19NO4	Ruminococcus_torques_ATCC27756	1
C22H19NO4	Bacteroides_fragilis_NCTC_9343	1
C22H19NO4	Lactobacillus_reuteri_CF48-3A_BEI_HM-102	1
C22H19NO4	Bacteroides_uniformis_ATCC8492	1
C22H19NO4	Bacteroides_stercoris_ATCC43183	1
C22H19NO4	Akkermansia_muciniphila_ATCC_BAA-835	1
C22H19NO4	Providencia_alcalifaciens_DSM30120	1
C22H19NO4	Providencia_rettgeri_DSM1131	1
C22H19NO4	Collinsella_intestinalis_DSM13280	1
C22H19NO4	Blautia_luti_DSM14534	1
C22H19NO4	Roseburia_intestinalis_L1-82	1
C22H19NO4	Bacteroides_ovatus_ATCC8483	1
C22H19NO4	Parabacteroides_merdae_ATCC43184	1
C22H19NO4	Bacteroides_WH2	1
C22H19NO4	Eubacterium_rectale_ATCC33656	1
C22H19NO4	Subdoligranulum_variabile_DSM15176	1
C22H19NO4	Clostridium_sporogenes_ATCC15579	1
C22H19NO4	Enterococcus_faecalis_V583	1
C22H19NO4	Marvinbryantia_formatexigens_DSM_14469	1
C22H19NO4	Eubacterium_biforme_DSM3989	1
C22H19NO4	Clostridium_difficile_120	1
C22H19NO4	Bacteroides_thetaiotaomicron_VPI-5482	1
C22H19NO4	Bacteroides_fragilis_3397	1
C22H19NO4	Salmonella_typhimurium_LT2	1
C22H19NO4	Victivallis_vadensis_ATCC_BAA-548	1
C22H19NO4	Bacteroides_fragilis_T(B)9	1
C22H19NO4	Bacteroides_fragilis_DS-208	1
C22H19NO4	Bacteroides_fragilis_HMW610	1
C22H19NO4	Bacteroides_fragilis_HMW615	1
C13H18Cl2N2O2	Bacteroides_caccae_ATCC43185	1
C13H18Cl2N2O2	Clostridium_ramosum_DSM1402	1
C13H18Cl2N2O2	Bifidobacterium_adolescentis_ATCC_15703	1
C13H18Cl2N2O2	Bacteroides_eggerthii_DSM20697	1
C13H18Cl2N2O2	Blautia_hansenii_DSM20583	1
C13H18Cl2N2O2	Ruminococcus_gnavus_ATCC29149	1
C13H18Cl2N2O2	Bacteroides_dorei_DSM17855	1
C13H18Cl2N2O2	Bacteroides_cellulosilyticus_DSM14838	1
C13H18Cl2N2O2	Bacteroides_vulgatus_ATCC8482	1
C13H18Cl2N2O2	Collinsella_aerofaciens_ATCC25986	1
C13H18Cl2N2O2	Clostridium_hathewayi_DSM13479	1
C13H18Cl2N2O2	Anaerococcus_hydrogenalis_DSM7454	1
C13H18Cl2N2O2	Clostridium_scindens_ATCC35704	1
C13H18Cl2N2O2	Anaerotruncus_colihominis_DSM17241	1
C13H18Cl2N2O2	Clostridium_bolteae_ATCCBAA-613	1
C13H18Cl2N2O2	Clostridium_symbiosum_ATCC1494_	1
C13H18Cl2N2O2	Bacteroides_finegoldii_DSM17565	1
C13H18Cl2N2O2	Parabacteroides_johnsonii_DSM18315	1
C13H18Cl2N2O2	Eubacterium_ventriosum_ATCC27560	1
C13H18Cl2N2O2	Ruminococcus_lactaris_ATCC29176	1
C13H18Cl2N2O2	Proteus_penneri_ATCC35198	1
C13H18Cl2N2O2	Edwardsiella_tarda_ATCC23685	1
C13H18Cl2N2O2	Dorea_formicigenerans_ATCC27755	1
C13H18Cl2N2O2	Enterobacter_cancerogenus_ATCC35316	1
C13H18Cl2N2O2	Providencia_stuartii_ATCC25827	1
C13H18Cl2N2O2	Clostridium_spiroforme_DSM1552	1
C13H18Cl2N2O2	Bacteroides_intestinalis_DSM17393	1
C13H18Cl2N2O2	Parabacteroides_distasonis_ATCC8503	1
C13H18Cl2N2O2	Bacteroides_pectinophilus_ATCC43243	1
C13H18Cl2N2O2	Pretovella_copri_DSM18205	1
C13H18Cl2N2O2	Clostridium_asparagiforme_DSM15981	1
C13H18Cl2N2O2	Bifidobacterium_breve_DSM20213	1
C13H18Cl2N2O2	Coprococcus_comes_ATCC27758	1
C13H18Cl2N2O2	Eubacterium_hallii_DSM3353	1
C13H18Cl2N2O2	Bifidobacterium_longum_subsp._Infantis_CCUG52486	1
C13H18Cl2N2O2	Ruminococcus_torques_ATCC27756	1
C13H18Cl2N2O2	Bacteroides_fragilis_NCTC_9343	1
C13H18Cl2N2O2	Lactobacillus_reuteri_CF48-3A_BEI_HM-102	1
C13H18Cl2N2O2	Bacteroides_uniformis_ATCC8492	1
C13H18Cl2N2O2	Bacteroides_stercoris_ATCC43183	1
C13H18Cl2N2O2	Akkermansia_muciniphila_ATCC_BAA-835	1
C13H18Cl2N2O2	Providencia_alcalifaciens_DSM30120	1
C13H18Cl2N2O2	Providencia_rettgeri_DSM1131	1
C13H18Cl2N2O2	Collinsella_intestinalis_DSM13280	1
C13H18Cl2N2O2	Blautia_luti_DSM14534	1
C13H18Cl2N2O2	Roseburia_intestinalis_L1-82	1
C13H18Cl2N2O2	Bacteroides_ovatus_ATCC8483	1
C13H18Cl2N2O2	Parabacteroides_merdae_ATCC43184	1
C13H18Cl2N2O2	Bacteroides_WH2	1
C13H18Cl2N2O2	Eubacterium_rectale_ATCC33656	1
C13H18Cl2N2O2	Subdoligranulum_variabile_DSM15176	1
C13H18Cl2N2O2	Clostridium_sporogenes_ATCC15579	1
C13H18Cl2N2O2	Enterococcus_faecalis_V583	1
C13H18Cl2N2O2	Marvinbryantia_formatexigens_DSM_14469	1
C13H18Cl2N2O2	Eubacterium_biforme_DSM3989	1
C13H18Cl2N2O2	Clostridium_difficile_120	1
C13H18Cl2N2O2	Bacteroides_thetaiotaomicron_VPI-5482	1
C13H18Cl2N2O2	Bacteroides_fragilis_3397	1
C13H18Cl2N2O2	Salmonella_typhimurium_LT2	1
C13H18Cl2N2O2	Victivallis_vadensis_ATCC_BAA-548	1
C13H18Cl2N2O2	Bacteroides_fragilis_T(B)9	1
C13H18Cl2N2O2	Bacteroides_fragilis_DS-208	1
C13H18Cl2N2O2	Bacteroides_fragilis_HMW610	1
C13H18Cl2N2O2	Bacteroides_fragilis_HMW615	1
C16H15F2N3O4S	Bacteroides_caccae_ATCC43185	1
C16H15F2N3O4S	Clostridium_ramosum_DSM1402	1
C16H15F2N3O4S	Bifidobacterium_adolescentis_ATCC_15703	1
C16H15F2N3O4S	Bacteroides_eggerthii_DSM20697	1
C16H15F2N3O4S	Blautia_hansenii_DSM20583	1
C16H15F2N3O4S	Ruminococcus_gnavus_ATCC29149	1
C16H15F2N3O4S	Bacteroides_dorei_DSM17855	1
C16H15F2N3O4S	Bacteroides_cellulosilyticus_DSM14838	1
C16H15F2N3O4S	Bacteroides_vulgatus_ATCC8482	1
C16H15F2N3O4S	Collinsella_aerofaciens_ATCC25986	1
C16H15F2N3O4S	Clostridium_hathewayi_DSM13479	1
C16H15F2N3O4S	Anaerococcus_hydrogenalis_DSM7454	1
C16H15F2N3O4S	Clostridium_scindens_ATCC35704	1
C16H15F2N3O4S	Anaerotruncus_colihominis_DSM17241	1
C16H15F2N3O4S	Clostridium_bolteae_ATCCBAA-613	1
C16H15F2N3O4S	Clostridium_symbiosum_ATCC1494_	1
C16H15F2N3O4S	Bacteroides_finegoldii_DSM17565	1
C16H15F2N3O4S	Parabacteroides_johnsonii_DSM18315	1
C16H15F2N3O4S	Eubacterium_ventriosum_ATCC27560	1
C16H15F2N3O4S	Ruminococcus_lactaris_ATCC29176	1
C16H15F2N3O4S	Proteus_penneri_ATCC35198	1
C16H15F2N3O4S	Edwardsiella_tarda_ATCC23685	1
C16H15F2N3O4S	Dorea_formicigenerans_ATCC27755	1
C16H15F2N3O4S	Enterobacter_cancerogenus_ATCC35316	1
C16H15F2N3O4S	Providencia_stuartii_ATCC25827	1
C16H15F2N3O4S	Clostridium_spiroforme_DSM1552	1
C16H15F2N3O4S	Bacteroides_intestinalis_DSM17393	1
C16H15F2N3O4S	Parabacteroides_distasonis_ATCC8503	1
C16H15F2N3O4S	Bacteroides_pectinophilus_ATCC43243	1
C16H15F2N3O4S	Pretovella_copri_DSM18205	1
C16H15F2N3O4S	Clostridium_asparagiforme_DSM15981	1
C16H15F2N3O4S	Bifidobacterium_breve_DSM20213	1
C16H15F2N3O4S	Coprococcus_comes_ATCC27758	1
C16H15F2N3O4S	Eubacterium_hallii_DSM3353	1
C16H15F2N3O4S	Bifidobacterium_longum_subsp._Infantis_CCUG52486	1
C16H15F2N3O4S	Ruminococcus_torques_ATCC27756	1
C16H15F2N3O4S	Bacteroides_fragilis_NCTC_9343	1
C16H15F2N3O4S	Lactobacillus_reuteri_CF48-3A_BEI_HM-102	1
C16H15F2N3O4S	Bacteroides_uniformis_ATCC8492	1
C16H15F2N3O4S	Bacteroides_stercoris_ATCC43183	1
C16H15F2N3O4S	Akkermansia_muciniphila_ATCC_BAA-835	1
C16H15F2N3O4S	Providencia_alcalifaciens_DSM30120	1
C16H15F2N3O4S	Providencia_rettgeri_DSM1131	1
C16H15F2N3O4S	Collinsella_intestinalis_DSM13280	1
C16H15F2N3O4S	Blautia_luti_DSM14534	1
C16H15F2N3O4S	Roseburia_intestinalis_L1-82	1
C16H15F2N3O4S	Bacteroides_ovatus_ATCC8483	1
C16H15F2N3O4S	Parabacteroides_merdae_ATCC43184	1
C16H15F2N3O4S	Bacteroides_WH2	1
C16H15F2N3O4S	Eubacterium_rectale_ATCC33656	1
C16H15F2N3O4S	Subdoligranulum_variabile_DSM15176	1
C16H15F2N3O4S	Clostridium_sporogenes_ATCC15579	1
C16H15F2N3O4S	Enterococcus_faecalis_V583	1
C16H15F2N3O4S	Marvinbryantia_formatexigens_DSM_14469	1
C16H15F2N3O4S	Eubacterium_biforme_DSM3989	1
C16H15F2N3O4S	Clostridium_difficile_120	1
C16H15F2N3O4S	Bacteroides_thetaiotaomicron_VPI-5482	1
C16H15F2N3O4S	Bacteroides_fragilis_3397	1
C16H15F2N3O4S	Salmonella_typhimurium_LT2	1
C16H15F2N3O4S	Victivallis_vadensis_ATCC_BAA-548	1
C16H15F2N3O4S	Bacteroides_fragilis_T(B)9	1
C16H15F2N3O4S	Bacteroides_fragilis_DS-208	1
C16H15F2N3O4S	Bacteroides_fragilis_HMW610	1
C16H15F2N3O4S	Bacteroides_fragilis_HMW615	1
C20H28O6	Clostridium_butyricum	1
C20H28O6	Bifidobacterium_adolescentis	1
C18H32O2	Butyrivibrio_fibrisolvens	1
C18H32O2	Butyrivibrio_proteoclasticus	1
C17H24O10	Bacteroides_fragilis	1
C20H18NO4+	Enterobacter_cloacae	1
C20H18NO4+	Escherichia_coli	1
C20H18NO4+	Staphylococcus_aureus	1
C20H18NO4+	Enterococcus_faecalis_(Streptococcus_faecalis)	1
C20H18NO4+	Enterococcus_faecium_(Streptococcus_faecium)	1
C54H92O23	Prevotella_oris_Species_838	1
C53H90O22	Prevotella_oris_Species_838	1
C42H72O13	Prevotella_oris_Species_838	1
C42H70O12	Prevotella_oris_Species_838	1
C42H38O20	Lacrimispora_sphenoides_Species_n.a.	1
C42H38O20	Eubacterium_rectale	1
C13H8O4	Bifidobacterium_Genus	1
C13H8O4	Lactobacillus	1
C29H36O15	Pseudomonas	1
C7H6O5	Escherichia_coli	1
C15H10O7	Escherichia_coli	1
C14H12O3	Bacteroides	1
C29H36O15	Proteobacteria	1
C29H36O15	Gammaproteobacteria	1
C7H6O5	Lactobacillus	1
C15H10O7	Lactobacillus	1
C4H7NaO2	Lactobacillus	1
C24H42O21	Phascolarctobacterium	1
C21H22O9	Verrucomicrobia_Phylum	1
C21H20O6	Coriobacteriales	1
C21H20O6	Bifidobacteriales	1
C29H36O15	Alteromonadales_Order	1
C21H20O6	Clostridiales	1
C14H12O3	Lachnospiraceae_Family	1
C21H20O6	Lactobacillales_Order	1
C21H22O9	Bacteroidetes	1
C14H12O3	Akkermansia	1
C9H8O4	Akkermansia	1
C29H36O15	Akkermansia	1
C29H36O15	Subdoligranulum_Genus	1
C14H12O3	Parabacteroides_Genus	1
C14H12O3	Moryella	1
C4H7NaO2	Blautia_Genus	1
C4H7NaO2	Christensenellaceae	1
C18H27NO3	Helicobacter_pylori	1
C18H27NO3	Porphyromonas_gingivalis	1
C18H27NO3	Staphylococcus_aureus	1
C4H4KNO4S	Bacteroides	1
C7H5NO3S	Akkermansia	1
C7H5NO3S	Turicibacter	1
C14H12O3	Enterococcus_faecalis_(Streptococcus_faecalis)	1
C14H12O3	Lactobacillus	1
C12H4Cl4O	Clostridia	1
C46H62N4O11	Akkermansia_muciniphila_Species_239934	1
C12H4Cl4O	Firmicutes	1
C46H62N4O11	Bacteroides_caccae	1
C22H25ClN2O8	Akkermansia_muciniphila_Species_239934	1
C12H4Cl4O	Bacteroidia	1
C12H4Cl4O	Butyrivibrio	1
C22H24Cl2N2O8	Akkermansia_muciniphila_Species_239934	1
C19H16ClF3N4O3	Akkermansia_muciniphila_Species_239934	1
C12H4Cl4O	Flavobacteria	1
C12H4Cl4O2	Firmicutes	1
C11H12Cl2N2O5	Akkermansia_muciniphila_Species_239934	1
C12H4Cl4O2	Lactobacillus	1
C23H28ClN3O7	Akkermansia_muciniphila_Species_239934	1
C12H4Cl4O2	Prevotella	1
C29H27ClN2O14S	Akkermansia_muciniphila_Species_239934	1
C12H4Cl4O2	Prevotellaceae	1
C21H22Cl2N2O8	Akkermansia_muciniphila_Species_239934	1
C12H4Cl4O2	Ruminococcus	1
C22H23ClN2O8	Akkermansia_muciniphila_Species_239934	1
C22H30Cl2N10	Akkermansia_muciniphila_Species_239934	1
C12H4Cl4O2	Bacteroidia	1
C12H4Cl4O2	Lactobacillaceae	1
C47H64N4O12	Akkermansia_muciniphila_Species_239934	1
C12H4Cl4O2	Desulfovibrionaceae	1
C12H4Cl4O2	Anaerostipes	1
C38H72N2O12	Akkermansia_muciniphila_Species_239934	1
C18H34Cl2N2O5S	Akkermansia_muciniphila_Species_239934	1
C4H4KNO4S	Sutterella	1
C38H69NO13	Akkermansia_muciniphila_Species_239934	1
C4H4KNO4S	Anaerostipes	1
C16H20FN3O4	Akkermansia_muciniphila_Species_239934	1
Ag	Firmicutes	1
C12H15Cl2NO5S	Akkermansia_muciniphila_Species_239934	1
C7H14N2O2S	Christensenellaceae	1
C22H28N2O11	Akkermansia_muciniphila_Species_239934	1
C7H14N2O2S	Clostridium	1
C43H58N4O12	Akkermansia_muciniphila_Species_239934	1
C7H14N2O2S	Coriobacteriaceae	1
C8H7N3O5	Akkermansia_muciniphila_Species_239934	1
C7H14N2O2S	Erysipelotrichaceae	1
C7H14N2O2S	Roseburia	1
C11H10N4O4	Akkermansia_muciniphila_Species_239934	1
C7H14N2O2S	Bacillales	1
C16H17N2NaO4S	Akkermansia_muciniphila_Species_239934	1
C7H14N2O2S	Anaerostipes	1
C43H51N3O11	Akkermansia_muciniphila_Species_239934	1
As	Dorea	1
C13H17ClN4O6	Akkermansia_muciniphila_Species_239934	1
As	Firmicutes	1
C17H25N3O5S	Akkermansia_muciniphila_Species_239934	1
C37H67NO13	Akkermansia_muciniphila_Species_239934	1
C42H69NO15	Akkermansia_muciniphila_Species_239934	1
C18H35ClN2O6S	Akkermansia_muciniphila_Species_239934	1
As	Verrucomicrobia_Phylum	1
C14H13N8NaO4S3	Akkermansia_muciniphila_Species_239934	1
As	Akkermansia	1
C23H26N5NaO7S	Akkermansia_muciniphila_Species_239934	1
C41H76N2O15	Akkermansia_muciniphila_Species_239934	1
As	Bacteroidia	1
C13H6Cl6O2	Akkermansia_muciniphila_Species_239934	1
C26H58Cl2N10	Akkermansia_muciniphila_Species_239934	1
As	Cyanobacteria	1
C46H77NO17	Akkermansia_muciniphila_Species_239934	1
As	Eubacterium_plexicaudatum	1
C31H35N2NaO11	Akkermansia_muciniphila_Species_239934	1
As	Deferribacteres_phylum	1
C15H14N2Na2O6S2	Akkermansia_muciniphila_Species_239934	1
As	Mucispirillum_schaedleri	1
C42H78N2O14	Akkermansia_muciniphila_Species_239934	1
As	Tenericutes	1
C43H74N2O14	Akkermansia_muciniphila_Species_239934	1
As	Lachnoclostridium	1
C13H8Cl2N2O4	Akkermansia_muciniphila_Species_239934	1
C48H56N6O8S2	Akkermansia_muciniphila_Species_239934	1
C16H25N3O7S	Akkermansia_muciniphila_Species_239934	1
C16H16N5NaO7S2	Akkermansia_muciniphila_Species_239934	1
C25H31N9O10S2	Akkermansia_muciniphila_Species_239934	1
C16H19N3O5S	Akkermansia_muciniphila_Species_239934	1
C8H14ClN5	Acinetobacter	1
C6H8N4O4	Akkermansia_muciniphila_Species_239934	1
C8H14ClN5	Streptococcus	1
C24H24ClN3O6S	Akkermansia_muciniphila_Species_239934	1
C8H14ClN5	Capnocytophaga	1
C8H13N3O4S	Akkermansia_muciniphila_Species_239934	1
C14H13N5O5S2	Akkermansia_muciniphila_Species_239934	1
C22H17N3O5	Proteobacteria	1
C7H10ClN3O3	Akkermansia_muciniphila_Species_239934	1
C20H21N7O6S2	Akkermansia_muciniphila_Species_239934	1
C12H6Br4O	Christensenellaceae	1
C12H17N3O4S	Akkermansia_muciniphila_Species_239934	1
C12H6Br4O	Corynebacterium_Genus	1
C17H19KN2O5S	Akkermansia_muciniphila_Species_239934	1
C12H6Br4O	Eubacterium	1
C6H9N3O3	Akkermansia_muciniphila_Species_239934	1
C12H6Br4O	Bacillus	1
C10H13N3O5S	Akkermansia_muciniphila_Species_239934	1
C12H6Br4O	Parasutterella	1
C7H11N3O3	Akkermansia_muciniphila_Species_239934	1
C12H6Br4O	Ruminococcaceae_Family	1
C16H15N4NaO8S	Akkermansia_muciniphila_Species_239934	1
C12H6Br4O	Staphylococcus	1
C19H28Cl2N6O6S2	Akkermansia_muciniphila_Species_239934	1
C19H18Cl2N3NaO6S	Akkermansia_muciniphila_Species_239934	1
C12H6Br4O	Gemella_genus	1
C20H22N5NaO6S	Akkermansia_muciniphila_Species_239934	1
C12H6Br4O	Atopostipes	1
C12H7Cl3O2	Akkermansia_muciniphila_Species_239934	1
C19H16ClFN3NaO5S	Akkermansia_muciniphila_Species_239934	1
C12H6Br4O	Paenalcaligenes_genus	1
C12H6Br4O	Candidatus_Saccharimonas	1
C19H17ClN3NaO5S	Akkermansia_muciniphila_Species_239934	1
C21H23N2NaO6S	Akkermansia_muciniphila_Species_239934	1
C20H12	Allobaculum	1
C19H18N3NaO5S	Akkermansia_muciniphila_Species_239934	1
C20H12	Lactobacillus	1
C14H18N4O3	Akkermansia_muciniphila_Species_239934	1
C20H12	Bacteroidaceae	1
C20H12	Mucispirillum	1
C12H13ClN4	Akkermansia_muciniphila_Species_239934	1
C20H12	Oscillospira	1
C10H12N4O5S	Akkermansia_muciniphila_Species_239934	1
C20H12	Parabacteroides_Genus	1
C17H21ClN2S	Akkermansia_muciniphila_Species_239934	1
C20H12	Bacteroides	1
C28H31FN4O	Akkermansia_muciniphila_Species_239934	1
C20H12	Porphyromonadaceae	1
C18H19Cl2NS	Akkermansia_muciniphila_Species_239934	1
C20H12	Ruminococcaceae_Family	1
C18H18ClNOS	Akkermansia_muciniphila_Species_239934	1
C20H12	Verrucomicrobia_Phylum	1
C22H27Cl3N2OS	Akkermansia_muciniphila_Species_239934	1
C17H20Cl2N2S	Akkermansia_muciniphila_Species_239934	1
C20H12	Bacteroidia	1
C20H12	Alcaligenaceae	1
C22H25Cl2N3O	Akkermansia_muciniphila_Species_239934	1
C20H12	Lactobacillaceae	1
C21H26ClN3OS	Akkermansia_muciniphila_Species_239934	1
C20H12	Verrucomicrobiaceae	1
C20H22ClN	Akkermansia_muciniphila_Species_239934	1
C20H12	Paraprevotella	1
C21H20ClNO5	Akkermansia_muciniphila_Species_239934	1
C21H23ClFNO2	Akkermansia_muciniphila_Species_239934	1
C48H48N4O6S2	Akkermansia_muciniphila_Species_239934	1
C18H20ClF3N2S	Akkermansia_muciniphila_Species_239934	1
C20H23ClN2O4	Akkermansia_muciniphila_Species_239934	1
C15H16O2	Clostridiales	1
C18H27N3O6S	Akkermansia_muciniphila_Species_239934	1
C15H16O2	Erysipelotrichaceae	1
C19H23Cl2N5O	Akkermansia_muciniphila_Species_239934	1
C15H16O2	Methanobrevibacter	1
C19H24ClN3O	Akkermansia_muciniphila_Species_239934	1
C15H16O2	Mollicutes	1
C19H21ClF3NO2	Akkermansia_muciniphila_Species_239934	1
C21H23BrFNO2	Akkermansia_muciniphila_Species_239934	1
C15H16O2	Oscillospira	1
C18H22Cl2N2	Akkermansia_muciniphila_Species_239934	1
C22H25ClN2O8	Bacteroides_caccae	1
C15H16O2	Prevotellaceae	1
C22H24Cl2N2O8	Bacteroides_caccae	1
C15H16O2	Ruminococcaceae_Family	1
C19H16ClF3N4O3	Bacteroides_caccae	1
C15H16O2	Verrucomicrobia_Phylum	1
C11H12Cl2N2O5	Bacteroides_caccae	1
C15H16O2	Bacteroides_ovatus	1
C23H28ClN3O7	Bacteroides_caccae	1
C15H16O2	Akkermansia	1
C29H27ClN2O14S	Bacteroides_caccae	1
C15H16O2	Bacteroides_sp._Species_816	1
C21H22Cl2N2O8	Bacteroides_caccae	1
C15H16O2	Bacteroidia	1
C22H23ClN2O8	Bacteroides_caccae	1
C22H30Cl2N10	Bacteroides_caccae	1
C15H16O2	Bifidobacterium_Genus	1
C17H21ClFN3O4	Bacteroides_caccae	1
C15H16O2	Hyphomicrobium	1
C47H64N4O12	Bacteroides_caccae	1
C15H16O2	Neisseriaceae	1
C38H72N2O12	Bacteroides_caccae	1
C15H16O2	Alcaligenes	1
C18H34Cl2N2O5S	Bacteroides_caccae	1
C15H16O2	Chromatiaceae	1
C38H69NO13	Bacteroides_caccae	1
C15H16O2	Microbacterium	1
C15H16O2	Cetobacterium_somerae	1
C15H16O2	Nitrospira	1
C16H20FN3O4	Bacteroides_caccae	1
C15H16O2	Gemmatimonadetes	1
C21H24FN3O4	Bacteroides_caccae	1
C15H16O2	Lawsonia	1
C12H15Cl2NO5S	Bacteroides_caccae	1
C22H28N2O11	Bacteroides_caccae	1
C43H58N4O12	Bacteroides_caccae	1
C8H7N3O5	Bacteroides_caccae	1
C11H10N4O4	Bacteroides_caccae	1
Cd	Firmicutes	1
C16H17N2NaO4S	Bacteroides_caccae	1
C19H21FN2O4	Bacteroides_caccae	1
C19H22FN3O4	Bacteroides_caccae	1
C20H17F2N3O3	Bacteroides_caccae	1
C43H51N3O11	Bacteroides_caccae	1
C13H17ClN4O6	Bacteroides_caccae	1
Cd	Proteobacteria	1
C17H25N3O5S	Bacteroides_caccae	1
Cd	Akkermansia_muciniphila_Species_239934	1
C37H67NO13	Bacteroides_caccae	1
Cd	Bacteroidia	1
C42H69NO15	Bacteroides_caccae	1
Cd	Cetobacterium	1
C18H35ClN2O6S	Bacteroides_caccae	1
C14H13N8NaO4S3	Bacteroides_caccae	1
C23H26N5NaO7S	Bacteroides_caccae	1
C9H9N3O2	Firmicutes	1
C41H76N2O15	Bacteroides_caccae	1
C13H6Cl6O2	Bacteroides_caccae	1
C26H58Cl2N10	Bacteroides_caccae	1
C9H9N3O2	Proteobacteria	1
C46H77NO17	Bacteroides_caccae	1
C9H9N3O2	Bacteroidia	1
C31H35N2NaO11	Bacteroides_caccae	1
C15H14N2Na2O6S2	Bacteroides_caccae	1
C9H9N3O2	Verrucomicrobia_Phylum	1
C42H78N2O14	Bacteroides_caccae	1
C43H74N2O14	Bacteroides_caccae	1
C13H8Cl2N2O4	Bacteroides_caccae	1
C9H9HgNaO2S	Bacteroides_caccae	1
Cd	Blautia_Genus	1
C20H35AuO9PS	Bacteroides_caccae	1
Cd	Coprococcus	1
C22H14Cl2I2N2O2	Bacteroides_caccae	1
Cd	Erysipelotrichaceae	1
C48H56N6O8S2	Bacteroides_caccae	1
C16H25N3O7S	Bacteroides_caccae	1
Cd	Lachnospiraceae_Family	1
C16H16N5NaO7S2	Bacteroides_caccae	1
Cd	Prevotella	1
C25H31N9O10S2	Bacteroides_caccae	1
C16H19N3O5S	Bacteroides_caccae	1
Cd	Streptococcus	1
C31H47NaO6	Bacteroides_caccae	1
Cd	Turicibacter	1
C6H6N4O4	Bacteroides_caccae	1
Cd	Akkermansia	1
C27H42ClNO2	Bacteroides_caccae	1
C6H8N4O4	Bacteroides_caccae	1
Cd	Barnesiella	1
C24H24ClN3O6S	Bacteroides_caccae	1
Cd	Bifidobacterium_Genus	1
C19H22F2N4O3	Bacteroides_caccae	1
Cd	Alistipes	1
C16H15N2NaO6S2	Bacteroides_caccae	1
Cd	Aeromonas	1
C8H13N3O4S	Bacteroides_caccae	1
Cd	Acidovorax	1
C14H13N5O5S2	Bacteroides_caccae	1
Cd	Sphingomonas	1
Cd	Lactobacillaceae	1
C7H10ClN3O3	Bacteroides_caccae	1
Cd	Pseudomonas_alcaligenes_Species_286	1
C41H67NO15	Bacteroides_caccae	1
Cd	Candidatus_Odyssella	1
C20H21N7O6S2	Bacteroides_caccae	1
C12H17N3O4S	Bacteroides_caccae	1
C17H19KN2O5S	Bacteroides_caccae	1
C6H9N3O3	Bacteroides_caccae	1
C16H16N3NaO7S2	Bacteroides_caccae	1
C10H13N3O5S	Bacteroides_caccae	1
C8Cl4N2	Lactobacillaceae	1
C7H11N3O3	Bacteroides_caccae	1
C28H44ClNO2	Bacteroides_caccae	1
C19H12O8	Bacteroides_caccae	1
C9H11Cl3NO3PS	Bacteroidia	1
C36H61NaO11	Bacteroides_caccae	1
C9H11Cl3NO3PS	Lactobacillaceae	1
C9H11Cl3NO3PS	Blautia_coccoides	1
C9H5Cl2NO	Bacteroides_caccae	1
C9H11Cl3NO3PS	Alloprevotella	1
C23H36N4O10S2	Bacteroides_caccae	1
C9H11Cl3NO3PS	Clostridia	1
C20H9Br2HgNa2O6	Bacteroides_caccae	1
C9H11Cl3NO3PS	Clostridium	1
C13H9NOSe	Bacteroides_caccae	1
C19H18Cl2N3NaO6S	Bacteroides_caccae	1
C9H11Cl3NO3PS	Enterobacteriaceae	1
C66H76Cl3N9O24	Bacteroides_caccae	1
C9H11Cl3NO3PS	Enterococcus	1
C66H103N17O16S	Bacteroides_caccae	1
C9H11Cl3NO3PS	Firmicutes	1
C27H30ClNO10	Bacteroides_caccae	1
C18H25Cl2N9O4S3	Bacteroides_caccae	1
C9H11Cl3NO3PS	Lactobacillus	1
C9H5ClINO	Bacteroides_caccae	1
C12H7Cl3O2	Bacteroides_caccae	1
C30H40Cl2N4	Bacteroides_caccae	1
C15H17FN4O3	Bacteroides_caccae	1
C9H11Cl3NO3PS	Bacteroidaceae	1
C18H14Cl4N2O	Bacteroides_caccae	1
C9H11Cl3NO3PS	Bacteroides	1
C22H17ClN2	Bacteroides_caccae	1
C19H17ClN3NaO5S	Bacteroides_caccae	1
C17H20ClF2N3O3	Bacteroides_caccae	1
C9H11Cl3NO3PS	Proteobacteria	1
C4H3FN2O2	Bacteroides_caccae	1
C14H12FNO3	Bacteroides_caccae	1
C9H11Cl3NO3PS	Staphylococcus	1
C27H22Cl2N4	Bacteroides_caccae	1
C18H20FN3O4	Bacteroides_caccae	1
C8H15N3O7	Bacteroides_caccae	1
C9H11Cl3NO3PS	Bifidobacterium_Genus	1
C29H38N4O10	Bacteroides_caccae	1
C16H18FN3O3	Bacteroides_caccae	1
C14H18N4O3	Bacteroides_caccae	1
C9H11Cl3NO3PS	Aerococcus	1
C9H11FN2O5	Bacteroides_caccae	1
C9H11Cl3NO3PS	Amphibacillus	1
C12H13ClN4	Bacteroides_caccae	1
C18H22O2	Bacteroides_caccae	1
C9H11Cl3NO3PS	Brevundimonas	1
C17H20FN3O3	Bacteroides_caccae	1
C9H11Cl3NO3PS	Trichococcus	1
C7H11ClN2O2S	Bacteroides_caccae	1
C9H11Cl3NO3PS	Olsenella	1
C18H18O2	Bacteroides_caccae	1
C9H11Cl3NO3PS	Enterorhabdus	1
C9H11Cl3NO3PS	Burkholderiales_Order	1
C18H19Cl2NO4	Bacteroides_caccae	1
C75H70N6O6	Bacteroides_caccae	1
C18H20O2	Bacteroides_caccae	1
C9H11Cl3NO3PS	Bifidobacteriales	1
C10H12N4O5S	Bacteroides_caccae	1
Cr+6	Firmicutes	1
C4H4N6O	Bacteroides_caccae	1
Cr+6	Lachnospiraceae_Family	1
C10H13N5O4	Bacteroides_caccae	1
C10H11F3N2O5	Bacteroides_caccae	1
Cr+6	Bacteroidia	1
C23H32O3	Bacteroides_caccae	1
Cr+6	Tenericutes	1
C17H21ClN2S	Bacteroides_caccae	1
C19H25ClN2S	Bacteroides_caccae	1
C23H21F7N4O3	Bacteroides_caccae	1
C14H12ClNO2	Bacteroides_caccae	1
C20H24ClNS	Bacteroides_caccae	1
C19H22ClN	Bacteroides_caccae	1
C6H13NO3S	Clostridium	1
C21H30O5	Bacteroides_caccae	1
C19H22N2O	Bacteroides_caccae	1
C15H20O6	Escherichia_coli	1
C12H21N2O3PS	Johnsonella	1
C12H21N2O3PS	Burkholderiales_Order	1
C12H21N2O3PS	Erysipelotrichaceae	1
C12H21N2O3PS	Firmicutes	1
C12H21N2O3PS	Lachnospiraceae_Family	1
C12H21N2O3PS	Ruminococcaceae_Family	1
C12H21N2O3PS	Bacteroidia	1
C12H21N2O3PS	Clostridiaceae	1
C17H13ClFN3O	Enterobacteriaceae	1
C17H13ClFN3O	Firmicutes	1
C17H13ClFN3O	Lachnospiraceae_Family	1
C17H13ClFN3O	Proteobacteria	1
C17H13ClFN3O	Bacteroidia	1
C17H13ClFN3O	Lactobacillaceae	1
C12H4Cl2F6N4OS	Lactobacillus	1
C12H4Cl2F6N4OS	Bifidobacterium_Genus	1
C12H4Cl2F6N4OS	Snodgrassella_alvi	1
C12H4Cl2F6N4OS	Gilliamella_apicola	1
C3H9NO5P+	Enterococcus_faecalis_(Streptococcus_faecalis)	1
C3H9NO5P+	Firmicutes	1
C3H9NO5P+	Bacteroidia	1
C3H9NO5P+	Lactobacillaceae	1
C3H9NO5P+	Blautia_Genus	1
C3H9NO5P+	Butyricicoccus	1
C3H9NO5P+	Clostridia	1
C3H9NO5P+	Clostridiales	1
C3H9NO5P+	Lachnospiraceae_Family	1
C3H9NO5P+	Lactobacillus	1
C3H9NO5P+	Mucispirillum	1
C3H9NO5P+	Prevotella	1
C3H9NO5P+	Prevotellaceae	1
C3H9NO5P+	Ruminococcaceae_Family	1
C3H9NO5P+	Streptococcus	1
C3H9NO5P+	Bifidobacterium_Genus	1
C3H9NO5P+	Aggregatibacter_genus	1
C3H9NO5P+	Snodgrassella_alvi	1
C3H9NO5P+	Gilliamella_apicola	1
Hg	Bilophila	1
Hg	Butyricimonas	1
Hg	Coprococcus	1
Hg	Acinetobacter	1
Hg	Oscillospira	1
Hg	Staphylococcus	1
Hg	Sporosarcina	1
Hg	Dehalobacterium_n.a.	1
Hg	Jeotgalicoccus	1
Hg	Tenericutes	1
C14H14Cl2N2O	Desulfovibrio	1
C14H14Cl2N2O	Firmicutes	1
C14H14Cl2N2O	Lactobacillus	1
C14H14Cl2N2O	Proteobacteria	1
C14H14Cl2N2O	Bacteroidia	1
C14H14Cl2N2O	Bifidobacterium_Genus	1
C14H14Cl2N2O	Deltaproteobacteria	1
C14H14Cl2N2O	Clostridiales	1
C14H14Cl2N2O	Lachnospiraceae_Family	1
C14H14Cl2N2O	Akkermansia	1
C14H14Cl2N2O	Alistipes	1
C9H10ClN5O2	Lactobacillus	1
C9H10ClN5O2	Bifidobacterium_Genus	1
C9H10ClN5O2	Acetobacter	1
Pb	Blautia_Genus	1
Pb	Clostridiales	1
Pb	Erysipelotrichaceae	1
Pb	Lachnospiraceae_Family	1
Pb	Oscillospira	1
Pb	Ruminococcaceae_Family	1
Pb	Ruminococcus	1
Pb	Turicibacter	1
Pb	Barnesiella	1
Pb	Alistipes	1
Pb	Lactobacillaceae	1
C10H19O6PS2	Blautia_Genus	1
C10H19O6PS2	Christensenellaceae	1
C10H19O6PS2	Clostridium	1
C10H19O6PS2	Corynebacterium_Genus	1
C10H19O6PS2	Roseburia	1
C10H19O6PS2	Planococcaceae	1
C10H19O6PS2	Anaerostipes	1
Mn+2	Firmicutes	1
Mn+2	Bacteroidetes	1
C16H22O4	Alloprevotella	1
C16H22O4	Firmicutes	1
C16H22O4	Parasutterella	1
C16H22O4	Verrucomicrobia_Phylum	1
C16H22O4	Akkermansia	1
C16H22O4	Tannerella	1
C16H22O4	Coprobacter	1
C16H22O4	Intestinimonas	1
C16H22O4	Holdemanella	1
Cl2Hg	Bilophila	1
Cl2Hg	Butyricimonas	1
Cl2Hg	Coprococcus	1
Cl2Hg	Acinetobacter	1
Cl2Hg	Oscillospira	1
Cl2Hg	Staphylococcus	1
Cl2Hg	Sporosarcina	1
Cl2Hg	Dehalobacterium_n.a.	1
Cl2Hg	Jeotgalicoccus	1
Cl2Hg	Proteobacteria	1
Cl2Hg	Spirochaetes	1
Cl2Hg	Tenericutes	1
C4H11N5	Akkermansia_muciniphila_Species_239934	1
C6H9N3O3	Lactobacillus	1
Ni	Escherichia_coli	1
Ni	Lactobacillus	1
C20H18ClNO6	Lactobacillus	1
C14H8Cl4	Firmicutes	1
C14H8Cl4	Proteobacteria	1
C14H8Cl4	Verrucomicrobia_Phylum	1
C14H8Cl4	Bacteroidia	1
C14H8Cl4	Cyanobacteria	1
C14H8Cl4	Deferribacteres_phylum	1
Pb	Coprococcus	1
Pb	Streptococcus	1
Pb	Lactococcus	1
Pb	Desulfovibrionaceae	1
Pb	Caulobacterales_order	1
Pb	Enterorhabdus	1
C46H62N4O11	Bacteroides_ovatus	1
C22H25ClN2O8	Bacteroides_ovatus	1
C22H24Cl2N2O8	Bacteroides_ovatus	1
C19H16ClF3N4O3	Bacteroides_ovatus	1
C11H12Cl2N2O5	Bacteroides_ovatus	1
C23H28ClN3O7	Bacteroides_ovatus	1
C29H27ClN2O14S	Bacteroides_ovatus	1
C21H22Cl2N2O8	Bacteroides_ovatus	1
C22H23ClN2O8	Bacteroides_ovatus	1
C22H30Cl2N10	Bacteroides_ovatus	1
C17H21ClFN3O4	Bacteroides_ovatus	1
C47H64N4O12	Bacteroides_ovatus	1
C38H72N2O12	Bacteroides_ovatus	1
C18H34Cl2N2O5S	Bacteroides_ovatus	1
C38H69NO13	Bacteroides_ovatus	1
C16H18N2O4S	Allobaculum	1
C16H18N2O4S	Lactobacillus	1
C16H20FN3O4	Bacteroides_ovatus	1
C21H24FN3O4	Bacteroides_ovatus	1
C16H18N2O4S	Arthromitus	1
C12H15Cl2NO5S	Bacteroides_ovatus	1
C6HCl5O	Bacteroides	1
C22H28N2O11	Bacteroides_ovatus	1
C43H58N4O12	Bacteroides_ovatus	1
C6HCl5O	Legionella	1
C8H7N3O5	Bacteroides_ovatus	1
C6HCl5O	Arthrobacter	1
C6HCl5O	Microbacterium	1
C11H10N4O4	Bacteroides_ovatus	1
C6HCl5O	Chryseobacterium	1
C6HCl5O	Firmicutes	1
C16H17N2NaO4S	Bacteroides_ovatus	1
C19H21FN2O4	Bacteroides_ovatus	1
C6HCl5O	Bacteroidia	1
C21H20Cl2O3	Enterobacteriaceae	1
C19H22FN3O4	Bacteroides_ovatus	1
C21H20Cl2O3	Lactobacillus	1
C20H17F2N3O3	Bacteroides_ovatus	1
C21H20Cl2O3	Bacteroides	1
C43H51N3O11	Bacteroides_ovatus	1
C21H20Cl2O3	Prevotella	1
C13H17ClN4O6	Bacteroides_ovatus	1
C17H25N3O5S	Bacteroides_ovatus	1
C21H20Cl2O3	Porphyromonas	1
C37H67NO13	Bacteroides_ovatus	1
C42H69NO15	Bacteroides_ovatus	1
C18H35ClN2O6S	Bacteroides_ovatus	1
C14H13N8NaO4S3	Bacteroides_ovatus	1
C23H26N5NaO7S	Bacteroides_ovatus	1
C41H76N2O15	Bacteroides_ovatus	1
C13H6Cl6O2	Bacteroides_ovatus	1
C26H58Cl2N10	Bacteroides_ovatus	1
C4HF9O3S	Planctomyces	1
C46H77NO17	Bacteroides_ovatus	1
C4HF9O3S	Vibrio	1
C31H35N2NaO11	Bacteroides_ovatus	1
C4HF9O3S	Cetobacterium	1
C9H20N2O2	Butyricimonas	1
C15H14N2Na2O6S2	Bacteroides_ovatus	1
C9H20N2O2	Desulfovibrio	1
C42H78N2O14	Bacteroides_ovatus	1
C9H20N2O2	Firmicutes	1
C43H74N2O14	Bacteroides_ovatus	1
C13H8Cl2N2O4	Bacteroides_ovatus	1
C9H20N2O2	Oscillospira	1
C9H9HgNaO2S	Bacteroides_ovatus	1
C9H20N2O2	Parabacteroides_Genus	1
C20H35AuO9PS	Bacteroides_ovatus	1
C9H20N2O2	Bacteroides	1
C22H14Cl2I2N2O2	Bacteroides_ovatus	1
C9H20N2O2	Planctomycetia	1
C48H56N6O8S2	Bacteroides_ovatus	1
C9H20N2O2	Proteobacteria	1
C16H25N3O7S	Bacteroides_ovatus	1
C9H20N2O2	Ruminococcus	1
C16H16N5NaO7S2	Bacteroides_ovatus	1
C25H31N9O10S2	Bacteroides_ovatus	1
C9H20N2O2	Bacteroidia	1
C16H19N3O5S	Bacteroides_ovatus	1
C9H20N2O2	Dehalobacterium_n.a.	1
C31H47NaO6	Bacteroides_ovatus	1
C9H20N2O2	Chloro铿俥xi	1
C6H6N4O4	Bacteroides_ovatus	1
C9H20N2O2	Acidobacteria	1
C27H42ClNO2	Bacteroides_ovatus	1
C9H20N2O2	Tenericutes	1
C6H8N4O4	Bacteroides_ovatus	1
C24H24ClN3O6S	Bacteroides_ovatus	1
C19H22F2N4O3	Bacteroides_ovatus	1
C8H13N3O4S	Bacteroides_ovatus	1
C7H10ClN3O3	Bacteroides_ovatus	1
C41H67NO15	Bacteroides_ovatus	1
C12H17N3O4S	Bacteroides_ovatus	1
C17H19KN2O5S	Bacteroides_ovatus	1
C6H9N3O3	Bacteroides_ovatus	1
C16H16N3NaO7S2	Bacteroides_ovatus	1
C10H13N3O5S	Bacteroides_ovatus	1
C7H11N3O3	Bacteroides_ovatus	1
C43H51N3O11	Veillonellaceae_family	1
C28H44ClNO2	Bacteroides_ovatus	1
C43H51N3O11	Eubacteriaceae	1
C7H5NO3S	Clostridiales	1
C19H12O8	Bacteroides_ovatus	1
C7H5NO3S	Corynebacterium_Genus	1
C36H61NaO11	Bacteroides_ovatus	1
C9H5Cl2NO	Bacteroides_ovatus	1
C7H5NO3S	Roseburia	1
C23H36N4O10S2	Bacteroides_ovatus	1
C7H5NO3S	Ruminococcus	1
C20H9Br2HgNa2O6	Bacteroides_ovatus	1
C8H6N4O5	Bacteroides_ovatus	1
C19H18Cl2N3NaO6S	Bacteroides_ovatus	1
C20H22N5NaO6S	Bacteroides_ovatus	1
C12H19Cl3O8	Clostridia	1
C66H103N17O16S	Bacteroides_ovatus	1
C12H19Cl3O8	Lactobacillus	1
C27H30ClNO10	Bacteroides_ovatus	1
C12H19Cl3O8	Bacteroides	1
C9H5ClINO	Bacteroides_ovatus	1
C12H7Cl3O2	Bacteroides_ovatus	1
C12H19Cl3O8	Bifidobacterium_Genus	1
C30H40Cl2N4	Bacteroides_ovatus	1
C15H17FN4O3	Bacteroides_ovatus	1
C21H39N7O12	Lactobacillus	1
C22H17ClN2	Bacteroides_ovatus	1
C21H39N7O12	Bacteroidaceae	1
C17H20ClF2N3O3	Bacteroides_ovatus	1
C21H23N2NaO6S	Bacteroides_ovatus	1
C21H39N7O12	Porphyromonadaceae	1
C4H3FN2O2	Bacteroides_ovatus	1
C17H12Br2O3	Bacteroides_ovatus	1
C12H19Cl3O8	Christensenellaceae	1
C19H18N3NaO5S	Bacteroides_ovatus	1
C12H19Cl3O8	Erysipelotrichaceae	1
C14H12FNO3	Bacteroides_ovatus	1
C27H22Cl2N4	Bacteroides_ovatus	1
C12H19Cl3O8	Clostridiaceae	1
C26H22ClF3N2O3	Enterobacteriaceae	1
C18H20FN3O4	Bacteroides_ovatus	1
C8H15N3O7	Bacteroides_ovatus	1
C26H22ClF3N2O3	Caulobacteraceae	1
C29H38N4O10	Bacteroides_ovatus	1
C16H18FN3O3	Bacteroides_ovatus	1
C14H18N4O3	Bacteroides_ovatus	1
C9H11FN2O5	Bacteroides_ovatus	1
C12H13ClN4	Bacteroides_ovatus	1
C18H22O2	Bacteroides_ovatus	1
C17H20FN3O3	Bacteroides_ovatus	1
C7H11ClN2O2S	Bacteroides_ovatus	1
C18H18O2	Bacteroides_ovatus	1
C75H70N6O6	Bacteroides_ovatus	1
C12H4Cl4O	Oscillibacter	1
C22H23ClN2O2	Bacteroides_ovatus	1
C18H20O2	Bacteroides_ovatus	1
C10H12N4O5S	Bacteroides_ovatus	1
C14H9I3O4	Bacteroides_ovatus	1
C8H10ClN5O3S	Lactobacillus	1
C4H4N6O	Bacteroides_ovatus	1
C10H13N5O4	Bacteroides_ovatus	1
C8H10ClN5O3S	Bifidobacterium_Genus	1
C10H11F3N2O5	Bacteroides_ovatus	1
C8H10ClN5O3S	Alphaproteobacteria	1
C17H21ClN2S	Bacteroides_ovatus	1
C8H10ClN5O3S	Gilliamella_apicola	1
C19H25ClN2S	Bacteroides_ovatus	1
C14H12ClNO2	Bacteroides_ovatus	1
C4H8Cl3O4P	Lactobacillus	1
C19H12O6	Bacteroides_ovatus	1
C4H8Cl3O4P	Proteobacteria	1
C20H24ClNS	Bacteroides_ovatus	1
C12H7Cl3O2	Christensenellaceae	1
C12H7Cl3O2	Streptococcaceae	1
C18H19Cl2NS	Bacteroides_ovatus	1
C19H22ClN	Bacteroides_ovatus	1
C12H7Cl3O2	Clostridiaceae	1
C22H26ClN3O4S	Bacteroides_ovatus	1
C12H7Cl3O2	Lactobacillaceae	1
C22H24ClN3O5	Bacteroides_ovatus	1
C66H75Cl2N9O24	Clostridiales	1
C40H50N4O6S2	Bacteroides_ovatus	1
C66H75Cl2N9O24	Escherichia	1
C66H75Cl2N9O24	Firmicutes	1
C9H11IN2O5	Bacteroides_ovatus	1
C14H12Cl2NNaO3	Bacteroides_ovatus	1
C66H75Cl2N9O24	Lachnospiraceae_Family	1
C14H10F3NO2	Bacteroides_ovatus	1
C66H75Cl2N9O24	Lactobacillus	1
C8H12N4O5	Bacteroides_ovatus	1
C66H75Cl2N9O24	Prevotellaceae	1
C19H20N2O3S	Bacteroides_ovatus	1
C66H75Cl2N9O24	Proteobacteria	1
C18H18F3NO4	Bacteroides_ovatus	1
C66H75Cl2N9O24	Rikenellaceae	1
C21H28F3N3O7	Bacteroides_ovatus	1
C66H75Cl2N9O24	Sutterella	1
C16H14O3	Bacteroides_ovatus	1
C33H40N2O9	Bacteroides_ovatus	1
C66H75Cl2N9O24	Lactobacillaceae	1
C11H12N4O3S	Bacteroides_ovatus	1
C66H75Cl2N9O24	Verrucomicrobiaceae	1
C46H62N4O11	Bacteroides_thetaiotaomicron	1
C22H25ClN2O8	Bacteroides_thetaiotaomicron	1
C22H24Cl2N2O8	Bacteroides_thetaiotaomicron	1
C19H16ClF3N4O3	Bacteroides_thetaiotaomicron	1
C11H12Cl2N2O5	Bacteroides_thetaiotaomicron	1
C23H28ClN3O7	Bacteroides_thetaiotaomicron	1
C29H27ClN2O14S	Bacteroides_thetaiotaomicron	1
C21H22Cl2N2O8	Bacteroides_thetaiotaomicron	1
Cr	Firmicutes	1
C22H23ClN2O8	Bacteroides_thetaiotaomicron	1
Cr	Aeromonas	1
C22H30Cl2N10	Bacteroides_thetaiotaomicron	1
Cr	Saccharibacteria	1
C17H21ClFN3O4	Bacteroides_thetaiotaomicron	1
C47H64N4O12	Bacteroides_thetaiotaomicron	1
C38H72N2O12	Bacteroides_thetaiotaomicron	1
C18H34Cl2N2O5S	Bacteroides_thetaiotaomicron	1
C38H69NO13	Bacteroides_thetaiotaomicron	1
As	Bacteroides	1
As	Proteobacteria	1
C16H20FN3O4	Bacteroides_thetaiotaomicron	1
C21H24FN3O4	Bacteroides_thetaiotaomicron	1
C12H15Cl2NO5S	Bacteroides_thetaiotaomicron	1
As	Barnesiella	1
As	Acidobacteria	1
C22H28N2O11	Bacteroides_thetaiotaomicron	1
C43H58N4O12	Bacteroides_thetaiotaomicron	1
C8H7N3O5	Bacteroides_thetaiotaomicron	1
C11H10N4O4	Bacteroides_thetaiotaomicron	1
C19H21FN2O4	Bacteroides_thetaiotaomicron	1
C19H22FN3O4	Bacteroides_thetaiotaomicron	1
C46H77NO17	Enterococcus	1
C20H17F2N3O3	Bacteroides_thetaiotaomicron	1
C46H77NO17	Erysipelotrichaceae	1
C43H51N3O11	Bacteroides_thetaiotaomicron	1
C46H77NO17	Firmicutes	1
C13H17ClN4O6	Bacteroides_thetaiotaomicron	1
C46H77NO17	Lactobacillus	1
C17H25N3O5S	Bacteroides_thetaiotaomicron	1
C46H77NO17	Prevotellaceae	1
C37H67NO13	Bacteroides_thetaiotaomicron	1
C46H77NO17	Rikenellaceae	1
C42H69NO15	Bacteroides_thetaiotaomicron	1
C46H77NO17	Ruminococcaceae_Family	1
C18H35ClN2O6S	Bacteroides_thetaiotaomicron	1
C46H77NO17	Streptococcaceae	1
C41H76N2O15	Bacteroides_thetaiotaomicron	1
C46H77NO17	Bacteroidia	1
C13H6Cl6O2	Bacteroides_thetaiotaomicron	1
C26H58Cl2N10	Bacteroides_thetaiotaomicron	1
C46H77NO17	Bacteroides_thetaiotaomicron	1
C42H78N2O14	Bacteroides_thetaiotaomicron	1
C16H19N3O5S	Erysipelotrichaceae	1
C43H74N2O14	Bacteroides_thetaiotaomicron	1
C16H19N3O5S	Firmicutes	1
C13H8Cl2N2O4	Bacteroides_thetaiotaomicron	1
C16H19N3O5S	Prevotellaceae	1
C9H9HgNaO2S	Bacteroides_thetaiotaomicron	1
C16H19N3O5S	Rikenellaceae	1
C20H35AuO9PS	Bacteroides_thetaiotaomicron	1
C16H19N3O5S	Ruminococcaceae_Family	1
C22H14Cl2I2N2O2	Bacteroides_thetaiotaomicron	1
C16H19N3O5S	Streptococcaceae	1
C31H47NaO6	Bacteroides_thetaiotaomicron	1
C6H6N4O4	Bacteroides_thetaiotaomicron	1
C16H19N3O5S	Bacteroidia	1
C27H42ClNO2	Bacteroides_thetaiotaomicron	1
C6H8N4O4	Bacteroides_thetaiotaomicron	1
C19H22F2N4O3	Bacteroides_thetaiotaomicron	1
C8H13N3O4S	Bacteroides_thetaiotaomicron	1
As	Clostridia	1
As	Erysipelotrichaceae	1
C7H10ClN3O3	Bacteroides_thetaiotaomicron	1
C41H67NO15	Bacteroides_thetaiotaomicron	1
As	Clostridiaceae	1
As	Catabacteriaceae	1
C12H17N3O4S	Bacteroides_thetaiotaomicron	1
C6H9N3O3	Bacteroides_thetaiotaomicron	1
As	Clostridiales_incertae_sedis	1
C10H13N3O5S	Bacteroides_thetaiotaomicron	1
C7H11N3O3	Bacteroides_thetaiotaomicron	1
C28H44ClNO2	Bacteroides_thetaiotaomicron	1
C19H12O8	Bacteroides_thetaiotaomicron	1
C4H11N5	Clostridium_cocleatum	1
C9H5Cl2NO	Bacteroides_thetaiotaomicron	1
C23H36N4O10S2	Bacteroides_thetaiotaomicron	1
C20H9Br2HgNa2O6	Bacteroides_thetaiotaomicron	1
C8H6N4O5	Bacteroides_thetaiotaomicron	1
C13H9NOSe	Bacteroides_thetaiotaomicron	1
C7H15Cl2N2O2P	Clostridium_scindens	1
C66H76Cl3N9O24	Bacteroides_thetaiotaomicron	1
C7H15Cl2N2O2P	Coprococcus	1
C27H30ClNO10	Bacteroides_thetaiotaomicron	1
C7H15Cl2N2O2P	Pseudomonadaceae	1
C9H5ClINO	Bacteroides_thetaiotaomicron	1
C7H15Cl2N2O2P	Anaerostipes	1
C12H7Cl3O2	Bacteroides_thetaiotaomicron	1
C30H40Cl2N4	Bacteroides_thetaiotaomicron	1
C7H15Cl2N2O2P	Roseburia_faecis	1
C4H3FN2O2	Pseudomonadaceae	1
C15H17FN4O3	Bacteroides_thetaiotaomicron	1
C18H14Cl4N2O	Bacteroides_thetaiotaomicron	1
C4H3FN2O2	Clostridiaceae	1
C22H17ClN2	Bacteroides_thetaiotaomicron	1
C4H3FN2O2	Verrucomicrobiaceae	1
C17H20ClF2N3O3	Bacteroides_thetaiotaomicron	1
C4H3FN2O2	Bacteroides_thetaiotaomicron	1
C17H12Br2O3	Bacteroides_thetaiotaomicron	1
As	Lachnospiraceae_Family	1
C14H12FNO3	Bacteroides_thetaiotaomicron	1
As	Bacteroidaceae	1
C27H22Cl2N4	Bacteroides_thetaiotaomicron	1
As	Porphyromonadaceae	1
C28H41N3O3	Bacteroides_thetaiotaomicron	1
As	Ruminococcaceae_Family	1
C18H20FN3O4	Bacteroides_thetaiotaomicron	1
C8H15N3O7	Bacteroides_thetaiotaomicron	1
C29H38N4O10	Bacteroides_thetaiotaomicron	1
C14H18N4O3	Bacteroides_thetaiotaomicron	1
C9H11FN2O5	Bacteroides_thetaiotaomicron	1
C12H13ClN4	Bacteroides_thetaiotaomicron	1
Pb	Clostridiaceae	1
C18H22O2	Bacteroides_thetaiotaomicron	1
C7H7NO3	Escherichia_coli	1
C17H20FN3O3	Bacteroides_thetaiotaomicron	1
C7H7NO3	Parabacteroides_Genus	1
C7H11ClN2O2S	Bacteroides_thetaiotaomicron	1
C7H7NO3	Bacteroides	1
C18H18O2	Bacteroides_thetaiotaomicron	1
C7H7NO3	Prevotella	1
C18H19Cl2NO4	Bacteroides_thetaiotaomicron	1
C75H70N6O6	Bacteroides_thetaiotaomicron	1
C7H7NO3	Shigella	1
C4H3FN2O2	Escherichia_coli	1
C18H20O2	Bacteroides_thetaiotaomicron	1
C24H35ClN2O	Bacteroides_thetaiotaomicron	1
C4H3FN2O2	Bacteroides_sp._Species_816	1
C17H17ClF6N2O	Bacteroides_thetaiotaomicron	1
C4H4N6O	Bacteroides_thetaiotaomicron	1
C21H27ClN2S2	Bacteroides_thetaiotaomicron	1
C10H13N5O4	Bacteroides_thetaiotaomicron	1
C10H11F3N2O5	Bacteroides_thetaiotaomicron	1
C17H21ClN2S	Bacteroides_thetaiotaomicron	1
C19H25ClN2S	Bacteroides_thetaiotaomicron	1
C14H12ClNO2	Bacteroides_thetaiotaomicron	1
C20H24ClNS	Bacteroides_thetaiotaomicron	1
C18H19Cl2NS	Bacteroides_thetaiotaomicron	1
C19H22ClN	Bacteroides_thetaiotaomicron	1
C22H26ClN3O4S	Bacteroides_thetaiotaomicron	1
C22H24ClN3O5	Bacteroides_thetaiotaomicron	1
C40H50N4O6S2	Bacteroides_thetaiotaomicron	1
C23H23NO4S	Bacteroides_thetaiotaomicron	1
C39H54N6O8S	Bacteroides_thetaiotaomicron	1
C16H19N3O5S	Blautia_Genus	1
C27H32N2O4S3	Bacteroides_thetaiotaomicron	1
C46H62N4O11	Bacteroides_uniformis	1
C16H19N3O5S	Clostridium	1
C22H25ClN2O8	Bacteroides_uniformis	1
C22H24Cl2N2O8	Bacteroides_uniformis	1
C19H16ClF3N4O3	Bacteroides_uniformis	1
C16H19N3O5S	Collinsella	1
C11H12Cl2N2O5	Bacteroides_uniformis	1
C16H19N3O5S	Coprococcus	1
C23H28ClN3O7	Bacteroides_uniformis	1
C16H19N3O5S	Corynebacterium_Genus	1
C29H27ClN2O14S	Bacteroides_uniformis	1
C16H19N3O5S	Dorea	1
C21H22Cl2N2O8	Bacteroides_uniformis	1
C16H19N3O5S	Enterobacter	1
C22H23ClN2O8	Bacteroides_uniformis	1
C16H19N3O5S	Enterobacteriaceae	1
C22H30Cl2N10	Bacteroides_uniformis	1
C16H19N3O5S	Enterococcus	1
C17H21ClFN3O4	Bacteroides_uniformis	1
C16H19N3O5S	Escherichia	1
C47H64N4O12	Bacteroides_uniformis	1
C38H72N2O12	Bacteroides_uniformis	1
C16H19N3O5S	Eubacterium	1
C18H34Cl2N2O5S	Bacteroides_uniformis	1
C38H69NO13	Bacteroides_uniformis	1
C16H19N3O5S	Faecalibacterium	1
C16H19N3O5S	Klebsiella	1
C16H19N3O5S	Bacillus	1
C16H20FN3O4	Bacteroides_uniformis	1
C21H24FN3O4	Bacteroides_uniformis	1
C12H15Cl2NO5S	Bacteroides_uniformis	1
C16H19N3O5S	Parabacteroides_Genus	1
C22H28N2O11	Bacteroides_uniformis	1
C16H19N3O5S	Bacteroides	1
C43H58N4O12	Bacteroides_uniformis	1
C8H7N3O5	Bacteroides_uniformis	1
C16H19N3O5S	Pseudomonas	1
C16H19N3O5S	Roseburia	1
C11H10N4O4	Bacteroides_uniformis	1
C16H19N3O5S	Ruminococcus	1
C16H17N2NaO4S	Bacteroides_uniformis	1
C16H19N3O5S	Staphylococcus	1
C19H21FN2O4	Bacteroides_uniformis	1
C19H22FN3O4	Bacteroides_uniformis	1
C16H19N3O5S	Streptococcus	1
C20H17F2N3O3	Bacteroides_uniformis	1
C43H51N3O11	Bacteroides_uniformis	1
C13H17ClN4O6	Bacteroides_uniformis	1
C16H19N3O5S	Akkermansia	1
C17H25N3O5S	Bacteroides_uniformis	1
C37H67NO13	Bacteroides_uniformis	1
C16H19N3O5S	Bifidobacterium_Genus	1
C42H69NO15	Bacteroides_uniformis	1
C18H35ClN2O6S	Bacteroides_uniformis	1
C16H19N3O5S	Alistipes	1
C16H19N3O5S	Citrobacter	1
C14H13N8NaO4S3	Bacteroides_uniformis	1
C16H19N3O5S	Veillonella	1
C23H26N5NaO7S	Bacteroides_uniformis	1
C16H19N3O5S	Dialister	1
C41H76N2O15	Bacteroides_uniformis	1
C16H19N3O5S	Morganella	1
C13H6Cl6O2	Bacteroides_uniformis	1
C26H58Cl2N10	Bacteroides_uniformis	1
C46H77NO17	Bacteroides_uniformis	1
C31H35N2NaO11	Bacteroides_uniformis	1
C15H14N2Na2O6S2	Bacteroides_uniformis	1
C42H78N2O14	Bacteroides_uniformis	1
C43H74N2O14	Bacteroides_uniformis	1
C13H8Cl2N2O4	Bacteroides_uniformis	1
C9H9HgNaO2S	Bacteroides_uniformis	1
C20H35AuO9PS	Bacteroides_uniformis	1
C22H14Cl2I2N2O2	Bacteroides_uniformis	1
C48H56N6O8S2	Bacteroides_uniformis	1
C16H25N3O7S	Bacteroides_uniformis	1
C16H16N5NaO7S2	Bacteroides_uniformis	1
C25H31N9O10S2	Bacteroides_uniformis	1
C16H19N3O5S	Bacteroides_uniformis	1
C31H47NaO6	Bacteroides_uniformis	1
C6H6N4O4	Bacteroides_uniformis	1
C27H42ClNO2	Bacteroides_uniformis	1
C6H8N4O4	Bacteroides_uniformis	1
C24H24ClN3O6S	Bacteroides_uniformis	1
C19H22F2N4O3	Bacteroides_uniformis	1
C16H15N2NaO6S2	Bacteroides_uniformis	1
C8H13N3O4S	Bacteroides_uniformis	1
C14H13N5O5S2	Bacteroides_uniformis	1
C7H10ClN3O3	Bacteroides_uniformis	1
C16H19N3O4S	Escherichia	1
C41H67NO15	Bacteroides_uniformis	1
C16H19N3O4S	Lactobacillus	1
C20H21N7O6S2	Bacteroides_uniformis	1
C16H19N3O4S	Bacteroides	1
C12H17N3O4S	Bacteroides_uniformis	1
C16H19N3O4S	Porphyromonadaceae	1
C17H19KN2O5S	Bacteroides_uniformis	1
C16H19N3O4S	Pseudomonas	1
C6H9N3O3	Bacteroides_uniformis	1
C16H19N3O4S	Akkermansia	1
C16H16N3NaO7S2	Bacteroides_uniformis	1
C10H13N3O5S	Bacteroides_uniformis	1
C16H19N3O4S	Barnesiella	1
C7H11N3O3	Bacteroides_uniformis	1
C16H19N3O4S	Bifidobacterium_Genus	1
C28H44ClNO2	Bacteroides_uniformis	1
C16H19N3O4S	Alistipes	1
C16H19N3O4S	Clostridium	1
C19H12O8	Bacteroides_uniformis	1
C16H19N3O4S	Enterococcus	1
C36H61NaO11	Bacteroides_uniformis	1
C9H5Cl2NO	Bacteroides_uniformis	1
C23H36N4O10S2	Bacteroides_uniformis	1
C20H9Br2HgNa2O6	Bacteroides_uniformis	1
C8H6N4O5	Bacteroides_uniformis	1
C16H15N4NaO8S	Bacteroides_uniformis	1
C20H18N6Na2O9S	Bacteroides_uniformis	1
C13H9NOSe	Bacteroides_uniformis	1
C19H28Cl2N6O6S2	Bacteroides_uniformis	1
C19H18Cl2N3NaO6S	Bacteroides_uniformis	1
C17H17N7O8S4	Bacteroides_uniformis	1
C66H76Cl3N9O24	Bacteroides_uniformis	1
C20H22N5NaO6S	Bacteroides_uniformis	1
C66H103N17O16S	Bacteroides_uniformis	1
C18H25Cl2N9O4S3	Bacteroides_uniformis	1
C15H16N7NaO5S3	Bacteroides_uniformis	1
C9H5ClINO	Bacteroides_uniformis	1
C12H7Cl3O2	Bacteroides_uniformis	1
C30H40Cl2N4	Bacteroides_uniformis	1
C19H16ClFN3NaO5S	Bacteroides_uniformis	1
C15H17FN4O3	Bacteroides_uniformis	1
C16H16ClN3O4	Bacteroides_uniformis	1
C9H13N3O5	Firmicutes	1
C18H14Cl4N2O	Bacteroides_uniformis	1
C22H17ClN2	Bacteroides_uniformis	1
C9H13N3O5	Proteobacteria	1
C19H17ClN3NaO5S	Bacteroides_uniformis	1
C9H8O4	Blautia_Genus	1
C17H20ClF2N3O3	Bacteroides_uniformis	1
C9H8O4	Enterocloster_bolteae	1
C9H8O4	Streptococcaceae	1
C17H12Br2O3	Bacteroides_uniformis	1
C9H8O4	Streptococcus	1
C19H18N3NaO5S	Bacteroides_uniformis	1
C9H8O4	Streptococcus_parasanguinis	1
C14H12FNO3	Bacteroides_uniformis	1
C9H8O4	Bacteroides_ovatus	1
C27H22Cl2N4	Bacteroides_uniformis	1
C16H15N5O7S2	Bacteroides_uniformis	1
C9H8O4	Bifidobacteriaceae	1
C16H13Cl3N2OS	Bacteroides_uniformis	1
C9H8O4	Bifidobacterium_Genus	1
C28H41N3O3	Bacteroides_uniformis	1
C9H8O4	Bifidobacterium_adolescentis	1
C18H16Cl3N3O4	Bacteroides_uniformis	1
C9H8O4	Streptococcus_sanguinis_species_1301	1
C32H55BrN4O	Bacteroides_uniformis	1
C9H8O4	Streptococcus_mutans	1
C9H8O4	Bifidobacterium_dentium_Species_1678	1
C18H20FN3O4	Bacteroides_uniformis	1
C8H15N3O7	Bacteroides_uniformis	1
C9H8O4	Eubacteriaceae	1
C29H38N4O10	Bacteroides_uniformis	1
C16H18FN3O3	Bacteroides_uniformis	1
C38H72N2O12	Clostridioides_difficile	1
C14H18N4O3	Bacteroides_uniformis	1
C38H72N2O12	Enterococcus	1
C18H14Cl4N4O4	Bacteroides_uniformis	1
C38H72N2O12	Escherichia	1
C9H11FN2O5	Bacteroides_uniformis	1
C20H23N5O6S	Clostridioides_difficile	1
C22H18N2	Bacteroides_uniformis	1
C20H23N5O6S	Clostridium	1
C12H13ClN4	Bacteroides_uniformis	1
C20H23N5O6S	Enterococcus	1
C32H41NO2	Bacteroides_uniformis	1
C20H23N5O6S	Escherichia	1
C18H22O2	Bacteroides_uniformis	1
C20H23N5O6S	Eubacterium	1
C17H20FN3O3	Bacteroides_uniformis	1
C20H23N5O6S	Klebsiella	1
C7H11ClN2O2S	Bacteroides_uniformis	1
C20H23N5O6S	Lactobacillus	1
C18H18O2	Bacteroides_uniformis	1
C20H23N5O6S	Bacteroides	1
C19H18Cl3N3O3S	Bacteroides_uniformis	1
C20H23N5O6S	Streptococcus	1
C18H19Cl2NO4	Bacteroides_uniformis	1
C21H27N3O7S	Clostridium	1
C32H37NO8	Bacteroides_uniformis	1
C21H27N3O7S	Enterobacteriaceae	1
C75H70N6O6	Bacteroides_uniformis	1
C21H27N3O7S	Enterococcus	1
C10H12N4O5S	Bacteroides_uniformis	1
C21H27N3O7S	Eubacterium	1
C17H17ClF6N2O	Bacteroides_uniformis	1
C21H27N3O7S	Lactobacillus	1
C21H27ClN2S2	Bacteroides_uniformis	1
C21H27N3O7S	Bacteroides	1
C20H22N8O5	Bacteroides_uniformis	1
C21H27N3O7S	Streptococcus	1
C23H39NO4	Bacteroides_uniformis	1
C21H27N3O7S	Bifidobacterium_Genus	1
C17H21ClN2S	Bacteroides_uniformis	1
C21H27N3O7S	Fusobacterium	1
C19H25ClN2S	Bacteroides_uniformis	1
C21H27N3O7S	Peptostreptococcus	1
C17H18F3N3O3	Bacteroides_uniformis	1
C21H27N3O7S	Veillonella	1
C14H9ClF3NO2	Bacteroides_uniformis	1
C19H12O6	Bacteroides_uniformis	1
C10H12N2O5S	Bacteroides_uniformis	1
C26H28ClNO	Bacteroides_uniformis	1
C5H9Cl2N3O2	Firmicutes	1
C24H26ClFN4O	Bacteroides_uniformis	1
C20H24ClNS	Bacteroides_uniformis	1
C5H9Cl2N3O2	Proteobacteria	1
C23H26ClN	Bacteroides_uniformis	1
C15H14ClN3O4S	Clostridioides_difficile	1
C19H22ClN	Bacteroides_uniformis	1
C15H14ClN3O4S	Clostridium	1
C22H26ClN3O4S	Bacteroides_uniformis	1
C22H24ClN3O5	Bacteroides_uniformis	1
C15H14ClN3O4S	Enterobacter	1
C18H18ClNOS	Bacteroides_uniformis	1
C15H14ClN3O4S	Enterobacteriaceae	1
C28H29F2N3O	Bacteroides_uniformis	1
C40H50N4O6S2	Bacteroides_uniformis	1
C15H14ClN3O4S	Enterococcus	1
C25H43NO18	Bacteroides_uniformis	1
C13H12Cl2O4	Bacteroides_uniformis	1
C15H14ClN3O4S	Eubacterium	1
C23H23NO4S	Bacteroides_uniformis	1
C15H14ClN3O4S	Klebsiella	1
C28H32ClN3O8S	Bacteroides_uniformis	1
C15H14ClN3O4S	Lactobacillus	1
C17H20Cl2N2S	Bacteroides_uniformis	1
C15H14ClN3O4S	Bacteroides	1
C9H4Cl3IO	Bacteroides_uniformis	1
C15H14ClN3O4S	Staphylococcus	1
C20H22ClN	Bacteroides_uniformis	1
C23H32ClNO2	Bacteroides_uniformis	1
C15H14ClN3O4S	Streptococcus	1
C20H28Cl3N3O3	Bacteroides_uniformis	1
C29H35NO2	Bacteroides_uniformis	1
C27H32N2O4S3	Bacteroides_uniformis	1
C15H14ClN3O4S	Bifidobacterium_Genus	1
C29H34Cl2N2O2	Bacteroides_uniformis	1
C15H14ClN3O4S	Citrobacter	1
C23H26N2O5S	Bacteroides_uniformis	1
C16H17N3O5S	Clostridium	1
C21H29NO4S	Bacteroides_uniformis	1
C16H17N3O5S	Bacteroides	1
C15H22O5	Bacteroides_uniformis	1
C16H17N3O5S	Enterococcus	1
C21H22ClN	Bacteroides_uniformis	1
C16H17N3O5S	Escherichia	1
C28H28ClNO4S	Bacteroides_uniformis	1
C16H17N3O5S	Bacillus	1
C23H27NO5S	Bacteroides_uniformis	1
C16H17N3O5S	Staphylococcus	1
C46H62N4O11	Bacteroides_vulgatus	1
C16H17N3O5S	Streptococcus	1
C22H25ClN2O8	Bacteroides_vulgatus	1
C19H24N6O5S2	Clostridioides_difficile	1
C22H24Cl2N2O8	Bacteroides_vulgatus	1
C19H24N6O5S2	Clostridium	1
C19H16ClF3N4O3	Bacteroides_vulgatus	1
C19H24N6O5S2	Corynebacterium_Genus	1
C11H12Cl2N2O5	Bacteroides_vulgatus	1
C19H24N6O5S2	Enterobacteriaceae	1
C23H28ClN3O7	Bacteroides_vulgatus	1
C19H24N6O5S2	Enterococcus	1
C29H27ClN2O14S	Bacteroides_vulgatus	1
C19H24N6O5S2	Escherichia	1
C21H22Cl2N2O8	Bacteroides_vulgatus	1
C19H24N6O5S2	Eubacterium	1
C22H23ClN2O8	Bacteroides_vulgatus	1
C19H24N6O5S2	Bacillus	1
C22H30Cl2N10	Bacteroides_vulgatus	1
C19H24N6O5S2	Lactobacillus	1
C19H24N6O5S2	Bacteroides	1
C17H21ClFN3O4	Bacteroides_vulgatus	1
C19H24N6O5S2	Staphylococcus	1
C47H64N4O12	Bacteroides_vulgatus	1
C19H24N6O5S2	Streptococcus	1
C38H72N2O12	Bacteroides_vulgatus	1
C18H34Cl2N2O5S	Bacteroides_vulgatus	1
C19H24N6O5S2	Bifidobacterium_Genus	1
C38H69NO13	Bacteroides_vulgatus	1
C19H24N6O5S2	Veillonella	1
C20H25N5O7S2	Enterobacteriaceae	1
C16H15N5O7S2	Clostridioides_difficile	1
C16H15N5O7S2	Clostridium	1
C16H20FN3O4	Bacteroides_vulgatus	1
C16H15N5O7S2	Enterobacteriaceae	1
C21H24FN3O4	Bacteroides_vulgatus	1
C16H15N5O7S2	Enterococcus	1
C12H15Cl2NO5S	Bacteroides_vulgatus	1
C16H15N5O7S2	Escherichia	1
C22H28N2O11	Bacteroides_vulgatus	1
C16H15N5O7S2	Lactobacillus	1
C43H58N4O12	Bacteroides_vulgatus	1
C16H15N5O7S2	Bacteroides	1
C8H7N3O5	Bacteroides_vulgatus	1
C16H15N5O7S2	Staphylococcus	1
C11H10N4O4	Bacteroides_vulgatus	1
C16H17N2NaO4S	Bacteroides_vulgatus	1
C16H15N5O7S2	Streptococcus	1
C19H21FN2O4	Bacteroides_vulgatus	1
C19H22FN3O4	Bacteroides_vulgatus	1
C16H15N5O7S2	Bifidobacterium_Genus	1
C20H17F2N3O3	Bacteroides_vulgatus	1
C43H51N3O11	Bacteroides_vulgatus	1
C16H15N5O7S2	Salmonella	1
C13H17ClN4O6	Bacteroides_vulgatus	1
C16H15N5O7S2	Veillonella	1
C25H27N9O8S2	Clostridiales	1
C17H25N3O5S	Bacteroides_vulgatus	1
C25H27N9O8S2	Clostridioides_difficile	1
C37H67NO13	Bacteroides_vulgatus	1
C42H69NO15	Bacteroides_vulgatus	1
C25H27N9O8S2	Clostridium	1
C18H35ClN2O6S	Bacteroides_vulgatus	1
C25H27N9O8S2	Corynebacterium_Genus	1
C14H13N8NaO4S3	Bacteroides_vulgatus	1
C25H27N9O8S2	Enterobacteriaceae	1
C23H26N5NaO7S	Bacteroides_vulgatus	1
C25H27N9O8S2	Enterococcus	1
C41H76N2O15	Bacteroides_vulgatus	1
C25H27N9O8S2	Escherichia	1
C13H6Cl6O2	Bacteroides_vulgatus	1
C25H27N9O8S2	Eubacterium	1
C26H58Cl2N10	Bacteroides_vulgatus	1
C25H27N9O8S2	Klebsiella	1
C46H77NO17	Bacteroides_vulgatus	1
C25H27N9O8S2	Bacillus	1
C31H35N2NaO11	Bacteroides_vulgatus	1
C25H27N9O8S2	Lactobacillus	1
C15H14N2Na2O6S2	Bacteroides_vulgatus	1
C25H27N9O8S2	Bacteroides	1
C42H78N2O14	Bacteroides_vulgatus	1
C43H74N2O14	Bacteroides_vulgatus	1
C25H27N9O8S2	Porphyromonadaceae	1
C13H8Cl2N2O4	Bacteroides_vulgatus	1
C25H27N9O8S2	Pseudomonas	1
C9H9HgNaO2S	Bacteroides_vulgatus	1
C20H35AuO9PS	Bacteroides_vulgatus	1
C25H27N9O8S2	Staphylococcus	1
C22H14Cl2I2N2O2	Bacteroides_vulgatus	1
C48H56N6O8S2	Bacteroides_vulgatus	1
C25H27N9O8S2	Streptococcus	1
C16H25N3O7S	Bacteroides_vulgatus	1
C25H27N9O8S2	Akkermansia	1
C16H16N5NaO7S2	Bacteroides_vulgatus	1
C25H31N9O10S2	Bacteroides_vulgatus	1
C25H27N9O8S2	Barnesiella	1
C16H19N3O5S	Bacteroides_vulgatus	1
C25H27N9O8S2	Bifidobacterium_Genus	1
C31H47NaO6	Bacteroides_vulgatus	1
C25H27N9O8S2	Alistipes	1
C6H6N4O4	Bacteroides_vulgatus	1
C25H27N9O8S2	Fusobacterium	1
C25H27N9O8S2	Clostridiaceae	1
C27H42ClNO2	Bacteroides_vulgatus	1
C25H27N9O8S2	Lactobacillaceae	1
C6H8N4O4	Bacteroides_vulgatus	1
C25H27N9O8S2	Paenibacillaceae	1
C24H24ClN3O6S	Bacteroides_vulgatus	1
C16H17N5O7S2	Clostridioides_difficile	1
C19H22F2N4O3	Bacteroides_vulgatus	1
C16H17N5O7S2	Clostridium	1
C16H15N2NaO6S2	Bacteroides_vulgatus	1
C16H17N5O7S2	Enterococcus	1
C8H13N3O4S	Bacteroides_vulgatus	1
C16H17N5O7S2	Escherichia	1
C14H13N5O5S2	Bacteroides_vulgatus	1
C16H17N5O7S2	Lactobacillus	1
C16H17N5O7S2	Bacteroides	1
C7H10ClN3O3	Bacteroides_vulgatus	1
C17H17N7O8S4	Clostridioides_difficile	1
C41H67NO15	Bacteroides_vulgatus	1
C17H17N7O8S4	Clostridium	1
C20H21N7O6S2	Bacteroides_vulgatus	1
C17H17N7O8S4	Enterococcus	1
C12H17N3O4S	Bacteroides_vulgatus	1
C17H17N7O8S4	Escherichia	1
C17H19KN2O5S	Bacteroides_vulgatus	1
C17H17N7O8S4	Lactobacillus	1
C6H9N3O3	Bacteroides_vulgatus	1
C17H17N7O8S4	Bacteroides	1
C16H16N3NaO7S2	Bacteroides_vulgatus	1
C16H17N3O7S2	Clostridioides_difficile	1
C10H13N3O5S	Bacteroides_vulgatus	1
C16H17N3O7S2	Clostridium	1
C7H11N3O3	Bacteroides_vulgatus	1
C28H44ClNO2	Bacteroides_vulgatus	1
C19H12O8	Bacteroides_vulgatus	1
C16H17N3O7S2	Enterobacter	1
C36H61NaO11	Bacteroides_vulgatus	1
C16H17N3O7S2	Enterobacteriaceae	1
C9H5Cl2NO	Bacteroides_vulgatus	1
C23H36N4O10S2	Bacteroides_vulgatus	1
C16H17N3O7S2	Enterococcus	1
C20H9Br2HgNa2O6	Bacteroides_vulgatus	1
C8H6N4O5	Bacteroides_vulgatus	1
C16H15N4NaO8S	Bacteroides_vulgatus	1
C16H17N3O7S2	Escherichia	1
C20H18N6Na2O9S	Bacteroides_vulgatus	1
C16H17N3O7S2	Eubacterium	1
C13H9NOSe	Bacteroides_vulgatus	1
C16H17N3O7S2	Lactobacillus	1
C19H28Cl2N6O6S2	Bacteroides_vulgatus	1
C19H18Cl2N3NaO6S	Bacteroides_vulgatus	1
C16H17N3O7S2	Bacteroides	1
C17H17N7O8S4	Bacteroides_vulgatus	1
C66H76Cl3N9O24	Bacteroides_vulgatus	1
C16H17N3O7S2	Pseudomonas	1
C20H22N5NaO6S	Bacteroides_vulgatus	1
C16H17N3O7S2	Staphylococcus	1
C66H103N17O16S	Bacteroides_vulgatus	1
C16H17N3O7S2	Streptococcus	1
C27H30ClNO10	Bacteroides_vulgatus	1
C18H25Cl2N9O4S3	Bacteroides_vulgatus	1
C16H17N3O7S2	Bifidobacterium_Genus	1
C16H17N3O7S2	Citrobacter	1
C15H16N7NaO5S3	Bacteroides_vulgatus	1
C9H5ClINO	Bacteroides_vulgatus	1
C16H17N3O7S2	Fusobacterium	1
C12H7Cl3O2	Bacteroides_vulgatus	1
C30H40Cl2N4	Bacteroides_vulgatus	1
C16H17N3O7S2	Proteus_n.a.	1
C22H22N6O5S2	Escherichia	1
C19H16ClFN3NaO5S	Bacteroides_vulgatus	1
C21H27N5O9S2	Clostridioides_difficile	1
C15H17FN4O3	Bacteroides_vulgatus	1
C21H27N5O9S2	Clostridium	1
C16H16ClN3O4	Bacteroides_vulgatus	1
C18H14Cl4N2O	Bacteroides_vulgatus	1
C21H27N5O9S2	Enterobacteriaceae	1
C22H17ClN2	Bacteroides_vulgatus	1
C21H27N5O9S2	Enterococcus	1
C19H17ClN3NaO5S	Bacteroides_vulgatus	1
C17H20ClF2N3O3	Bacteroides_vulgatus	1
C21H27N5O9S2	Escherichia	1
C22H32N6O12S2	Bacteroides_vulgatus	1
C21H27N5O9S2	Eubacterium	1
C21H27N5O9S2	Klebsiella	1
C4H3FN2O2	Bacteroides_vulgatus	1
C21H27N5O9S2	Lactobacillus	1
C17H12Br2O3	Bacteroides_vulgatus	1
C14H12FNO3	Bacteroides_vulgatus	1
C21H27N5O9S2	Bacteroides	1
C27H22Cl2N4	Bacteroides_vulgatus	1
C21H28ClN3O7S	Bacteroides_vulgatus	1
C21H27N5O9S2	Staphylococcus	1
C16H15N5O7S2	Bacteroides_vulgatus	1
C16H13Cl3N2OS	Bacteroides_vulgatus	1
C21H27N5O9S2	Streptococcus	1
C28H41N3O3	Bacteroides_vulgatus	1
C18H16Cl3N3O4	Bacteroides_vulgatus	1
C21H27N5O9S2	Bifidobacterium_Genus	1
C32H55BrN4O	Bacteroides_vulgatus	1
C18H20FN3O4	Bacteroides_vulgatus	1
C21H27N5O9S2	Veillonella	1
C18H19N3O5S	Enterobacteriaceae	1
C8H15N3O7	Bacteroides_vulgatus	1
C18H19N3O5S	Enterococcus	1
C29H38N4O10	Bacteroides_vulgatus	1
C18H19N3O5S	Staphylococcus	1
C14H18N4O3	Bacteroides_vulgatus	1
C18H19N3O5S	Bacteroides	1
C22H21N8O8PS4	Clostridioides_difficile	1
C18H14Cl4N4O4	Bacteroides_vulgatus	1
C22H21N8O8PS4	Clostridium	1
C9H11FN2O5	Bacteroides_vulgatus	1
C22H21N8O8PS4	Enterococcus	1
C22H18N2	Bacteroides_vulgatus	1
C22H21N8O8PS4	Escherichia	1
C12H13ClN4	Bacteroides_vulgatus	1
C22H21N8O8PS4	Klebsiella	1
C32H41NO2	Bacteroides_vulgatus	1
C22H21N8O8PS4	Lactobacillus	1
C18H22O2	Bacteroides_vulgatus	1
C22H21N8O8PS4	Bacteroides	1
C17H20FN3O3	Bacteroides_vulgatus	1
C7H11ClN2O2S	Bacteroides_vulgatus	1
C22H21N8O8PS4	Bifidobacterium_Genus	1
C22H21N8O8PS4	Citrobacter	1
C18H18O2	Bacteroides_vulgatus	1
C15H16ClN3O5S	Bacteroides_vulgatus	1
C19H18Cl3N3O3S	Bacteroides_vulgatus	1
C18H19Cl2NO4	Bacteroides_vulgatus	1
C32H37NO8	Bacteroides_vulgatus	1
C18H20O2	Bacteroides_vulgatus	1
C10H12N4O5S	Bacteroides_vulgatus	1
C24H35ClN2O	Bacteroides_vulgatus	1
C17H17ClF6N2O	Bacteroides_vulgatus	1
C4H4N6O	Bacteroides_vulgatus	1
C21H27ClN2S2	Bacteroides_vulgatus	1
C20H22N8O5	Bacteroides_vulgatus	1
C10H11F3N2O5	Bacteroides_vulgatus	1
C14H10O3	Bacteroides_vulgatus	1
C23H32O3	Bacteroides_vulgatus	1
C17H21ClN2S	Bacteroides_vulgatus	1
C19H25ClN2S	Bacteroides_vulgatus	1
C15H14N4O6S2	Clostridioides_difficile	1
C17H18F3N3O3	Bacteroides_vulgatus	1
C15H14N4O6S2	Clostridium	1
C14H9ClF3NO2	Bacteroides_vulgatus	1
C15H14N4O6S2	Enterobacteriaceae	1
C14H15N3O5	Bacteroides_vulgatus	1
C23H21F7N4O3	Bacteroides_vulgatus	1
C15H14N4O6S2	Enterococcus	1
C26H41Br2NO4	Bacteroides_vulgatus	1
C15H14N4O6S2	Escherichia	1
C25H30ClI2NO3	Bacteroides_vulgatus	1
C15H14N4O6S2	Bacillus	1
C10H12N2O5S	Bacteroides_vulgatus	1
C15H14N4O6S2	Lactobacillus	1
C26H28ClNO	Bacteroides_vulgatus	1
C15H14N4O6S2	Bacteroides	1
C20H24ClNS	Bacteroides_vulgatus	1
C15H14N4O6S2	Streptococcus	1
C23H26ClN	Bacteroides_vulgatus	1
C18H19Cl2NS	Bacteroides_vulgatus	1
C15H14N4O6S2	Bifidobacterium_Genus	1
C20H22N8O6S2	Clostridium	1
C25H29Cl3N2	Bacteroides_vulgatus	1
C20H22N8O6S2	Enterobacter	1
C19H22ClN	Bacteroides_vulgatus	1
C20H22N8O6S2	Enterococcus	1
C22H26ClN3O4S	Bacteroides_vulgatus	1
C20H22N8O6S2	Escherichia	1
C22H24ClN3O5	Bacteroides_vulgatus	1
C20H22N8O6S2	Lactobacillus	1
C18H18ClNOS	Bacteroides_vulgatus	1
C20H22N8O6S2	Bacteroides	1
C28H29F2N3O	Bacteroides_vulgatus	1
C40H50N4O6S2	Bacteroides_vulgatus	1
C20H22N8O6S2	Bifidobacterium_Genus	1
C18H18N8O7S3	Clostridioides_difficile	1
C22H27Cl3N2OS	Bacteroides_vulgatus	1
C18H18N8O7S3	Clostridium	1
C25H43NO18	Bacteroides_vulgatus	1
C13H12Cl2O4	Bacteroides_vulgatus	1
C18H18N8O7S3	Enterobacteriaceae	1
C23H23NO4S	Bacteroides_vulgatus	1
C18H18N8O7S3	Enterococcus	1
C28H32ClN3O8S	Bacteroides_vulgatus	1
C18H18N8O7S3	Escherichia	1
C17H20Cl2N2S	Bacteroides_vulgatus	1
C18H18N8O7S3	Eubacterium	1
C18H18N8O7S3	Bacillus	1
C27H33NO3	Bacteroides_vulgatus	1
C9H4Cl3IO	Bacteroides_vulgatus	1
C18H18N8O7S3	Lactobacillus	1
C20H22ClN	Bacteroides_vulgatus	1
C23H32ClNO2	Bacteroides_vulgatus	1
C26H28N2	Bacteroides_vulgatus	1
C18H18N8O7S3	Bacteroides	1
C27H32N2O4S3	Bacteroides_vulgatus	1
C17H16ClN3O	Bacteroides_vulgatus	1
C18H18N8O7S3	Staphylococcus	1
C23H26N2O5S	Bacteroides_vulgatus	1
C21H29NO4S	Bacteroides_vulgatus	1
C18H18N8O7S3	Streptococcus	1
C14H16N4	Bacteroides_vulgatus	1
C46H54N6O8S2	Bacteroides_vulgatus	1
C18H18N8O7S3	Bifidobacterium_Genus	1
C23H28N2O5S	Bacteroides_vulgatus	1
C18H18N8O7S3	Fusobacterium	1
C16H16N4O8S	Clostridioides_difficile	1
C46H62N4O11	Bacteroides_xylanisolvens	1
C16H16N4O8S	Clostridium	1
C22H25ClN2O8	Bacteroides_xylanisolvens	1
C16H16N4O8S	Enterococcus	1
C22H24Cl2N2O8	Bacteroides_xylanisolvens	1
C16H16N4O8S	Escherichia	1
C19H16ClF3N4O3	Bacteroides_xylanisolvens	1
C16H16N4O8S	Lactobacillus	1
C11H12Cl2N2O5	Bacteroides_xylanisolvens	1
C16H16N4O8S	Bacteroides	1
C23H28ClN3O7	Bacteroides_xylanisolvens	1
C20H22N4O10S	Clostridioides_difficile	1
C29H27ClN2O14S	Bacteroides_xylanisolvens	1
C20H22N4O10S	Clostridium	1
C21H22Cl2N2O8	Bacteroides_xylanisolvens	1
C20H22N4O10S	Enterobacter	1
C22H23ClN2O8	Bacteroides_xylanisolvens	1
C20H22N4O10S	Enterobacteriaceae	1
C22H30Cl2N10	Bacteroides_xylanisolvens	1
C20H22N4O10S	Enterococcus	1
C17H21ClFN3O4	Bacteroides_xylanisolvens	1
C20H22N4O10S	Escherichia	1
C47H64N4O12	Bacteroides_xylanisolvens	1
C38H72N2O12	Bacteroides_xylanisolvens	1
C20H22N4O10S	Eubacterium	1
C18H34Cl2N2O5S	Bacteroides_xylanisolvens	1
C20H22N4O10S	Klebsiella	1
C38H69NO13	Bacteroides_xylanisolvens	1
C20H22N4O10S	Bacillus	1
C20H22N4O10S	Lactobacillus	1
C16H20FN3O4	Bacteroides_xylanisolvens	1
C20H22N4O10S	Bacteroides	1
C21H24FN3O4	Bacteroides_xylanisolvens	1
C12H15Cl2NO5S	Bacteroides_xylanisolvens	1
C20H22N4O10S	Pediococcus	1
C22H28N2O11	Bacteroides_xylanisolvens	1
C20H22N4O10S	Staphylococcus	1
C43H58N4O12	Bacteroides_xylanisolvens	1
C8H7N3O5	Bacteroides_xylanisolvens	1
C20H22N4O10S	Streptococcus	1
C11H10N4O4	Bacteroides_xylanisolvens	1
C16H17N2NaO4S	Bacteroides_xylanisolvens	1
C20H22N4O10S	Bifidobacterium_Genus	1
C19H21FN2O4	Bacteroides_xylanisolvens	1
C20H22N4O10S	Citrobacter	1
C19H22FN3O4	Bacteroides_xylanisolvens	1
C20H17F2N3O3	Bacteroides_xylanisolvens	1
C20H22N4O10S	Salmonella	1
C43H51N3O11	Bacteroides_xylanisolvens	1
C20H22N4O10S	Veillonella	1
C13H17ClN4O6	Bacteroides_xylanisolvens	1
C17H25N3O5S	Bacteroides_xylanisolvens	1
C37H67NO13	Bacteroides_xylanisolvens	1
C42H69NO15	Bacteroides_xylanisolvens	1
C18H35ClN2O6S	Bacteroides_xylanisolvens	1
C14H13N8NaO4S3	Bacteroides_xylanisolvens	1
C23H26N5NaO7S	Bacteroides_xylanisolvens	1
C41H76N2O15	Bacteroides_xylanisolvens	1
C19H17N3O4S2	Enterococcus	1
C13H6Cl6O2	Bacteroides_xylanisolvens	1
C19H17N3O4S2	Escherichia	1
C26H58Cl2N10	Bacteroides_xylanisolvens	1
C14H14N8O4S3	Clostridioides_difficile	1
C46H77NO17	Bacteroides_xylanisolvens	1
C14H14N8O4S3	Clostridium	1
C31H35N2NaO11	Bacteroides_xylanisolvens	1
C14H14N8O4S3	Lactobacillus	1
C15H14N2Na2O6S2	Bacteroides_xylanisolvens	1
C14H14N8O4S3	Bacteroides	1
C42H78N2O14	Bacteroides_xylanisolvens	1
C43H74N2O14	Bacteroides_xylanisolvens	1
C13H8Cl2N2O4	Bacteroides_xylanisolvens	1
C20H35AuO9PS	Bacteroides_xylanisolvens	1
C22H14Cl2I2N2O2	Bacteroides_xylanisolvens	1
C31H47NaO6	Bacteroides_xylanisolvens	1
C6H6N4O4	Bacteroides_xylanisolvens	1
C27H42ClNO2	Bacteroides_xylanisolvens	1
C6H8N4O4	Bacteroides_xylanisolvens	1
C19H22F2N4O3	Bacteroides_xylanisolvens	1
C8H13N3O4S	Bacteroides_xylanisolvens	1
C7H10ClN3O3	Bacteroides_xylanisolvens	1
C41H67NO15	Bacteroides_xylanisolvens	1
C12H17N3O4S	Bacteroides_xylanisolvens	1
C6H9N3O3	Bacteroides_xylanisolvens	1
C16H16N3NaO7S2	Bacteroides_xylanisolvens	1
C10H13N3O5S	Bacteroides_xylanisolvens	1
C7H11N3O3	Bacteroides_xylanisolvens	1
C17H18FN3O3	Blautia_Genus	1
C19H12O8	Bacteroides_xylanisolvens	1
C17H18FN3O3	Clostridioides_difficile	1
C36H61NaO11	Bacteroides_xylanisolvens	1
C17H18FN3O3	Clostridium	1
C9H5Cl2NO	Bacteroides_xylanisolvens	1
C23H36N4O10S2	Bacteroides_xylanisolvens	1
C17H18FN3O3	Coprococcus	1
C20H9Br2HgNa2O6	Bacteroides_xylanisolvens	1
C8H6N4O5	Bacteroides_xylanisolvens	1
C17H18FN3O3	Dorea	1
C19H18Cl2N3NaO6S	Bacteroides_xylanisolvens	1
C17H18FN3O3	Enterobacter	1
C66H76Cl3N9O24	Bacteroides_xylanisolvens	1
C66H103N17O16S	Bacteroides_xylanisolvens	1
C17H18FN3O3	Enterobacteriaceae	1
C27H30ClNO10	Bacteroides_xylanisolvens	1
C17H18FN3O3	Enterococcus	1
C9H5ClINO	Bacteroides_xylanisolvens	1
C15H17FN4O3	Bacteroides_xylanisolvens	1
C17H20ClF2N3O3	Bacteroides_xylanisolvens	1
C17H18FN3O3	Escherichia	1
C4H3FN2O2	Bacteroides_xylanisolvens	1
C17H18FN3O3	Eubacterium	1
C14H12FNO3	Bacteroides_xylanisolvens	1
C28H41N3O3	Bacteroides_xylanisolvens	1
C17H18FN3O3	Faecalibacterium	1
C18H20FN3O4	Bacteroides_xylanisolvens	1
C17H18FN3O3	Gardnerella	1
C9H11FN2O5	Bacteroides_xylanisolvens	1
C17H18FN3O3	Klebsiella	1
C12H13ClN4	Bacteroides_xylanisolvens	1
C17H18FN3O3	Lactobacillus	1
C18H22O2	Bacteroides_xylanisolvens	1
C17H20FN3O3	Bacteroides_xylanisolvens	1
C17H18FN3O3	Bacteroides	1
C7H11ClN2O2S	Bacteroides_xylanisolvens	1
C18H18O2	Bacteroides_xylanisolvens	1
C31H33N3O6S	Bacteroides_xylanisolvens	1
C18H20O2	Bacteroides_xylanisolvens	1
C17H18FN3O3	Prevotella	1
C10H12N4O5S	Bacteroides_xylanisolvens	1
C10H13N5O4	Bacteroides_xylanisolvens	1
C17H18FN3O3	Pseudomonas	1
C10H11F3N2O5	Bacteroides_xylanisolvens	1
C19H25ClN2S	Bacteroides_xylanisolvens	1
C17H18FN3O3	Roseburia	1
C14H12ClNO2	Bacteroides_xylanisolvens	1
C25H43NO18	Bacteroides_xylanisolvens	1
C17H18FN3O3	Ruminococcus	1
C12H11N2NaO3	Bacteroides_xylanisolvens	1
C17H18FN3O3	Staphylococcus	1
C8H12N4O5	Bacteroides_xylanisolvens	1
C19H20N2O3S	Bacteroides_xylanisolvens	1
C17H18FN3O3	Streptococcus	1
C13H18ClN3O4S2	Bacteroides_xylanisolvens	1
C17H18FN3O3	Sutterella	1
C46H62N4O11	Bifidobacterium_adolescentis	1
C17H18FN3O3	Akkermansia	1
C22H25ClN2O8	Bifidobacterium_adolescentis	1
C17H18FN3O3	Bifidobacterium_Genus	1
C22H24Cl2N2O8	Bifidobacterium_adolescentis	1
C19H16ClF3N4O3	Bifidobacterium_adolescentis	1
C11H12Cl2N2O5	Bifidobacterium_adolescentis	1
C17H18FN3O3	Alistipes	1
C23H28ClN3O7	Bifidobacterium_adolescentis	1
C17H18FN3O3	Citrobacter	1
C29H27ClN2O14S	Bifidobacterium_adolescentis	1
C17H18FN3O3	Fusobacterium	1
C21H22Cl2N2O8	Bifidobacterium_adolescentis	1
C22H23ClN2O8	Bifidobacterium_adolescentis	1
C22H30Cl2N10	Bifidobacterium_adolescentis	1
C17H18FN3O3	Veillonella	1
C17H18FN3O3	Dialister	1
C17H21ClFN3O4	Bifidobacterium_adolescentis	1
C17H18FN3O3	Holdemania	1
C47H64N4O12	Bifidobacterium_adolescentis	1
C38H72N2O12	Bifidobacterium_adolescentis	1
C18H34Cl2N2O5S	Bifidobacterium_adolescentis	1
C38H69NO13	Bifidobacterium_adolescentis	1
C38H69NO13	Clostridioides_difficile	1
C38H69NO13	Clostridium	1
C16H20FN3O4	Bifidobacterium_adolescentis	1
C38H69NO13	Eubacterium	1
C21H24FN3O4	Bifidobacterium_adolescentis	1
C38H69NO13	Lactobacillus	1
C12H15Cl2NO5S	Bifidobacterium_adolescentis	1
C38H69NO13	Bacteroides	1
C22H28N2O11	Bifidobacterium_adolescentis	1
C43H58N4O12	Bifidobacterium_adolescentis	1
C38H69NO13	Bifidobacterium_Genus	1
C8H7N3O5	Bifidobacterium_adolescentis	1
C38H69NO13	Fusobacterium	1
C11H10N4O4	Bifidobacterium_adolescentis	1
C38H69NO13	Peptostreptococcus	1
C16H17N2NaO4S	Bifidobacterium_adolescentis	1
C19H21FN2O4	Bifidobacterium_adolescentis	1
C38H69NO13	Veillonella	1
C38H69NO13	Corynebacterium_Genus	1
C19H22FN3O4	Bifidobacterium_adolescentis	1
C38H69NO13	Enterobacter	1
C20H17F2N3O3	Bifidobacterium_adolescentis	1
C38H69NO13	Enterobacteriaceae	1
C43H51N3O11	Bifidobacterium_adolescentis	1
C38H69NO13	Enterococcus	1
C13H17ClN4O6	Bifidobacterium_adolescentis	1
C17H25N3O5S	Bifidobacterium_adolescentis	1
C38H69NO13	Escherichia	1
C37H67NO13	Bifidobacterium_adolescentis	1
C42H69NO15	Bifidobacterium_adolescentis	1
C38H69NO13	Klebsiella	1
C18H35ClN2O6S	Bifidobacterium_adolescentis	1
C38H69NO13	Bacillus	1
C38H69NO13	Pseudomonas	1
C14H13N8NaO4S3	Bifidobacterium_adolescentis	1
C38H69NO13	Staphylococcus	1
C23H26N5NaO7S	Bifidobacterium_adolescentis	1
C41H76N2O15	Bifidobacterium_adolescentis	1
C13H6Cl6O2	Bifidobacterium_adolescentis	1
C38H69NO13	Streptococcus	1
C26H58Cl2N10	Bifidobacterium_adolescentis	1
C46H77NO17	Bifidobacterium_adolescentis	1
C31H35N2NaO11	Bifidobacterium_adolescentis	1
C38H69NO13	Citrobacter	1
C15H14N2Na2O6S2	Bifidobacterium_adolescentis	1
C38H69NO13	Micrococcaceae	1
C42H78N2O14	Bifidobacterium_adolescentis	1
C43H74N2O14	Bifidobacterium_adolescentis	1
C13H8Cl2N2O4	Bifidobacterium_adolescentis	1
C9H9HgNaO2S	Bifidobacterium_adolescentis	1
C20H35AuO9PS	Bifidobacterium_adolescentis	1
C22H14Cl2I2N2O2	Bifidobacterium_adolescentis	1
C48H56N6O8S2	Bifidobacterium_adolescentis	1
C16H25N3O7S	Bifidobacterium_adolescentis	1
C16H16N5NaO7S2	Bifidobacterium_adolescentis	1
C25H31N9O10S2	Bifidobacterium_adolescentis	1
C16H19N3O5S	Bifidobacterium_adolescentis	1
C31H47NaO6	Bifidobacterium_adolescentis	1
C6H6N4O4	Bifidobacterium_adolescentis	1
C27H42ClNO2	Bifidobacterium_adolescentis	1
C6H8N4O4	Bifidobacterium_adolescentis	1
C24H24ClN3O6S	Bifidobacterium_adolescentis	1
C19H22F2N4O3	Bifidobacterium_adolescentis	1
C16H15N2NaO6S2	Bifidobacterium_adolescentis	1
C14H13N5O5S2	Bifidobacterium_adolescentis	1
C41H67NO15	Bifidobacterium_adolescentis	1
C20H21N7O6S2	Bifidobacterium_adolescentis	1
C12H17N3O4S	Bifidobacterium_adolescentis	1
C17H19KN2O5S	Bifidobacterium_adolescentis	1
C16H16N3NaO7S2	Bifidobacterium_adolescentis	1
C28H44ClNO2	Bifidobacterium_adolescentis	1
C36H61NaO11	Bifidobacterium_adolescentis	1
C23H36N4O10S2	Bifidobacterium_adolescentis	1
C20H9Br2HgNa2O6	Bifidobacterium_adolescentis	1
C8H6N4O5	Bifidobacterium_adolescentis	1
C16H15N4NaO8S	Bifidobacterium_adolescentis	1
C18H33ClN2O5S	Blautia_Genus	1
C20H18N6Na2O9S	Bifidobacterium_adolescentis	1
C18H33ClN2O5S	Clostridium	1
C13H9NOSe	Bifidobacterium_adolescentis	1
C18H33ClN2O5S	Coprococcus	1
C19H28Cl2N6O6S2	Bifidobacterium_adolescentis	1
C18H33ClN2O5S	Dorea	1
C19H18Cl2N3NaO6S	Bifidobacterium_adolescentis	1
C18H33ClN2O5S	Enterobacter	1
C17H17N7O8S4	Bifidobacterium_adolescentis	1
C18H33ClN2O5S	Enterobacteriaceae	1
C66H76Cl3N9O24	Bifidobacterium_adolescentis	1
C20H22N5NaO6S	Bifidobacterium_adolescentis	1
C18H33ClN2O5S	Enterococcus	1
C66H103N17O16S	Bifidobacterium_adolescentis	1
C27H30ClNO10	Bifidobacterium_adolescentis	1
C18H33ClN2O5S	Escherichia	1
C18H25Cl2N9O4S3	Bifidobacterium_adolescentis	1
C15H16N7NaO5S3	Bifidobacterium_adolescentis	1
C12H7Cl3O2	Bifidobacterium_adolescentis	1
C18H33ClN2O5S	Eubacterium	1
C30H40Cl2N4	Bifidobacterium_adolescentis	1
C18H33ClN2O5S	Faecalibacterium	1
C19H16ClFN3NaO5S	Bifidobacterium_adolescentis	1
C16H16ClN3O4	Bifidobacterium_adolescentis	1
C18H33ClN2O5S	Gardnerella	1
C18H14Cl4N2O	Bifidobacterium_adolescentis	1
C22H17ClN2	Bifidobacterium_adolescentis	1
C18H33ClN2O5S	Klebsiella	1
C19H17ClN3NaO5S	Bifidobacterium_adolescentis	1
C18H33ClN2O5S	Lactobacillus	1
C17H20ClF2N3O3	Bifidobacterium_adolescentis	1
C22H32N6O12S2	Bifidobacterium_adolescentis	1
C18H33ClN2O5S	Bacteroides	1
C21H23N2NaO6S	Bifidobacterium_adolescentis	1
C4H3FN2O2	Bifidobacterium_adolescentis	1
C18H33ClN2O5S	Porphyromonadaceae	1
C17H12Br2O3	Bifidobacterium_adolescentis	1
C18H33ClN2O5S	Prevotella	1
C19H18N3NaO5S	Bifidobacterium_adolescentis	1
C18H33ClN2O5S	Roseburia	1
C21H28ClN3O7S	Bifidobacterium_adolescentis	1
C18H33ClN2O5S	Ruminococcus	1
C16H15N5O7S2	Bifidobacterium_adolescentis	1
C18H33ClN2O5S	Staphylococcus	1
C32H55BrN4O	Bifidobacterium_adolescentis	1
C18H33ClN2O5S	Streptococcus	1
C18H20FN3O4	Bifidobacterium_adolescentis	1
C16H18FN3O3	Bifidobacterium_adolescentis	1
C18H33ClN2O5S	Akkermansia	1
C14H18N4O3	Bifidobacterium_adolescentis	1
C22H19N4NaO8S2	Bifidobacterium_adolescentis	1
C18H33ClN2O5S	Barnesiella	1
C22H29N3O6S	Bifidobacterium_adolescentis	1
C18H33ClN2O5S	Bifidobacterium_Genus	1
C12H13ClN4	Bifidobacterium_adolescentis	1
C27H30ClNO11	Bifidobacterium_adolescentis	1
C18H22O2	Bifidobacterium_adolescentis	1
C18H33ClN2O5S	Alistipes	1
C15H16ClN3O5S	Bifidobacterium_adolescentis	1
C31H33N3O6S	Bifidobacterium_adolescentis	1
C18H33ClN2O5S	Citrobacter	1
C29H32O13	Bifidobacterium_adolescentis	1
C18H33ClN2O5S	Fusobacterium	1
C22H23ClN2O2	Bifidobacterium_adolescentis	1
C10H12N4O5S	Bifidobacterium_adolescentis	1
C14H9I3O4	Bifidobacterium_adolescentis	1
C18H33ClN2O5S	Veillonella	1
C10H13N5O4	Bifidobacterium_adolescentis	1
C18H33ClN2O5S	Dialister	1
C26H33NO6	Bifidobacterium_adolescentis	1
C27H34I2N4	Bifidobacterium_adolescentis	1
C46H62N4O11	Bifidobacterium_longum_(Bifidobacterium_infantis,_Bifidobacterium_suis)	1
C7H15Cl2N2O2P	Clostridia	1
C22H25ClN2O8	Bifidobacterium_longum_(Bifidobacterium_infantis,_Bifidobacterium_suis)	1
C22H24Cl2N2O8	Bifidobacterium_longum_(Bifidobacterium_infantis,_Bifidobacterium_suis)	1
C7H15Cl2N2O2P	Coriobacteriaceae	1
C19H16ClF3N4O3	Bifidobacterium_longum_(Bifidobacterium_infantis,_Bifidobacterium_suis)	1
C7H15Cl2N2O2P	Enterobacteriaceae	1
C11H12Cl2N2O5	Bifidobacterium_longum_(Bifidobacterium_infantis,_Bifidobacterium_suis)	1
C7H15Cl2N2O2P	Enterococcus	1
C23H28ClN3O7	Bifidobacterium_longum_(Bifidobacterium_infantis,_Bifidobacterium_suis)	1
C29H27ClN2O14S	Bifidobacterium_longum_(Bifidobacterium_infantis,_Bifidobacterium_suis)	1
C21H22Cl2N2O8	Bifidobacterium_longum_(Bifidobacterium_infantis,_Bifidobacterium_suis)	1
C7H15Cl2N2O2P	Bacilli_Class	1
C22H23ClN2O8	Bifidobacterium_longum_(Bifidobacterium_infantis,_Bifidobacterium_suis)	1
C7H15Cl2N2O2P	Lachnospiraceae_Family	1
C22H30Cl2N10	Bifidobacterium_longum_(Bifidobacterium_infantis,_Bifidobacterium_suis)	1
C17H21ClFN3O4	Bifidobacterium_longum_(Bifidobacterium_infantis,_Bifidobacterium_suis)	1
C7H15Cl2N2O2P	Mollicutes	1
C47H64N4O12	Bifidobacterium_longum_(Bifidobacterium_infantis,_Bifidobacterium_suis)	1
C38H72N2O12	Bifidobacterium_longum_(Bifidobacterium_infantis,_Bifidobacterium_suis)	1
C7H15Cl2N2O2P	Prevotellaceae	1
C18H34Cl2N2O5S	Bifidobacterium_longum_(Bifidobacterium_infantis,_Bifidobacterium_suis)	1
C7H15Cl2N2O2P	Pseudomonas	1
C38H69NO13	Bifidobacterium_longum_(Bifidobacterium_infantis,_Bifidobacterium_suis)	1
C7H15Cl2N2O2P	Roseburia	1
C7H15Cl2N2O2P	Streptococcaceae	1
C7H15Cl2N2O2P	Verrucomicrobia_Phylum	1
C16H20FN3O4	Bifidobacterium_longum_(Bifidobacterium_infantis,_Bifidobacterium_suis)	1
C7H15Cl2N2O2P	Bacteroidia	1
C21H24FN3O4	Bifidobacterium_longum_(Bifidobacterium_infantis,_Bifidobacterium_suis)	1
C7H15Cl2N2O2P	Alcaligenaceae	1
C12H15Cl2NO5S	Bifidobacterium_longum_(Bifidobacterium_infantis,_Bifidobacterium_suis)	1
C7H15Cl2N2O2P	Alphaproteobacteria	1
C22H28N2O11	Bifidobacterium_longum_(Bifidobacterium_infantis,_Bifidobacterium_suis)	1
C7H15Cl2N2O2P	Lactobacillaceae	1
C43H58N4O12	Bifidobacterium_longum_(Bifidobacterium_infantis,_Bifidobacterium_suis)	1
C7H15Cl2N2O2P	Rhodospirillaceae	1
C8H7N3O5	Bifidobacterium_longum_(Bifidobacterium_infantis,_Bifidobacterium_suis)	1
C7H15Cl2N2O2P	Coriobacteriia	1
C7H15Cl2N2O2P	Staphylococcaceae	1
C11H10N4O4	Bifidobacterium_longum_(Bifidobacterium_infantis,_Bifidobacterium_suis)	1
C16H17N2NaO4S	Bifidobacterium_longum_(Bifidobacterium_infantis,_Bifidobacterium_suis)	1
C19H21FN2O4	Bifidobacterium_longum_(Bifidobacterium_infantis,_Bifidobacterium_suis)	1
C19H22FN3O4	Bifidobacterium_longum_(Bifidobacterium_infantis,_Bifidobacterium_suis)	1
C88H100Cl2N10O28	Enterobacter	1
C20H17F2N3O3	Bifidobacterium_longum_(Bifidobacterium_infantis,_Bifidobacterium_suis)	1
C88H100Cl2N10O28	Enterobacteriaceae	1
C43H51N3O11	Bifidobacterium_longum_(Bifidobacterium_infantis,_Bifidobacterium_suis)	1
C88H100Cl2N10O28	Enterococcus	1
C13H17ClN4O6	Bifidobacterium_longum_(Bifidobacterium_infantis,_Bifidobacterium_suis)	1
C88H100Cl2N10O28	Klebsiella	1
C17H25N3O5S	Bifidobacterium_longum_(Bifidobacterium_infantis,_Bifidobacterium_suis)	1
C88H100Cl2N10O28	Bifidobacterium_Genus	1
C37H67NO13	Bifidobacterium_longum_(Bifidobacterium_infantis,_Bifidobacterium_suis)	1
C42H78N2O14	Clostridium	1
C42H69NO15	Bifidobacterium_longum_(Bifidobacterium_infantis,_Bifidobacterium_suis)	1
C42H78N2O14	Enterococcus	1
C18H35ClN2O6S	Bifidobacterium_longum_(Bifidobacterium_infantis,_Bifidobacterium_suis)	1
C42H78N2O14	Escherichia	1
C42H78N2O14	Eubacterium	1
C14H13N8NaO4S3	Bifidobacterium_longum_(Bifidobacterium_infantis,_Bifidobacterium_suis)	1
C42H78N2O14	Lactobacillus	1
C23H26N5NaO7S	Bifidobacterium_longum_(Bifidobacterium_infantis,_Bifidobacterium_suis)	1
C42H78N2O14	Bacteroides	1
C41H76N2O15	Bifidobacterium_longum_(Bifidobacterium_infantis,_Bifidobacterium_suis)	1
C42H78N2O14	Staphylococcus	1
C13H6Cl6O2	Bifidobacterium_longum_(Bifidobacterium_infantis,_Bifidobacterium_suis)	1
C42H78N2O14	Streptococcus	1
C26H58Cl2N10	Bifidobacterium_longum_(Bifidobacterium_infantis,_Bifidobacterium_suis)	1
C42H78N2O14	Bifidobacterium_Genus	1
C46H77NO17	Bifidobacterium_longum_(Bifidobacterium_infantis,_Bifidobacterium_suis)	1
C22H24N2O8	Clostridioides_difficile	1
C31H35N2NaO11	Bifidobacterium_longum_(Bifidobacterium_infantis,_Bifidobacterium_suis)	1
C22H24N2O8	Clostridium	1
C15H14N2Na2O6S2	Bifidobacterium_longum_(Bifidobacterium_infantis,_Bifidobacterium_suis)	1
C22H24N2O8	Enterobacter	1
C42H78N2O14	Bifidobacterium_longum_(Bifidobacterium_infantis,_Bifidobacterium_suis)	1
C22H24N2O8	Enterobacteriaceae	1
C43H74N2O14	Bifidobacterium_longum_(Bifidobacterium_infantis,_Bifidobacterium_suis)	1
C13H8Cl2N2O4	Bifidobacterium_longum_(Bifidobacterium_infantis,_Bifidobacterium_suis)	1
C22H24N2O8	Enterococcus	1
C22H14Cl2I2N2O2	Bifidobacterium_longum_(Bifidobacterium_infantis,_Bifidobacterium_suis)	1
C22H24N2O8	Escherichia	1
C48H56N6O8S2	Bifidobacterium_longum_(Bifidobacterium_infantis,_Bifidobacterium_suis)	1
C22H24N2O8	Eubacterium	1
C16H25N3O7S	Bifidobacterium_longum_(Bifidobacterium_infantis,_Bifidobacterium_suis)	1
C22H24N2O8	Klebsiella	1
C16H16N5NaO7S2	Bifidobacterium_longum_(Bifidobacterium_infantis,_Bifidobacterium_suis)	1
C22H24N2O8	Lactobacillus	1
C25H31N9O10S2	Bifidobacterium_longum_(Bifidobacterium_infantis,_Bifidobacterium_suis)	1
C22H24N2O8	Bacteroides	1
C16H19N3O5S	Bifidobacterium_longum_(Bifidobacterium_infantis,_Bifidobacterium_suis)	1
C22H24N2O8	Streptococcus	1
C31H47NaO6	Bifidobacterium_longum_(Bifidobacterium_infantis,_Bifidobacterium_suis)	1
C22H24N2O8	Bifidobacterium_Genus	1
C6H6N4O4	Bifidobacterium_longum_(Bifidobacterium_infantis,_Bifidobacterium_suis)	1
C22H24N2O8	Fusobacterium	1
C27H42ClNO2	Bifidobacterium_longum_(Bifidobacterium_infantis,_Bifidobacterium_suis)	1
C22H24N2O8	Veillonella	1
C22H24N2O8	Proteus_n.a.	1
C6H8N4O4	Bifidobacterium_longum_(Bifidobacterium_infantis,_Bifidobacterium_suis)	1
C15H17FN4O3	Clostridium	1
C24H24ClN3O6S	Bifidobacterium_longum_(Bifidobacterium_infantis,_Bifidobacterium_suis)	1
C15H17FN4O3	Enterobacter	1
C19H22F2N4O3	Bifidobacterium_longum_(Bifidobacterium_infantis,_Bifidobacterium_suis)	1
C15H17FN4O3	Enterobacteriaceae	1
C16H15N2NaO6S2	Bifidobacterium_longum_(Bifidobacterium_infantis,_Bifidobacterium_suis)	1
C15H17FN4O3	Enterococcus	1
C8H13N3O4S	Bifidobacterium_longum_(Bifidobacterium_infantis,_Bifidobacterium_suis)	1
C15H17FN4O3	Bacillus	1
C14H13N5O5S2	Bifidobacterium_longum_(Bifidobacterium_infantis,_Bifidobacterium_suis)	1
C15H17FN4O3	Lactobacillus	1
C41H67NO15	Bifidobacterium_longum_(Bifidobacterium_infantis,_Bifidobacterium_suis)	1
C15H17FN4O3	Bacteroides	1
C12H17N3O4S	Bifidobacterium_longum_(Bifidobacterium_infantis,_Bifidobacterium_suis)	1
C15H17FN4O3	Pseudomonas	1
C17H19KN2O5S	Bifidobacterium_longum_(Bifidobacterium_infantis,_Bifidobacterium_suis)	1
C15H17FN4O3	Staphylococcus	1
C10H13N3O5S	Bifidobacterium_longum_(Bifidobacterium_infantis,_Bifidobacterium_suis)	1
C15H17FN4O3	Streptococcus	1
C28H44ClNO2	Bifidobacterium_longum_(Bifidobacterium_infantis,_Bifidobacterium_suis)	1
C15H17FN4O3	Bifidobacterium_Genus	1
C36H61NaO11	Bifidobacterium_longum_(Bifidobacterium_infantis,_Bifidobacterium_suis)	1
C15H17FN4O3	Micrococcaceae	1
C23H36N4O10S2	Bifidobacterium_longum_(Bifidobacterium_infantis,_Bifidobacterium_suis)	1
C22H25N3O7S	Clostridium	1
C20H9Br2HgNa2O6	Bifidobacterium_longum_(Bifidobacterium_infantis,_Bifidobacterium_suis)	1
C22H25N3O7S	Enterococcus	1
C8H6N4O5	Bifidobacterium_longum_(Bifidobacterium_infantis,_Bifidobacterium_suis)	1
C22H25N3O7S	Escherichia	1
C16H15N4NaO8S	Bifidobacterium_longum_(Bifidobacterium_infantis,_Bifidobacterium_suis)	1
C22H25N3O7S	Lactobacillus	1
C20H18N6Na2O9S	Bifidobacterium_longum_(Bifidobacterium_infantis,_Bifidobacterium_suis)	1
C22H25N3O7S	Bacteroides	1
C13H9NOSe	Bifidobacterium_longum_(Bifidobacterium_infantis,_Bifidobacterium_suis)	1
C22H25N3O7S	Bifidobacterium_Genus	1
C19H18Cl2N3NaO6S	Bifidobacterium_longum_(Bifidobacterium_infantis,_Bifidobacterium_suis)	1
C37H67NO13	Clostridium	1
C66H76Cl3N9O24	Bifidobacterium_longum_(Bifidobacterium_infantis,_Bifidobacterium_suis)	1
C37H67NO13	Eubacterium	1
C20H22N5NaO6S	Bifidobacterium_longum_(Bifidobacterium_infantis,_Bifidobacterium_suis)	1
C66H103N17O16S	Bifidobacterium_longum_(Bifidobacterium_infantis,_Bifidobacterium_suis)	1
C37H67NO13	Lactobacillus	1
C27H30ClNO10	Bifidobacterium_longum_(Bifidobacterium_infantis,_Bifidobacterium_suis)	1
C18H25Cl2N9O4S3	Bifidobacterium_longum_(Bifidobacterium_infantis,_Bifidobacterium_suis)	1
C37H67NO13	Bacteroides	1
C30H40Cl2N4	Bifidobacterium_longum_(Bifidobacterium_infantis,_Bifidobacterium_suis)	1
C37H67NO13	Bifidobacterium_Genus	1
C19H16ClFN3NaO5S	Bifidobacterium_longum_(Bifidobacterium_infantis,_Bifidobacterium_suis)	1
C16H16ClN3O4	Bifidobacterium_longum_(Bifidobacterium_infantis,_Bifidobacterium_suis)	1
C37H67NO13	Fusobacterium	1
C18H14Cl4N2O	Bifidobacterium_longum_(Bifidobacterium_infantis,_Bifidobacterium_suis)	1
C37H67NO13	Veillonella	1
C22H17ClN2	Bifidobacterium_longum_(Bifidobacterium_infantis,_Bifidobacterium_suis)	1
C37H67NO13	Corynebacterium_Genus	1
C19H17ClN3NaO5S	Bifidobacterium_longum_(Bifidobacterium_infantis,_Bifidobacterium_suis)	1
C37H67NO13	Enterobacteriaceae	1
C21H23N2NaO6S	Bifidobacterium_longum_(Bifidobacterium_infantis,_Bifidobacterium_suis)	1
C19H18N3NaO5S	Bifidobacterium_longum_(Bifidobacterium_infantis,_Bifidobacterium_suis)	1
C37H67NO13	Enterococcus	1
C21H28ClN3O7S	Bifidobacterium_longum_(Bifidobacterium_infantis,_Bifidobacterium_suis)	1
C37H67NO13	Escherichia	1
C16H13Cl3N2OS	Bifidobacterium_longum_(Bifidobacterium_infantis,_Bifidobacterium_suis)	1
C37H67NO13	Staphylococcus	1
C28H41N3O3	Bifidobacterium_longum_(Bifidobacterium_infantis,_Bifidobacterium_suis)	1
C37H67NO13	Streptococcus	1
C32H55BrN4O	Bifidobacterium_longum_(Bifidobacterium_infantis,_Bifidobacterium_suis)	1
C14H18N4O3	Bifidobacterium_longum_(Bifidobacterium_infantis,_Bifidobacterium_suis)	1
C22H29N3O6S	Bifidobacterium_longum_(Bifidobacterium_infantis,_Bifidobacterium_suis)	1
C29H32O13	Firmicutes	1
C12H13ClN4	Bifidobacterium_longum_(Bifidobacterium_infantis,_Bifidobacterium_suis)	1
C32H41NO2	Bifidobacterium_longum_(Bifidobacterium_infantis,_Bifidobacterium_suis)	1
C29H32O13	Proteobacteria	1
C27H30ClNO11	Bifidobacterium_longum_(Bifidobacterium_infantis,_Bifidobacterium_suis)	1
C17H18F3N3O3	Enterobacteriaceae	1
C31H33N3O6S	Bifidobacterium_longum_(Bifidobacterium_infantis,_Bifidobacterium_suis)	1
C17H18F3N3O3	Enterococcus	1
C75H70N6O6	Bifidobacterium_longum_(Bifidobacterium_infantis,_Bifidobacterium_suis)	1
C17H18F3N3O3	Escherichia	1
C22H23ClN2O2	Bifidobacterium_longum_(Bifidobacterium_infantis,_Bifidobacterium_suis)	1
C17H18F3N3O3	Lactobacillus	1
C22H45N5O14	Bifidobacterium_longum_(Bifidobacterium_infantis,_Bifidobacterium_suis)	1
C17H18F3N3O3	Bifidobacterium_Genus	1
C48H72O14	Bifidobacterium_longum_(Bifidobacterium_infantis,_Bifidobacterium_suis)	1
C19H17ClFN3O5S	Enterobacteriaceae	1
C23H21F7N4O3	Bifidobacterium_longum_(Bifidobacterium_infantis,_Bifidobacterium_suis)	1
C19H17ClFN3O5S	Escherichia	1
C26H41Br2NO4	Bifidobacterium_longum_(Bifidobacterium_infantis,_Bifidobacterium_suis)	1
C19H17ClFN3O5S	Klebsiella	1
C24H28N2O4S2	Bifidobacterium_longum_(Bifidobacterium_infantis,_Bifidobacterium_suis)	1
C19H17ClFN3O5S	Citrobacter	1
C25H30ClI2NO3	Bifidobacterium_longum_(Bifidobacterium_infantis,_Bifidobacterium_suis)	1
C19H17ClFN3O5S	Proteus_n.a.	1
C27H44O2	Bifidobacterium_longum_(Bifidobacterium_infantis,_Bifidobacterium_suis)	1
C23H21ClO3	Bifidobacterium_longum_(Bifidobacterium_infantis,_Bifidobacterium_suis)	1
C3H7O4P	Clostridium	1
C27H34I2N4	Bifidobacterium_longum_(Bifidobacterium_infantis,_Bifidobacterium_suis)	1
C3H7O4P	Enterobacter	1
C14H26Cl2N2O7	Bifidobacterium_longum_(Bifidobacterium_infantis,_Bifidobacterium_suis)	1
C3H7O4P	Enterococcus	1
C62H111N11O12	Bifidobacterium_longum_(Bifidobacterium_infantis,_Bifidobacterium_suis)	1
C3H7O4P	Escherichia	1
C42H88N14O36S3	Bifidobacterium_longum_(Bifidobacterium_infantis,_Bifidobacterium_suis)	1
C3H7O4P	Klebsiella	1
C24H30Cl2N2O3	Bifidobacterium_longum_(Bifidobacterium_infantis,_Bifidobacterium_suis)	1
C3H7O4P	Lactobacillus	1
C3H7O4P	Bacteroides	1
C3H7O4P	Pseudomonas	1
C3H7O4P	Staphylococcus	1
C3H7O4P	Citrobacter	1
C23H20F2N2O4	Clostridium	1
C23H20F2N2O4	Corynebacterium_Genus	1
C23H20F2N2O4	Enterobacteriaceae	1
C23H20F2N2O4	Enterococcus	1
C23H20F2N2O4	Eubacterium	1
C23H20F2N2O4	Bacillus	1
C23H20F2N2O4	Lactobacillus	1
C23H20F2N2O4	Bacteroides	1
C23H20F2N2O4	Staphylococcus	1
C23H20F2N2O4	Bifidobacterium_Genus	1
C19H22FN3O4	Clostridium	1
C19H22FN3O4	Enterobacter	1
C19H22FN3O4	Enterococcus	1
C19H22FN3O4	Escherichia	1
C19H22FN3O4	Bacteroides	1
C19H22FN3O4	Staphylococcus	1
C19H22FN3O4	Bifidobacterium_Genus	1
C19H22FN3O4	Fusobacterium	1
C19H22FN3O4	Veillonella	1
C9H11F2N3O4	Clostridioides_difficile	1
C9H11F2N3O4	Firmicutes	1
C9H11F2N3O4	Lachnospiraceae_Family	1
C9H11F2N3O4	Bacteroidales	1
C9H11F2N3O4	Bacteroides_acidifaciens	1
C9H11F2N3O4	Proteobacteria	1
C9H11F2N3O4	Ruminococcaceae_Family	1
C9H11F2N3O4	Verrucomicrobia_Phylum	1
C9H11F2N3O4	Akkermansia_muciniphila_Species_239934	1
C9H11F2N3O4	Bacteroidia	1
C9H11F2N3O4	Lactobacillus_animalis	1
C18H20FN5O4	Clostridium	1
C18H20FN5O4	Enterobacteriaceae	1
C18H20FN5O4	Enterococcus	1
C18H20FN5O4	Escherichia	1
C18H20FN5O4	Bacillus	1
C18H20FN5O4	Lactobacillus	1
C18H20FN5O4	Bacteroides	1
C18H20FN5O4	Staphylococcus	1
C18H20FN5O4	Streptococcus	1
C18H20FN5O4	Bifidobacterium_Genus	1
C18H20FN5O4	Veillonella	1
C46H62N4O11	Blautia_obeum	1
C33H38N4O6	Peptostreptococcaceae	1
C22H25ClN2O8	Blautia_obeum	1
C20H20N6O9S	Clostridioides_difficile	1
C22H24Cl2N2O8	Blautia_obeum	1
C20H20N6O9S	Clostridium	1
C19H16ClF3N4O3	Blautia_obeum	1
C20H20N6O9S	Enterococcus	1
C11H12Cl2N2O5	Blautia_obeum	1
C20H20N6O9S	Escherichia	1
C23H28ClN3O7	Blautia_obeum	1
C20H20N6O9S	Lactobacillus	1
C29H27ClN2O14S	Blautia_obeum	1
C20H20N6O9S	Bacteroides	1
C21H22Cl2N2O8	Blautia_obeum	1
C22H23ClN2O8	Blautia_obeum	1
C22H30Cl2N10	Blautia_obeum	1
C17H21ClFN3O4	Blautia_obeum	1
C47H64N4O12	Blautia_obeum	1
C38H72N2O12	Blautia_obeum	1
C18H34Cl2N2O5S	Blautia_obeum	1
C38H69NO13	Blautia_obeum	1
C16H20FN3O4	Blautia_obeum	1
C21H24FN3O4	Blautia_obeum	1
C12H15Cl2NO5S	Blautia_obeum	1
C22H28N2O11	Blautia_obeum	1
C43H58N4O12	Blautia_obeum	1
C8H7N3O5	Blautia_obeum	1
C11H10N4O4	Blautia_obeum	1
C16H17N2NaO4S	Blautia_obeum	1
C17H21F2N3O3	Clostridium	1
C19H21FN2O4	Blautia_obeum	1
C17H21F2N3O3	Corynebacterium_Genus	1
C19H22FN3O4	Blautia_obeum	1
C17H21F2N3O3	Enterobacteriaceae	1
C20H17F2N3O3	Blautia_obeum	1
C17H21F2N3O3	Enterococcus	1
C43H51N3O11	Blautia_obeum	1
C17H21F2N3O3	Eubacterium	1
C13H17ClN4O6	Blautia_obeum	1
C17H21F2N3O3	Bacillus	1
C17H25N3O5S	Blautia_obeum	1
C17H21F2N3O3	Lactobacillus	1
C37H67NO13	Blautia_obeum	1
C17H21F2N3O3	Bacteroides	1
C42H69NO15	Blautia_obeum	1
C17H21F2N3O3	Streptococcus	1
C18H35ClN2O6S	Blautia_obeum	1
C17H21F2N3O3	Bifidobacterium_Genus	1
C14H13N8NaO4S3	Blautia_obeum	1
C17H21F2N3O3	Fusobacterium	1
C23H26N5NaO7S	Blautia_obeum	1
C17H21F2N3O3	Veillonella	1
C41H76N2O15	Blautia_obeum	1
C18H29N3O5S	Clostridium	1
C13H6Cl6O2	Blautia_obeum	1
C18H29N3O5S	Eubacterium	1
C26H58Cl2N10	Blautia_obeum	1
C18H29N3O5S	Lactobacillus	1
C46H77NO17	Blautia_obeum	1
C18H29N3O5S	Bacteroides	1
C31H35N2NaO11	Blautia_obeum	1
C18H29N3O5S	Bifidobacterium_Genus	1
C15H14N2Na2O6S2	Blautia_obeum	1
C18H29N3O5S	Fusobacterium	1
C42H78N2O14	Blautia_obeum	1
C18H29N3O5S	Veillonella	1
C43H74N2O14	Blautia_obeum	1
C18H29N3O5S	Enterococcus	1
C13H8Cl2N2O4	Blautia_obeum	1
C18H29N3O5S	Bacillus	1
C9H9HgNaO2S	Blautia_obeum	1
C18H29N3O5S	Pseudomonas	1
C20H35AuO9PS	Blautia_obeum	1
C18H29N3O5S	Staphylococcus	1
C22H14Cl2I2N2O2	Blautia_obeum	1
C18H29N3O5S	Streptococcus	1
C48H56N6O8S2	Blautia_obeum	1
C18H20FN3O4	Clostridioides_difficile	1
C16H25N3O7S	Blautia_obeum	1
C18H20FN3O4	Clostridium	1
C16H16N5NaO7S2	Blautia_obeum	1
C18H20FN3O4	Enterobacteriaceae	1
C25H31N9O10S2	Blautia_obeum	1
C18H20FN3O4	Enterococcus	1
C16H19N3O5S	Blautia_obeum	1
C18H20FN3O4	Escherichia	1
C31H47NaO6	Blautia_obeum	1
C18H20FN3O4	Eubacterium	1
C6H6N4O4	Blautia_obeum	1
C18H20FN3O4	Bacillus	1
C27H42ClNO2	Blautia_obeum	1
C18H20FN3O4	Lactobacillus	1
C6H8N4O4	Blautia_obeum	1
C18H20FN3O4	Bacteroides	1
C24H24ClN3O6S	Blautia_obeum	1
C18H20FN3O4	Bifidobacterium_Genus	1
C19H22F2N4O3	Blautia_obeum	1
C18H20FN3O4	Peptostreptococcus	1
C16H15N2NaO6S2	Blautia_obeum	1
C18H20FN3O4	Veillonella	1
C8H13N3O4S	Blautia_obeum	1
C16H20FN3O4	Clostridioides_difficile	1
C14H13N5O5S2	Blautia_obeum	1
C16H20FN3O4	Clostridium	1
C16H20FN3O4	Enterococcus	1
C7H10ClN3O3	Blautia_obeum	1
C16H20FN3O4	Escherichia	1
C41H67NO15	Blautia_obeum	1
C16H20FN3O4	Klebsiella	1
C20H21N7O6S2	Blautia_obeum	1
C16H20FN3O4	Lactobacillus	1
C12H17N3O4S	Blautia_obeum	1
C16H20FN3O4	Bacteroides	1
C17H19KN2O5S	Blautia_obeum	1
C16H20FN3O4	Bifidobacterium_Genus	1
C6H9N3O3	Blautia_obeum	1
C16H16ClN3O4	Clostridioides_difficile	1
C16H16N3NaO7S2	Blautia_obeum	1
C10H13N3O5S	Blautia_obeum	1
C16H16ClN3O4	Clostridium	1
C7H11N3O3	Blautia_obeum	1
C16H16ClN3O4	Corynebacterium_Genus	1
C28H44ClNO2	Blautia_obeum	1
C16H16ClN3O4	Enterobacteriaceae	1
C19H12O8	Blautia_obeum	1
C16H16ClN3O4	Enterococcus	1
C36H61NaO11	Blautia_obeum	1
C16H16ClN3O4	Eubacterium	1
C9H5Cl2NO	Blautia_obeum	1
C16H16ClN3O4	Klebsiella	1
C23H36N4O10S2	Blautia_obeum	1
C16H16ClN3O4	Bacillus	1
C20H9Br2HgNa2O6	Blautia_obeum	1
C16H16ClN3O4	Lactobacillus	1
C8H6N4O5	Blautia_obeum	1
C16H16ClN3O4	Bacteroides	1
C16H15N4NaO8S	Blautia_obeum	1
C16H16ClN3O4	Staphylococcus	1
C20H18N6Na2O9S	Blautia_obeum	1
C16H16ClN3O4	Streptococcus	1
C13H9NOSe	Blautia_obeum	1
C16H16ClN3O4	Bifidobacterium_Genus	1
C19H28Cl2N6O6S2	Blautia_obeum	1
C16H16ClN3O4	Micrococcaceae	1
C19H18Cl2N3NaO6S	Blautia_obeum	1
C31H33F2N4O11P	Clostridium	1
C17H17N7O8S4	Blautia_obeum	1
C31H33F2N4O11P	Enterobacteriaceae	1
C66H76Cl3N9O24	Blautia_obeum	1
C31H33F2N4O11P	Enterococcus	1
C20H22N5NaO6S	Blautia_obeum	1
C31H33F2N4O11P	Escherichia	1
C66H103N17O16S	Blautia_obeum	1
C31H33F2N4O11P	Lactobacillus	1
C27H30ClNO10	Blautia_obeum	1
C31H33F2N4O11P	Bacteroides	1
C18H25Cl2N9O4S3	Blautia_obeum	1
C31H33F2N4O11P	Bifidobacterium_Genus	1
C15H16N7NaO5S3	Blautia_obeum	1
C13H18Cl2N2O2	Firmicutes	1
C9H5ClINO	Blautia_obeum	1
C30H40Cl2N4	Blautia_obeum	1
C13H18Cl2N2O2	Proteobacteria	1
C19H16ClFN3NaO5S	Blautia_obeum	1
C17H25N3O5S	Clostridioides_difficile	1
C16H16ClN3O4	Blautia_obeum	1
C17H25N3O5S	Clostridium	1
C18H14Cl4N2O	Blautia_obeum	1
C17H25N3O5S	Corynebacterium_Genus	1
C22H17ClN2	Blautia_obeum	1
C17H25N3O5S	Enterobacteriaceae	1
C19H17ClN3NaO5S	Blautia_obeum	1
C17H25N3O5S	Enterococcus	1
C22H32N6O12S2	Blautia_obeum	1
C17H25N3O5S	Eubacterium	1
C21H23N2NaO6S	Blautia_obeum	1
C17H25N3O5S	Bacillus	1
C17H25N3O5S	Lactobacillus	1
C17H12Br2O3	Blautia_obeum	1
C17H25N3O5S	Bacteroides	1
C19H18N3NaO5S	Blautia_obeum	1
C17H25N3O5S	Staphylococcus	1
C14H12FNO3	Blautia_obeum	1
C17H25N3O5S	Streptococcus	1
C27H22Cl2N4	Blautia_obeum	1
C17H25N3O5S	Bifidobacterium_Genus	1
C21H28ClN3O7S	Blautia_obeum	1
C17H25N3O5S	Micrococcaceae	1
C16H15N5O7S2	Blautia_obeum	1
C17H25N3O5S	Veillonella	1
C16H13Cl3N2OS	Blautia_obeum	1
C28H41N3O3	Blautia_obeum	1
C4H11N5	Christensenellaceae	1
C18H16Cl3N3O4	Blautia_obeum	1
C4H11N5	Collinsella_aerofaciens_ATCC25986	1
C32H55BrN4O	Blautia_obeum	1
C14H18N4O3	Blautia_obeum	1
C4H11N5	Collinsella_intestinalis_DSM13280	1
C22H19N4NaO8S2	Blautia_obeum	1
C4H11N5	Coprococcus	1
C18H14Cl4N4O4	Blautia_obeum	1
C4H11N5	Coprococcus_comes	1
C22H29N3O6S	Blautia_obeum	1
C4H11N5	Dorea	1
C22H18N2	Blautia_obeum	1
C4H11N5	Anaerotruncus	1
C27H30ClNO11	Blautia_obeum	1
C4H11N5	Enterobacter_cancerogenus_ATCC35316	1
C18H22O2	Blautia_obeum	1
C18H18O2	Blautia_obeum	1
C4H11N5	Enterobacteriaceae	1
C15H16ClN3O5S	Blautia_obeum	1
C19H18Cl3N3O3S	Blautia_obeum	1
C31H33N3O6S	Blautia_obeum	1
C4H11N5	Escherichia_coli	1
C29H32O13	Blautia_obeum	1
C20H16Cl3N3O4S	Blautia_obeum	1
C22H23ClN2O2	Blautia_obeum	1
C4H11N5	Lactococcus	1
C19H21Cl2N3	Blautia_obeum	1
C4H11N5	Odoribacter	1
C18H20O2	Blautia_obeum	1
C4H11N5	Parabacteroides_Genus	1
C18H16Cl3N3O3S	Blautia_obeum	1
C4H11N5	Providencia_stuartii_ATCC25827	1
C14H9I3O4	Blautia_obeum	1
C24H35ClN2O	Blautia_obeum	1
C4H11N5	Ruminococcaceae_Family	1
C4H4N6O	Blautia_obeum	1
C4H11N5	Bacteroides_dorei_DSM17855	1
C24H27NO5S	Blautia_obeum	1
C14H14Cl2N2O	Blautia_obeum	1
C4H11N5	Streptococcaceae	1
C23H39NO4	Blautia_obeum	1
C4H11N5	Streptococcus	1
C4H11N5	Subdoligranulum_variabile_DSM15176	1
C48H72O14	Blautia_obeum	1
C14H10O3	Blautia_obeum	1
C26H28Cl2N4O4	Blautia_obeum	1
C28H31FN4O	Blautia_obeum	1
C4H11N5	Bacteroides_fragilis	1
C14H15N3O5	Blautia_obeum	1
C4H11N5	Akkermansia	1
C23H21F7N4O3	Blautia_obeum	1
C4H11N5	Bacteroidia	1
C26H41Br2NO4	Blautia_obeum	1
C14H12ClNO2	Blautia_obeum	1
C4H11N5	Alistipes	1
C24H28N2O4S2	Blautia_obeum	1
C4H11N5	Clostridium_sticklandii_Species_186831	1
C25H30ClI2NO3	Blautia_obeum	1
C10H12N2O5S	Blautia_obeum	1
C4H11N5	Clostridiaceae	1
C21H32N2O	Blautia_obeum	1
C4H11N5	Dorea_longicatena	1
C22H24ClFN4O3	Blautia_obeum	1
C4H11N5	Desulfotalea_psychrophila_LSv54	1
C25H29Cl3N2	Blautia_obeum	1
C4H11N5	Dermacoccus_sp._Ellin185	1
C16H14F3N3O2S	Blautia_obeum	1
C17H19N3O3S	Blautia_obeum	1
C4H11N5	Dickeya_dadantii_3937	1
C9H7N7O2S	Blautia_obeum	1
C21H45N3	Blautia_obeum	1
C4H11N5	Desulfovibrio_alaskensis_G20	1
C10H12O	Blautia_obeum	1
C18H20N3NaO3S	Blautia_obeum	1
C4H11N5	Pectobacterium_atrosepticum_SCRI1043	1
C23H21ClO3	Blautia_obeum	1
C27H34I2N4	Blautia_obeum	1
C4H11N5	Salmonella_bongori_NCTC_12419	1
C62H111N11O12	Blautia_obeum	1
C24H30ClNO4	Blautia_obeum	1
C4H11N5	Burkholderia_mallei_ATCC_23344	1
C13H17N3O2	Blautia_obeum	1
C14H16N2O2	Blautia_obeum	1
C4H11N5	Photorhabdus_luminescens_subsp._laumondii_TTO1	1
C23H32N6O4S	Blautia_obeum	1
C34H57BrN2O4	Blautia_obeum	1
C4H11N5	Lactobacillus_johnsonii_NCC_533	1
C16H18N4O3S	Blautia_obeum	1
C26H28N2	Blautia_obeum	1
C4H11N5	Burkholderia_vietnamiensis_G4	1
C11H14N4O2	Blautia_obeum	1
C16H17N3O5S	Blautia_obeum	1
C4H11N5	Citrobacter_koseri_ATCC_BAA-895	1
C22H19ClO3	Blautia_obeum	1
C4H11N5	Clostridium_beijerinckii_NCIMB_8052	1
C19H15NO6	Blautia_obeum	1
C27H29N5O6S	Blautia_obeum	1
C4H11N5	Alkaliphilus_metalliredigens_QYMF	1
C46H62N4O11	Enterocloster_bolteae	1
C4H11N5	Lactobacillus_sakei_subsp._sakei_23K	1
C22H25ClN2O8	Enterocloster_bolteae	1
C22H24Cl2N2O8	Enterocloster_bolteae	1
C4H11N5	Xanthomonas_campestris_pv._vesicatoria_str._85-10	1
C19H16ClF3N4O3	Enterocloster_bolteae	1
C11H12Cl2N2O5	Enterocloster_bolteae	1
C4H11N5	Shewanella_frigidimarina_NCIMB_400	1
C23H28ClN3O7	Enterocloster_bolteae	1
C29H27ClN2O14S	Enterocloster_bolteae	1
C4H11N5	Alkaliphilus_oremlandii_OhILAs	1
C21H22Cl2N2O8	Enterocloster_bolteae	1
C22H23ClN2O8	Enterocloster_bolteae	1
C4H11N5	Bacteroides_dorei	1
C22H30Cl2N10	Enterocloster_bolteae	1
C4H11N5	Campylobacter_hominis_ATCC_BAA-381	1
C17H21ClFN3O4	Enterocloster_bolteae	1
C4H11N5	Clostridium_novyi_NT	1
C47H64N4O12	Enterocloster_bolteae	1
C38H72N2O12	Enterocloster_bolteae	1
C4H11N5	Yersinia_enterocolitica_subsp._enterocolitica_8081	1
C18H34Cl2N2O5S	Enterocloster_bolteae	1
C38H69NO13	Enterocloster_bolteae	1
C4H11N5	Fusobacterium_nucleatum_subsp._polymorphum_ATCC_10953	1
C4H11N5	Bifidobacterium_bifidum_NCIMB_41171	1
C16H20FN3O4	Enterocloster_bolteae	1
C21H24FN3O4	Enterocloster_bolteae	1
C4H11N5	Serratia_proteamaculans_568	1
C12H15Cl2NO5S	Enterocloster_bolteae	1
C22H28N2O11	Enterocloster_bolteae	1
C4H11N5	Enterobacter_sp._638	1
C43H58N4O12	Enterocloster_bolteae	1
C8H7N3O5	Enterocloster_bolteae	1
C4H11N5	Shewanella_putrefaciens_200	1
C11H10N4O4	Enterocloster_bolteae	1
C4H11N5	Xenorhabdus_nematophila_ATCC_19061	1
C19H21FN2O4	Enterocloster_bolteae	1
C19H22FN3O4	Enterocloster_bolteae	1
C4H11N5	Xenorhabdus_bovienii_SS-2004	1
C20H17F2N3O3	Enterocloster_bolteae	1
C43H51N3O11	Enterocloster_bolteae	1
C4H11N5	Pseudoflavonifractor_capillosus_ATCC_29799	1
C13H17ClN4O6	Enterocloster_bolteae	1
C17H25N3O5S	Enterocloster_bolteae	1
C4H11N5	Bifidobacterium_adolescentis_L2-32	1
C37H67NO13	Enterocloster_bolteae	1
C42H69NO15	Enterocloster_bolteae	1
C4H11N5	Lactonifactor	1
C18H35ClN2O6S	Enterocloster_bolteae	1
C4H11N5	Lactococcus_garvieae_Lg2	1
C41H76N2O15	Enterocloster_bolteae	1
C4H11N5	Lactobacillus_jensenii_1153	1
C13H6Cl6O2	Enterocloster_bolteae	1
C46H77NO17	Enterocloster_bolteae	1
C4H11N5	Bacillus_coahuilensis_m4-4	1
C31H35N2NaO11	Enterocloster_bolteae	1
C42H78N2O14	Enterocloster_bolteae	1
C4H11N5	Clostridium_botulinum_C_str._Eklund	1
C43H74N2O14	Enterocloster_bolteae	1
C13H8Cl2N2O4	Enterocloster_bolteae	1
C4H11N5	Clostridium_bartlettii_DSM_16795	1
C9H9HgNaO2S	Enterocloster_bolteae	1
C20H35AuO9PS	Enterocloster_bolteae	1
C4H11N5	Collinsella_stercoris_DSM_13279	1
C22H14Cl2I2N2O2	Enterocloster_bolteae	1
C16H16N5NaO7S2	Enterocloster_bolteae	1
C4H11N5	Veillonella_sp._6_1_27	1
C25H31N9O10S2	Enterocloster_bolteae	1
C16H19N3O5S	Enterocloster_bolteae	1
C4H11N5	Clostridium_perfringens_E_str._JGS1987	1
C31H47NaO6	Enterocloster_bolteae	1
C6H6N4O4	Enterocloster_bolteae	1
C4H11N5	Clostridium_perfringens_CPE_str._F4969	1
C27H42ClNO2	Enterocloster_bolteae	1
C6H8N4O4	Enterocloster_bolteae	1
C4H11N5	Clostridium_sp._7_2_43FAA	1
C19H22F2N4O3	Enterocloster_bolteae	1
C8H13N3O4S	Enterocloster_bolteae	1
C4H11N5	Ruminococcus_sp._5_1_39BFAA	1
C7H10ClN3O3	Enterocloster_bolteae	1
C4H11N5	Erwinia_tasmaniensis_Et1/99	1
C41H67NO15	Enterocloster_bolteae	1
C12H17N3O4S	Enterocloster_bolteae	1
C4H11N5	Citrobacter_sp._30_2	1
C6H9N3O3	Enterocloster_bolteae	1
C16H16N3NaO7S2	Enterocloster_bolteae	1
C4H11N5	Fusobacterium_nucleatum_subsp._vincentii_4_1_13	1
C10H13N3O5S	Enterocloster_bolteae	1
C7H11N3O3	Enterocloster_bolteae	1
C4H11N5	Slackia_heliotrinireducens_DSM_20476	1
C28H44ClNO2	Enterocloster_bolteae	1
C19H12O8	Enterocloster_bolteae	1
C4H11N5	Clostridium_botulinum_A3	1
C36H61NaO11	Enterocloster_bolteae	1
C9H5Cl2NO	Enterocloster_bolteae	1
C4H11N5	Clostridium_hiranonis_DSM_13275	1
C20H9Br2HgNa2O6	Enterocloster_bolteae	1
C8H6N4O5	Enterocloster_bolteae	1
C4H11N5	Citrobacter_youngae_ATCC_29220	1
C20H18N6Na2O9S	Enterocloster_bolteae	1
C13H9NOSe	Enterocloster_bolteae	1
C4H11N5	Escherichia_albertii_TW07627	1
C19H28Cl2N6O6S2	Enterocloster_bolteae	1
C19H18Cl2N3NaO6S	Enterocloster_bolteae	1
C4H11N5	Rheinheimera_sp._A13L	1
C17H17N7O8S4	Enterocloster_bolteae	1
C66H76Cl3N9O24	Enterocloster_bolteae	1
C4H11N5	Klebsiella_pneumoniae_342	1
C66H103N17O16S	Enterocloster_bolteae	1
C27H30ClNO10	Enterocloster_bolteae	1
C4H11N5	Actinomyces_coleocanis_DSM_15436	1
C15H16N7NaO5S3	Enterocloster_bolteae	1
C9H5ClINO	Enterocloster_bolteae	1
C4H11N5	Corynebacterium_jeikeium_ATCC_43734	1
C12H7Cl3O2	Enterocloster_bolteae	1
C19H16ClFN3NaO5S	Enterocloster_bolteae	1
C4H11N5	Corynebacterium_lipophiloflavum_DSM_44291	1
C15H17FN4O3	Enterocloster_bolteae	1
C18H14Cl4N2O	Enterocloster_bolteae	1
C4H11N5	Corynebacterium_pseudogenitalium_ATCC_33035	1
C22H17ClN2	Enterocloster_bolteae	1
C19H17ClN3NaO5S	Enterocloster_bolteae	1
C4H11N5	Corynebacterium_striatum_ATCC_6940	1
C17H20ClF2N3O3	Enterocloster_bolteae	1
C22H32N6O12S2	Enterocloster_bolteae	1
C4H11N5	Lactobacillus_acidophilus_ATCC_4796	1
C4H3FN2O2	Enterocloster_bolteae	1
C4H11N5	Lactobacillus_brevis_subsp._gravesensis_ATCC_27305	1
C17H12Br2O3	Enterocloster_bolteae	1
C19H18N3NaO5S	Enterocloster_bolteae	1
C4H11N5	Lactobacillus_gasseri_JV-V03	1
C14H12FNO3	Enterocloster_bolteae	1
C16H13Cl3N2OS	Enterocloster_bolteae	1
C4H11N5	Lactobacillus_ultunensis_DSM_16047	1
C18H16Cl3N3O4	Enterocloster_bolteae	1
C8H15N3O7	Enterocloster_bolteae	1
C4H11N5	Listeria_grayi_DSM_20601	1
C16H18FN3O3	Enterocloster_bolteae	1
C14H18N4O3	Enterocloster_bolteae	1
C4H11N5	Staphylococcus_epidermidis_W23144	1
C22H19N4NaO8S2	Enterocloster_bolteae	1
C18H14Cl4N4O4	Enterocloster_bolteae	1
C4H11N5	Raphidiopsis_brookii_D9	1
C22H18N2	Enterocloster_bolteae	1
C12H13ClN4	Enterocloster_bolteae	1
C4H11N5	Clostridium_carboxidivorans_P7	1
C27H30ClNO11	Enterocloster_bolteae	1
C17H20FN3O3	Enterocloster_bolteae	1
C4H11N5	Clostridium_botulinum_E1	1
C7H11ClN2O2S	Enterocloster_bolteae	1
C19H18Cl3N3O3S	Enterocloster_bolteae	1
C4H11N5	Neisseria_elongata_subsp._glycolytica_ATCC_29315	1
C29H32O13	Enterocloster_bolteae	1
C20H16Cl3N3O4S	Enterocloster_bolteae	1
C4H11N5	Neisseria_mucosa_ATCC_25996	1
C18H16Cl3N3O3S	Enterocloster_bolteae	1
C24H35ClN2O	Enterocloster_bolteae	1
C4H11N5	Veillonella_dispar_ATCC_17748	1
C4H4N6O	Enterocloster_bolteae	1
C20H22N8O5	Enterocloster_bolteae	1
C4H11N5	Bifidobacterium_pseudocatenulatum_DSM_20438	1
C14H10O3	Enterocloster_bolteae	1
C4H11N5	Capnocytophaga_gingivalis_ATCC_33624	1
C14H15N3O5	Enterocloster_bolteae	1
C4H11N5	Campylobacter_gracilis_RM3268	1
C13H12Cl2O4	Enterocloster_bolteae	1
C23H36Cl3N3O3	Enterocloster_bolteae	1
C4H11N5	Fusobacterium_necrophorum_D12	1
C9H4Cl3IO	Enterocloster_bolteae	1
C23H27Cl2N3O2	Enterocloster_bolteae	1
C4H11N5	Dickeya_zeae_Ech1591	1
C46H62N4O11	Clostridioides_difficile	1
C22H25ClN2O8	Clostridioides_difficile	1
C4H11N5	Pectobacterium_wasabiae_WPP163	1
C22H24Cl2N2O8	Clostridioides_difficile	1
C19H16ClF3N4O3	Clostridioides_difficile	1
C4H11N5	Prevotella_oris_C735	1
C11H12Cl2N2O5	Clostridioides_difficile	1
C23H28ClN3O7	Clostridioides_difficile	1
C4H11N5	Enterococcus_casseliflavus_EC1_	1
C29H27ClN2O14S	Clostridioides_difficile	1
C21H22Cl2N2O8	Clostridioides_difficile	1
C4H11N5	Dickeya_dadantii_Ech703	1
C22H23ClN2O8	Clostridioides_difficile	1
C22H30Cl2N10	Clostridioides_difficile	1
C4H11N5	Lactobacillus_amylolyticus_DSM_11664	1
C17H21ClFN3O4	Clostridioides_difficile	1
C4H11N5	Dickeya_dadantii_Ech586	1
C47H64N4O12	Clostridioides_difficile	1
C18H34Cl2N2O5S	Clostridioides_difficile	1
C4H11N5	Clostridium_botulinum_D_str._1873	1
C4H11N5	Pantoea_sp._At-9b	1
C21H24FN3O4	Clostridioides_difficile	1
C4H11N5	Peptostreptococcus_stomatis_DSM_17678	1
C12H15Cl2NO5S	Clostridioides_difficile	1
C22H28N2O11	Clostridioides_difficile	1
C4H11N5	Porphyromonas_uenonis_60-3	1
C43H58N4O12	Clostridioides_difficile	1
C8H7N3O5	Clostridioides_difficile	1
C4H11N5	Granulicatella_elegans_ATCC_700633	1
C11H10N4O4	Clostridioides_difficile	1
C4H11N5	Pseudomonas_syringae_pv._morsprunorum_str._M302280	1
C16H17N2NaO4S	Clostridioides_difficile	1
C19H21FN2O4	Clostridioides_difficile	1
C4H11N5	Clostridium_butyricum_E4	1
C19H22FN3O4	Clostridioides_difficile	1
C20H17F2N3O3	Clostridioides_difficile	1
C4H11N5	Olsenella_uli_DSM_7084	1
C43H51N3O11	Clostridioides_difficile	1
C13H17ClN4O6	Clostridioides_difficile	1
C4H11N5	Erwinia_billingiae_Eb661	1
C23H26N5NaO7S	Clostridioides_difficile	1
C4H11N5	Edwardsiella_ictaluri_93-146	1
C13H6Cl6O2	Clostridioides_difficile	1
C26H58Cl2N10	Clostridioides_difficile	1
C4H11N5	Citrobacter_rodentium_ICC168	1
C46H77NO17	Clostridioides_difficile	1
C31H35N2NaO11	Clostridioides_difficile	1
C4H11N5	Deferribacter_desulfuricans_SSM1	1
C15H14N2Na2O6S2	Clostridioides_difficile	1
C13H8Cl2N2O4	Clostridioides_difficile	1
C4H11N5	Enterobacter_asburiae_LF7a	1
C9H9HgNaO2S	Clostridioides_difficile	1
C20H35AuO9PS	Clostridioides_difficile	1
C4H11N5	Ruminococcus_flavefaciens_FD-1	1
C22H14Cl2I2N2O2	Clostridioides_difficile	1
C48H56N6O8S2	Clostridioides_difficile	1
C4H11N5	Slackia_exigua_ATCC_700122	1
C16H25N3O7S	Clostridioides_difficile	1
C4H11N5	Desulfurispirillum_indicum_S5	1
C31H47NaO6	Clostridioides_difficile	1
C6H6N4O4	Clostridioides_difficile	1
C4H11N5	Escherichia_coli_TW10509	1
C27H42ClNO2	Clostridioides_difficile	1
C4H11N5	Ruminococcus_sp._SR1/5	1
C6H8N4O4	Clostridioides_difficile	1
C24H24ClN3O6S	Clostridioides_difficile	1
C4H11N5	Corynebacterium_resistens_DSM_45100	1
C19H22F2N4O3	Clostridioides_difficile	1
C8H13N3O4S	Clostridioides_difficile	1
C4H11N5	Streptococcus_dysgalactiae_subsp._dysgalactiae_ATCC_27957	1
C7H10ClN3O3	Clostridioides_difficile	1
C4H11N5	Serratia_odorifera_DSM_4582	1
C20H21N7O6S2	Clostridioides_difficile	1
C17H19KN2O5S	Clostridioides_difficile	1
C4H11N5	Vibrio_furnissii_CIP_102972	1
C6H9N3O3	Clostridioides_difficile	1
C10H13N3O5S	Clostridioides_difficile	1
C4H11N5	Helicobacter_mustelae_12198	1
C7H11N3O3	Clostridioides_difficile	1
C28H44ClNO2	Clostridioides_difficile	1
C4H11N5	Rothia_mucilaginosa_DY-18	1
C19H12O8	Clostridioides_difficile	1
C36H61NaO11	Clostridioides_difficile	1
C4H11N5	Cronobacter_turicensis_z3032	1
C9H5Cl2NO	Clostridioides_difficile	1
C20H9Br2HgNa2O6	Clostridioides_difficile	1
C4H11N5	Bacillus_cereus_SJ1	1
C20H18N6Na2O9S	Clostridioides_difficile	1
C66H76Cl3N9O24	Clostridioides_difficile	1
C4H11N5	Coriobacterium_glomerans_PW2	1
C20H22N5NaO6S	Clostridioides_difficile	1
C66H103N17O16S	Clostridioides_difficile	1
C4H11N5	Enterobacter_lignolyticus_SCF1	1
C27H30ClNO10	Clostridioides_difficile	1
C9H5ClINO	Clostridioides_difficile	1
C4H11N5	Listeria_seeligeri_FSL_N1-067	1
C12H7Cl3O2	Clostridioides_difficile	1
C15H17FN4O3	Clostridioides_difficile	1
C4H11N5	Acinetobacter_haemolyticus_ATCC_19194	1
C18H14Cl4N2O	Clostridioides_difficile	1
C17H20ClF2N3O3	Clostridioides_difficile	1
C4H11N5	Lactobacillus_fermentum_CECT_5716	1
C21H23N2NaO6S	Clostridioides_difficile	1
C4H3FN2O2	Clostridioides_difficile	1
C4H11N5	Erwinia_amylovora_ATCC_49946	1
C17H12Br2O3	Clostridioides_difficile	1
C14H12FNO3	Clostridioides_difficile	1
C4H11N5	Enterobacter_cloacae_subsp._cloacae_ATCC_13047	1
C27H22Cl2N4	Clostridioides_difficile	1
C16H13Cl3N2OS	Clostridioides_difficile	1
C4H11N5	Enterobacter_cloacae_subsp._cloacae_NCTC_9394	1
C8H15N3O7	Clostridioides_difficile	1
C16H18FN3O3	Clostridioides_difficile	1
C4H11N5	Clostridium_clariflavum_DSM_19732	1
C32H41NO2	Clostridioides_difficile	1
C27H30ClNO11	Clostridioides_difficile	1
C4H11N5	Rahnella_sp._Y9602	1
C31H33N3O6S	Clostridioides_difficile	1
C18H19Cl2NO4	Clostridioides_difficile	1
C4H11N5	Rahnella_aquatilis_CIP_78.65	1
C14H9I3O4	Clostridioides_difficile	1
C4H4N6O	Clostridioides_difficile	1
C4H11N5	Faecalibacterium_cf._prausnitzii_KLE1255	1
C24H27NO5S	Clostridioides_difficile	1
C23H39NO4	Clostridioides_difficile	1
C4H11N5	Pseudogulbenkiania_sp._NH8B	1
C18H37N5O9	Clostridioides_difficile	1
C48H72O14	Clostridioides_difficile	1
C4H11N5	Staphylococcus_aureus_subsp._aureus_MRSA177	1
C14H10O3	Clostridioides_difficile	1
C19H12O6	Clostridioides_difficile	1
C4H11N5	Brachyspira_pilosicoli_95/1000	1
C35H36ClNO3S	Clostridioides_difficile	1
C4H11N5	Hippea_maritima_DSM_10411	1
C23H26ClN	Clostridioides_difficile	1
C25H29Cl3N2	Clostridioides_difficile	1
C4H11N5	Streptococcus_parasanguinis_ATCC_15912	1
C9H7N7O2S	Clostridioides_difficile	1
C26H33NO6	Clostridioides_difficile	1
C4H11N5	Actinomyces_sp._oral_taxon_17_	1
C27H28N2O7	Clostridioides_difficile	1
C33H30N4O2	Clostridioides_difficile	1
C4H11N5	Bacteroides_clarus_YIT_12056	1
C5H4N4S	Clostridioides_difficile	1
C29H35NO2	Clostridioides_difficile	1
C4H11N5	Serratia_sp._AS12	1
C20H25ClN2O5	Clostridioides_difficile	1
C34H48Na2O7	Clostridioides_difficile	1
C4H11N5	Bifidobacterium_dentium_ATCC_27679	1
C4H11N5	Aeromonas_caviae_Ae398	1
C27H33N3O6S	Clostridioides_difficile	1
C46H62N4O11	Clostridium_perfringens_Species_1485	1
C4H11N5	Peptoniphilus_sp._oral_taxon_375	1
C22H25ClN2O8	Clostridium_perfringens_Species_1485	1
C22H24Cl2N2O8	Clostridium_perfringens_Species_1485	1
C4H11N5	Veillonella_sp._oral_taxon_158	1
C19H16ClF3N4O3	Clostridium_perfringens_Species_1485	1
C11H12Cl2N2O5	Clostridium_perfringens_Species_1485	1
C4H11N5	Salmonella_enterica_subsp._arizonae_serovar_62:z4,z23:-_str._RSK2980	1
C23H28ClN3O7	Clostridium_perfringens_Species_1485	1
C29H27ClN2O14S	Clostridium_perfringens_Species_1485	1
C4H11N5	Lactobacillus_delbrueckii_subsp._lactis_DSM_20072	1
C21H22Cl2N2O8	Clostridium_perfringens_Species_1485	1
C22H23ClN2O8	Clostridium_perfringens_Species_1485	1
C4H11N5	Neisseria_bacilliformis_ATCC_BAA-1200	1
C22H30Cl2N10	Clostridium_perfringens_Species_1485	1
C4H11N5	Plautia_stali_symbiont	1
C17H21ClFN3O4	Clostridium_perfringens_Species_1485	1
C47H64N4O12	Clostridium_perfringens_Species_1485	1
C4H11N5	Eubacterium_limosum_KIST612	1
C38H72N2O12	Clostridium_perfringens_Species_1485	1
C18H34Cl2N2O5S	Clostridium_perfringens_Species_1485	1
C4H11N5	Salmonella_enterica_subsp._enterica_serovar_Dublin_str._SD3246	1
C38H69NO13	Clostridium_perfringens_Species_1485	1
C4H11N5	Weissella_cibaria_KACC_11862	1
C16H20FN3O4	Clostridium_perfringens_Species_1485	1
C4H11N5	Clostridium_botulinum_BKT015925	1
C21H24FN3O4	Clostridium_perfringens_Species_1485	1
C12H15Cl2NO5S	Clostridium_perfringens_Species_1485	1
C4H11N5	Acinetobacter_baumannii_TCDC-AB0715	1
C22H28N2O11	Clostridium_perfringens_Species_1485	1
C43H58N4O12	Clostridium_perfringens_Species_1485	1
C4H11N5	Pseudomonas_stutzeri_DSM_4166	1
C8H7N3O5	Clostridium_perfringens_Species_1485	1
C4H11N5	Klebsiella_oxytoca_KCTC_1686	1
C11H10N4O4	Clostridium_perfringens_Species_1485	1
C16H17N2NaO4S	Clostridium_perfringens_Species_1485	1
C4H11N5	Enterobacter_aerogenes_KCTC_2190	1
C19H21FN2O4	Clostridium_perfringens_Species_1485	1
C19H22FN3O4	Clostridium_perfringens_Species_1485	1
C4H11N5	Lactobacillus_ruminis_SPM0211	1
C20H17F2N3O3	Clostridium_perfringens_Species_1485	1
C43H51N3O11	Clostridium_perfringens_Species_1485	1
C4H11N5	Enterobacter_cloacae_EcWSU1	1
C13H17ClN4O6	Clostridium_perfringens_Species_1485	1
C17H25N3O5S	Clostridium_perfringens_Species_1485	1
C4H11N5	Agrobacterium_tumefaciens_F2	1
C37H67NO13	Clostridium_perfringens_Species_1485	1
C42H69NO15	Clostridium_perfringens_Species_1485	1
C4H11N5	Propionibacterium_acnes_SK182B-JCVI	1
C18H35ClN2O6S	Clostridium_perfringens_Species_1485	1
C4H11N5	Streptococcus_thermophilus_JIM_8232	1
C14H13N8NaO4S3	Clostridium_perfringens_Species_1485	1
C23H26N5NaO7S	Clostridium_perfringens_Species_1485	1
C4H11N5	Megasphaera_elsdenii_DSM_20460	1
C41H76N2O15	Clostridium_perfringens_Species_1485	1
C13H6Cl6O2	Clostridium_perfringens_Species_1485	1
C4H11N5	Streptococcus_infantarius_subsp._infantarius_CJ18	1
C26H58Cl2N10	Clostridium_perfringens_Species_1485	1
C46H77NO17	Clostridium_perfringens_Species_1485	1
C4H11N5	Pseudomonas_aeruginosa_NCGM2.S1	1
C31H35N2NaO11	Clostridium_perfringens_Species_1485	1
C15H14N2Na2O6S2	Clostridium_perfringens_Species_1485	1
C4H11N5	Lawsonia	1
C42H78N2O14	Clostridium_perfringens_Species_1485	1
C4H11N5	Pantoea_ananatis_LMG_5342	1
C43H74N2O14	Clostridium_perfringens_Species_1485	1
C13H8Cl2N2O4	Clostridium_perfringens_Species_1485	1
C4H11N5	Lactobacillus_vaginalis_ATCC_49540	1
C9H9HgNaO2S	Clostridium_perfringens_Species_1485	1
C20H35AuO9PS	Clostridium_perfringens_Species_1485	1
C4H11N5	Intestinibacter_genus	1
C22H14Cl2I2N2O2	Clostridium_perfringens_Species_1485	1
C48H56N6O8S2	Clostridium_perfringens_Species_1485	1
C16H25N3O7S	Clostridium_perfringens_Species_1485	1
C16H16N5NaO7S2	Clostridium_perfringens_Species_1485	1
C25H31N9O10S2	Clostridium_perfringens_Species_1485	1
C20H22N8O5	Lachnospiraceae_Family	1
C16H19N3O5S	Clostridium_perfringens_Species_1485	1
C31H47NaO6	Clostridium_perfringens_Species_1485	1
C20H22N8O5	Ruminococcus	1
C6H6N4O4	Clostridium_perfringens_Species_1485	1
C27H42ClNO2	Clostridium_perfringens_Species_1485	1
C6H9N3O3	Escherichia	1
C6H8N4O4	Clostridium_perfringens_Species_1485	1
C6H9N3O3	Bacteroides	1
C24H24ClN3O6S	Clostridium_perfringens_Species_1485	1
C6H9N3O3	Porphyromonadaceae	1
C19H22F2N4O3	Clostridium_perfringens_Species_1485	1
C6H9N3O3	Pseudomonas	1
C16H15N2NaO6S2	Clostridium_perfringens_Species_1485	1
C6H9N3O3	Akkermansia	1
C8H13N3O4S	Clostridium_perfringens_Species_1485	1
C6H9N3O3	Barnesiella	1
C14H13N5O5S2	Clostridium_perfringens_Species_1485	1
C6H9N3O3	Bifidobacterium_Genus	1
C6H9N3O3	Alistipes	1
C21H25N5O8S2	Clostridium	1
C7H10ClN3O3	Clostridium_perfringens_Species_1485	1
C41H67NO15	Clostridium_perfringens_Species_1485	1
C21H25N5O8S2	Enterococcus	1
C20H21N7O6S2	Clostridium_perfringens_Species_1485	1
C21H25N5O8S2	Escherichia	1
C12H17N3O4S	Clostridium_perfringens_Species_1485	1
C21H25N5O8S2	Lactobacillus	1
C17H19KN2O5S	Clostridium_perfringens_Species_1485	1
C21H25N5O8S2	Bacteroides	1
C21H25N5O8S2	Streptococcus	1
C16H16N3NaO7S2	Clostridium_perfringens_Species_1485	1
C23H27N3O7	Collinsella	1
C10H13N3O5S	Clostridium_perfringens_Species_1485	1
C23H27N3O7	Coprococcus	1
C7H11N3O3	Clostridium_perfringens_Species_1485	1
C23H27N3O7	Dorea	1
C28H44ClNO2	Clostridium_perfringens_Species_1485	1
C23H27N3O7	Faecalibacterium	1
C19H12O8	Clostridium_perfringens_Species_1485	1
C23H27N3O7	Gardnerella	1
C36H61NaO11	Clostridium_perfringens_Species_1485	1
C23H27N3O7	Bacteroides	1
C9H5Cl2NO	Clostridium_perfringens_Species_1485	1
C23H27N3O7	Roseburia	1
C23H36N4O10S2	Clostridium_perfringens_Species_1485	1
C23H27N3O7	Sutterella	1
C20H9Br2HgNa2O6	Clostridium_perfringens_Species_1485	1
C23H27N3O7	Akkermansia	1
C8H6N4O5	Clostridium_perfringens_Species_1485	1
C23H27N3O7	Bifidobacterium_Genus	1
C16H15N4NaO8S	Clostridium_perfringens_Species_1485	1
C23H27N3O7	Alistipes	1
C20H18N6Na2O9S	Clostridium_perfringens_Species_1485	1
C23H27N3O7	Dialister	1
C13H9NOSe	Clostridium_perfringens_Species_1485	1
C21H24FN3O4	Clostridium	1
C19H28Cl2N6O6S2	Clostridium_perfringens_Species_1485	1
C19H18Cl2N3NaO6S	Clostridium_perfringens_Species_1485	1
C21H24FN3O4	Enterococcus	1
C17H17N7O8S4	Clostridium_perfringens_Species_1485	1
C21H24FN3O4	Escherichia	1
C66H76Cl3N9O24	Clostridium_perfringens_Species_1485	1
C21H24FN3O4	Bacillus	1
C20H22N5NaO6S	Clostridium_perfringens_Species_1485	1
C21H24FN3O4	Lactobacillus	1
C66H103N17O16S	Clostridium_perfringens_Species_1485	1
C21H24FN3O4	Bacteroides	1
C27H30ClNO10	Clostridium_perfringens_Species_1485	1
C21H24FN3O4	Staphylococcus	1
C18H25Cl2N9O4S3	Clostridium_perfringens_Species_1485	1
C21H24FN3O4	Streptococcus	1
C15H16N7NaO5S3	Clostridium_perfringens_Species_1485	1
C21H24FN3O4	Bifidobacterium_Genus	1
C9H5ClINO	Clostridium_perfringens_Species_1485	1
C21H24FN3O4	Fusobacterium	1
C12H7Cl3O2	Clostridium_perfringens_Species_1485	1
C21H24FN3O4	Peptostreptococcus	1
C30H40Cl2N4	Clostridium_perfringens_Species_1485	1
C12H12N2O3	Enterobacteriaceae	1
C19H16ClFN3NaO5S	Clostridium_perfringens_Species_1485	1
C12H12N2O3	Enterococcus	1
C15H17FN4O3	Clostridium_perfringens_Species_1485	1
C12H12N2O3	Escherichia	1
C8H6N4O5	Blautia_Genus	1
C16H16ClN3O4	Clostridium_perfringens_Species_1485	1
C18H14Cl4N2O	Clostridium_perfringens_Species_1485	1
C8H6N4O5	Coprococcus	1
C22H17ClN2	Clostridium_perfringens_Species_1485	1
C8H6N4O5	Dorea	1
C19H17ClN3NaO5S	Clostridium_perfringens_Species_1485	1
C8H6N4O5	Enterobacteriaceae	1
C17H20ClF2N3O3	Clostridium_perfringens_Species_1485	1
C8H6N4O5	Enterococcus	1
C22H32N6O12S2	Clostridium_perfringens_Species_1485	1
C8H6N4O5	Eubacterium	1
C21H23N2NaO6S	Clostridium_perfringens_Species_1485	1
C8H6N4O5	Bacteroides	1
C8H6N4O5	Prevotella	1
C4H3FN2O2	Clostridium_perfringens_Species_1485	1
C8H6N4O5	Roseburia	1
C17H12Br2O3	Clostridium_perfringens_Species_1485	1
C8H6N4O5	Akkermansia	1
C19H18N3NaO5S	Clostridium_perfringens_Species_1485	1
C8H6N4O5	Bifidobacterium_Genus	1
C14H12FNO3	Clostridium_perfringens_Species_1485	1
C27H22Cl2N4	Clostridium_perfringens_Species_1485	1
C8H6N4O5	Alistipes	1
C21H28ClN3O7S	Clostridium_perfringens_Species_1485	1
C16H18FN3O3	Clostridium	1
C16H15N5O7S2	Clostridium_perfringens_Species_1485	1
C16H13Cl3N2OS	Clostridium_perfringens_Species_1485	1
C16H18FN3O3	Corynebacterium_Genus	1
C28H41N3O3	Clostridium_perfringens_Species_1485	1
C16H18FN3O3	Enterobacteriaceae	1
C18H16Cl3N3O4	Clostridium_perfringens_Species_1485	1
C16H18FN3O3	Enterococcus	1
C32H55BrN4O	Clostridium_perfringens_Species_1485	1
C16H18FN3O3	Escherichia	1
C18H20FN3O4	Clostridium_perfringens_Species_1485	1
C16H18FN3O3	Eubacterium	1
C8H15N3O7	Clostridium_perfringens_Species_1485	1
C16H18FN3O3	Bacillus	1
C29H38N4O10	Clostridium_perfringens_Species_1485	1
C16H18FN3O3	Lactobacillus	1
C16H18FN3O3	Clostridium_perfringens_Species_1485	1
C16H18FN3O3	Bacteroides	1
C14H18N4O3	Clostridium_perfringens_Species_1485	1
C22H19N4NaO8S2	Clostridium_perfringens_Species_1485	1
C16H18FN3O3	Staphylococcus	1
C18H14Cl4N4O4	Clostridium_perfringens_Species_1485	1
C16H18FN3O3	Streptococcus	1
C9H11FN2O5	Clostridium_perfringens_Species_1485	1
C16H18FN3O3	Bifidobacterium_Genus	1
C22H29N3O6S	Clostridium_perfringens_Species_1485	1
C16H18FN3O3	Veillonella	1
C22H18N2	Clostridium_perfringens_Species_1485	1
C32H41NO2	Clostridium_perfringens_Species_1485	1
C27H30ClNO11	Clostridium_perfringens_Species_1485	1
C18H22O2	Clostridium_perfringens_Species_1485	1
C17H20FN3O3	Clostridium_perfringens_Species_1485	1
C18H20FN3O4	Corynebacterium_Genus	1
C15H16ClN3O5S	Clostridium_perfringens_Species_1485	1
C19H18Cl3N3O3S	Clostridium_perfringens_Species_1485	1
C31H33N3O6S	Clostridium_perfringens_Species_1485	1
C18H19Cl2NO4	Clostridium_perfringens_Species_1485	1
C29H32O13	Clostridium_perfringens_Species_1485	1
C20H16Cl3N3O4S	Clostridium_perfringens_Species_1485	1
C75H70N6O6	Clostridium_perfringens_Species_1485	1
C22H23ClN2O2	Clostridium_perfringens_Species_1485	1
C19H21Cl2N3	Clostridium_perfringens_Species_1485	1
C18H20FN3O4	Staphylococcus	1
C18H20O2	Clostridium_perfringens_Species_1485	1
C18H20FN3O4	Streptococcus	1
C18H16Cl3N3O3S	Clostridium_perfringens_Species_1485	1
C14H9I3O4	Clostridium_perfringens_Species_1485	1
C24H35ClN2O	Clostridium_perfringens_Species_1485	1
C24H27NO5S	Clostridium_perfringens_Species_1485	1
C21H27ClN2S2	Clostridium_perfringens_Species_1485	1
C14H14Cl2N2O	Clostridium_perfringens_Species_1485	1
C10H13N5O4	Clostridium_perfringens_Species_1485	1
C20H22N8O5	Clostridium_perfringens_Species_1485	1
C8H9NO2	Christensenellaceae	1
C48H72O14	Clostridium_perfringens_Species_1485	1
C8H9NO2	Dorea	1
C14H10O3	Clostridium_perfringens_Species_1485	1
C8H9NO2	Lachnospiraceae_Family	1
C23H32O3	Clostridium_perfringens_Species_1485	1
C8H9NO2	Peptostreptococcaceae	1
C17H18F3N3O3	Clostridium_perfringens_Species_1485	1
C8H9NO2	Streptococcaceae	1
C26H28Cl2N4O4	Clostridium_perfringens_Species_1485	1
C8H9NO2	Streptococcus_salivarius	1
C19H12O6	Clostridium_perfringens_Species_1485	1
C8H9NO2	Micrococcaceae	1
C8H9NO2	Bifidobacterium_dentium_Species_1678	1
C35H36ClNO3S	Clostridium_perfringens_Species_1485	1
C8H9NO2	Oxalobacteraceae	1
C27H44O2	Clostridium_perfringens_Species_1485	1
C8H9NO2	Eubacteriaceae	1
C18H14F3N3O4S	Clostridium_perfringens_Species_1485	1
C25H43NO18	Clostridium_perfringens_Species_1485	1
C23H45N5O14	Escherichia	1
C23H45N5O14	Blautia_Genus	1
C26H33NO6	Clostridium_perfringens_Species_1485	1
C23H45N5O14	Clostridium	1
C13H12Cl2O4	Clostridium_perfringens_Species_1485	1
C17H20Cl2N2S	Clostridium_perfringens_Species_1485	1
C23H45N5O14	Coprococcus	1
C19H17NOS	Clostridium_perfringens_Species_1485	1
C23H45N5O14	Faecalibacterium	1
C62H111N11O12	Clostridium_perfringens_Species_1485	1
C23H45N5O14	Holdemania	1
C12H11N2NaO3	Clostridium_perfringens_Species_1485	1
C17H20FN3O3	Enterobacteriaceae	1
C17H20FN3O3	Enterococcus	1
C12H10N2O5	Clostridium_perfringens_Species_1485	1
C16H18N2O4S	Clostridium	1
C33H30N4O2	Clostridium_perfringens_Species_1485	1
C21H34O5	Clostridium_perfringens_Species_1485	1
C10H13N5O4S	Clostridium_perfringens_Species_1485	1
C16H18N2O4S	Enterobacteriaceae	1
C16H16Cl3N	Clostridium_perfringens_Species_1485	1
C16H18N2O4S	Enterococcus	1
C9H11F2N3O4	Clostridium_perfringens_Species_1485	1
C34H48Na2O7	Clostridium_perfringens_Species_1485	1
C16H18N2O4S	Escherichia	1
C23H30O3	Clostridium_perfringens_Species_1485	1
C47H51NO14	Clostridium_perfringens_Species_1485	1
C16H18N2O4S	Eubacterium	1
C15H10O2	Clostridium_perfringens_Species_1485	1
C16H18N2O4S	Klebsiella	1
C8H12N4O5	Clostridium_perfringens_Species_1485	1
C16H18N2O4S	Bacillus	1
C46H62N4O11	Erysipelatoclostridium_ramosum	1
C22H25ClN2O8	Erysipelatoclostridium_ramosum	1
C16H18N2O4S	Bacteroides	1
C22H24Cl2N2O8	Erysipelatoclostridium_ramosum	1
C16H18N2O4S	Streptococcus	1
C19H16ClF3N4O3	Erysipelatoclostridium_ramosum	1
C16H18N2O4S	Bifidobacterium_Genus	1
C11H12Cl2N2O5	Erysipelatoclostridium_ramosum	1
C16H18N2O4S	Fusobacterium	1
C23H28ClN3O7	Erysipelatoclostridium_ramosum	1
C16H18N2O4S	Veillonella	1
C29H27ClN2O14S	Erysipelatoclostridium_ramosum	1
C10H15N5	Clostridium_cocleatum	1
C23H27N5O7S	Clostridium	1
C21H22Cl2N2O8	Erysipelatoclostridium_ramosum	1
C23H27N5O7S	Enterococcus	1
C22H23ClN2O8	Erysipelatoclostridium_ramosum	1
C22H30Cl2N10	Erysipelatoclostridium_ramosum	1
C23H27N5O7S	Escherichia	1
C23H27N5O7S	Bacteroides	1
C17H21ClFN3O4	Erysipelatoclostridium_ramosum	1
C21H33N3O5S	Enterobacter	1
C38H72N2O12	Erysipelatoclostridium_ramosum	1
C21H33N3O5S	Enterococcus	1
C18H34Cl2N2O5S	Erysipelatoclostridium_ramosum	1
C38H69NO13	Erysipelatoclostridium_ramosum	1
C21H33N3O5S	Escherichia	1
C21H33N3O5S	Klebsiella	1
C21H33N3O5S	Bacillus	1
C21H33N3O5S	Clostridium	1
C16H20FN3O4	Erysipelatoclostridium_ramosum	1
C21H24FN3O4	Erysipelatoclostridium_ramosum	1
C21H33N3O5S	Lactobacillus	1
C12H15Cl2NO5S	Erysipelatoclostridium_ramosum	1
C21H33N3O5S	Bacteroides	1
C22H28N2O11	Erysipelatoclostridium_ramosum	1
C21H33N3O5S	Bifidobacterium_Genus	1
C8H7N3O5	Erysipelatoclostridium_ramosum	1
C21H33N3O5S	Veillonella	1
C52H98N16O13	Enterobacteriaceae	1
C52H98N16O13	Enterococcus	1
C11H10N4O4	Erysipelatoclostridium_ramosum	1
C16H17N2NaO4S	Erysipelatoclostridium_ramosum	1
C19H21FN2O4	Erysipelatoclostridium_ramosum	1
C19H22FN3O4	Erysipelatoclostridium_ramosum	1
C20H17F2N3O3	Erysipelatoclostridium_ramosum	1
C13H17ClN4O6	Erysipelatoclostridium_ramosum	1
C37H67NO13	Erysipelatoclostridium_ramosum	1
C42H69NO15	Erysipelatoclostridium_ramosum	1
C18H35ClN2O6S	Erysipelatoclostridium_ramosum	1
C14H13N8NaO4S3	Erysipelatoclostridium_ramosum	1
C23H26N5NaO7S	Erysipelatoclostridium_ramosum	1
C41H76N2O15	Erysipelatoclostridium_ramosum	1
C13H6Cl6O2	Erysipelatoclostridium_ramosum	1
C26H58Cl2N10	Erysipelatoclostridium_ramosum	1
C46H77NO17	Erysipelatoclostridium_ramosum	1
C31H35N2NaO11	Erysipelatoclostridium_ramosum	1
C15H14N2Na2O6S2	Erysipelatoclostridium_ramosum	1
C42H78N2O14	Erysipelatoclostridium_ramosum	1
C43H74N2O14	Erysipelatoclostridium_ramosum	1
C13H8Cl2N2O4	Erysipelatoclostridium_ramosum	1
C9H9HgNaO2S	Erysipelatoclostridium_ramosum	1
C20H35AuO9PS	Erysipelatoclostridium_ramosum	1
C22H14Cl2I2N2O2	Erysipelatoclostridium_ramosum	1
C48H56N6O8S2	Erysipelatoclostridium_ramosum	1
C16H25N3O7S	Erysipelatoclostridium_ramosum	1
C16H16N5NaO7S2	Erysipelatoclostridium_ramosum	1
C25H31N9O10S2	Erysipelatoclostridium_ramosum	1
C16H19N3O5S	Erysipelatoclostridium_ramosum	1
C31H47NaO6	Erysipelatoclostridium_ramosum	1
C6H6N4O4	Erysipelatoclostridium_ramosum	1
C27H42ClNO2	Erysipelatoclostridium_ramosum	1
C6H8N4O4	Erysipelatoclostridium_ramosum	1
C24H24ClN3O6S	Erysipelatoclostridium_ramosum	1
C19H22F2N4O3	Erysipelatoclostridium_ramosum	1
C16H15N2NaO6S2	Erysipelatoclostridium_ramosum	1
C8H13N3O4S	Erysipelatoclostridium_ramosum	1
C14H13N5O5S2	Erysipelatoclostridium_ramosum	1
C7H10ClN3O3	Erysipelatoclostridium_ramosum	1
C14H12O3	Blautia_Genus	1
C41H67NO15	Erysipelatoclostridium_ramosum	1
C14H12O3	Dorea	1
C20H21N7O6S2	Erysipelatoclostridium_ramosum	1
C12H17N3O4S	Erysipelatoclostridium_ramosum	1
C17H19KN2O5S	Erysipelatoclostridium_ramosum	1
C6H9N3O3	Erysipelatoclostridium_ramosum	1
C10H13N3O5S	Erysipelatoclostridium_ramosum	1
C7H11N3O3	Erysipelatoclostridium_ramosum	1
C14H12O3	Bifidobacterium_Genus	1
C43H51N3O11	Clostridium	1
C19H12O8	Erysipelatoclostridium_ramosum	1
C43H51N3O11	Enterobacter	1
C36H61NaO11	Erysipelatoclostridium_ramosum	1
C43H51N3O11	Enterococcus	1
C9H5Cl2NO	Erysipelatoclostridium_ramosum	1
C8H6N4O5	Erysipelatoclostridium_ramosum	1
C43H51N3O11	Eubacterium	1
C16H15N4NaO8S	Erysipelatoclostridium_ramosum	1
C43H51N3O11	Lactobacillus	1
C20H18N6Na2O9S	Erysipelatoclostridium_ramosum	1
C43H51N3O11	Bacteroides	1
C13H9NOSe	Erysipelatoclostridium_ramosum	1
C43H51N3O11	Prevotella	1
C19H28Cl2N6O6S2	Erysipelatoclostridium_ramosum	1
C43H51N3O11	Ruminococcus	1
C17H17N7O8S4	Erysipelatoclostridium_ramosum	1
C43H51N3O11	Streptococcus	1
C66H76Cl3N9O24	Erysipelatoclostridium_ramosum	1
C20H22N5NaO6S	Erysipelatoclostridium_ramosum	1
C43H51N3O11	Bifidobacterium_Genus	1
C27H30ClNO10	Erysipelatoclostridium_ramosum	1
C43H51N3O11	Fusobacterium	1
C18H25Cl2N9O4S3	Erysipelatoclostridium_ramosum	1
C43H51N3O11	Peptostreptococcus	1
C9H5ClINO	Erysipelatoclostridium_ramosum	1
C43H51N3O11	Veillonella	1
C12H7Cl3O2	Erysipelatoclostridium_ramosum	1
C13H16N2O8S	Clostridioides_difficile	1
C30H40Cl2N4	Erysipelatoclostridium_ramosum	1
C19H16ClFN3NaO5S	Erysipelatoclostridium_ramosum	1
C13H16N2O8S	Bacteroides	1
C18H14Cl4N2O	Erysipelatoclostridium_ramosum	1
C13H16N2O8S	Bifidobacterium_Genus	1
C41H76N2O15	Enterobacter	1
C22H17ClN2	Erysipelatoclostridium_ramosum	1
C41H76N2O15	Enterobacteriaceae	1
C22H32N6O12S2	Erysipelatoclostridium_ramosum	1
C21H23N2NaO6S	Erysipelatoclostridium_ramosum	1
C41H76N2O15	Pseudomonas	1
C41H76N2O15	Staphylococcus	1
C17H18FN3O3S	Clostridium	1
C4H3FN2O2	Erysipelatoclostridium_ramosum	1
C17H18FN3O3S	Enterococcus	1
C17H12Br2O3	Erysipelatoclostridium_ramosum	1
C19H18N3NaO5S	Erysipelatoclostridium_ramosum	1
C17H18FN3O3S	Escherichia	1
C14H12FNO3	Erysipelatoclostridium_ramosum	1
C17H18FN3O3S	Bacteroides	1
C27H22Cl2N4	Erysipelatoclostridium_ramosum	1
C17H18FN3O3S	Streptococcus	1
C19H18ClF2N3O3	Clostridium	1
C21H28ClN3O7S	Erysipelatoclostridium_ramosum	1
C19H18ClF2N3O3	Enterobacteriaceae	1
C16H13Cl3N2OS	Erysipelatoclostridium_ramosum	1
C19H18ClF2N3O3	Enterococcus	1
C28H41N3O3	Erysipelatoclostridium_ramosum	1
C18H16Cl3N3O4	Erysipelatoclostridium_ramosum	1
C19H18ClF2N3O3	Eubacterium	1
C32H55BrN4O	Erysipelatoclostridium_ramosum	1
C19H18ClF2N3O3	Bacillus	1
C8H15N3O7	Erysipelatoclostridium_ramosum	1
C19H18ClF2N3O3	Lactobacillus	1
C29H38N4O10	Erysipelatoclostridium_ramosum	1
C19H18ClF2N3O3	Bacteroides	1
C14H18N4O3	Erysipelatoclostridium_ramosum	1
C19H18ClF2N3O3	Bifidobacterium_Genus	1
C18H14Cl4N4O4	Erysipelatoclostridium_ramosum	1
C19H18ClF2N3O3	Peptostreptococcus	1
C9H11FN2O5	Erysipelatoclostridium_ramosum	1
C19H18ClF2N3O3	Veillonella	1
C43H65FN6O10	Clostridioides_difficile	1
C22H29N3O6S	Erysipelatoclostridium_ramosum	1
C43H65FN6O10	Clostridium	1
C22H18N2	Erysipelatoclostridium_ramosum	1
C12H13ClN4	Erysipelatoclostridium_ramosum	1
C43H65FN6O10	Lactobacillus	1
C27H30ClNO11	Erysipelatoclostridium_ramosum	1
C43H65FN6O10	Bacteroides	1
C19H18Cl3N3O3S	Erysipelatoclostridium_ramosum	1
C43H65FN6O10	Bifidobacterium_Genus	1
C43H65FN6O10	Enterobacteriaceae	1
C31H33N3O6S	Erysipelatoclostridium_ramosum	1
C43H65FN6O10	Enterococcus	1
C20H16Cl3N3O4S	Erysipelatoclostridium_ramosum	1
C19H21Cl2N3	Erysipelatoclostridium_ramosum	1
C43H65FN6O10	Escherichia	1
C18H16Cl3N3O3S	Erysipelatoclostridium_ramosum	1
C19H22F2N4O3	Clostridium	1
C14H9I3O4	Erysipelatoclostridium_ramosum	1
C19H22F2N4O3	Enterococcus	1
C24H27NO5S	Erysipelatoclostridium_ramosum	1
C14H14Cl2N2O	Erysipelatoclostridium_ramosum	1
C19H22F2N4O3	Escherichia	1
C20H22N8O5	Erysipelatoclostridium_ramosum	1
C19H22F2N4O3	Eubacterium	1
C19H22F2N4O3	Bacillus	1
C10H11F3N2O5	Erysipelatoclostridium_ramosum	1
C19H22F2N4O3	Lactobacillus	1
C21H34O5	Erysipelatoclostridium_ramosum	1
C19H22F2N4O3	Bacteroides	1
C19H19N7O6	Erysipelatoclostridium_ramosum	1
C19H22F2N4O3	Staphylococcus	1
C10H20N2S4	Erysipelatoclostridium_ramosum	1
C19H22F2N4O3	Streptococcus	1
C6H10N6O	Erysipelatoclostridium_ramosum	1
C19H22F2N4O3	Bifidobacterium_Genus	1
C46H62N4O11	Lacrimispora_saccharolytica	1
C19H22F2N4O3	Veillonella	1
C22H25ClN2O8	Lacrimispora_saccharolytica	1
C22H24Cl2N2O8	Lacrimispora_saccharolytica	1
C19H16ClF3N4O3	Lacrimispora_saccharolytica	1
C11H12Cl2N2O5	Lacrimispora_saccharolytica	1
C23H28ClN3O7	Lacrimispora_saccharolytica	1
C29H27ClN2O14S	Lacrimispora_saccharolytica	1
C21H22Cl2N2O8	Lacrimispora_saccharolytica	1
C22H23ClN2O8	Lacrimispora_saccharolytica	1
C22H30Cl2N10	Lacrimispora_saccharolytica	1
C17H21ClFN3O4	Lacrimispora_saccharolytica	1
C47H64N4O12	Lacrimispora_saccharolytica	1
C38H72N2O12	Lacrimispora_saccharolytica	1
C18H34Cl2N2O5S	Lacrimispora_saccharolytica	1
C38H69NO13	Lacrimispora_saccharolytica	1
C16H20FN3O4	Lacrimispora_saccharolytica	1
C21H24FN3O4	Lacrimispora_saccharolytica	1
C12H15Cl2NO5S	Lacrimispora_saccharolytica	1
C22H28N2O11	Lacrimispora_saccharolytica	1
C43H58N4O12	Lacrimispora_saccharolytica	1
C8H7N3O5	Lacrimispora_saccharolytica	1
C21H39N7O12	Bacteroides	1
C11H10N4O4	Lacrimispora_saccharolytica	1
C16H17N2NaO4S	Lacrimispora_saccharolytica	1
C21H39N7O12	Akkermansia	1
C19H21FN2O4	Lacrimispora_saccharolytica	1
C21H39N7O12	Barnesiella	1
C19H22FN3O4	Lacrimispora_saccharolytica	1
C21H39N7O12	Alistipes	1
C18H14N4O5S	Clostridium	1
C20H17F2N3O3	Lacrimispora_saccharolytica	1
C43H51N3O11	Lacrimispora_saccharolytica	1
C11H12N4O3S	Escherichia	1
C13H17ClN4O6	Lacrimispora_saccharolytica	1
C12H14N4O2S	Escherichia	1
C88H97Cl2N9O33	Clostridioides_difficile	1
C17H25N3O5S	Lacrimispora_saccharolytica	1
C37H67NO13	Lacrimispora_saccharolytica	1
C88H97Cl2N9O33	Enterococcus	1
C42H69NO15	Lacrimispora_saccharolytica	1
C88H97Cl2N9O33	Staphylococcus	1
C18H35ClN2O6S	Lacrimispora_saccharolytica	1
C88H97Cl2N9O33	Streptococcus	1
C80H106Cl2N11O27P	Clostridioides_difficile	1
C80H106Cl2N11O27P	Clostridium	1
C14H13N8NaO4S3	Lacrimispora_saccharolytica	1
C23H26N5NaO7S	Lacrimispora_saccharolytica	1
C80H106Cl2N11O27P	Enterobacteriaceae	1
C41H76N2O15	Lacrimispora_saccharolytica	1
C80H106Cl2N11O27P	Enterococcus	1
C13H6Cl6O2	Lacrimispora_saccharolytica	1
C80H106Cl2N11O27P	Escherichia	1
C26H58Cl2N10	Lacrimispora_saccharolytica	1
C80H106Cl2N11O27P	Lactobacillus	1
C46H77NO17	Lacrimispora_saccharolytica	1
C80H106Cl2N11O27P	Bacteroides	1
C31H35N2NaO11	Lacrimispora_saccharolytica	1
C80H106Cl2N11O27P	Bifidobacterium_Genus	1
C43H65N5O10	Clostridioides_difficile	1
C15H14N2Na2O6S2	Lacrimispora_saccharolytica	1
C43H65N5O10	Clostridium	1
C42H78N2O14	Lacrimispora_saccharolytica	1
C43H74N2O14	Lacrimispora_saccharolytica	1
C43H65N5O10	Enterobacter	1
C13H8Cl2N2O4	Lacrimispora_saccharolytica	1
C43H65N5O10	Enterococcus	1
C9H9HgNaO2S	Lacrimispora_saccharolytica	1
C43H65N5O10	Escherichia	1
C20H35AuO9PS	Lacrimispora_saccharolytica	1
C43H65N5O10	Klebsiella	1
C22H14Cl2I2N2O2	Lacrimispora_saccharolytica	1
C43H65N5O10	Lactobacillus	1
C48H56N6O8S2	Lacrimispora_saccharolytica	1
C43H65N5O10	Bacteroides	1
C16H25N3O7S	Lacrimispora_saccharolytica	1
C43H65N5O10	Staphylococcus	1
C16H16N5NaO7S2	Lacrimispora_saccharolytica	1
C43H65N5O10	Streptococcus	1
C25H31N9O10S2	Lacrimispora_saccharolytica	1
C43H65N5O10	Bifidobacterium_Genus	1
C16H19N3O5S	Lacrimispora_saccharolytica	1
C43H65N5O10	Citrobacter	1
C31H47NaO6	Lacrimispora_saccharolytica	1
C43H65N5O10	Peptostreptococcus	1
C6H6N4O4	Lacrimispora_saccharolytica	1
C43H65N5O10	Micrococcaceae	1
C27H42ClNO2	Lacrimispora_saccharolytica	1
C43H65N5O10	Veillonella	1
C15H16N2O6S2	Clostridium	1
C6H8N4O4	Lacrimispora_saccharolytica	1
C24H24ClN3O6S	Lacrimispora_saccharolytica	1
C15H16N2O6S2	Enterococcus	1
C16H15N2NaO6S2	Lacrimispora_saccharolytica	1
C15H16N2O6S2	Escherichia	1
C8H13N3O4S	Lacrimispora_saccharolytica	1
C15H16N2O6S2	Lactobacillus	1
C14H13N5O5S2	Lacrimispora_saccharolytica	1
C15H16N2O6S2	Bacteroides	1
C7H10ClN3O3	Lacrimispora_saccharolytica	1
C41H67NO15	Lacrimispora_saccharolytica	1
C20H21N7O6S2	Lacrimispora_saccharolytica	1
C17H19KN2O5S	Lacrimispora_saccharolytica	1
C6H9N3O3	Lacrimispora_saccharolytica	1
C16H16N3NaO7S2	Lacrimispora_saccharolytica	1
C10H13N3O5S	Lacrimispora_saccharolytica	1
C7H11N3O3	Lacrimispora_saccharolytica	1
C28H44ClNO2	Lacrimispora_saccharolytica	1
C19H12O8	Lacrimispora_saccharolytica	1
C36H61NaO11	Lacrimispora_saccharolytica	1
C9H5Cl2NO	Lacrimispora_saccharolytica	1
C29H39N5O8	Clostridioides_difficile	1
C23H36N4O10S2	Lacrimispora_saccharolytica	1
C29H39N5O8	Clostridium	1
C20H9Br2HgNa2O6	Lacrimispora_saccharolytica	1
C16H15N4NaO8S	Lacrimispora_saccharolytica	1
C29H39N5O8	Enterobacter	1
C20H18N6Na2O9S	Lacrimispora_saccharolytica	1
C29H39N5O8	Enterobacteriaceae	1
C13H9NOSe	Lacrimispora_saccharolytica	1
C19H28Cl2N6O6S2	Lacrimispora_saccharolytica	1
C29H39N5O8	Enterococcus	1
C19H18Cl2N3NaO6S	Lacrimispora_saccharolytica	1
C17H17N7O8S4	Lacrimispora_saccharolytica	1
C29H39N5O8	Escherichia	1
C66H76Cl3N9O24	Lacrimispora_saccharolytica	1
C29H39N5O8	Klebsiella	1
C20H22N5NaO6S	Lacrimispora_saccharolytica	1
C29H39N5O8	Lactobacillus	1
C66H103N17O16S	Lacrimispora_saccharolytica	1
C27H30ClNO10	Lacrimispora_saccharolytica	1
C29H39N5O8	Bacteroides	1
C15H16N7NaO5S3	Lacrimispora_saccharolytica	1
C29H39N5O8	Bifidobacterium_Genus	1
C9H5ClINO	Lacrimispora_saccharolytica	1
C12H7Cl3O2	Lacrimispora_saccharolytica	1
C30H40Cl2N4	Lacrimispora_saccharolytica	1
C19H16ClFN3NaO5S	Lacrimispora_saccharolytica	1
C18H14Cl4N2O	Lacrimispora_saccharolytica	1
C22H17ClN2	Lacrimispora_saccharolytica	1
C14H18N4O3	Enterococcus	1
C19H17ClN3NaO5S	Lacrimispora_saccharolytica	1
C14H18N4O3	Acinetobacter	1
C22H32N6O12S2	Lacrimispora_saccharolytica	1
C14H18N4O3	Pseudomonas	1
C21H23N2NaO6S	Lacrimispora_saccharolytica	1
C17H12Br2O3	Lacrimispora_saccharolytica	1
C20H15F3N4O3	Enterobacteriaceae	1
C19H18N3NaO5S	Lacrimispora_saccharolytica	1
C20H15F3N4O3	Enterococcus	1
C14H12FNO3	Lacrimispora_saccharolytica	1
C20H15F3N4O3	Escherichia	1
C21H28ClN3O7S	Lacrimispora_saccharolytica	1
C20H15F3N4O3	Klebsiella	1
C16H15N5O7S2	Lacrimispora_saccharolytica	1
C20H15F3N4O3	Bacteroides	1
C16H13Cl3N2OS	Lacrimispora_saccharolytica	1
C20H15F3N4O3	Citrobacter	1
C28H41N3O3	Lacrimispora_saccharolytica	1
C18H16Cl3N3O4	Lacrimispora_saccharolytica	1
C8H15N3O7	Lacrimispora_saccharolytica	1
C29H38N4O10	Lacrimispora_saccharolytica	1
C22H19N4NaO8S2	Lacrimispora_saccharolytica	1
C18H14Cl4N4O4	Lacrimispora_saccharolytica	1
C22H18N2	Lacrimispora_saccharolytica	1
C66H75Cl2N9O24	Clostridioides_difficile	1
C18H22O2	Lacrimispora_saccharolytica	1
C7H11ClN2O2S	Lacrimispora_saccharolytica	1
C19H18Cl3N3O3S	Lacrimispora_saccharolytica	1
C32H37NO8	Lacrimispora_saccharolytica	1
C29H32O13	Lacrimispora_saccharolytica	1
C66H75Cl2N9O24	Bacteroides	1
C19H21Cl2N3	Lacrimispora_saccharolytica	1
C66H75Cl2N9O24	Porphyromonadaceae	1
C18H20O2	Lacrimispora_saccharolytica	1
C66H75Cl2N9O24	Staphylococcus	1
C14H9I3O4	Lacrimispora_saccharolytica	1
C66H75Cl2N9O24	Akkermansia	1
C4H4N6O	Lacrimispora_saccharolytica	1
C66H75Cl2N9O24	Barnesiella	1
C18H37N5O9	Lacrimispora_saccharolytica	1
C66H75Cl2N9O24	Alistipes	1
C15H11I4NO4	Lacrimispora_saccharolytica	1
C46H62N4O11	Collinsella_aerofaciens_Species_102106	1
C22H25ClN2O8	Collinsella_aerofaciens_Species_102106	1
C22H24Cl2N2O8	Collinsella_aerofaciens_Species_102106	1
C27H44O	Streptococcus_salivarius	1
C19H16ClF3N4O3	Collinsella_aerofaciens_Species_102106	1
C11H12Cl2N2O5	Collinsella_aerofaciens_Species_102106	1
C23H28ClN3O7	Collinsella_aerofaciens_Species_102106	1
C29H27ClN2O14S	Collinsella_aerofaciens_Species_102106	1
C21H22Cl2N2O8	Collinsella_aerofaciens_Species_102106	1
C18H14N4O5S	Escherichia_coli	1
C22H23ClN2O8	Collinsella_aerofaciens_Species_102106	1
C18H14N4O5S	Eubacterium	1
C22H30Cl2N10	Collinsella_aerofaciens_Species_102106	1
C18H14N4O5S	Prevotella	1
C18H14N4O5S	Ruminococcus_gnavus	1
C17H21ClFN3O4	Collinsella_aerofaciens_Species_102106	1
C18H14N4O5S	Salmonella_enterica_subsp._enterica_serovar_Typhimurium_Subspecies	1
C47H64N4O12	Collinsella_aerofaciens_Species_102106	1
C18H14N4O5S	Alistipes	1
C38H72N2O12	Collinsella_aerofaciens_Species_102106	1
C18H34Cl2N2O5S	Collinsella_aerofaciens_Species_102106	1
C47H51NO14	Escherichia_coli	1
C38H69NO13	Collinsella_aerofaciens_Species_102106	1
C47H51NO14	Comamonas	1
C4H3FN2O2	Comamonas	1
C16H20FN3O4	Collinsella_aerofaciens_Species_102106	1
C9H11FN2O5	Escherichia_coli	1
C21H24FN3O4	Collinsella_aerofaciens_Species_102106	1
C20H16N2O4	Escherichia_coli	1
C12H15Cl2NO5S	Collinsella_aerofaciens_Species_102106	1
C20H16N2O4	Comamonas	1
C22H28N2O11	Collinsella_aerofaciens_Species_102106	1
C15H22FN3O6	Escherichia_coli	1
C43H58N4O12	Collinsella_aerofaciens_Species_102106	1
C15H22FN3O6	Listeria_welshimeri	1
C8H7N3O5	Collinsella_aerofaciens_Species_102106	1
C10H12ClN5O3	Escherichia_coli	1
C10H12ClN5O3	Listeria_welshimeri	1
C11H10N4O4	Collinsella_aerofaciens_Species_102106	1
C27H29NO11	Escherichia_coli	1
C16H17N2NaO4S	Collinsella_aerofaciens_Species_102106	1
C29H32O13	Escherichia_coli	1
C19H21FN2O4	Collinsella_aerofaciens_Species_102106	1
C29H32O13	Listeria_welshimeri	1
C19H22FN3O4	Collinsella_aerofaciens_Species_102106	1
C20H17F2N3O3	Collinsella_aerofaciens_Species_102106	1
C9H11F2N3O4	Listeria_welshimeri	1
C43H51N3O11	Collinsella_aerofaciens_Species_102106	1
C13H17ClN4O6	Collinsella_aerofaciens_Species_102106	1
C33H38N4O6	Listeria_welshimeri	1
C17H25N3O5S	Collinsella_aerofaciens_Species_102106	1
C37H67NO13	Collinsella_aerofaciens_Species_102106	1
C4H3FN2O2	Listeria_welshimeri	1
C42H69NO15	Collinsella_aerofaciens_Species_102106	1
C18H35ClN2O6S	Collinsella_aerofaciens_Species_102106	1
C4H4FN3O	Listeria_welshimeri	1
C10H12N4O3S	Escherichia_coli	1
C14H13N8NaO4S3	Collinsella_aerofaciens_Species_102106	1
C23H26N5NaO7S	Collinsella_aerofaciens_Species_102106	1
C22H28N4O6	Escherichia_coli	1
C41H76N2O15	Collinsella_aerofaciens_Species_102106	1
C10H13N5O5	Escherichia_coli	1
C13H6Cl6O2	Collinsella_aerofaciens_Species_102106	1
C10H13N5O5	Listeria_welshimeri	1
C26H58Cl2N10	Collinsella_aerofaciens_Species_102106	1
C46H77NO17	Collinsella_aerofaciens_Species_102106	1
C9H8N4O5	Listeria_welshimeri	1
C31H35N2NaO11	Collinsella_aerofaciens_Species_102106	1
C10H11ClFN5O3	Escherichia_coli	1
C15H14N2Na2O6S2	Collinsella_aerofaciens_Species_102106	1
C10H11ClFN5O3	Listeria_welshimeri	1
C42H78N2O14	Collinsella_aerofaciens_Species_102106	1
C9H13N3O5	Escherichia_coli	1
C43H74N2O14	Collinsella_aerofaciens_Species_102106	1
C9H13N3O5	Listeria_welshimeri	1
C13H8Cl2N2O4	Collinsella_aerofaciens_Species_102106	1
C27H29NO10	Escherichia_coli	1
C9H9HgNaO2S	Collinsella_aerofaciens_Species_102106	1
C27H29NO10	Listeria_welshimeri	1
C20H35AuO9PS	Collinsella_aerofaciens_Species_102106	1
C23H31Cl2NO3	Escherichia_coli	1
C22H14Cl2I2N2O2	Collinsella_aerofaciens_Species_102106	1
C48H56N6O8S2	Collinsella_aerofaciens_Species_102106	1
C16H25N3O7S	Collinsella_aerofaciens_Species_102106	1
C26H27NO9	Escherichia_coli	1
C16H16N5NaO7S2	Collinsella_aerofaciens_Species_102106	1
C11H8O2	Escherichia_coli	1
C25H31N9O10S2	Collinsella_aerofaciens_Species_102106	1
C15H18N4O5	Escherichia_coli	1
C16H19N3O5S	Collinsella_aerofaciens_Species_102106	1
C31H47NaO6	Collinsella_aerofaciens_Species_102106	1
C11H15N5O5	Escherichia_coli	1
C6H6N4O4	Collinsella_aerofaciens_Species_102106	1
C11H15N5O5	Listeria_welshimeri	1
C27H42ClNO2	Collinsella_aerofaciens_Species_102106	1
C11H16N4O4	Escherichia_coli	1
C11H16N4O4	Listeria_welshimeri	1
C6H8N4O4	Collinsella_aerofaciens_Species_102106	1
C25H22N4O8	Escherichia_coli	1
C24H24ClN3O6S	Collinsella_aerofaciens_Species_102106	1
C8H9FN2O3	Escherichia_coli	1
C19H22F2N4O3	Collinsella_aerofaciens_Species_102106	1
C8H9FN2O3	Listeria_welshimeri	1
C16H15N2NaO6S2	Collinsella_aerofaciens_Species_102106	1
C13H20N6O4	Escherichia_coli	1
C8H13N3O4S	Collinsella_aerofaciens_Species_102106	1
C10H13N5O4	Escherichia_coli	1
C14H13N5O5S2	Collinsella_aerofaciens_Species_102106	1
C10H13N5O4	Listeria_welshimeri	1
C46H58N4O9	Escherichia_coli	1
C7H10ClN3O3	Collinsella_aerofaciens_Species_102106	1
C15H14O3	Escherichia_coli	1
C41H67NO15	Collinsella_aerofaciens_Species_102106	1
C20H21N7O6S2	Collinsella_aerofaciens_Species_102106	1
C27H29NO11	Klebsiella_pneumoniae	1
C12H17N3O4S	Collinsella_aerofaciens_Species_102106	1
C17H19KN2O5S	Collinsella_aerofaciens_Species_102106	1
C6H9N3O3	Collinsella_aerofaciens_Species_102106	1
C16H16N3NaO7S2	Collinsella_aerofaciens_Species_102106	1
C10H13N3O5S	Collinsella_aerofaciens_Species_102106	1
C7H15Cl2N2O2P	Alistipes_indistinctus	1
C7H11N3O3	Collinsella_aerofaciens_Species_102106	1
C21H20O9	Adlercreutzia_equolifaciens	1
C28H44ClNO2	Collinsella_aerofaciens_Species_102106	1
C22H26ClN7O2S	Enterocloster_bolteae	1
C19H12O8	Collinsella_aerofaciens_Species_102106	1
C36H61NaO11	Collinsella_aerofaciens_Species_102106	1
C22H26ClN7O2S	Bacteroides_fragilis	1
C9H5Cl2NO	Collinsella_aerofaciens_Species_102106	1
C22H26ClN7O2S	Bifidobacterium_ruminantium	1
C22H29FO5	Clostridium_scindens	1
C23H36N4O10S2	Collinsella_aerofaciens_Species_102106	1
C20H9Br2HgNa2O6	Collinsella_aerofaciens_Species_102106	1
C8H6N4O5	Collinsella_aerofaciens_Species_102106	1
C16H15N4NaO8S	Collinsella_aerofaciens_Species_102106	1
C20H18N6Na2O9S	Collinsella_aerofaciens_Species_102106	1
C13H9NOSe	Collinsella_aerofaciens_Species_102106	1
C27H29NO11	Raoultella_planticola	1
C19H28Cl2N6O6S2	Collinsella_aerofaciens_Species_102106	1
C19H18Cl2N3NaO6S	Collinsella_aerofaciens_Species_102106	1
C17H17N7O8S4	Collinsella_aerofaciens_Species_102106	1
C29H31N7O	Bacteroides_eggerthii	1
C66H76Cl3N9O24	Collinsella_aerofaciens_Species_102106	1
C29H31N7O	Bacteroides_vulgatus	1
C20H22N5NaO6S	Collinsella_aerofaciens_Species_102106	1
C29H31N7O	Bacteroides_stercoris	1
C66H103N17O16S	Collinsella_aerofaciens_Species_102106	1
C29H31N7O	Parabacteroides_johnsonii	1
C27H30ClNO10	Collinsella_aerofaciens_Species_102106	1
C18H25Cl2N9O4S3	Collinsella_aerofaciens_Species_102106	1
C15H16N7NaO5S3	Collinsella_aerofaciens_Species_102106	1
C9H11NO4	Eggerthella_lenta	1
C30H40Cl2N4	Collinsella_aerofaciens_Species_102106	1
C9H11NO4	Enterococcus_faecalis_(Streptococcus_faecalis)	1
C19H16ClFN3NaO5S	Collinsella_aerofaciens_Species_102106	1
C9H11NO4	Enterococcus_faecium_(Streptococcus_faecium)	1
C15H17FN4O3	Collinsella_aerofaciens_Species_102106	1
C16H16ClN3O4	Collinsella_aerofaciens_Species_102106	1
C18H14Cl4N2O	Collinsella_aerofaciens_Species_102106	1
C22H17ClN2	Collinsella_aerofaciens_Species_102106	1
C19H17ClN3NaO5S	Collinsella_aerofaciens_Species_102106	1
C14H12O3	Bifidobacterium_longum_subsp._infantis	1
C17H20ClF2N3O3	Collinsella_aerofaciens_Species_102106	1
C22H32N6O12S2	Collinsella_aerofaciens_Species_102106	1
C14H12O3	Lactobacillus_acidophilus	1
C21H23N2NaO6S	Collinsella_aerofaciens_Species_102106	1
C14H12O3	Bacillus_cereus_Species_1386	1
C17H12Br2O3	Collinsella_aerofaciens_Species_102106	1
C11H13BrN2O6	Enterobacteriaceae	1
C19H18N3NaO5S	Collinsella_aerofaciens_Species_102106	1
C27H22Cl2N4	Collinsella_aerofaciens_Species_102106	1
C21H28ClN3O7S	Collinsella_aerofaciens_Species_102106	1
C16H15N5O7S2	Collinsella_aerofaciens_Species_102106	1
C16H13Cl3N2OS	Collinsella_aerofaciens_Species_102106	1
C28H41N3O3	Collinsella_aerofaciens_Species_102106	1
C18H16Cl3N3O4	Collinsella_aerofaciens_Species_102106	1
C32H55BrN4O	Collinsella_aerofaciens_Species_102106	1
C18H20FN3O4	Collinsella_aerofaciens_Species_102106	1
C8H15N3O7	Collinsella_aerofaciens_Species_102106	1
C29H38N4O10	Collinsella_aerofaciens_Species_102106	1
C16H18FN3O3	Collinsella_aerofaciens_Species_102106	1
C22H19N4NaO8S2	Collinsella_aerofaciens_Species_102106	1
C21H20O10	Adlercreutzia_equolifaciens	1
C18H14Cl4N4O4	Collinsella_aerofaciens_Species_102106	1
C22H29N3O6S	Collinsella_aerofaciens_Species_102106	1
C22H18N2	Collinsella_aerofaciens_Species_102106	1
C32H41NO2	Collinsella_aerofaciens_Species_102106	1
C27H30ClNO11	Collinsella_aerofaciens_Species_102106	1
C3H6N6	Klebsiella_pneumoniae	1
C17H20FN3O3	Collinsella_aerofaciens_Species_102106	1
C3H6N6	Raoultella_terrigena	1
C15H16ClN3O5S	Collinsella_aerofaciens_Species_102106	1
C3H6N6	Raoultella_planticola	1
C19H18Cl3N3O3S	Collinsella_aerofaciens_Species_102106	1
C32H37NO8	Collinsella_aerofaciens_Species_102106	1
C29H32O13	Collinsella_aerofaciens_Species_102106	1
C20H16Cl3N3O4S	Collinsella_aerofaciens_Species_102106	1
C75H70N6O6	Collinsella_aerofaciens_Species_102106	1
C22H23ClN2O2	Collinsella_aerofaciens_Species_102106	1
C19H21Cl2N3	Collinsella_aerofaciens_Species_102106	1
C18H16Cl3N3O3S	Collinsella_aerofaciens_Species_102106	1
C14H12O3	Slackia_equolifaciens	1
C24H35ClN2O	Collinsella_aerofaciens_Species_102106	1
C14H12O3	Adlercreutzia_equolifaciens	1
C14H14Cl2N2O	Collinsella_aerofaciens_Species_102106	1
C23H39NO4	Collinsella_aerofaciens_Species_102106	1
C22H45N5O14	Collinsella_aerofaciens_Species_102106	1
C18H37N5O9	Collinsella_aerofaciens_Species_102106	1
C17H18F3N3O3	Collinsella_aerofaciens_Species_102106	1
C26H28Cl2N4O4	Collinsella_aerofaciens_Species_102106	1
C14H15N3O5	Collinsella_aerofaciens_Species_102106	1
C24H28N2O4S2	Collinsella_aerofaciens_Species_102106	1
C25H30ClI2NO3	Collinsella_aerofaciens_Species_102106	1
C10H12N2O5S	Collinsella_aerofaciens_Species_102106	1
C21H32N2O	Collinsella_aerofaciens_Species_102106	1
C18H19Cl2NS	Collinsella_aerofaciens_Species_102106	1
C25H29Cl3N2	Collinsella_aerofaciens_Species_102106	1
C9H7N7O2S	Collinsella_aerofaciens_Species_102106	1
C22H27Cl3N2OS	Collinsella_aerofaciens_Species_102106	1
C21H41N5O11	Collinsella_aerofaciens_Species_102106	1
C23H28ClN	Collinsella_aerofaciens_Species_102106	1
C23H21ClO3	Collinsella_aerofaciens_Species_102106	1
C27H34I2N4	Collinsella_aerofaciens_Species_102106	1
C5H4N4S	Collinsella_aerofaciens_Species_102106	1
C23H32ClNO2	Collinsella_aerofaciens_Species_102106	1
C21H20ClNO5	Collinsella_aerofaciens_Species_102106	1
C10H12ClN5O3	Collinsella_aerofaciens_Species_102106	1
C26H28N2	Collinsella_aerofaciens_Species_102106	1
C12H10F3N3O4	Collinsella_aerofaciens_Species_102106	1
C17H36N4O14S	Collinsella_aerofaciens_Species_102106	1
C44H76N4O10S2	Collinsella_aerofaciens_Species_102106	1
C13H21ClN2O	Collinsella_aerofaciens_Species_102106	1
C41H64O14	Collinsella_aerofaciens_Species_102106	1
C22H32N2O5S	Collinsella_aerofaciens_Species_102106	1
C20H40N6O8S	Collinsella_aerofaciens_Species_102106	1
C21H26N2O7	Collinsella_aerofaciens_Species_102106	1
C14H28ClNO6	Collinsella_aerofaciens_Species_102106	1
C46H62N4O11	Coprococcus_comes	1
C22H25ClN2O8	Coprococcus_comes	1
C22H24Cl2N2O8	Coprococcus_comes	1
C19H16ClF3N4O3	Coprococcus_comes	1
C11H12Cl2N2O5	Coprococcus_comes	1
C23H28ClN3O7	Coprococcus_comes	1
C29H27ClN2O14S	Coprococcus_comes	1
C21H22Cl2N2O8	Coprococcus_comes	1
C22H23ClN2O8	Coprococcus_comes	1
C22H30Cl2N10	Coprococcus_comes	1
C17H21ClFN3O4	Coprococcus_comes	1
C47H64N4O12	Coprococcus_comes	1
C38H72N2O12	Coprococcus_comes	1
C18H34Cl2N2O5S	Coprococcus_comes	1
C38H69NO13	Coprococcus_comes	1
C16H20FN3O4	Coprococcus_comes	1
C21H24FN3O4	Coprococcus_comes	1
C12H15Cl2NO5S	Coprococcus_comes	1
C22H28N2O11	Coprococcus_comes	1
C43H58N4O12	Coprococcus_comes	1
C8H7N3O5	Coprococcus_comes	1
C11H10N4O4	Coprococcus_comes	1
C16H17N2NaO4S	Coprococcus_comes	1
C19H21FN2O4	Coprococcus_comes	1
C19H22FN3O4	Coprococcus_comes	1
C20H17F2N3O3	Coprococcus_comes	1
C43H51N3O11	Coprococcus_comes	1
C13H17ClN4O6	Coprococcus_comes	1
C17H25N3O5S	Coprococcus_comes	1
C37H67NO13	Coprococcus_comes	1
C42H69NO15	Coprococcus_comes	1
C18H35ClN2O6S	Coprococcus_comes	1
C14H13N8NaO4S3	Coprococcus_comes	1
C23H26N5NaO7S	Coprococcus_comes	1
C41H76N2O15	Coprococcus_comes	1
C13H6Cl6O2	Coprococcus_comes	1
C26H58Cl2N10	Coprococcus_comes	1
C46H77NO17	Coprococcus_comes	1
C31H35N2NaO11	Coprococcus_comes	1
C15H14N2Na2O6S2	Coprococcus_comes	1
C42H78N2O14	Coprococcus_comes	1
C43H74N2O14	Coprococcus_comes	1
C13H8Cl2N2O4	Coprococcus_comes	1
C9H9HgNaO2S	Coprococcus_comes	1
C20H35AuO9PS	Coprococcus_comes	1
C22H14Cl2I2N2O2	Coprococcus_comes	1
C48H56N6O8S2	Coprococcus_comes	1
C16H25N3O7S	Coprococcus_comes	1
C16H16N5NaO7S2	Coprococcus_comes	1
C25H31N9O10S2	Coprococcus_comes	1
C16H19N3O5S	Coprococcus_comes	1
C31H47NaO6	Coprococcus_comes	1
C6H6N4O4	Coprococcus_comes	1
C27H42ClNO2	Coprococcus_comes	1
C6H8N4O4	Coprococcus_comes	1
C24H24ClN3O6S	Coprococcus_comes	1
C19H22F2N4O3	Coprococcus_comes	1
C16H15N2NaO6S2	Coprococcus_comes	1
C8H13N3O4S	Coprococcus_comes	1
C14H13N5O5S2	Coprococcus_comes	1
C7H10ClN3O3	Coprococcus_comes	1
C41H67NO15	Coprococcus_comes	1
C20H21N7O6S2	Coprococcus_comes	1
C12H17N3O4S	Coprococcus_comes	1
C17H19KN2O5S	Coprococcus_comes	1
C6H9N3O3	Coprococcus_comes	1
C16H16N3NaO7S2	Coprococcus_comes	1
C10H13N3O5S	Coprococcus_comes	1
C7H11N3O3	Coprococcus_comes	1
C28H44ClNO2	Coprococcus_comes	1
C19H12O8	Coprococcus_comes	1
C36H61NaO11	Coprococcus_comes	1
C9H5Cl2NO	Coprococcus_comes	1
C23H36N4O10S2	Coprococcus_comes	1
C20H9Br2HgNa2O6	Coprococcus_comes	1
C8H6N4O5	Coprococcus_comes	1
C16H15N4NaO8S	Coprococcus_comes	1
C20H18N6Na2O9S	Coprococcus_comes	1
C13H9NOSe	Coprococcus_comes	1
C19H28Cl2N6O6S2	Coprococcus_comes	1
C19H18Cl2N3NaO6S	Coprococcus_comes	1
C17H17N7O8S4	Coprococcus_comes	1
C66H76Cl3N9O24	Coprococcus_comes	1
C20H22N5NaO6S	Coprococcus_comes	1
C66H103N17O16S	Coprococcus_comes	1
C27H30ClNO10	Coprococcus_comes	1
C18H25Cl2N9O4S3	Coprococcus_comes	1
C15H16N7NaO5S3	Coprococcus_comes	1
C9H5ClINO	Coprococcus_comes	1
C12H7Cl3O2	Coprococcus_comes	1
C30H40Cl2N4	Coprococcus_comes	1
C19H16ClFN3NaO5S	Coprococcus_comes	1
C15H17FN4O3	Coprococcus_comes	1
C16H16ClN3O4	Coprococcus_comes	1
C18H14Cl4N2O	Coprococcus_comes	1
C22H17ClN2	Coprococcus_comes	1
C19H17ClN3NaO5S	Coprococcus_comes	1
C17H20ClF2N3O3	Coprococcus_comes	1
C22H32N6O12S2	Coprococcus_comes	1
C21H23N2NaO6S	Coprococcus_comes	1
C4H3FN2O2	Coprococcus_comes	1
C17H12Br2O3	Coprococcus_comes	1
C19H18N3NaO5S	Coprococcus_comes	1
C27H22Cl2N4	Coprococcus_comes	1
C21H28ClN3O7S	Coprococcus_comes	1
C16H13Cl3N2OS	Coprococcus_comes	1
C28H41N3O3	Coprococcus_comes	1
C18H16Cl3N3O4	Coprococcus_comes	1
C32H55BrN4O	Coprococcus_comes	1
C8H15N3O7	Coprococcus_comes	1
C16H18FN3O3	Coprococcus_comes	1
C22H19N4NaO8S2	Coprococcus_comes	1
C18H14Cl4N4O4	Coprococcus_comes	1
C22H29N3O6S	Coprococcus_comes	1
C22H18N2	Coprococcus_comes	1
C32H41NO2	Coprococcus_comes	1
C27H30ClNO11	Coprococcus_comes	1
C17H20FN3O3	Coprococcus_comes	1
C7H11ClN2O2S	Coprococcus_comes	1
C18H18O2	Coprococcus_comes	1
C15H16ClN3O5S	Coprococcus_comes	1
C19H18Cl3N3O3S	Coprococcus_comes	1
C31H33N3O6S	Coprococcus_comes	1
C18H19Cl2NO4	Coprococcus_comes	1
C32H37NO8	Coprococcus_comes	1
C29H32O13	Coprococcus_comes	1
C20H16Cl3N3O4S	Coprococcus_comes	1
C22H23ClN2O2	Coprococcus_comes	1
C19H21Cl2N3	Coprococcus_comes	1
C18H16Cl3N3O3S	Coprococcus_comes	1
C14H9I3O4	Coprococcus_comes	1
C17H17ClF6N2O	Coprococcus_comes	1
C4H4N6O	Coprococcus_comes	1
C24H27NO5S	Coprococcus_comes	1
C14H14Cl2N2O	Coprococcus_comes	1
C23H39NO4	Coprococcus_comes	1
C22H45N5O14	Coprococcus_comes	1
C48H72O14	Coprococcus_comes	1
C14H10O3	Coprococcus_comes	1
C23H32O3	Coprococcus_comes	1
C26H28Cl2N4O4	Coprococcus_comes	1
C28H31FN4O	Coprococcus_comes	1
C14H15N3O5	Coprococcus_comes	1
C25H30ClI2NO3	Coprococcus_comes	1
C21H32N2O	Coprococcus_comes	1
C35H36ClNO3S	Coprococcus_comes	1
C22H24ClFN4O3	Coprococcus_comes	1
C23H26ClN	Coprococcus_comes	1
C16H14F3N3O2S	Coprococcus_comes	1
C27H44O2	Coprococcus_comes	1
C9H7N7O2S	Coprococcus_comes	1
C10H12O	Coprococcus_comes	1
C26H33NO6	Coprococcus_comes	1
C14H26Cl2N2O7	Coprococcus_comes	1
C23H36Cl3N3O3	Coprococcus_comes	1
C30H41N3O10S2	Coprococcus_comes	1
C23H32N6O4S	Coprococcus_comes	1
C5H4N4S	Coprococcus_comes	1
C19H26I3N3O9	Coprococcus_comes	1
C16H16Cl3N	Coprococcus_comes	1
C8H15N7O2S3	Coprococcus_comes	1
C18H15NO3	Coprococcus_comes	1
C21H26BrNO3	Coprococcus_comes	1
C21H22Cl2N4OS	Coprococcus_comes	1
C26H35NO7	Coprococcus_comes	1
C46H62N4O11	Dorea_formicigenerans	1
C22H25ClN2O8	Dorea_formicigenerans	1
C22H24Cl2N2O8	Dorea_formicigenerans	1
C19H16ClF3N4O3	Dorea_formicigenerans	1
C11H12Cl2N2O5	Dorea_formicigenerans	1
C23H28ClN3O7	Dorea_formicigenerans	1
C29H27ClN2O14S	Dorea_formicigenerans	1
C21H22Cl2N2O8	Dorea_formicigenerans	1
C22H23ClN2O8	Dorea_formicigenerans	1
C22H30Cl2N10	Dorea_formicigenerans	1
C17H21ClFN3O4	Dorea_formicigenerans	1
C47H64N4O12	Dorea_formicigenerans	1
C38H72N2O12	Dorea_formicigenerans	1
C18H34Cl2N2O5S	Dorea_formicigenerans	1
C38H69NO13	Dorea_formicigenerans	1
C16H20FN3O4	Dorea_formicigenerans	1
C21H24FN3O4	Dorea_formicigenerans	1
C12H15Cl2NO5S	Dorea_formicigenerans	1
C22H28N2O11	Dorea_formicigenerans	1
C43H58N4O12	Dorea_formicigenerans	1
C8H7N3O5	Dorea_formicigenerans	1
C11H10N4O4	Dorea_formicigenerans	1
C16H17N2NaO4S	Dorea_formicigenerans	1
C19H22FN3O4	Dorea_formicigenerans	1
C20H17F2N3O3	Dorea_formicigenerans	1
C43H51N3O11	Dorea_formicigenerans	1
C13H17ClN4O6	Dorea_formicigenerans	1
C17H25N3O5S	Dorea_formicigenerans	1
C37H67NO13	Dorea_formicigenerans	1
C42H69NO15	Dorea_formicigenerans	1
C18H35ClN2O6S	Dorea_formicigenerans	1
C14H13N8NaO4S3	Dorea_formicigenerans	1
C23H26N5NaO7S	Dorea_formicigenerans	1
C41H76N2O15	Dorea_formicigenerans	1
C13H6Cl6O2	Dorea_formicigenerans	1
C26H58Cl2N10	Dorea_formicigenerans	1
C46H77NO17	Dorea_formicigenerans	1
C31H35N2NaO11	Dorea_formicigenerans	1
C15H14N2Na2O6S2	Dorea_formicigenerans	1
C42H78N2O14	Dorea_formicigenerans	1
C43H74N2O14	Dorea_formicigenerans	1
C13H8Cl2N2O4	Dorea_formicigenerans	1
C9H9HgNaO2S	Dorea_formicigenerans	1
C20H35AuO9PS	Dorea_formicigenerans	1
C22H14Cl2I2N2O2	Dorea_formicigenerans	1
C48H56N6O8S2	Dorea_formicigenerans	1
C16H25N3O7S	Dorea_formicigenerans	1
C16H16N5NaO7S2	Dorea_formicigenerans	1
C25H31N9O10S2	Dorea_formicigenerans	1
C16H19N3O5S	Dorea_formicigenerans	1
C31H47NaO6	Dorea_formicigenerans	1
C6H6N4O4	Dorea_formicigenerans	1
C27H42ClNO2	Dorea_formicigenerans	1
C6H8N4O4	Dorea_formicigenerans	1
C24H24ClN3O6S	Dorea_formicigenerans	1
C16H15N2NaO6S2	Dorea_formicigenerans	1
C8H13N3O4S	Dorea_formicigenerans	1
C14H13N5O5S2	Dorea_formicigenerans	1
C7H10ClN3O3	Dorea_formicigenerans	1
C41H67NO15	Dorea_formicigenerans	1
C20H21N7O6S2	Dorea_formicigenerans	1
C12H17N3O4S	Dorea_formicigenerans	1
C17H19KN2O5S	Dorea_formicigenerans	1
C6H9N3O3	Dorea_formicigenerans	1
C16H16N3NaO7S2	Dorea_formicigenerans	1
C10H13N3O5S	Dorea_formicigenerans	1
C7H11N3O3	Dorea_formicigenerans	1
C28H44ClNO2	Dorea_formicigenerans	1
C19H12O8	Dorea_formicigenerans	1
C36H61NaO11	Dorea_formicigenerans	1
C9H5Cl2NO	Dorea_formicigenerans	1
C23H36N4O10S2	Dorea_formicigenerans	1
C20H9Br2HgNa2O6	Dorea_formicigenerans	1
C8H6N4O5	Dorea_formicigenerans	1
C16H15N4NaO8S	Dorea_formicigenerans	1
C20H18N6Na2O9S	Dorea_formicigenerans	1
C13H9NOSe	Dorea_formicigenerans	1
C19H28Cl2N6O6S2	Dorea_formicigenerans	1
C19H18Cl2N3NaO6S	Dorea_formicigenerans	1
C17H17N7O8S4	Dorea_formicigenerans	1
C66H76Cl3N9O24	Dorea_formicigenerans	1
C20H22N5NaO6S	Dorea_formicigenerans	1
C66H103N17O16S	Dorea_formicigenerans	1
C27H30ClNO10	Dorea_formicigenerans	1
C18H25Cl2N9O4S3	Dorea_formicigenerans	1
C15H16N7NaO5S3	Dorea_formicigenerans	1
C9H5ClINO	Dorea_formicigenerans	1
C19H16ClFN3NaO5S	Dorea_formicigenerans	1
C15H17FN4O3	Dorea_formicigenerans	1
C16H16ClN3O4	Dorea_formicigenerans	1
C18H14Cl4N2O	Dorea_formicigenerans	1
C22H17ClN2	Dorea_formicigenerans	1
C19H17ClN3NaO5S	Dorea_formicigenerans	1
C22H32N6O12S2	Dorea_formicigenerans	1
C21H23N2NaO6S	Dorea_formicigenerans	1
C19H18N3NaO5S	Dorea_formicigenerans	1
C27H22Cl2N4	Dorea_formicigenerans	1
C21H28ClN3O7S	Dorea_formicigenerans	1
C16H15N5O7S2	Dorea_formicigenerans	1
C16H13Cl3N2OS	Dorea_formicigenerans	1
C28H41N3O3	Dorea_formicigenerans	1
C18H16Cl3N3O4	Dorea_formicigenerans	1
C32H55BrN4O	Dorea_formicigenerans	1
C22H19N4NaO8S2	Dorea_formicigenerans	1
C18H14Cl4N4O4	Dorea_formicigenerans	1
C22H29N3O6S	Dorea_formicigenerans	1
C22H18N2	Dorea_formicigenerans	1
C32H41NO2	Dorea_formicigenerans	1
C27H30ClNO11	Dorea_formicigenerans	1
C7H11ClN2O2S	Dorea_formicigenerans	1
C18H18O2	Dorea_formicigenerans	1
C15H16ClN3O5S	Dorea_formicigenerans	1
C19H18Cl3N3O3S	Dorea_formicigenerans	1
C29H32O13	Dorea_formicigenerans	1
C20H16Cl3N3O4S	Dorea_formicigenerans	1
C22H23ClN2O2	Dorea_formicigenerans	1
C19H21Cl2N3	Dorea_formicigenerans	1
C18H16Cl3N3O3S	Dorea_formicigenerans	1
C24H35ClN2O	Dorea_formicigenerans	1
C17H17ClF6N2O	Dorea_formicigenerans	1
C4H4N6O	Dorea_formicigenerans	1
C14H14Cl2N2O	Dorea_formicigenerans	1
C23H39NO4	Dorea_formicigenerans	1
C26H28Cl2N4O4	Dorea_formicigenerans	1
C28H31FN4O	Dorea_formicigenerans	1
C14H15N3O5	Dorea_formicigenerans	1
C26H41Br2NO4	Dorea_formicigenerans	1
C21H32N2O	Dorea_formicigenerans	1
C22H24ClFN4O3	Dorea_formicigenerans	1
C13H17N5O8S2	Dorea_formicigenerans	1
C16H14F3N3O2S	Dorea_formicigenerans	1
C17H19N3O3S	Dorea_formicigenerans	1
C21H45N3	Dorea_formicigenerans	1
C10H12O	Dorea_formicigenerans	1
C18H20N3NaO3S	Dorea_formicigenerans	1
C23H21ClO3	Dorea_formicigenerans	1
C24H30ClNO4	Dorea_formicigenerans	1
C13H17N3O2	Dorea_formicigenerans	1
C34H57BrN2O4	Dorea_formicigenerans	1
C16H18N4O3S	Dorea_formicigenerans	1
C12H9F3N2O2	Dorea_formicigenerans	1
C46H62N4O11	Eggerthella_lenta	1
C22H25ClN2O8	Eggerthella_lenta	1
C22H24Cl2N2O8	Eggerthella_lenta	1
C19H16ClF3N4O3	Eggerthella_lenta	1
C11H12Cl2N2O5	Eggerthella_lenta	1
C23H28ClN3O7	Eggerthella_lenta	1
C29H27ClN2O14S	Eggerthella_lenta	1
C21H22Cl2N2O8	Eggerthella_lenta	1
C22H23ClN2O8	Eggerthella_lenta	1
C22H30Cl2N10	Eggerthella_lenta	1
C17H21ClFN3O4	Eggerthella_lenta	1
C47H64N4O12	Eggerthella_lenta	1
C38H72N2O12	Eggerthella_lenta	1
C18H34Cl2N2O5S	Eggerthella_lenta	1
C38H69NO13	Eggerthella_lenta	1
C16H20FN3O4	Eggerthella_lenta	1
C21H24FN3O4	Eggerthella_lenta	1
C12H15Cl2NO5S	Eggerthella_lenta	1
C22H28N2O11	Eggerthella_lenta	1
C43H58N4O12	Eggerthella_lenta	1
C8H7N3O5	Eggerthella_lenta	1
C11H10N4O4	Eggerthella_lenta	1
C16H17N2NaO4S	Eggerthella_lenta	1
C19H21FN2O4	Eggerthella_lenta	1
C19H22FN3O4	Eggerthella_lenta	1
C20H17F2N3O3	Eggerthella_lenta	1
C43H51N3O11	Eggerthella_lenta	1
C13H17ClN4O6	Eggerthella_lenta	1
C17H25N3O5S	Eggerthella_lenta	1
C37H67NO13	Eggerthella_lenta	1
C42H69NO15	Eggerthella_lenta	1
C18H35ClN2O6S	Eggerthella_lenta	1
C14H13N8NaO4S3	Eggerthella_lenta	1
C23H26N5NaO7S	Eggerthella_lenta	1
C41H76N2O15	Eggerthella_lenta	1
C13H6Cl6O2	Eggerthella_lenta	1
C26H58Cl2N10	Eggerthella_lenta	1
C46H77NO17	Eggerthella_lenta	1
C31H35N2NaO11	Eggerthella_lenta	1
C15H14N2Na2O6S2	Eggerthella_lenta	1
C42H78N2O14	Eggerthella_lenta	1
C43H74N2O14	Eggerthella_lenta	1
C13H8Cl2N2O4	Eggerthella_lenta	1
C20H35AuO9PS	Eggerthella_lenta	1
C22H14Cl2I2N2O2	Eggerthella_lenta	1
C48H56N6O8S2	Eggerthella_lenta	1
C16H25N3O7S	Eggerthella_lenta	1
C16H16N5NaO7S2	Eggerthella_lenta	1
C25H31N9O10S2	Eggerthella_lenta	1
C16H19N3O5S	Eggerthella_lenta	1
C31H47NaO6	Eggerthella_lenta	1
C6H6N4O4	Eggerthella_lenta	1
C27H42ClNO2	Eggerthella_lenta	1
C6H8N4O4	Eggerthella_lenta	1
C24H24ClN3O6S	Eggerthella_lenta	1
C19H22F2N4O3	Eggerthella_lenta	1
C16H15N2NaO6S2	Eggerthella_lenta	1
C8H13N3O4S	Eggerthella_lenta	1
C14H13N5O5S2	Eggerthella_lenta	1
C7H10ClN3O3	Eggerthella_lenta	1
C41H67NO15	Eggerthella_lenta	1
C12H17N3O4S	Eggerthella_lenta	1
C17H19KN2O5S	Eggerthella_lenta	1
C6H9N3O3	Eggerthella_lenta	1
C16H16N3NaO7S2	Eggerthella_lenta	1
C10H13N3O5S	Eggerthella_lenta	1
C7H11N3O3	Eggerthella_lenta	1
C28H44ClNO2	Eggerthella_lenta	1
C19H12O8	Eggerthella_lenta	1
C36H61NaO11	Eggerthella_lenta	1
C9H5Cl2NO	Eggerthella_lenta	1
C23H36N4O10S2	Eggerthella_lenta	1
C8H6N4O5	Eggerthella_lenta	1
C20H18N6Na2O9S	Eggerthella_lenta	1
C13H9NOSe	Eggerthella_lenta	1
C19H18Cl2N3NaO6S	Eggerthella_lenta	1
C17H17N7O8S4	Eggerthella_lenta	1
C66H76Cl3N9O24	Eggerthella_lenta	1
C20H22N5NaO6S	Eggerthella_lenta	1
C66H103N17O16S	Eggerthella_lenta	1
C27H30ClNO10	Eggerthella_lenta	1
C18H25Cl2N9O4S3	Eggerthella_lenta	1
C15H16N7NaO5S3	Eggerthella_lenta	1
C9H5ClINO	Eggerthella_lenta	1
C12H7Cl3O2	Eggerthella_lenta	1
C27H29NO11	Comamonas	1
C30H40Cl2N4	Eggerthella_lenta	1
C19H16ClFN3NaO5S	Eggerthella_lenta	1
C29H32O13	Comamonas	1
C15H17FN4O3	Eggerthella_lenta	1
C20H22N8O5	Escherichia_coli	1
C16H16ClN3O4	Eggerthella_lenta	1
C20H22N8O5	Comamonas	1
C18H14Cl4N2O	Eggerthella_lenta	1
C6H6N6O2	Escherichia_coli	1
C17H20ClF2N3O3	Eggerthella_lenta	1
C6H6N6O2	Comamonas	1
C21H23N2NaO6S	Eggerthella_lenta	1
C9H11FN2O5	Comamonas	1
C35H35NO12	Escherichia_coli	1
C4H3FN2O2	Eggerthella_lenta	1
C35H35NO12	Comamonas	1
C14H12FNO3	Eggerthella_lenta	1
C22H27FN4O2	Escherichia_coli	1
C27H22Cl2N4	Eggerthella_lenta	1
C22H27FN4O2	Comamonas	1
C21H28ClN3O7S	Eggerthella_lenta	1
C26H29NO	Escherichia_coli	1
C16H13Cl3N2OS	Eggerthella_lenta	1
C26H29NO	Comamonas	1
C18H16Cl3N3O4	Eggerthella_lenta	1
C27H29NO11	Escherichia_coli_BL21(DE3)	1
C32H55BrN4O	Eggerthella_lenta	1
C18H20FN3O4	Eggerthella_lenta	1
C29H38N4O10	Eggerthella_lenta	1
C16H18FN3O3	Eggerthella_lenta	1
C14H18N4O3	Eggerthella_lenta	1
C9H11FN2O5	Eggerthella_lenta	1
C22H29N3O6S	Eggerthella_lenta	1
C12H13ClN4	Eggerthella_lenta	1
C27H30ClNO11	Eggerthella_lenta	1
C17H20FN3O3	Eggerthella_lenta	1
C15H16ClN3O5S	Eggerthella_lenta	1
C75H70N6O6	Eggerthella_lenta	1
C14H9I3O4	Eggerthella_lenta	1
C18H37N5O9	Eggerthella_lenta	1
C14H10O3	Eggerthella_lenta	1
C17H18F3N3O3	Eggerthella_lenta	1
C9H7N7O2S	Eggerthella_lenta	1
C21H23ClFNO2	Eggerthella_lenta	1
C12H17NO3	Eggerthella_lenta	1
C46H62N4O11	Escherichia_coli_ED1a	1
C22H25ClN2O8	Escherichia_coli_ED1a	1
C22H24Cl2N2O8	Escherichia_coli_ED1a	1
C19H16ClF3N4O3	Escherichia_coli_ED1a	1
C11H12Cl2N2O5	Escherichia_coli_ED1a	1
C23H28ClN3O7	Escherichia_coli_ED1a	1
C29H27ClN2O14S	Escherichia_coli_ED1a	1
C21H22Cl2N2O8	Escherichia_coli_ED1a	1
C22H23ClN2O8	Escherichia_coli_ED1a	1
C22H30Cl2N10	Escherichia_coli_ED1a	1
C17H21ClFN3O4	Escherichia_coli_ED1a	1
C47H64N4O12	Escherichia_coli_ED1a	1
C38H72N2O12	Escherichia_coli_ED1a	1
C38H69NO13	Escherichia_coli_ED1a	1
C21H24FN3O4	Escherichia_coli_ED1a	1
C12H15Cl2NO5S	Escherichia_coli_ED1a	1
C22H28N2O11	Escherichia_coli_ED1a	1
C43H58N4O12	Escherichia_coli_ED1a	1
C8H7N3O5	Escherichia_coli_ED1a	1
C11H10N4O4	Escherichia_coli_ED1a	1
C16H17N2NaO4S	Escherichia_coli_ED1a	1
C19H21FN2O4	Escherichia_coli_ED1a	1
C19H22FN3O4	Escherichia_coli_ED1a	1
C20H17F2N3O3	Escherichia_coli_ED1a	1
C43H51N3O11	Escherichia_coli_ED1a	1
C13H17ClN4O6	Escherichia_coli_ED1a	1
C17H25N3O5S	Escherichia_coli_ED1a	1
C14H13N8NaO4S3	Escherichia_coli_ED1a	1
C23H26N5NaO7S	Escherichia_coli_ED1a	1
C13H6Cl6O2	Escherichia_coli_ED1a	1
C26H58Cl2N10	Escherichia_coli_ED1a	1
C31H35N2NaO11	Escherichia_coli_ED1a	1
C9H9HgNaO2S	Escherichia_coli_ED1a	1
C16H25N3O7S	Escherichia_coli_ED1a	1
C16H16N5NaO7S2	Escherichia_coli_ED1a	1
C25H31N9O10S2	Escherichia_coli_ED1a	1
C16H19N3O5S	Escherichia_coli_ED1a	1
C6H6N4O4	Escherichia_coli_ED1a	1
C24H24ClN3O6S	Escherichia_coli_ED1a	1
C19H22F2N4O3	Escherichia_coli_ED1a	1
C16H15N2NaO6S2	Escherichia_coli_ED1a	1
C14H13N5O5S2	Escherichia_coli_ED1a	1
C20H21N7O6S2	Escherichia_coli_ED1a	1
C16H16N3NaO7S2	Escherichia_coli_ED1a	1
C8H6N4O5	Escherichia_coli_ED1a	1
C16H15N4NaO8S	Escherichia_coli_ED1a	1
C20H18N6Na2O9S	Escherichia_coli_ED1a	1
C19H28Cl2N6O6S2	Escherichia_coli_ED1a	1
C17H17N7O8S4	Escherichia_coli_ED1a	1
C18H25Cl2N9O4S3	Escherichia_coli_ED1a	1
C15H16N7NaO5S3	Escherichia_coli_ED1a	1
C12H7Cl3O2	Escherichia_coli_ED1a	1
C15H17FN4O3	Escherichia_coli_ED1a	1
C16H16ClN3O4	Escherichia_coli_ED1a	1
C17H20ClF2N3O3	Escherichia_coli_ED1a	1
C22H32N6O12S2	Escherichia_coli_ED1a	1
C4H3FN2O2	Escherichia_coli_ED1a	1
C14H12FNO3	Escherichia_coli_ED1a	1
C16H15N5O7S2	Escherichia_coli_ED1a	1
C18H20FN3O4	Escherichia_coli_ED1a	1
C8H15N3O7	Escherichia_coli_ED1a	1
C16H18FN3O3	Escherichia_coli_ED1a	1
C14H18N4O3	Escherichia_coli_ED1a	1
C9H11FN2O5	Escherichia_coli_ED1a	1
C17H20FN3O3	Escherichia_coli_ED1a	1
C10H13N5O4	Escherichia_coli_ED1a	1
C17H18F3N3O3	Escherichia_coli_ED1a	1
C13H17N5O8S2	Escherichia_coli_ED1a	1
C9H11IN2O5	Escherichia_coli_ED1a	1
C12H11N2NaO3	Escherichia_coli_ED1a	1
C12H10N2O5	Escherichia_coli_ED1a	1
C10H13N5O4S	Escherichia_coli_ED1a	1
C21H34ClN3O5S	Escherichia_coli_ED1a	1
C46H62N4O11	Escherichia_coli_IAI1	1
C22H25ClN2O8	Escherichia_coli_IAI1	1
C22H24Cl2N2O8	Escherichia_coli_IAI1	1
C19H16ClF3N4O3	Escherichia_coli_IAI1	1
C11H12Cl2N2O5	Escherichia_coli_IAI1	1
C23H28ClN3O7	Escherichia_coli_IAI1	1
C29H27ClN2O14S	Escherichia_coli_IAI1	1
C21H22Cl2N2O8	Escherichia_coli_IAI1	1
C22H23ClN2O8	Escherichia_coli_IAI1	1
C22H30Cl2N10	Escherichia_coli_IAI1	1
C17H21ClFN3O4	Escherichia_coli_IAI1	1
C47H64N4O12	Escherichia_coli_IAI1	1
C38H72N2O12	Escherichia_coli_IAI1	1
C18H34Cl2N2O5S	Escherichia_coli_IAI1	1
C38H69NO13	Escherichia_coli_IAI1	1
C16H20FN3O4	Escherichia_coli_IAI1	1
C21H24FN3O4	Escherichia_coli_IAI1	1
C12H15Cl2NO5S	Escherichia_coli_IAI1	1
C22H28N2O11	Escherichia_coli_IAI1	1
C43H58N4O12	Escherichia_coli_IAI1	1
C8H7N3O5	Escherichia_coli_IAI1	1
C11H10N4O4	Escherichia_coli_IAI1	1
C16H17N2NaO4S	Escherichia_coli_IAI1	1
C19H21FN2O4	Escherichia_coli_IAI1	1
C19H22FN3O4	Escherichia_coli_IAI1	1
C20H17F2N3O3	Escherichia_coli_IAI1	1
C43H51N3O11	Escherichia_coli_IAI1	1
C13H17ClN4O6	Escherichia_coli_IAI1	1
C17H25N3O5S	Escherichia_coli_IAI1	1
C14H13N8NaO4S3	Escherichia_coli_IAI1	1
C23H26N5NaO7S	Escherichia_coli_IAI1	1
C26H58Cl2N10	Escherichia_coli_IAI1	1
C31H35N2NaO11	Escherichia_coli_IAI1	1
C9H9HgNaO2S	Escherichia_coli_IAI1	1
C16H25N3O7S	Escherichia_coli_IAI1	1
C16H16N5NaO7S2	Escherichia_coli_IAI1	1
C25H31N9O10S2	Escherichia_coli_IAI1	1
C16H19N3O5S	Escherichia_coli_IAI1	1
C6H6N4O4	Escherichia_coli_IAI1	1
C24H24ClN3O6S	Escherichia_coli_IAI1	1
C19H22F2N4O3	Escherichia_coli_IAI1	1
C16H15N2NaO6S2	Escherichia_coli_IAI1	1
C14H13N5O5S2	Escherichia_coli_IAI1	1
C20H21N7O6S2	Escherichia_coli_IAI1	1
C12H17N3O4S	Escherichia_coli_IAI1	1
C16H16N3NaO7S2	Escherichia_coli_IAI1	1
C8H6N4O5	Escherichia_coli_IAI1	1
C16H15N4NaO8S	Escherichia_coli_IAI1	1
C20H18N6Na2O9S	Escherichia_coli_IAI1	1
C19H28Cl2N6O6S2	Escherichia_coli_IAI1	1
C17H17N7O8S4	Escherichia_coli_IAI1	1
C18H25Cl2N9O4S3	Escherichia_coli_IAI1	1
C15H16N7NaO5S3	Escherichia_coli_IAI1	1
C12H7Cl3O2	Escherichia_coli_IAI1	1
C15H17FN4O3	Escherichia_coli_IAI1	1
C16H16ClN3O4	Escherichia_coli_IAI1	1
C17H20ClF2N3O3	Escherichia_coli_IAI1	1
C22H32N6O12S2	Escherichia_coli_IAI1	1
C4H3FN2O2	Escherichia_coli_IAI1	1
C14H12FNO3	Escherichia_coli_IAI1	1
C16H15N5O7S2	Escherichia_coli_IAI1	1
C18H20FN3O4	Escherichia_coli_IAI1	1
C16H18FN3O3	Escherichia_coli_IAI1	1
C14H18N4O3	Escherichia_coli_IAI1	1
C9H11FN2O5	Escherichia_coli_IAI1	1
C17H20FN3O3	Escherichia_coli_IAI1	1
C10H13N5O4	Escherichia_coli_IAI1	1
C17H18F3N3O3	Escherichia_coli_IAI1	1
C13H17N5O8S2	Escherichia_coli_IAI1	1
C12H11N2NaO3	Escherichia_coli_IAI1	1
C12H10N2O5	Escherichia_coli_IAI1	1
C10H12ClN5O3	Escherichia_coli_IAI1	1
C10H13N5O4S	Escherichia_coli_IAI1	1
C21H34ClN3O5S	Escherichia_coli_IAI1	1
C32H40ClNO4	Escherichia_coli_IAI1	1
C10H12FN5O4	Escherichia_coli_IAI1	1
C22H29FO4	Escherichia_coli_IAI1	1
C46H62N4O11	Eubacterium_eligens	1
C22H25ClN2O8	Eubacterium_eligens	1
C22H24Cl2N2O8	Eubacterium_eligens	1
C19H16ClF3N4O3	Eubacterium_eligens	1
C11H12Cl2N2O5	Eubacterium_eligens	1
C23H28ClN3O7	Eubacterium_eligens	1
C29H27ClN2O14S	Eubacterium_eligens	1
C21H22Cl2N2O8	Eubacterium_eligens	1
C22H23ClN2O8	Eubacterium_eligens	1
C22H30Cl2N10	Eubacterium_eligens	1
C17H21ClFN3O4	Eubacterium_eligens	1
C47H64N4O12	Eubacterium_eligens	1
C38H72N2O12	Eubacterium_eligens	1
C18H34Cl2N2O5S	Eubacterium_eligens	1
C38H69NO13	Eubacterium_eligens	1
C16H20FN3O4	Eubacterium_eligens	1
C21H24FN3O4	Eubacterium_eligens	1
C12H15Cl2NO5S	Eubacterium_eligens	1
C22H28N2O11	Eubacterium_eligens	1
C43H58N4O12	Eubacterium_eligens	1
C8H7N3O5	Eubacterium_eligens	1
C11H10N4O4	Eubacterium_eligens	1
C16H17N2NaO4S	Eubacterium_eligens	1
C19H21FN2O4	Eubacterium_eligens	1
C19H22FN3O4	Eubacterium_eligens	1
C20H17F2N3O3	Eubacterium_eligens	1
C43H51N3O11	Eubacterium_eligens	1
C13H17ClN4O6	Eubacterium_eligens	1
C17H25N3O5S	Eubacterium_eligens	1
C37H67NO13	Eubacterium_eligens	1
C42H69NO15	Eubacterium_eligens	1
C18H35ClN2O6S	Eubacterium_eligens	1
C14H13N8NaO4S3	Eubacterium_eligens	1
C23H26N5NaO7S	Eubacterium_eligens	1
C41H76N2O15	Eubacterium_eligens	1
C13H6Cl6O2	Eubacterium_eligens	1
C26H58Cl2N10	Eubacterium_eligens	1
C46H77NO17	Eubacterium_eligens	1
C31H35N2NaO11	Eubacterium_eligens	1
C15H14N2Na2O6S2	Eubacterium_eligens	1
C42H78N2O14	Eubacterium_eligens	1
C43H74N2O14	Eubacterium_eligens	1
C9H9HgNaO2S	Eubacterium_eligens	1
C20H35AuO9PS	Eubacterium_eligens	1
C22H14Cl2I2N2O2	Eubacterium_eligens	1
C48H56N6O8S2	Eubacterium_eligens	1
C16H25N3O7S	Eubacterium_eligens	1
C16H16N5NaO7S2	Eubacterium_eligens	1
C25H31N9O10S2	Eubacterium_eligens	1
C16H19N3O5S	Eubacterium_eligens	1
C31H47NaO6	Eubacterium_eligens	1
C6H6N4O4	Eubacterium_eligens	1
C27H42ClNO2	Eubacterium_eligens	1
C6H8N4O4	Eubacterium_eligens	1
C24H24ClN3O6S	Eubacterium_eligens	1
C19H22F2N4O3	Eubacterium_eligens	1
C16H15N2NaO6S2	Eubacterium_eligens	1
C8H13N3O4S	Eubacterium_eligens	1
C14H13N5O5S2	Eubacterium_eligens	1
C7H10ClN3O3	Eubacterium_eligens	1
C41H67NO15	Eubacterium_eligens	1
C20H21N7O6S2	Eubacterium_eligens	1
C12H17N3O4S	Eubacterium_eligens	1
C17H19KN2O5S	Eubacterium_eligens	1
C6H9N3O3	Eubacterium_eligens	1
C16H16N3NaO7S2	Eubacterium_eligens	1
C10H13N3O5S	Eubacterium_eligens	1
C7H11N3O3	Eubacterium_eligens	1
C28H44ClNO2	Eubacterium_eligens	1
C19H12O8	Eubacterium_eligens	1
C36H61NaO11	Eubacterium_eligens	1
C9H5Cl2NO	Eubacterium_eligens	1
C23H36N4O10S2	Eubacterium_eligens	1
C20H9Br2HgNa2O6	Eubacterium_eligens	1
C8H6N4O5	Eubacterium_eligens	1
C16H15N4NaO8S	Eubacterium_eligens	1
C20H18N6Na2O9S	Eubacterium_eligens	1
C13H9NOSe	Eubacterium_eligens	1
C19H28Cl2N6O6S2	Eubacterium_eligens	1
C19H18Cl2N3NaO6S	Eubacterium_eligens	1
C17H17N7O8S4	Eubacterium_eligens	1
C66H76Cl3N9O24	Eubacterium_eligens	1
C20H22N5NaO6S	Eubacterium_eligens	1
C66H103N17O16S	Eubacterium_eligens	1
C27H30ClNO10	Eubacterium_eligens	1
C18H25Cl2N9O4S3	Eubacterium_eligens	1
C15H16N7NaO5S3	Eubacterium_eligens	1
C9H5ClINO	Eubacterium_eligens	1
C30H40Cl2N4	Eubacterium_eligens	1
C19H16ClFN3NaO5S	Eubacterium_eligens	1
C16H16ClN3O4	Eubacterium_eligens	1
C18H14Cl4N2O	Eubacterium_eligens	1
C22H17ClN2	Eubacterium_eligens	1
C19H17ClN3NaO5S	Eubacterium_eligens	1
C22H32N6O12S2	Eubacterium_eligens	1
C21H23N2NaO6S	Eubacterium_eligens	1
C19H18N3NaO5S	Eubacterium_eligens	1
C14H12FNO3	Eubacterium_eligens	1
C27H22Cl2N4	Eubacterium_eligens	1
C21H28ClN3O7S	Eubacterium_eligens	1
C16H15N5O7S2	Eubacterium_eligens	1
C16H13Cl3N2OS	Eubacterium_eligens	1
C28H41N3O3	Eubacterium_eligens	1
C18H16Cl3N3O4	Eubacterium_eligens	1
C32H55BrN4O	Eubacterium_eligens	1
C8H15N3O7	Eubacterium_eligens	1
C29H38N4O10	Eubacterium_eligens	1
C22H19N4NaO8S2	Eubacterium_eligens	1
C18H14Cl4N4O4	Eubacterium_eligens	1
C22H29N3O6S	Eubacterium_eligens	1
C22H18N2	Eubacterium_eligens	1
C32H41NO2	Eubacterium_eligens	1
C19H18Cl3N3O3S	Eubacterium_eligens	1
C32H37NO8	Eubacterium_eligens	1
C20H16Cl3N3O4S	Eubacterium_eligens	1
C22H23ClN2O2	Eubacterium_eligens	1
C19H21Cl2N3	Eubacterium_eligens	1
C10H12N4O5S	Eubacterium_eligens	1
C18H16Cl3N3O3S	Eubacterium_eligens	1
C24H35ClN2O	Eubacterium_eligens	1
C21H27ClN2S2	Eubacterium_eligens	1
C14H14Cl2N2O	Eubacterium_eligens	1
C23H39NO4	Eubacterium_eligens	1
C48H72O14	Eubacterium_eligens	1
C26H28Cl2N4O4	Eubacterium_eligens	1
C28H31FN4O	Eubacterium_eligens	1
C14H15N3O5	Eubacterium_eligens	1
C26H41Br2NO4	Eubacterium_eligens	1
C24H28N2O4S2	Eubacterium_eligens	1
C25H30ClI2NO3	Eubacterium_eligens	1
C21H32N2O	Eubacterium_eligens	1
C24H26ClFN4O	Eubacterium_eligens	1
C22H24ClFN4O3	Eubacterium_eligens	1
C23H26ClN	Eubacterium_eligens	1
C25H29Cl3N2	Eubacterium_eligens	1
C18H18ClNOS	Eubacterium_eligens	1
C17H19N3O3S	Eubacterium_eligens	1
C22H27Cl3N2OS	Eubacterium_eligens	1
C23H28ClN	Eubacterium_eligens	1
C21H45N3	Eubacterium_eligens	1
C21H26Cl2F3N3S	Eubacterium_eligens	1
C26H31Cl3F3NO	Eubacterium_eligens	1
C27H33NO3	Eubacterium_eligens	1
C22H25Cl2N3O	Eubacterium_eligens	1
C21H26ClN3OS	Eubacterium_eligens	1
C28H44ClNO3S	Eubacterium_eligens	1
C23H32ClNO2	Eubacterium_eligens	1
C17H17Cl2N	Eubacterium_eligens	1
C28H34Cl2F2N2O	Eubacterium_eligens	1
C15H11I4NO4	Eubacterium_eligens	1
C29H35NO8	Eubacterium_eligens	1
C19H36ClNO2	Eubacterium_eligens	1
C15H12O4	Eubacterium_eligens	1
C46H62N4O11	Eubacterium_rectale	1
C22H25ClN2O8	Eubacterium_rectale	1
C22H24Cl2N2O8	Eubacterium_rectale	1
C19H16ClF3N4O3	Eubacterium_rectale	1
C11H12Cl2N2O5	Eubacterium_rectale	1
C23H28ClN3O7	Eubacterium_rectale	1
C29H27ClN2O14S	Eubacterium_rectale	1
C21H22Cl2N2O8	Eubacterium_rectale	1
C22H23ClN2O8	Eubacterium_rectale	1
C22H30Cl2N10	Eubacterium_rectale	1
C17H21ClFN3O4	Eubacterium_rectale	1
C47H64N4O12	Eubacterium_rectale	1
C38H72N2O12	Eubacterium_rectale	1
C18H34Cl2N2O5S	Eubacterium_rectale	1
C38H69NO13	Eubacterium_rectale	1
C16H20FN3O4	Eubacterium_rectale	1
C21H24FN3O4	Eubacterium_rectale	1
C12H15Cl2NO5S	Eubacterium_rectale	1
C22H28N2O11	Eubacterium_rectale	1
C43H58N4O12	Eubacterium_rectale	1
C8H7N3O5	Eubacterium_rectale	1
C11H10N4O4	Eubacterium_rectale	1
C16H17N2NaO4S	Eubacterium_rectale	1
C19H21FN2O4	Eubacterium_rectale	1
C20H17F2N3O3	Eubacterium_rectale	1
C43H51N3O11	Eubacterium_rectale	1
C13H17ClN4O6	Eubacterium_rectale	1
C17H25N3O5S	Eubacterium_rectale	1
C37H67NO13	Eubacterium_rectale	1
C42H69NO15	Eubacterium_rectale	1
C18H35ClN2O6S	Eubacterium_rectale	1
C14H13N8NaO4S3	Eubacterium_rectale	1
C23H26N5NaO7S	Eubacterium_rectale	1
C41H76N2O15	Eubacterium_rectale	1
C13H6Cl6O2	Eubacterium_rectale	1
C26H58Cl2N10	Eubacterium_rectale	1
C46H77NO17	Eubacterium_rectale	1
C31H35N2NaO11	Eubacterium_rectale	1
C15H14N2Na2O6S2	Eubacterium_rectale	1
C42H78N2O14	Eubacterium_rectale	1
C43H74N2O14	Eubacterium_rectale	1
C13H8Cl2N2O4	Eubacterium_rectale	1
C9H9HgNaO2S	Eubacterium_rectale	1
C20H35AuO9PS	Eubacterium_rectale	1
C22H14Cl2I2N2O2	Eubacterium_rectale	1
C48H56N6O8S2	Eubacterium_rectale	1
C16H25N3O7S	Eubacterium_rectale	1
C16H16N5NaO7S2	Eubacterium_rectale	1
C25H31N9O10S2	Eubacterium_rectale	1
C16H19N3O5S	Eubacterium_rectale	1
C31H47NaO6	Eubacterium_rectale	1
C6H6N4O4	Eubacterium_rectale	1
C27H42ClNO2	Eubacterium_rectale	1
C6H8N4O4	Eubacterium_rectale	1
C24H24ClN3O6S	Eubacterium_rectale	1
C19H22F2N4O3	Eubacterium_rectale	1
C16H15N2NaO6S2	Eubacterium_rectale	1
C8H13N3O4S	Eubacterium_rectale	1
C14H13N5O5S2	Eubacterium_rectale	1
C7H10ClN3O3	Eubacterium_rectale	1
C41H67NO15	Eubacterium_rectale	1
C20H21N7O6S2	Eubacterium_rectale	1
C12H17N3O4S	Eubacterium_rectale	1
C17H19KN2O5S	Eubacterium_rectale	1
C6H9N3O3	Eubacterium_rectale	1
C16H16N3NaO7S2	Eubacterium_rectale	1
C10H13N3O5S	Eubacterium_rectale	1
C7H11N3O3	Eubacterium_rectale	1
C28H44ClNO2	Eubacterium_rectale	1
C19H12O8	Eubacterium_rectale	1
C36H61NaO11	Eubacterium_rectale	1
C9H5Cl2NO	Eubacterium_rectale	1
C23H36N4O10S2	Eubacterium_rectale	1
C20H9Br2HgNa2O6	Eubacterium_rectale	1
C8H6N4O5	Eubacterium_rectale	1
C16H15N4NaO8S	Eubacterium_rectale	1
C20H18N6Na2O9S	Eubacterium_rectale	1
C13H9NOSe	Eubacterium_rectale	1
C19H28Cl2N6O6S2	Eubacterium_rectale	1
C19H18Cl2N3NaO6S	Eubacterium_rectale	1
C17H17N7O8S4	Eubacterium_rectale	1
C66H76Cl3N9O24	Eubacterium_rectale	1
C20H22N5NaO6S	Eubacterium_rectale	1
C66H103N17O16S	Eubacterium_rectale	1
C27H30ClNO10	Eubacterium_rectale	1
C18H25Cl2N9O4S3	Eubacterium_rectale	1
C15H16N7NaO5S3	Eubacterium_rectale	1
C9H5ClINO	Eubacterium_rectale	1
C12H7Cl3O2	Eubacterium_rectale	1
C30H40Cl2N4	Eubacterium_rectale	1
C19H16ClFN3NaO5S	Eubacterium_rectale	1
C15H17FN4O3	Eubacterium_rectale	1
C16H16ClN3O4	Eubacterium_rectale	1
C18H14Cl4N2O	Eubacterium_rectale	1
C22H17ClN2	Eubacterium_rectale	1
C19H17ClN3NaO5S	Eubacterium_rectale	1
C22H32N6O12S2	Eubacterium_rectale	1
C21H23N2NaO6S	Eubacterium_rectale	1
C4H3FN2O2	Eubacterium_rectale	1
C17H12Br2O3	Eubacterium_rectale	1
C19H18N3NaO5S	Eubacterium_rectale	1
C27H22Cl2N4	Eubacterium_rectale	1
C21H28ClN3O7S	Eubacterium_rectale	1
C16H15N5O7S2	Eubacterium_rectale	1
C16H13Cl3N2OS	Eubacterium_rectale	1
C28H41N3O3	Eubacterium_rectale	1
C18H16Cl3N3O4	Eubacterium_rectale	1
C32H55BrN4O	Eubacterium_rectale	1
C29H38N4O10	Eubacterium_rectale	1
C14H18N4O3	Eubacterium_rectale	1
C22H19N4NaO8S2	Eubacterium_rectale	1
C18H14Cl4N4O4	Eubacterium_rectale	1
C22H29N3O6S	Eubacterium_rectale	1
C22H18N2	Eubacterium_rectale	1
C12H13ClN4	Eubacterium_rectale	1
C32H41NO2	Eubacterium_rectale	1
C15H16ClN3O5S	Eubacterium_rectale	1
C19H18Cl3N3O3S	Eubacterium_rectale	1
C31H33N3O6S	Eubacterium_rectale	1
C32H37NO8	Eubacterium_rectale	1
C29H32O13	Eubacterium_rectale	1
C20H16Cl3N3O4S	Eubacterium_rectale	1
C22H23ClN2O2	Eubacterium_rectale	1
C19H21Cl2N3	Eubacterium_rectale	1
C18H16Cl3N3O3S	Eubacterium_rectale	1
C24H35ClN2O	Eubacterium_rectale	1
C17H17ClF6N2O	Eubacterium_rectale	1
C4H4N6O	Eubacterium_rectale	1
C24H27NO5S	Eubacterium_rectale	1
C21H27ClN2S2	Eubacterium_rectale	1
C14H14Cl2N2O	Eubacterium_rectale	1
C20H22N8O5	Eubacterium_rectale	1
C23H39NO4	Eubacterium_rectale	1
C22H45N5O14	Eubacterium_rectale	1
C18H37N5O9	Eubacterium_rectale	1
C48H72O14	Eubacterium_rectale	1
C23H32O3	Eubacterium_rectale	1
C26H28Cl2N4O4	Eubacterium_rectale	1
C14H9ClF3NO2	Eubacterium_rectale	1
C28H31FN4O	Eubacterium_rectale	1
C26H41Br2NO4	Eubacterium_rectale	1
C24H28N2O4S2	Eubacterium_rectale	1
C25H30ClI2NO3	Eubacterium_rectale	1
C21H32N2O	Eubacterium_rectale	1
C26H28ClNO	Eubacterium_rectale	1
C24H26ClFN4O	Eubacterium_rectale	1
C35H36ClNO3S	Eubacterium_rectale	1
C22H24ClFN4O3	Eubacterium_rectale	1
C23H26ClN	Eubacterium_rectale	1
C25H29Cl3N2	Eubacterium_rectale	1
C16H14F3N3O2S	Eubacterium_rectale	1
C27H44O2	Eubacterium_rectale	1
C18H18ClNOS	Eubacterium_rectale	1
C28H29F2N3O	Eubacterium_rectale	1
C17H19N3O3S	Eubacterium_rectale	1
C21H41N5O11	Eubacterium_rectale	1
C21H45N3	Eubacterium_rectale	1
C25H43NO18	Eubacterium_rectale	1
C18H20N3NaO3S	Eubacterium_rectale	1
C21H26Cl2F3N3S	Eubacterium_rectale	1
C28H32ClN3O8S	Eubacterium_rectale	1
C14H26Cl2N2O7	Eubacterium_rectale	1
C95H146O28	Eubacterium_rectale	1
C26H31Cl3F3NO	Eubacterium_rectale	1
C22H28Cl2F3N3OS	Eubacterium_rectale	1
C27H33NO3	Eubacterium_rectale	1
C24H30ClNO4	Eubacterium_rectale	1
C13H17N3O2	Eubacterium_rectale	1
C39H54N6O8S	Eubacterium_rectale	1
C30H41N3O10S2	Eubacterium_rectale	1
C22H25Cl2N3O	Eubacterium_rectale	1
C34H57BrN2O4	Eubacterium_rectale	1
C28H44ClNO3S	Eubacterium_rectale	1
C17H17Cl2N	Eubacterium_rectale	1
C21H20ClNO5	Eubacterium_rectale	1
C16H16Cl3N	Eubacterium_rectale	1
C29H34Cl2N2O2	Eubacterium_rectale	1
C48H48N4O6S2	Eubacterium_rectale	1
C18H20ClF3N2S	Eubacterium_rectale	1
C19H19N7O6	Eubacterium_rectale	1
C29H31F2N3O	Eubacterium_rectale	1
C28H31BrN2O2	Eubacterium_rectale	1
C46H62N4O11	Lactobacillus_paracasei_Species_1578	1
C22H25ClN2O8	Lactobacillus_paracasei_Species_1578	1
C22H24Cl2N2O8	Lactobacillus_paracasei_Species_1578	1
C19H16ClF3N4O3	Lactobacillus_paracasei_Species_1578	1
C11H12Cl2N2O5	Lactobacillus_paracasei_Species_1578	1
C23H28ClN3O7	Lactobacillus_paracasei_Species_1578	1
C29H27ClN2O14S	Lactobacillus_paracasei_Species_1578	1
C21H22Cl2N2O8	Lactobacillus_paracasei_Species_1578	1
C22H23ClN2O8	Lactobacillus_paracasei_Species_1578	1
C22H30Cl2N10	Lactobacillus_paracasei_Species_1578	1
C17H21ClFN3O4	Lactobacillus_paracasei_Species_1578	1
C47H64N4O12	Lactobacillus_paracasei_Species_1578	1
C38H72N2O12	Lactobacillus_paracasei_Species_1578	1
C18H34Cl2N2O5S	Lactobacillus_paracasei_Species_1578	1
C38H69NO13	Lactobacillus_paracasei_Species_1578	1
C16H20FN3O4	Lactobacillus_paracasei_Species_1578	1
C21H24FN3O4	Lactobacillus_paracasei_Species_1578	1
C12H15Cl2NO5S	Lactobacillus_paracasei_Species_1578	1
C22H28N2O11	Lactobacillus_paracasei_Species_1578	1
C43H58N4O12	Lactobacillus_paracasei_Species_1578	1
C16H17N2NaO4S	Lactobacillus_paracasei_Species_1578	1
C19H21FN2O4	Lactobacillus_paracasei_Species_1578	1
C19H22FN3O4	Lactobacillus_paracasei_Species_1578	1
C20H17F2N3O3	Lactobacillus_paracasei_Species_1578	1
C43H51N3O11	Lactobacillus_paracasei_Species_1578	1
C37H67NO13	Lactobacillus_paracasei_Species_1578	1
C42H69NO15	Lactobacillus_paracasei_Species_1578	1
C18H35ClN2O6S	Lactobacillus_paracasei_Species_1578	1
C14H13N8NaO4S3	Lactobacillus_paracasei_Species_1578	1
C23H26N5NaO7S	Lactobacillus_paracasei_Species_1578	1
C41H76N2O15	Lactobacillus_paracasei_Species_1578	1
C13H6Cl6O2	Lactobacillus_paracasei_Species_1578	1
C26H58Cl2N10	Lactobacillus_paracasei_Species_1578	1
C46H77NO17	Lactobacillus_paracasei_Species_1578	1
C31H35N2NaO11	Lactobacillus_paracasei_Species_1578	1
C15H14N2Na2O6S2	Lactobacillus_paracasei_Species_1578	1
C42H78N2O14	Lactobacillus_paracasei_Species_1578	1
C43H74N2O14	Lactobacillus_paracasei_Species_1578	1
C13H8Cl2N2O4	Lactobacillus_paracasei_Species_1578	1
C9H9HgNaO2S	Lactobacillus_paracasei_Species_1578	1
C20H35AuO9PS	Lactobacillus_paracasei_Species_1578	1
C22H14Cl2I2N2O2	Lactobacillus_paracasei_Species_1578	1
C48H56N6O8S2	Lactobacillus_paracasei_Species_1578	1
C16H25N3O7S	Lactobacillus_paracasei_Species_1578	1
C16H16N5NaO7S2	Lactobacillus_paracasei_Species_1578	1
C25H31N9O10S2	Lactobacillus_paracasei_Species_1578	1
C16H19N3O5S	Lactobacillus_paracasei_Species_1578	1
C27H42ClNO2	Lactobacillus_paracasei_Species_1578	1
C24H24ClN3O6S	Lactobacillus_paracasei_Species_1578	1
C19H22F2N4O3	Lactobacillus_paracasei_Species_1578	1
C16H15N2NaO6S2	Lactobacillus_paracasei_Species_1578	1
C14H13N5O5S2	Lactobacillus_paracasei_Species_1578	1
C41H67NO15	Lactobacillus_paracasei_Species_1578	1
C17H19KN2O5S	Lactobacillus_paracasei_Species_1578	1
C28H44ClNO2	Lactobacillus_paracasei_Species_1578	1
C36H61NaO11	Lactobacillus_paracasei_Species_1578	1
C9H5Cl2NO	Lactobacillus_paracasei_Species_1578	1
C23H36N4O10S2	Lactobacillus_paracasei_Species_1578	1
C16H15N4NaO8S	Lactobacillus_paracasei_Species_1578	1
C13H9NOSe	Lactobacillus_paracasei_Species_1578	1
C19H28Cl2N6O6S2	Lactobacillus_paracasei_Species_1578	1
C19H18Cl2N3NaO6S	Lactobacillus_paracasei_Species_1578	1
C20H22N5NaO6S	Lactobacillus_paracasei_Species_1578	1
C66H103N17O16S	Lactobacillus_paracasei_Species_1578	1
C27H30ClNO10	Lactobacillus_paracasei_Species_1578	1
C18H25Cl2N9O4S3	Lactobacillus_paracasei_Species_1578	1
C12H7Cl3O2	Lactobacillus_paracasei_Species_1578	1
C30H40Cl2N4	Lactobacillus_paracasei_Species_1578	1
C19H16ClFN3NaO5S	Lactobacillus_paracasei_Species_1578	1
C19H17ClN3NaO5S	Lactobacillus_paracasei_Species_1578	1
C17H20ClF2N3O3	Lactobacillus_paracasei_Species_1578	1
C21H23N2NaO6S	Lactobacillus_paracasei_Species_1578	1
C18H14Cl4N2O	Lactobacillus_paracasei_Species_1578	1
C4H3FN2O2	Lactobacillus_paracasei_Species_1578	1
C17H12Br2O3	Lactobacillus_paracasei_Species_1578	1
C19H18N3NaO5S	Lactobacillus_paracasei_Species_1578	1
C27H22Cl2N4	Lactobacillus_paracasei_Species_1578	1
C21H28ClN3O7S	Lactobacillus_paracasei_Species_1578	1
C28H41N3O3	Lactobacillus_paracasei_Species_1578	1
C18H16Cl3N3O4	Lactobacillus_paracasei_Species_1578	1
C32H55BrN4O	Lactobacillus_paracasei_Species_1578	1
C18H20FN3O4	Lactobacillus_paracasei_Species_1578	1
C16H18FN3O3	Lactobacillus_paracasei_Species_1578	1
C14H18N4O3	Lactobacillus_paracasei_Species_1578	1
C18H14Cl4N4O4	Lactobacillus_paracasei_Species_1578	1
C12H13ClN4	Lactobacillus_paracasei_Species_1578	1
C27H30ClNO11	Lactobacillus_paracasei_Species_1578	1
C29H32O13	Lactobacillus_paracasei_Species_1578	1
C75H70N6O6	Lactobacillus_paracasei_Species_1578	1
C22H23ClN2O2	Lactobacillus_paracasei_Species_1578	1
C19H21Cl2N3	Lactobacillus_paracasei_Species_1578	1
C20H22N8O5	Lactobacillus_paracasei_Species_1578	1
C22H45N5O14	Lactobacillus_paracasei_Species_1578	1
C18H37N5O9	Lactobacillus_paracasei_Species_1578	1
C48H72O14	Lactobacillus_paracasei_Species_1578	1
C19H17NOS	Lactobacillus_paracasei_Species_1578	1
C95H146O28	Lactobacillus_paracasei_Species_1578	1
C15H11I4NO4	Lactobacillus_paracasei_Species_1578	1
C4H4FN3O	Lactobacillus_paracasei_Species_1578	1
C24H26N2O4	Lactobacillus_paracasei_Species_1578	1
C14H14ClN3	Lactobacillus_paracasei_Species_1578	1
C18H30ClNO3	Lactobacillus_paracasei_Species_1578	1
C46H62N4O11	Odoribacter_splanchnicus	1
C22H25ClN2O8	Odoribacter_splanchnicus	1
C22H24Cl2N2O8	Odoribacter_splanchnicus	1
C19H16ClF3N4O3	Odoribacter_splanchnicus	1
C11H12Cl2N2O5	Odoribacter_splanchnicus	1
C23H28ClN3O7	Odoribacter_splanchnicus	1
C29H27ClN2O14S	Odoribacter_splanchnicus	1
C21H22Cl2N2O8	Odoribacter_splanchnicus	1
C22H23ClN2O8	Odoribacter_splanchnicus	1
C22H30Cl2N10	Odoribacter_splanchnicus	1
C17H21ClFN3O4	Odoribacter_splanchnicus	1
C47H64N4O12	Odoribacter_splanchnicus	1
C38H72N2O12	Odoribacter_splanchnicus	1
C18H34Cl2N2O5S	Odoribacter_splanchnicus	1
C38H69NO13	Odoribacter_splanchnicus	1
C16H20FN3O4	Odoribacter_splanchnicus	1
C21H24FN3O4	Odoribacter_splanchnicus	1
C12H15Cl2NO5S	Odoribacter_splanchnicus	1
C22H28N2O11	Odoribacter_splanchnicus	1
C43H58N4O12	Odoribacter_splanchnicus	1
C8H7N3O5	Odoribacter_splanchnicus	1
C11H10N4O4	Odoribacter_splanchnicus	1
C16H17N2NaO4S	Odoribacter_splanchnicus	1
C19H21FN2O4	Odoribacter_splanchnicus	1
C19H22FN3O4	Odoribacter_splanchnicus	1
C20H17F2N3O3	Odoribacter_splanchnicus	1
C43H51N3O11	Odoribacter_splanchnicus	1
C13H17ClN4O6	Odoribacter_splanchnicus	1
C17H25N3O5S	Odoribacter_splanchnicus	1
C37H67NO13	Odoribacter_splanchnicus	1
C42H69NO15	Odoribacter_splanchnicus	1
C18H35ClN2O6S	Odoribacter_splanchnicus	1
C14H13N8NaO4S3	Odoribacter_splanchnicus	1
C23H26N5NaO7S	Odoribacter_splanchnicus	1
C41H76N2O15	Odoribacter_splanchnicus	1
C13H6Cl6O2	Odoribacter_splanchnicus	1
C26H58Cl2N10	Odoribacter_splanchnicus	1
C46H77NO17	Odoribacter_splanchnicus	1
C31H35N2NaO11	Odoribacter_splanchnicus	1
C15H14N2Na2O6S2	Odoribacter_splanchnicus	1
C42H78N2O14	Odoribacter_splanchnicus	1
C43H74N2O14	Odoribacter_splanchnicus	1
C13H8Cl2N2O4	Odoribacter_splanchnicus	1
C9H9HgNaO2S	Odoribacter_splanchnicus	1
C20H35AuO9PS	Odoribacter_splanchnicus	1
C22H14Cl2I2N2O2	Odoribacter_splanchnicus	1
C48H56N6O8S2	Odoribacter_splanchnicus	1
C16H25N3O7S	Odoribacter_splanchnicus	1
C16H16N5NaO7S2	Odoribacter_splanchnicus	1
C25H31N9O10S2	Odoribacter_splanchnicus	1
C16H19N3O5S	Odoribacter_splanchnicus	1
C31H47NaO6	Odoribacter_splanchnicus	1
C6H6N4O4	Odoribacter_splanchnicus	1
C27H42ClNO2	Odoribacter_splanchnicus	1
C6H8N4O4	Odoribacter_splanchnicus	1
C24H24ClN3O6S	Odoribacter_splanchnicus	1
C19H22F2N4O3	Odoribacter_splanchnicus	1
C16H15N2NaO6S2	Odoribacter_splanchnicus	1
C8H13N3O4S	Odoribacter_splanchnicus	1
C14H13N5O5S2	Odoribacter_splanchnicus	1
C7H10ClN3O3	Odoribacter_splanchnicus	1
C41H67NO15	Odoribacter_splanchnicus	1
C20H21N7O6S2	Odoribacter_splanchnicus	1
C12H17N3O4S	Odoribacter_splanchnicus	1
C17H19KN2O5S	Odoribacter_splanchnicus	1
C6H9N3O3	Odoribacter_splanchnicus	1
C16H16N3NaO7S2	Odoribacter_splanchnicus	1
C10H13N3O5S	Odoribacter_splanchnicus	1
C7H11N3O3	Odoribacter_splanchnicus	1
C28H44ClNO2	Odoribacter_splanchnicus	1
C19H12O8	Odoribacter_splanchnicus	1
C36H61NaO11	Odoribacter_splanchnicus	1
C9H5Cl2NO	Odoribacter_splanchnicus	1
C23H36N4O10S2	Odoribacter_splanchnicus	1
C20H9Br2HgNa2O6	Odoribacter_splanchnicus	1
C8H6N4O5	Odoribacter_splanchnicus	1
C16H15N4NaO8S	Odoribacter_splanchnicus	1
C20H18N6Na2O9S	Odoribacter_splanchnicus	1
C13H9NOSe	Odoribacter_splanchnicus	1
C19H28Cl2N6O6S2	Odoribacter_splanchnicus	1
C19H18Cl2N3NaO6S	Odoribacter_splanchnicus	1
C17H17N7O8S4	Odoribacter_splanchnicus	1
C20H22N5NaO6S	Odoribacter_splanchnicus	1
C27H30ClNO10	Odoribacter_splanchnicus	1
C18H25Cl2N9O4S3	Odoribacter_splanchnicus	1
C15H16N7NaO5S3	Odoribacter_splanchnicus	1
C9H5ClINO	Odoribacter_splanchnicus	1
C12H7Cl3O2	Odoribacter_splanchnicus	1
C30H40Cl2N4	Odoribacter_splanchnicus	1
C19H16ClFN3NaO5S	Odoribacter_splanchnicus	1
C15H17FN4O3	Odoribacter_splanchnicus	1
C16H16ClN3O4	Odoribacter_splanchnicus	1
C19H17ClN3NaO5S	Odoribacter_splanchnicus	1
C17H20ClF2N3O3	Odoribacter_splanchnicus	1
C22H32N6O12S2	Odoribacter_splanchnicus	1
C21H23N2NaO6S	Odoribacter_splanchnicus	1
C4H3FN2O2	Odoribacter_splanchnicus	1
C17H12Br2O3	Odoribacter_splanchnicus	1
C19H18N3NaO5S	Odoribacter_splanchnicus	1
C14H12FNO3	Odoribacter_splanchnicus	1
C27H22Cl2N4	Odoribacter_splanchnicus	1
C21H28ClN3O7S	Odoribacter_splanchnicus	1
C16H15N5O7S2	Odoribacter_splanchnicus	1
C18H20FN3O4	Odoribacter_splanchnicus	1
C8H15N3O7	Odoribacter_splanchnicus	1
C29H38N4O10	Odoribacter_splanchnicus	1
C16H18FN3O3	Odoribacter_splanchnicus	1
C14H18N4O3	Odoribacter_splanchnicus	1
C22H19N4NaO8S2	Odoribacter_splanchnicus	1
C9H11FN2O5	Odoribacter_splanchnicus	1
C22H29N3O6S	Odoribacter_splanchnicus	1
C12H13ClN4	Odoribacter_splanchnicus	1
C32H41NO2	Odoribacter_splanchnicus	1
C27H30ClNO11	Odoribacter_splanchnicus	1
C18H22O2	Odoribacter_splanchnicus	1
C17H20FN3O3	Odoribacter_splanchnicus	1
C7H11ClN2O2S	Odoribacter_splanchnicus	1
C18H18O2	Odoribacter_splanchnicus	1
C15H16ClN3O5S	Odoribacter_splanchnicus	1
C75H70N6O6	Odoribacter_splanchnicus	1
C18H20O2	Odoribacter_splanchnicus	1
C10H12N4O5S	Odoribacter_splanchnicus	1
C14H9I3O4	Odoribacter_splanchnicus	1
C17H17ClF6N2O	Odoribacter_splanchnicus	1
C10H13N5O4	Odoribacter_splanchnicus	1
C10H11F3N2O5	Odoribacter_splanchnicus	1
C14H10O3	Odoribacter_splanchnicus	1
C17H21ClN2S	Odoribacter_splanchnicus	1
C19H25ClN2S	Odoribacter_splanchnicus	1
C14H9ClF3NO2	Odoribacter_splanchnicus	1
C14H12ClNO2	Odoribacter_splanchnicus	1
C24H28N2O4S2	Odoribacter_splanchnicus	1
C19H12O6	Odoribacter_splanchnicus	1
C20H24ClNS	Odoribacter_splanchnicus	1
C13H17N5O8S2	Odoribacter_splanchnicus	1
C22H26ClN3O4S	Odoribacter_splanchnicus	1
C22H24ClN3O5	Odoribacter_splanchnicus	1
C40H50N4O6S2	Odoribacter_splanchnicus	1
C18H14F3N3O4S	Odoribacter_splanchnicus	1
C23H36Cl3N3O3	Odoribacter_splanchnicus	1
C9H11IN2O5	Odoribacter_splanchnicus	1
C8H11NO5S	Odoribacter_splanchnicus	1
C39H54N6O8S	Odoribacter_splanchnicus	1
C14H10F3NO2	Odoribacter_splanchnicus	1
C25H29N3O2	Odoribacter_splanchnicus	1
C21H28F3N3O7	Odoribacter_splanchnicus	1
C6H6N6O2	Odoribacter_splanchnicus	1
C14H9N4NaO5	Odoribacter_splanchnicus	1
C24H29N5O8S	Odoribacter_splanchnicus	1
C46H62N4O11	Parabacteroides_distasonis	1
C22H25ClN2O8	Parabacteroides_distasonis	1
C22H24Cl2N2O8	Parabacteroides_distasonis	1
C19H16ClF3N4O3	Parabacteroides_distasonis	1
C11H12Cl2N2O5	Parabacteroides_distasonis	1
C23H28ClN3O7	Parabacteroides_distasonis	1
C29H27ClN2O14S	Parabacteroides_distasonis	1
C21H22Cl2N2O8	Parabacteroides_distasonis	1
C22H23ClN2O8	Parabacteroides_distasonis	1
C22H30Cl2N10	Parabacteroides_distasonis	1
C17H21ClFN3O4	Parabacteroides_distasonis	1
C47H64N4O12	Parabacteroides_distasonis	1
C38H72N2O12	Parabacteroides_distasonis	1
C18H34Cl2N2O5S	Parabacteroides_distasonis	1
C38H69NO13	Parabacteroides_distasonis	1
C16H20FN3O4	Parabacteroides_distasonis	1
C21H24FN3O4	Parabacteroides_distasonis	1
C12H15Cl2NO5S	Parabacteroides_distasonis	1
C22H28N2O11	Parabacteroides_distasonis	1
C43H58N4O12	Parabacteroides_distasonis	1
C8H7N3O5	Parabacteroides_distasonis	1
C11H10N4O4	Parabacteroides_distasonis	1
C16H17N2NaO4S	Parabacteroides_distasonis	1
C19H21FN2O4	Parabacteroides_distasonis	1
C19H22FN3O4	Parabacteroides_distasonis	1
C20H17F2N3O3	Parabacteroides_distasonis	1
C43H51N3O11	Parabacteroides_distasonis	1
C13H17ClN4O6	Parabacteroides_distasonis	1
C17H25N3O5S	Parabacteroides_distasonis	1
C37H67NO13	Parabacteroides_distasonis	1
C42H69NO15	Parabacteroides_distasonis	1
C18H35ClN2O6S	Parabacteroides_distasonis	1
C14H13N8NaO4S3	Parabacteroides_distasonis	1
C23H26N5NaO7S	Parabacteroides_distasonis	1
C41H76N2O15	Parabacteroides_distasonis	1
C13H6Cl6O2	Parabacteroides_distasonis	1
C26H58Cl2N10	Parabacteroides_distasonis	1
C46H77NO17	Parabacteroides_distasonis	1
C31H35N2NaO11	Parabacteroides_distasonis	1
C15H14N2Na2O6S2	Parabacteroides_distasonis	1
C42H78N2O14	Parabacteroides_distasonis	1
C43H74N2O14	Parabacteroides_distasonis	1
C13H8Cl2N2O4	Parabacteroides_distasonis	1
C9H9HgNaO2S	Parabacteroides_distasonis	1
C20H35AuO9PS	Parabacteroides_distasonis	1
C22H14Cl2I2N2O2	Parabacteroides_distasonis	1
C48H56N6O8S2	Parabacteroides_distasonis	1
C16H25N3O7S	Parabacteroides_distasonis	1
C16H16N5NaO7S2	Parabacteroides_distasonis	1
C25H31N9O10S2	Parabacteroides_distasonis	1
C16H19N3O5S	Parabacteroides_distasonis	1
C31H47NaO6	Parabacteroides_distasonis	1
C6H6N4O4	Parabacteroides_distasonis	1
C27H42ClNO2	Parabacteroides_distasonis	1
C6H8N4O4	Parabacteroides_distasonis	1
C24H24ClN3O6S	Parabacteroides_distasonis	1
C19H22F2N4O3	Parabacteroides_distasonis	1
C16H15N2NaO6S2	Parabacteroides_distasonis	1
C8H13N3O4S	Parabacteroides_distasonis	1
C14H13N5O5S2	Parabacteroides_distasonis	1
C7H10ClN3O3	Parabacteroides_distasonis	1
C41H67NO15	Parabacteroides_distasonis	1
C20H21N7O6S2	Parabacteroides_distasonis	1
C17H19KN2O5S	Parabacteroides_distasonis	1
C6H9N3O3	Parabacteroides_distasonis	1
C16H16N3NaO7S2	Parabacteroides_distasonis	1
C10H13N3O5S	Parabacteroides_distasonis	1
C7H11N3O3	Parabacteroides_distasonis	1
C28H44ClNO2	Parabacteroides_distasonis	1
C19H12O8	Parabacteroides_distasonis	1
C36H61NaO11	Parabacteroides_distasonis	1
C23H36N4O10S2	Parabacteroides_distasonis	1
C20H9Br2HgNa2O6	Parabacteroides_distasonis	1
C8H6N4O5	Parabacteroides_distasonis	1
C16H15N4NaO8S	Parabacteroides_distasonis	1
C20H18N6Na2O9S	Parabacteroides_distasonis	1
C13H9NOSe	Parabacteroides_distasonis	1
C19H28Cl2N6O6S2	Parabacteroides_distasonis	1
C17H17N7O8S4	Parabacteroides_distasonis	1
C20H22N5NaO6S	Parabacteroides_distasonis	1
C66H103N17O16S	Parabacteroides_distasonis	1
C27H30ClNO10	Parabacteroides_distasonis	1
C15H16N7NaO5S3	Parabacteroides_distasonis	1
C12H7Cl3O2	Parabacteroides_distasonis	1
C30H40Cl2N4	Parabacteroides_distasonis	1
C15H17FN4O3	Parabacteroides_distasonis	1
C16H16ClN3O4	Parabacteroides_distasonis	1
C18H14Cl4N2O	Parabacteroides_distasonis	1
C22H17ClN2	Parabacteroides_distasonis	1
C17H20ClF2N3O3	Parabacteroides_distasonis	1
C22H32N6O12S2	Parabacteroides_distasonis	1
C4H3FN2O2	Parabacteroides_distasonis	1
C17H12Br2O3	Parabacteroides_distasonis	1
C16H15N5O7S2	Parabacteroides_distasonis	1
C16H13Cl3N2OS	Parabacteroides_distasonis	1
C28H41N3O3	Parabacteroides_distasonis	1
C18H16Cl3N3O4	Parabacteroides_distasonis	1
C32H55BrN4O	Parabacteroides_distasonis	1
C18H20FN3O4	Parabacteroides_distasonis	1
C8H15N3O7	Parabacteroides_distasonis	1
C29H38N4O10	Parabacteroides_distasonis	1
C9H11FN2O5	Parabacteroides_distasonis	1
C32H41NO2	Parabacteroides_distasonis	1
C27H30ClNO11	Parabacteroides_distasonis	1
C18H22O2	Parabacteroides_distasonis	1
C7H11ClN2O2S	Parabacteroides_distasonis	1
C18H18O2	Parabacteroides_distasonis	1
C31H33N3O6S	Parabacteroides_distasonis	1
C18H19Cl2NO4	Parabacteroides_distasonis	1
C32H37NO8	Parabacteroides_distasonis	1
C18H20O2	Parabacteroides_distasonis	1
C14H9I3O4	Parabacteroides_distasonis	1
C24H35ClN2O	Parabacteroides_distasonis	1
C17H17ClF6N2O	Parabacteroides_distasonis	1
C21H27ClN2S2	Parabacteroides_distasonis	1
C17H21ClN2S	Parabacteroides_distasonis	1
C19H25ClN2S	Parabacteroides_distasonis	1
C14H9ClF3NO2	Parabacteroides_distasonis	1
C23H21F7N4O3	Parabacteroides_distasonis	1
C14H12ClNO2	Parabacteroides_distasonis	1
C24H28N2O4S2	Parabacteroides_distasonis	1
C19H12O6	Parabacteroides_distasonis	1
C26H28ClNO	Parabacteroides_distasonis	1
C24H26ClFN4O	Parabacteroides_distasonis	1
C20H24ClNS	Parabacteroides_distasonis	1
C35H36ClNO3S	Parabacteroides_distasonis	1
C18H19Cl2NS	Parabacteroides_distasonis	1
C22H26ClN3O4S	Parabacteroides_distasonis	1
C22H24ClN3O5	Parabacteroides_distasonis	1
C18H18ClNOS	Parabacteroides_distasonis	1
C28H29F2N3O	Parabacteroides_distasonis	1
C40H50N4O6S2	Parabacteroides_distasonis	1
C22H27Cl3N2OS	Parabacteroides_distasonis	1
C18H14F3N3O4S	Parabacteroides_distasonis	1
C23H28ClN	Parabacteroides_distasonis	1
C23H23NO4S	Parabacteroides_distasonis	1
C21H26Cl2F3N3S	Parabacteroides_distasonis	1
C28H32ClN3O8S	Parabacteroides_distasonis	1
C17H20Cl2N2S	Parabacteroides_distasonis	1
C23H36Cl3N3O3	Parabacteroides_distasonis	1
C27H28N2O7	Parabacteroides_distasonis	1
C14H12Cl2NNaO3	Parabacteroides_distasonis	1
C22H28Cl2F3N3OS	Parabacteroides_distasonis	1
C21H26ClN3OS	Parabacteroides_distasonis	1
C33H30N4O2	Parabacteroides_distasonis	1
C14H10F3NO2	Parabacteroides_distasonis	1
C20H28Cl3N3O3	Parabacteroides_distasonis	1
C23H27Cl2N3O2	Parabacteroides_distasonis	1
C21H34O5	Parabacteroides_distasonis	1
C25H38O5	Parabacteroides_distasonis	1
C18H18F3NO4	Parabacteroides_distasonis	1
C14H10Cl4	Parabacteroides_distasonis	1
C9H14ClNO3	Parabacteroides_distasonis	1
C10H7KN6O	Parabacteroides_distasonis	1
C17H20ClNO3	Parabacteroides_distasonis	1
C46H62N4O11	Parabacteroides_merdae	1
C22H25ClN2O8	Parabacteroides_merdae	1
C22H24Cl2N2O8	Parabacteroides_merdae	1
C19H16ClF3N4O3	Parabacteroides_merdae	1
C11H12Cl2N2O5	Parabacteroides_merdae	1
C23H28ClN3O7	Parabacteroides_merdae	1
C29H27ClN2O14S	Parabacteroides_merdae	1
C21H22Cl2N2O8	Parabacteroides_merdae	1
C22H23ClN2O8	Parabacteroides_merdae	1
C22H30Cl2N10	Parabacteroides_merdae	1
C17H21ClFN3O4	Parabacteroides_merdae	1
C47H64N4O12	Parabacteroides_merdae	1
C38H72N2O12	Parabacteroides_merdae	1
C18H34Cl2N2O5S	Parabacteroides_merdae	1
C38H69NO13	Parabacteroides_merdae	1
C16H20FN3O4	Parabacteroides_merdae	1
C21H24FN3O4	Parabacteroides_merdae	1
C12H15Cl2NO5S	Parabacteroides_merdae	1
C22H28N2O11	Parabacteroides_merdae	1
C43H58N4O12	Parabacteroides_merdae	1
C8H7N3O5	Parabacteroides_merdae	1
C11H10N4O4	Parabacteroides_merdae	1
C16H17N2NaO4S	Parabacteroides_merdae	1
C19H21FN2O4	Parabacteroides_merdae	1
C19H22FN3O4	Parabacteroides_merdae	1
C20H17F2N3O3	Parabacteroides_merdae	1
C43H51N3O11	Parabacteroides_merdae	1
C13H17ClN4O6	Parabacteroides_merdae	1
C17H25N3O5S	Parabacteroides_merdae	1
C37H67NO13	Parabacteroides_merdae	1
C42H69NO15	Parabacteroides_merdae	1
C18H35ClN2O6S	Parabacteroides_merdae	1
C14H13N8NaO4S3	Parabacteroides_merdae	1
C23H26N5NaO7S	Parabacteroides_merdae	1
C41H76N2O15	Parabacteroides_merdae	1
C13H6Cl6O2	Parabacteroides_merdae	1
C26H58Cl2N10	Parabacteroides_merdae	1
C46H77NO17	Parabacteroides_merdae	1
C31H35N2NaO11	Parabacteroides_merdae	1
C15H14N2Na2O6S2	Parabacteroides_merdae	1
C42H78N2O14	Parabacteroides_merdae	1
C43H74N2O14	Parabacteroides_merdae	1
C13H8Cl2N2O4	Parabacteroides_merdae	1
C9H9HgNaO2S	Parabacteroides_merdae	1
C20H35AuO9PS	Parabacteroides_merdae	1
C22H14Cl2I2N2O2	Parabacteroides_merdae	1
C48H56N6O8S2	Parabacteroides_merdae	1
C16H25N3O7S	Parabacteroides_merdae	1
C16H16N5NaO7S2	Parabacteroides_merdae	1
C16H19N3O5S	Parabacteroides_merdae	1
C31H47NaO6	Parabacteroides_merdae	1
C6H6N4O4	Parabacteroides_merdae	1
C27H42ClNO2	Parabacteroides_merdae	1
C6H8N4O4	Parabacteroides_merdae	1
C24H24ClN3O6S	Parabacteroides_merdae	1
C19H22F2N4O3	Parabacteroides_merdae	1
C16H15N2NaO6S2	Parabacteroides_merdae	1
C8H13N3O4S	Parabacteroides_merdae	1
C14H13N5O5S2	Parabacteroides_merdae	1
C7H10ClN3O3	Parabacteroides_merdae	1
C41H67NO15	Parabacteroides_merdae	1
C20H21N7O6S2	Parabacteroides_merdae	1
C17H19KN2O5S	Parabacteroides_merdae	1
C6H9N3O3	Parabacteroides_merdae	1
C16H16N3NaO7S2	Parabacteroides_merdae	1
C10H13N3O5S	Parabacteroides_merdae	1
C7H11N3O3	Parabacteroides_merdae	1
C28H44ClNO2	Parabacteroides_merdae	1
C19H12O8	Parabacteroides_merdae	1
C36H61NaO11	Parabacteroides_merdae	1
C9H5Cl2NO	Parabacteroides_merdae	1
C23H36N4O10S2	Parabacteroides_merdae	1
C20H9Br2HgNa2O6	Parabacteroides_merdae	1
C16H15N4NaO8S	Parabacteroides_merdae	1
C13H9NOSe	Parabacteroides_merdae	1
C19H28Cl2N6O6S2	Parabacteroides_merdae	1
C19H18Cl2N3NaO6S	Parabacteroides_merdae	1
C17H17N7O8S4	Parabacteroides_merdae	1
C66H76Cl3N9O24	Parabacteroides_merdae	1
C20H22N5NaO6S	Parabacteroides_merdae	1
C66H103N17O16S	Parabacteroides_merdae	1
C27H30ClNO10	Parabacteroides_merdae	1
C18H25Cl2N9O4S3	Parabacteroides_merdae	1
C9H5ClINO	Parabacteroides_merdae	1
C12H7Cl3O2	Parabacteroides_merdae	1
C30H40Cl2N4	Parabacteroides_merdae	1
C19H16ClFN3NaO5S	Parabacteroides_merdae	1
C16H16ClN3O4	Parabacteroides_merdae	1
C18H14Cl4N2O	Parabacteroides_merdae	1
C22H17ClN2	Parabacteroides_merdae	1
C19H17ClN3NaO5S	Parabacteroides_merdae	1
C17H20ClF2N3O3	Parabacteroides_merdae	1
C22H32N6O12S2	Parabacteroides_merdae	1
C4H3FN2O2	Parabacteroides_merdae	1
C17H12Br2O3	Parabacteroides_merdae	1
C21H28ClN3O7S	Parabacteroides_merdae	1
C16H15N5O7S2	Parabacteroides_merdae	1
C16H13Cl3N2OS	Parabacteroides_merdae	1
C18H16Cl3N3O4	Parabacteroides_merdae	1
C32H55BrN4O	Parabacteroides_merdae	1
C18H20FN3O4	Parabacteroides_merdae	1
C18H14Cl4N4O4	Parabacteroides_merdae	1
C22H18N2	Parabacteroides_merdae	1
C32H41NO2	Parabacteroides_merdae	1
C18H22O2	Parabacteroides_merdae	1
C18H18O2	Parabacteroides_merdae	1
C31H33N3O6S	Parabacteroides_merdae	1
C18H19Cl2NO4	Parabacteroides_merdae	1
C32H37NO8	Parabacteroides_merdae	1
C75H70N6O6	Parabacteroides_merdae	1
C18H20O2	Parabacteroides_merdae	1
C10H12N4O5S	Parabacteroides_merdae	1
C14H9I3O4	Parabacteroides_merdae	1
C24H35ClN2O	Parabacteroides_merdae	1
C21H27ClN2S2	Parabacteroides_merdae	1
C14H10O3	Parabacteroides_merdae	1
C23H32O3	Parabacteroides_merdae	1
C17H21ClN2S	Parabacteroides_merdae	1
C19H25ClN2S	Parabacteroides_merdae	1
C14H9ClF3NO2	Parabacteroides_merdae	1
C14H12ClNO2	Parabacteroides_merdae	1
C19H12O6	Parabacteroides_merdae	1
C24H26ClFN4O	Parabacteroides_merdae	1
C20H24ClNS	Parabacteroides_merdae	1
C18H19Cl2NS	Parabacteroides_merdae	1
C19H22ClN	Parabacteroides_merdae	1
C22H26ClN3O4S	Parabacteroides_merdae	1
C22H24ClN3O5	Parabacteroides_merdae	1
C40H50N4O6S2	Parabacteroides_merdae	1
C18H14F3N3O4S	Parabacteroides_merdae	1
C23H28ClN	Parabacteroides_merdae	1
C23H23NO4S	Parabacteroides_merdae	1
C17H20Cl2N2S	Parabacteroides_merdae	1
C27H28N2O7	Parabacteroides_merdae	1
C14H12Cl2NNaO3	Parabacteroides_merdae	1
C12H10N2O5	Parabacteroides_merdae	1
C14H10F3NO2	Parabacteroides_merdae	1
C20H28Cl3N3O3	Parabacteroides_merdae	1
C8H12N4O5	Parabacteroides_merdae	1
C29H35NO2	Parabacteroides_merdae	1
C6H8N2O8	Parabacteroides_merdae	1
C17H16ClN3O	Parabacteroides_merdae	1
C9H14ClNO3	Parabacteroides_merdae	1
C10H7KN6O	Parabacteroides_merdae	1
C26H30ClN3O6	Parabacteroides_merdae	1
C24H31N3O	Parabacteroides_merdae	1
C11H15N5O4	Parabacteroides_merdae	1
C46H62N4O11	Prevotella_copri	1
C22H25ClN2O8	Prevotella_copri	1
C22H24Cl2N2O8	Prevotella_copri	1
C19H16ClF3N4O3	Prevotella_copri	1
C11H12Cl2N2O5	Prevotella_copri	1
C23H28ClN3O7	Prevotella_copri	1
C29H27ClN2O14S	Prevotella_copri	1
C21H22Cl2N2O8	Prevotella_copri	1
C22H23ClN2O8	Prevotella_copri	1
C22H30Cl2N10	Prevotella_copri	1
C17H21ClFN3O4	Prevotella_copri	1
C47H64N4O12	Prevotella_copri	1
C38H72N2O12	Prevotella_copri	1
C18H34Cl2N2O5S	Prevotella_copri	1
C38H69NO13	Prevotella_copri	1
C16H20FN3O4	Prevotella_copri	1
C21H24FN3O4	Prevotella_copri	1
C43H58N4O12	Prevotella_copri	1
C8H7N3O5	Prevotella_copri	1
C11H10N4O4	Prevotella_copri	1
C16H17N2NaO4S	Prevotella_copri	1
C19H21FN2O4	Prevotella_copri	1
C19H22FN3O4	Prevotella_copri	1
C20H17F2N3O3	Prevotella_copri	1
C43H51N3O11	Prevotella_copri	1
C13H17ClN4O6	Prevotella_copri	1
C17H25N3O5S	Prevotella_copri	1
C37H67NO13	Prevotella_copri	1
C42H69NO15	Prevotella_copri	1
C18H35ClN2O6S	Prevotella_copri	1
C14H13N8NaO4S3	Prevotella_copri	1
C23H26N5NaO7S	Prevotella_copri	1
C41H76N2O15	Prevotella_copri	1
C13H6Cl6O2	Prevotella_copri	1
C26H58Cl2N10	Prevotella_copri	1
C46H77NO17	Prevotella_copri	1
C31H35N2NaO11	Prevotella_copri	1
C15H14N2Na2O6S2	Prevotella_copri	1
C43H74N2O14	Prevotella_copri	1
C13H8Cl2N2O4	Prevotella_copri	1
C9H9HgNaO2S	Prevotella_copri	1
C20H35AuO9PS	Prevotella_copri	1
C22H14Cl2I2N2O2	Prevotella_copri	1
C48H56N6O8S2	Prevotella_copri	1
C16H25N3O7S	Prevotella_copri	1
C16H16N5NaO7S2	Prevotella_copri	1
C25H31N9O10S2	Prevotella_copri	1
C16H19N3O5S	Prevotella_copri	1
C31H47NaO6	Prevotella_copri	1
C6H6N4O4	Prevotella_copri	1
C27H42ClNO2	Prevotella_copri	1
C6H8N4O4	Prevotella_copri	1
C24H24ClN3O6S	Prevotella_copri	1
C19H22F2N4O3	Prevotella_copri	1
C16H15N2NaO6S2	Prevotella_copri	1
C8H13N3O4S	Prevotella_copri	1
C14H13N5O5S2	Prevotella_copri	1
C7H10ClN3O3	Prevotella_copri	1
C41H67NO15	Prevotella_copri	1
C20H21N7O6S2	Prevotella_copri	1
C12H17N3O4S	Prevotella_copri	1
C17H19KN2O5S	Prevotella_copri	1
C6H9N3O3	Prevotella_copri	1
C16H16N3NaO7S2	Prevotella_copri	1
C10H13N3O5S	Prevotella_copri	1
C7H11N3O3	Prevotella_copri	1
C28H44ClNO2	Prevotella_copri	1
C19H12O8	Prevotella_copri	1
C36H61NaO11	Prevotella_copri	1
C9H5Cl2NO	Prevotella_copri	1
C23H36N4O10S2	Prevotella_copri	1
C20H9Br2HgNa2O6	Prevotella_copri	1
C8H6N4O5	Prevotella_copri	1
C16H15N4NaO8S	Prevotella_copri	1
C20H18N6Na2O9S	Prevotella_copri	1
C13H9NOSe	Prevotella_copri	1
C19H28Cl2N6O6S2	Prevotella_copri	1
C19H18Cl2N3NaO6S	Prevotella_copri	1
C17H17N7O8S4	Prevotella_copri	1
C66H76Cl3N9O24	Prevotella_copri	1
C20H22N5NaO6S	Prevotella_copri	1
C66H103N17O16S	Prevotella_copri	1
C27H30ClNO10	Prevotella_copri	1
C18H25Cl2N9O4S3	Prevotella_copri	1
C15H16N7NaO5S3	Prevotella_copri	1
C9H5ClINO	Prevotella_copri	1
C12H7Cl3O2	Prevotella_copri	1
C19H16ClFN3NaO5S	Prevotella_copri	1
C15H17FN4O3	Prevotella_copri	1
C16H16ClN3O4	Prevotella_copri	1
C18H14Cl4N2O	Prevotella_copri	1
C22H17ClN2	Prevotella_copri	1
C19H17ClN3NaO5S	Prevotella_copri	1
C22H32N6O12S2	Prevotella_copri	1
C21H23N2NaO6S	Prevotella_copri	1
C17H12Br2O3	Prevotella_copri	1
C19H18N3NaO5S	Prevotella_copri	1
C14H12FNO3	Prevotella_copri	1
C21H28ClN3O7S	Prevotella_copri	1
C16H15N5O7S2	Prevotella_copri	1
C16H13Cl3N2OS	Prevotella_copri	1
C28H41N3O3	Prevotella_copri	1
C18H16Cl3N3O4	Prevotella_copri	1
C32H55BrN4O	Prevotella_copri	1
C22H19N4NaO8S2	Prevotella_copri	1
C9H11FN2O5	Prevotella_copri	1
C22H18N2	Prevotella_copri	1
C32H41NO2	Prevotella_copri	1
C18H22O2	Prevotella_copri	1
C18H18O2	Prevotella_copri	1
C31H33N3O6S	Prevotella_copri	1
C18H19Cl2NO4	Prevotella_copri	1
C32H37NO8	Prevotella_copri	1
C20H16Cl3N3O4S	Prevotella_copri	1
C18H20O2	Prevotella_copri	1
C10H12N4O5S	Prevotella_copri	1
C17H17ClF6N2O	Prevotella_copri	1
C24H27NO5S	Prevotella_copri	1
C21H27ClN2S2	Prevotella_copri	1
C23H39NO4	Prevotella_copri	1
C10H11F3N2O5	Prevotella_copri	1
C23H32O3	Prevotella_copri	1
C14H9ClF3NO2	Prevotella_copri	1
C28H31FN4O	Prevotella_copri	1
C24H28N2O4S2	Prevotella_copri	1
C25H30ClI2NO3	Prevotella_copri	1
C26H28ClNO	Prevotella_copri	1
C24H26ClFN4O	Prevotella_copri	1
C23H26ClN	Prevotella_copri	1
C18H19Cl2NS	Prevotella_copri	1
C13H17N5O8S2	Prevotella_copri	1
C18H18ClNOS	Prevotella_copri	1
C28H29F2N3O	Prevotella_copri	1
C9H7N7O2S	Prevotella_copri	1
C22H27Cl3N2OS	Prevotella_copri	1
C18H14F3N3O4S	Prevotella_copri	1
C21H26Cl2F3N3S	Prevotella_copri	1
C28H32ClN3O8S	Prevotella_copri	1
C9H11IN2O5	Prevotella_copri	1
C22H28Cl2F3N3OS	Prevotella_copri	1
C8H11NO5S	Prevotella_copri	1
C9H4Cl3IO	Prevotella_copri	1
C30H41N3O10S2	Prevotella_copri	1
C5H4N4S	Prevotella_copri	1
C17H17Cl2N	Prevotella_copri	1
C23H27Cl2N3O2	Prevotella_copri	1
C10H12ClN5O3	Prevotella_copri	1
C6H8N2O8	Prevotella_copri	1
C9H11F2N3O4	Prevotella_copri	1
C11H12I3NO2	Prevotella_copri	1
C25H33Cl2N5O2	Prevotella_copri	1
C19H24Cl2N2	Prevotella_copri	1
C46H62N4O11	Roseburia_hominis	1
C22H25ClN2O8	Roseburia_hominis	1
C22H24Cl2N2O8	Roseburia_hominis	1
C19H16ClF3N4O3	Roseburia_hominis	1
C11H12Cl2N2O5	Roseburia_hominis	1
C23H28ClN3O7	Roseburia_hominis	1
C29H27ClN2O14S	Roseburia_hominis	1
C21H22Cl2N2O8	Roseburia_hominis	1
C22H23ClN2O8	Roseburia_hominis	1
C22H30Cl2N10	Roseburia_hominis	1
C17H21ClFN3O4	Roseburia_hominis	1
C47H64N4O12	Roseburia_hominis	1
C38H72N2O12	Roseburia_hominis	1
C18H34Cl2N2O5S	Roseburia_hominis	1
C38H69NO13	Roseburia_hominis	1
C16H20FN3O4	Roseburia_hominis	1
C21H24FN3O4	Roseburia_hominis	1
C12H15Cl2NO5S	Roseburia_hominis	1
C22H28N2O11	Roseburia_hominis	1
C43H58N4O12	Roseburia_hominis	1
C8H7N3O5	Roseburia_hominis	1
C11H10N4O4	Roseburia_hominis	1
C16H17N2NaO4S	Roseburia_hominis	1
C19H21FN2O4	Roseburia_hominis	1
C19H22FN3O4	Roseburia_hominis	1
C43H51N3O11	Roseburia_hominis	1
C13H17ClN4O6	Roseburia_hominis	1
C17H25N3O5S	Roseburia_hominis	1
C37H67NO13	Roseburia_hominis	1
C42H69NO15	Roseburia_hominis	1
C18H35ClN2O6S	Roseburia_hominis	1
C14H13N8NaO4S3	Roseburia_hominis	1
C23H26N5NaO7S	Roseburia_hominis	1
C41H76N2O15	Roseburia_hominis	1
C26H58Cl2N10	Roseburia_hominis	1
C46H77NO17	Roseburia_hominis	1
C31H35N2NaO11	Roseburia_hominis	1
C15H14N2Na2O6S2	Roseburia_hominis	1
C42H78N2O14	Roseburia_hominis	1
C43H74N2O14	Roseburia_hominis	1
C13H8Cl2N2O4	Roseburia_hominis	1
C9H9HgNaO2S	Roseburia_hominis	1
C20H35AuO9PS	Roseburia_hominis	1
C48H56N6O8S2	Roseburia_hominis	1
C16H25N3O7S	Roseburia_hominis	1
C16H16N5NaO7S2	Roseburia_hominis	1
C25H31N9O10S2	Roseburia_hominis	1
C16H19N3O5S	Roseburia_hominis	1
C31H47NaO6	Roseburia_hominis	1
C6H6N4O4	Roseburia_hominis	1
C27H42ClNO2	Roseburia_hominis	1
C6H8N4O4	Roseburia_hominis	1
C24H24ClN3O6S	Roseburia_hominis	1
C16H15N2NaO6S2	Roseburia_hominis	1
C8H13N3O4S	Roseburia_hominis	1
C14H13N5O5S2	Roseburia_hominis	1
C7H10ClN3O3	Roseburia_hominis	1
C41H67NO15	Roseburia_hominis	1
C20H21N7O6S2	Roseburia_hominis	1
C12H17N3O4S	Roseburia_hominis	1
C17H19KN2O5S	Roseburia_hominis	1
C6H9N3O3	Roseburia_hominis	1
C16H16N3NaO7S2	Roseburia_hominis	1
C10H13N3O5S	Roseburia_hominis	1
C7H11N3O3	Roseburia_hominis	1
C28H44ClNO2	Roseburia_hominis	1
C19H12O8	Roseburia_hominis	1
C36H61NaO11	Roseburia_hominis	1
C9H5Cl2NO	Roseburia_hominis	1
C23H36N4O10S2	Roseburia_hominis	1
C20H9Br2HgNa2O6	Roseburia_hominis	1
C8H6N4O5	Roseburia_hominis	1
C16H15N4NaO8S	Roseburia_hominis	1
C20H18N6Na2O9S	Roseburia_hominis	1
C13H9NOSe	Roseburia_hominis	1
C19H28Cl2N6O6S2	Roseburia_hominis	1
C19H18Cl2N3NaO6S	Roseburia_hominis	1
C17H17N7O8S4	Roseburia_hominis	1
C66H76Cl3N9O24	Roseburia_hominis	1
C20H22N5NaO6S	Roseburia_hominis	1
C66H103N17O16S	Roseburia_hominis	1
C27H30ClNO10	Roseburia_hominis	1
C18H25Cl2N9O4S3	Roseburia_hominis	1
C15H16N7NaO5S3	Roseburia_hominis	1
C9H5ClINO	Roseburia_hominis	1
C30H40Cl2N4	Roseburia_hominis	1
C19H16ClFN3NaO5S	Roseburia_hominis	1
C16H16ClN3O4	Roseburia_hominis	1
C18H14Cl4N2O	Roseburia_hominis	1
C22H17ClN2	Roseburia_hominis	1
C19H17ClN3NaO5S	Roseburia_hominis	1
C22H32N6O12S2	Roseburia_hominis	1
C21H23N2NaO6S	Roseburia_hominis	1
C4H3FN2O2	Roseburia_hominis	1
C19H18N3NaO5S	Roseburia_hominis	1
C14H12FNO3	Roseburia_hominis	1
C27H22Cl2N4	Roseburia_hominis	1
C21H28ClN3O7S	Roseburia_hominis	1
C16H15N5O7S2	Roseburia_hominis	1
C16H13Cl3N2OS	Roseburia_hominis	1
C28H41N3O3	Roseburia_hominis	1
C18H16Cl3N3O4	Roseburia_hominis	1
C32H55BrN4O	Roseburia_hominis	1
C8H15N3O7	Roseburia_hominis	1
C22H19N4NaO8S2	Roseburia_hominis	1
C18H14Cl4N4O4	Roseburia_hominis	1
C9H11FN2O5	Roseburia_hominis	1
C22H29N3O6S	Roseburia_hominis	1
C22H18N2	Roseburia_hominis	1
C32H41NO2	Roseburia_hominis	1
C27H30ClNO11	Roseburia_hominis	1
C15H16ClN3O5S	Roseburia_hominis	1
C19H18Cl3N3O3S	Roseburia_hominis	1
C32H37NO8	Roseburia_hominis	1
C29H32O13	Roseburia_hominis	1
C20H16Cl3N3O4S	Roseburia_hominis	1
C75H70N6O6	Roseburia_hominis	1
C19H21Cl2N3	Roseburia_hominis	1
C18H16Cl3N3O3S	Roseburia_hominis	1
C17H17ClF6N2O	Roseburia_hominis	1
C21H27ClN2S2	Roseburia_hominis	1
C10H13N5O4	Roseburia_hominis	1
C20H22N8O5	Roseburia_hominis	1
C23H39NO4	Roseburia_hominis	1
C10H11F3N2O5	Roseburia_hominis	1
C23H21F7N4O3	Roseburia_hominis	1
C26H41Br2NO4	Roseburia_hominis	1
C24H28N2O4S2	Roseburia_hominis	1
C25H30ClI2NO3	Roseburia_hominis	1
C10H12N2O5S	Roseburia_hominis	1
C26H28ClNO	Roseburia_hominis	1
C24H26ClFN4O	Roseburia_hominis	1
C28H29F2N3O	Roseburia_hominis	1
C22H27Cl3N2OS	Roseburia_hominis	1
C21H26Cl2F3N3S	Roseburia_hominis	1
C28H32ClN3O8S	Roseburia_hominis	1
C27H34I2N4	Roseburia_hominis	1
C26H31Cl3F3NO	Roseburia_hominis	1
C23H36Cl3N3O3	Roseburia_hominis	1
C22H28Cl2F3N3OS	Roseburia_hominis	1
C62H111N11O12	Roseburia_hominis	1
C8H11NO5S	Roseburia_hominis	1
C39H54N6O8S	Roseburia_hominis	1
C21H26ClN3OS	Roseburia_hominis	1
C28H44ClNO3S	Roseburia_hominis	1
C16H17N3O5S	Roseburia_hominis	1
C20H25ClN2O5	Roseburia_hominis	1
C25H29N3O2	Roseburia_hominis	1
C32H52Br2N4O4	Roseburia_hominis	1
C46H62N4O11	Roseburia_intestinalis	1
C22H25ClN2O8	Roseburia_intestinalis	1
C22H24Cl2N2O8	Roseburia_intestinalis	1
C19H16ClF3N4O3	Roseburia_intestinalis	1
C11H12Cl2N2O5	Roseburia_intestinalis	1
C23H28ClN3O7	Roseburia_intestinalis	1
C29H27ClN2O14S	Roseburia_intestinalis	1
C21H22Cl2N2O8	Roseburia_intestinalis	1
C22H23ClN2O8	Roseburia_intestinalis	1
C22H30Cl2N10	Roseburia_intestinalis	1
C17H21ClFN3O4	Roseburia_intestinalis	1
C47H64N4O12	Roseburia_intestinalis	1
C38H72N2O12	Roseburia_intestinalis	1
C18H34Cl2N2O5S	Roseburia_intestinalis	1
C38H69NO13	Roseburia_intestinalis	1
C16H20FN3O4	Roseburia_intestinalis	1
C21H24FN3O4	Roseburia_intestinalis	1
C12H15Cl2NO5S	Roseburia_intestinalis	1
C22H28N2O11	Roseburia_intestinalis	1
C43H58N4O12	Roseburia_intestinalis	1
C8H7N3O5	Roseburia_intestinalis	1
C11H10N4O4	Roseburia_intestinalis	1
C16H17N2NaO4S	Roseburia_intestinalis	1
C19H21FN2O4	Roseburia_intestinalis	1
C19H22FN3O4	Roseburia_intestinalis	1
C20H17F2N3O3	Roseburia_intestinalis	1
C43H51N3O11	Roseburia_intestinalis	1
C13H17ClN4O6	Roseburia_intestinalis	1
C17H25N3O5S	Roseburia_intestinalis	1
C37H67NO13	Roseburia_intestinalis	1
C42H69NO15	Roseburia_intestinalis	1
C18H35ClN2O6S	Roseburia_intestinalis	1
C14H13N8NaO4S3	Roseburia_intestinalis	1
C23H26N5NaO7S	Roseburia_intestinalis	1
C41H76N2O15	Roseburia_intestinalis	1
C13H6Cl6O2	Roseburia_intestinalis	1
C26H58Cl2N10	Roseburia_intestinalis	1
C46H77NO17	Roseburia_intestinalis	1
C31H35N2NaO11	Roseburia_intestinalis	1
C15H14N2Na2O6S2	Roseburia_intestinalis	1
C42H78N2O14	Roseburia_intestinalis	1
C43H74N2O14	Roseburia_intestinalis	1
C13H8Cl2N2O4	Roseburia_intestinalis	1
C9H9HgNaO2S	Roseburia_intestinalis	1
C20H35AuO9PS	Roseburia_intestinalis	1
C22H14Cl2I2N2O2	Roseburia_intestinalis	1
C48H56N6O8S2	Roseburia_intestinalis	1
C16H25N3O7S	Roseburia_intestinalis	1
C16H16N5NaO7S2	Roseburia_intestinalis	1
C25H31N9O10S2	Roseburia_intestinalis	1
C16H19N3O5S	Roseburia_intestinalis	1
C31H47NaO6	Roseburia_intestinalis	1
C6H6N4O4	Roseburia_intestinalis	1
C27H42ClNO2	Roseburia_intestinalis	1
C6H8N4O4	Roseburia_intestinalis	1
C24H24ClN3O6S	Roseburia_intestinalis	1
C19H22F2N4O3	Roseburia_intestinalis	1
C16H15N2NaO6S2	Roseburia_intestinalis	1
C8H13N3O4S	Roseburia_intestinalis	1
C14H13N5O5S2	Roseburia_intestinalis	1
C7H10ClN3O3	Roseburia_intestinalis	1
C41H67NO15	Roseburia_intestinalis	1
C20H21N7O6S2	Roseburia_intestinalis	1
C12H17N3O4S	Roseburia_intestinalis	1
C17H19KN2O5S	Roseburia_intestinalis	1
C6H9N3O3	Roseburia_intestinalis	1
C16H16N3NaO7S2	Roseburia_intestinalis	1
C10H13N3O5S	Roseburia_intestinalis	1
C7H11N3O3	Roseburia_intestinalis	1
C28H44ClNO2	Roseburia_intestinalis	1
C19H12O8	Roseburia_intestinalis	1
C36H61NaO11	Roseburia_intestinalis	1
C9H5Cl2NO	Roseburia_intestinalis	1
C23H36N4O10S2	Roseburia_intestinalis	1
C20H9Br2HgNa2O6	Roseburia_intestinalis	1
C8H6N4O5	Roseburia_intestinalis	1
C16H15N4NaO8S	Roseburia_intestinalis	1
C20H18N6Na2O9S	Roseburia_intestinalis	1
C13H9NOSe	Roseburia_intestinalis	1
C19H28Cl2N6O6S2	Roseburia_intestinalis	1
C19H18Cl2N3NaO6S	Roseburia_intestinalis	1
C17H17N7O8S4	Roseburia_intestinalis	1
C66H76Cl3N9O24	Roseburia_intestinalis	1
C20H22N5NaO6S	Roseburia_intestinalis	1
C66H103N17O16S	Roseburia_intestinalis	1
C27H30ClNO10	Roseburia_intestinalis	1
C18H25Cl2N9O4S3	Roseburia_intestinalis	1
C15H16N7NaO5S3	Roseburia_intestinalis	1
C9H5ClINO	Roseburia_intestinalis	1
C12H7Cl3O2	Roseburia_intestinalis	1
C30H40Cl2N4	Roseburia_intestinalis	1
C19H16ClFN3NaO5S	Roseburia_intestinalis	1
C15H17FN4O3	Roseburia_intestinalis	1
C16H16ClN3O4	Roseburia_intestinalis	1
C18H14Cl4N2O	Roseburia_intestinalis	1
C22H17ClN2	Roseburia_intestinalis	1
C19H17ClN3NaO5S	Roseburia_intestinalis	1
C22H32N6O12S2	Roseburia_intestinalis	1
C21H23N2NaO6S	Roseburia_intestinalis	1
C4H3FN2O2	Roseburia_intestinalis	1
C17H12Br2O3	Roseburia_intestinalis	1
C19H18N3NaO5S	Roseburia_intestinalis	1
C14H12FNO3	Roseburia_intestinalis	1
C27H22Cl2N4	Roseburia_intestinalis	1
C21H28ClN3O7S	Roseburia_intestinalis	1
C16H15N5O7S2	Roseburia_intestinalis	1
C16H13Cl3N2OS	Roseburia_intestinalis	1
C28H41N3O3	Roseburia_intestinalis	1
C18H16Cl3N3O4	Roseburia_intestinalis	1
C32H55BrN4O	Roseburia_intestinalis	1
C8H15N3O7	Roseburia_intestinalis	1
C22H19N4NaO8S2	Roseburia_intestinalis	1
C18H14Cl4N4O4	Roseburia_intestinalis	1
C22H29N3O6S	Roseburia_intestinalis	1
C22H18N2	Roseburia_intestinalis	1
C32H41NO2	Roseburia_intestinalis	1
C27H30ClNO11	Roseburia_intestinalis	1
C18H22O2	Roseburia_intestinalis	1
C7H11ClN2O2S	Roseburia_intestinalis	1
C18H18O2	Roseburia_intestinalis	1
C15H16ClN3O5S	Roseburia_intestinalis	1
C19H18Cl3N3O3S	Roseburia_intestinalis	1
C31H33N3O6S	Roseburia_intestinalis	1
C18H19Cl2NO4	Roseburia_intestinalis	1
C32H37NO8	Roseburia_intestinalis	1
C29H32O13	Roseburia_intestinalis	1
C20H16Cl3N3O4S	Roseburia_intestinalis	1
C22H23ClN2O2	Roseburia_intestinalis	1
C19H21Cl2N3	Roseburia_intestinalis	1
C18H16Cl3N3O3S	Roseburia_intestinalis	1
C14H9I3O4	Roseburia_intestinalis	1
C24H35ClN2O	Roseburia_intestinalis	1
C17H17ClF6N2O	Roseburia_intestinalis	1
C24H27NO5S	Roseburia_intestinalis	1
C21H27ClN2S2	Roseburia_intestinalis	1
C14H14Cl2N2O	Roseburia_intestinalis	1
C23H39NO4	Roseburia_intestinalis	1
C22H45N5O14	Roseburia_intestinalis	1
C18H37N5O9	Roseburia_intestinalis	1
C48H72O14	Roseburia_intestinalis	1
C26H28Cl2N4O4	Roseburia_intestinalis	1
C28H31FN4O	Roseburia_intestinalis	1
C23H21F7N4O3	Roseburia_intestinalis	1
C26H41Br2NO4	Roseburia_intestinalis	1
C24H28N2O4S2	Roseburia_intestinalis	1
C25H30ClI2NO3	Roseburia_intestinalis	1
C21H32N2O	Roseburia_intestinalis	1
C26H28ClNO	Roseburia_intestinalis	1
C24H26ClFN4O	Roseburia_intestinalis	1
C35H36ClNO3S	Roseburia_intestinalis	1
C22H24ClFN4O3	Roseburia_intestinalis	1
C23H26ClN	Roseburia_intestinalis	1
C25H29Cl3N2	Roseburia_intestinalis	1
C16H14F3N3O2S	Roseburia_intestinalis	1
C27H44O2	Roseburia_intestinalis	1
C28H29F2N3O	Roseburia_intestinalis	1
C17H19N3O3S	Roseburia_intestinalis	1
C18H14F3N3O4S	Roseburia_intestinalis	1
C21H41N5O11	Roseburia_intestinalis	1
C23H28ClN	Roseburia_intestinalis	1
C21H45N3	Roseburia_intestinalis	1
C10H12O	Roseburia_intestinalis	1
C26H33NO6	Roseburia_intestinalis	1
C18H20N3NaO3S	Roseburia_intestinalis	1
C21H26Cl2F3N3S	Roseburia_intestinalis	1
C14H26Cl2N2O7	Roseburia_intestinalis	1
C19H17NOS	Roseburia_intestinalis	1
C95H146O28	Roseburia_intestinalis	1
C26H31Cl3F3NO	Roseburia_intestinalis	1
C22H28Cl2F3N3OS	Roseburia_intestinalis	1
C27H33NO3	Roseburia_intestinalis	1
C24H30ClNO4	Roseburia_intestinalis	1
C13H17N3O2	Roseburia_intestinalis	1
C42H88N14O36S3	Roseburia_intestinalis	1
C14H16N2O2	Roseburia_intestinalis	1
C30H41N3O10S2	Roseburia_intestinalis	1
C22H25Cl2N3O	Roseburia_intestinalis	1
C23H32N6O4S	Roseburia_intestinalis	1
C28H44ClNO3S	Roseburia_intestinalis	1
C16H18N4O3S	Roseburia_intestinalis	1
C60H125N15O25S	Roseburia_intestinalis	1
C11H14N4O2	Roseburia_intestinalis	1
C28H34Cl2F2N2O	Roseburia_intestinalis	1
C19H26I3N3O9	Roseburia_intestinalis	1
C25H38O5	Roseburia_intestinalis	1
C38H84N10O34S5	Roseburia_intestinalis	1
C14H10Cl4	Roseburia_intestinalis	1
C8H6ClF3N2OS	Roseburia_intestinalis	1
C29H31F2N3O	Roseburia_intestinalis	1
C23H31NO3	Roseburia_intestinalis	1
C26H28Cl2F2N2	Roseburia_intestinalis	1
C46H62N4O11	Ruminococcus_bromii	1
C22H25ClN2O8	Ruminococcus_bromii	1
C22H24Cl2N2O8	Ruminococcus_bromii	1
C19H16ClF3N4O3	Ruminococcus_bromii	1
C11H12Cl2N2O5	Ruminococcus_bromii	1
C23H28ClN3O7	Ruminococcus_bromii	1
C29H27ClN2O14S	Ruminococcus_bromii	1
C21H22Cl2N2O8	Ruminococcus_bromii	1
C22H23ClN2O8	Ruminococcus_bromii	1
C22H30Cl2N10	Ruminococcus_bromii	1
C17H21ClFN3O4	Ruminococcus_bromii	1
C47H64N4O12	Ruminococcus_bromii	1
C38H72N2O12	Ruminococcus_bromii	1
C18H34Cl2N2O5S	Ruminococcus_bromii	1
C38H69NO13	Ruminococcus_bromii	1
C16H20FN3O4	Ruminococcus_bromii	1
C21H24FN3O4	Ruminococcus_bromii	1
C12H15Cl2NO5S	Ruminococcus_bromii	1
C22H28N2O11	Ruminococcus_bromii	1
C43H58N4O12	Ruminococcus_bromii	1
C8H7N3O5	Ruminococcus_bromii	1
C11H10N4O4	Ruminococcus_bromii	1
C16H17N2NaO4S	Ruminococcus_bromii	1
C19H21FN2O4	Ruminococcus_bromii	1
C19H22FN3O4	Ruminococcus_bromii	1
C20H17F2N3O3	Ruminococcus_bromii	1
C43H51N3O11	Ruminococcus_bromii	1
C13H17ClN4O6	Ruminococcus_bromii	1
C17H25N3O5S	Ruminococcus_bromii	1
C37H67NO13	Ruminococcus_bromii	1
C42H69NO15	Ruminococcus_bromii	1
C18H35ClN2O6S	Ruminococcus_bromii	1
C14H13N8NaO4S3	Ruminococcus_bromii	1
C23H26N5NaO7S	Ruminococcus_bromii	1
C41H76N2O15	Ruminococcus_bromii	1
C13H6Cl6O2	Ruminococcus_bromii	1
C26H58Cl2N10	Ruminococcus_bromii	1
C46H77NO17	Ruminococcus_bromii	1
C15H14N2Na2O6S2	Ruminococcus_bromii	1
C42H78N2O14	Ruminococcus_bromii	1
C43H74N2O14	Ruminococcus_bromii	1
C13H8Cl2N2O4	Ruminococcus_bromii	1
C9H9HgNaO2S	Ruminococcus_bromii	1
C20H35AuO9PS	Ruminococcus_bromii	1
C22H14Cl2I2N2O2	Ruminococcus_bromii	1
C48H56N6O8S2	Ruminococcus_bromii	1
C16H25N3O7S	Ruminococcus_bromii	1
C16H16N5NaO7S2	Ruminococcus_bromii	1
C25H31N9O10S2	Ruminococcus_bromii	1
C16H19N3O5S	Ruminococcus_bromii	1
C31H47NaO6	Ruminococcus_bromii	1
C6H6N4O4	Ruminococcus_bromii	1
C27H42ClNO2	Ruminococcus_bromii	1
C6H8N4O4	Ruminococcus_bromii	1
C24H24ClN3O6S	Ruminococcus_bromii	1
C16H15N2NaO6S2	Ruminococcus_bromii	1
C8H13N3O4S	Ruminococcus_bromii	1
C14H13N5O5S2	Ruminococcus_bromii	1
C7H10ClN3O3	Ruminococcus_bromii	1
C41H67NO15	Ruminococcus_bromii	1
C20H21N7O6S2	Ruminococcus_bromii	1
C12H17N3O4S	Ruminococcus_bromii	1
C17H19KN2O5S	Ruminococcus_bromii	1
C6H9N3O3	Ruminococcus_bromii	1
C16H16N3NaO7S2	Ruminococcus_bromii	1
C10H13N3O5S	Ruminococcus_bromii	1
C7H11N3O3	Ruminococcus_bromii	1
C28H44ClNO2	Ruminococcus_bromii	1
C19H12O8	Ruminococcus_bromii	1
C36H61NaO11	Ruminococcus_bromii	1
C9H5Cl2NO	Ruminococcus_bromii	1
C23H36N4O10S2	Ruminococcus_bromii	1
C20H9Br2HgNa2O6	Ruminococcus_bromii	1
C8H6N4O5	Ruminococcus_bromii	1
C16H15N4NaO8S	Ruminococcus_bromii	1
C20H18N6Na2O9S	Ruminococcus_bromii	1
C13H9NOSe	Ruminococcus_bromii	1
C19H28Cl2N6O6S2	Ruminococcus_bromii	1
C19H18Cl2N3NaO6S	Ruminococcus_bromii	1
C17H17N7O8S4	Ruminococcus_bromii	1
C66H76Cl3N9O24	Ruminococcus_bromii	1
C20H22N5NaO6S	Ruminococcus_bromii	1
C66H103N17O16S	Ruminococcus_bromii	1
C27H30ClNO10	Ruminococcus_bromii	1
C18H25Cl2N9O4S3	Ruminococcus_bromii	1
C15H16N7NaO5S3	Ruminococcus_bromii	1
C9H5ClINO	Ruminococcus_bromii	1
C30H40Cl2N4	Ruminococcus_bromii	1
C19H16ClFN3NaO5S	Ruminococcus_bromii	1
C16H16ClN3O4	Ruminococcus_bromii	1
C18H14Cl4N2O	Ruminococcus_bromii	1
C22H17ClN2	Ruminococcus_bromii	1
C19H17ClN3NaO5S	Ruminococcus_bromii	1
C22H32N6O12S2	Ruminococcus_bromii	1
C21H23N2NaO6S	Ruminococcus_bromii	1
C17H12Br2O3	Ruminococcus_bromii	1
C19H18N3NaO5S	Ruminococcus_bromii	1
C27H22Cl2N4	Ruminococcus_bromii	1
C21H28ClN3O7S	Ruminococcus_bromii	1
C16H15N5O7S2	Ruminococcus_bromii	1
C16H13Cl3N2OS	Ruminococcus_bromii	1
C28H41N3O3	Ruminococcus_bromii	1
C18H16Cl3N3O4	Ruminococcus_bromii	1
C29H38N4O10	Ruminococcus_bromii	1
C22H19N4NaO8S2	Ruminococcus_bromii	1
C18H14Cl4N4O4	Ruminococcus_bromii	1
C22H29N3O6S	Ruminococcus_bromii	1
C22H18N2	Ruminococcus_bromii	1
C15H16ClN3O5S	Ruminococcus_bromii	1
C19H18Cl3N3O3S	Ruminococcus_bromii	1
C18H19Cl2NO4	Ruminococcus_bromii	1
C20H16Cl3N3O4S	Ruminococcus_bromii	1
C22H23ClN2O2	Ruminococcus_bromii	1
C19H21Cl2N3	Ruminococcus_bromii	1
C10H12N4O5S	Ruminococcus_bromii	1
C18H16Cl3N3O3S	Ruminococcus_bromii	1
C24H27NO5S	Ruminococcus_bromii	1
C14H14Cl2N2O	Ruminococcus_bromii	1
C22H45N5O14	Ruminococcus_bromii	1
C18H37N5O9	Ruminococcus_bromii	1
C23H32O3	Ruminococcus_bromii	1
C26H28Cl2N4O4	Ruminococcus_bromii	1
C14H9ClF3NO2	Ruminococcus_bromii	1
C14H15N3O5	Ruminococcus_bromii	1
C21H32N2O	Ruminococcus_bromii	1
C22H24ClFN4O3	Ruminococcus_bromii	1
C16H14F3N3O2S	Ruminococcus_bromii	1
C17H19N3O3S	Ruminococcus_bromii	1
C21H41N5O11	Ruminococcus_bromii	1
C10H12O	Ruminococcus_bromii	1
C18H20N3NaO3S	Ruminococcus_bromii	1
C23H21ClO3	Ruminococcus_bromii	1
C14H16N2O2	Ruminococcus_bromii	1
C6H8N2O8	Ruminococcus_bromii	1
C19H15NO6	Ruminococcus_bromii	1
C22H23N3O4	Ruminococcus_bromii	1
C20H28O	Ruminococcus_bromii	1
C8H9N3O4	Ruminococcus_bromii	1
C27H23N5O4	Ruminococcus_bromii	1
C19H18Cl2N2O4	Ruminococcus_bromii	1
C22H32O3	Ruminococcus_bromii	1
C46H62N4O11	Ruminococcus_gnavus	1
C22H25ClN2O8	Ruminococcus_gnavus	1
C22H24Cl2N2O8	Ruminococcus_gnavus	1
C19H16ClF3N4O3	Ruminococcus_gnavus	1
C11H12Cl2N2O5	Ruminococcus_gnavus	1
C23H28ClN3O7	Ruminococcus_gnavus	1
C29H27ClN2O14S	Ruminococcus_gnavus	1
C21H22Cl2N2O8	Ruminococcus_gnavus	1
C22H23ClN2O8	Ruminococcus_gnavus	1
C22H30Cl2N10	Ruminococcus_gnavus	1
C17H21ClFN3O4	Ruminococcus_gnavus	1
C47H64N4O12	Ruminococcus_gnavus	1
C38H72N2O12	Ruminococcus_gnavus	1
C18H34Cl2N2O5S	Ruminococcus_gnavus	1
C38H69NO13	Ruminococcus_gnavus	1
C16H20FN3O4	Ruminococcus_gnavus	1
C21H24FN3O4	Ruminococcus_gnavus	1
C12H15Cl2NO5S	Ruminococcus_gnavus	1
C22H28N2O11	Ruminococcus_gnavus	1
C43H58N4O12	Ruminococcus_gnavus	1
C8H7N3O5	Ruminococcus_gnavus	1
C11H10N4O4	Ruminococcus_gnavus	1
C16H17N2NaO4S	Ruminococcus_gnavus	1
C19H21FN2O4	Ruminococcus_gnavus	1
C19H22FN3O4	Ruminococcus_gnavus	1
C20H17F2N3O3	Ruminococcus_gnavus	1
C43H51N3O11	Ruminococcus_gnavus	1
C13H17ClN4O6	Ruminococcus_gnavus	1
C17H25N3O5S	Ruminococcus_gnavus	1
C37H67NO13	Ruminococcus_gnavus	1
C42H69NO15	Ruminococcus_gnavus	1
C18H35ClN2O6S	Ruminococcus_gnavus	1
C14H13N8NaO4S3	Ruminococcus_gnavus	1
C23H26N5NaO7S	Ruminococcus_gnavus	1
C41H76N2O15	Ruminococcus_gnavus	1
C13H6Cl6O2	Ruminococcus_gnavus	1
C26H58Cl2N10	Ruminococcus_gnavus	1
C46H77NO17	Ruminococcus_gnavus	1
C31H35N2NaO11	Ruminococcus_gnavus	1
C15H14N2Na2O6S2	Ruminococcus_gnavus	1
C42H78N2O14	Ruminococcus_gnavus	1
C43H74N2O14	Ruminococcus_gnavus	1
C13H8Cl2N2O4	Ruminococcus_gnavus	1
C9H9HgNaO2S	Ruminococcus_gnavus	1
C20H35AuO9PS	Ruminococcus_gnavus	1
C22H14Cl2I2N2O2	Ruminococcus_gnavus	1
C48H56N6O8S2	Ruminococcus_gnavus	1
C16H25N3O7S	Ruminococcus_gnavus	1
C16H16N5NaO7S2	Ruminococcus_gnavus	1
C25H31N9O10S2	Ruminococcus_gnavus	1
C16H19N3O5S	Ruminococcus_gnavus	1
C31H47NaO6	Ruminococcus_gnavus	1
C6H6N4O4	Ruminococcus_gnavus	1
C27H42ClNO2	Ruminococcus_gnavus	1
C6H8N4O4	Ruminococcus_gnavus	1
C24H24ClN3O6S	Ruminococcus_gnavus	1
C19H22F2N4O3	Ruminococcus_gnavus	1
C16H15N2NaO6S2	Ruminococcus_gnavus	1
C8H13N3O4S	Ruminococcus_gnavus	1
C14H13N5O5S2	Ruminococcus_gnavus	1
C7H10ClN3O3	Ruminococcus_gnavus	1
C41H67NO15	Ruminococcus_gnavus	1
C20H21N7O6S2	Ruminococcus_gnavus	1
C12H17N3O4S	Ruminococcus_gnavus	1
C17H19KN2O5S	Ruminococcus_gnavus	1
C6H9N3O3	Ruminococcus_gnavus	1
C16H16N3NaO7S2	Ruminococcus_gnavus	1
C10H13N3O5S	Ruminococcus_gnavus	1
C7H11N3O3	Ruminococcus_gnavus	1
C28H44ClNO2	Ruminococcus_gnavus	1
C19H12O8	Ruminococcus_gnavus	1
C36H61NaO11	Ruminococcus_gnavus	1
C9H5Cl2NO	Ruminococcus_gnavus	1
C23H36N4O10S2	Ruminococcus_gnavus	1
C20H9Br2HgNa2O6	Ruminococcus_gnavus	1
C8H6N4O5	Ruminococcus_gnavus	1
C16H15N4NaO8S	Ruminococcus_gnavus	1
C20H18N6Na2O9S	Ruminococcus_gnavus	1
C13H9NOSe	Ruminococcus_gnavus	1
C19H28Cl2N6O6S2	Ruminococcus_gnavus	1
C19H18Cl2N3NaO6S	Ruminococcus_gnavus	1
C66H76Cl3N9O24	Ruminococcus_gnavus	1
C20H22N5NaO6S	Ruminococcus_gnavus	1
C66H103N17O16S	Ruminococcus_gnavus	1
C27H30ClNO10	Ruminococcus_gnavus	1
C18H25Cl2N9O4S3	Ruminococcus_gnavus	1
C15H16N7NaO5S3	Ruminococcus_gnavus	1
C9H5ClINO	Ruminococcus_gnavus	1
C30H40Cl2N4	Ruminococcus_gnavus	1
C19H16ClFN3NaO5S	Ruminococcus_gnavus	1
C15H17FN4O3	Ruminococcus_gnavus	1
C16H16ClN3O4	Ruminococcus_gnavus	1
C18H14Cl4N2O	Ruminococcus_gnavus	1
C22H17ClN2	Ruminococcus_gnavus	1
C19H17ClN3NaO5S	Ruminococcus_gnavus	1
C21H23N2NaO6S	Ruminococcus_gnavus	1
C17H12Br2O3	Ruminococcus_gnavus	1
C19H18N3NaO5S	Ruminococcus_gnavus	1
C27H22Cl2N4	Ruminococcus_gnavus	1
C21H28ClN3O7S	Ruminococcus_gnavus	1
C16H13Cl3N2OS	Ruminococcus_gnavus	1
C28H41N3O3	Ruminococcus_gnavus	1
C18H16Cl3N3O4	Ruminococcus_gnavus	1
C32H55BrN4O	Ruminococcus_gnavus	1
C8H15N3O7	Ruminococcus_gnavus	1
C29H38N4O10	Ruminococcus_gnavus	1
C16H18FN3O3	Ruminococcus_gnavus	1
C14H18N4O3	Ruminococcus_gnavus	1
C22H19N4NaO8S2	Ruminococcus_gnavus	1
C18H14Cl4N4O4	Ruminococcus_gnavus	1
C9H11FN2O5	Ruminococcus_gnavus	1
C22H29N3O6S	Ruminococcus_gnavus	1
C22H18N2	Ruminococcus_gnavus	1
C32H41NO2	Ruminococcus_gnavus	1
C18H22O2	Ruminococcus_gnavus	1
C7H11ClN2O2S	Ruminococcus_gnavus	1
C18H18O2	Ruminococcus_gnavus	1
C15H16ClN3O5S	Ruminococcus_gnavus	1
C19H18Cl3N3O3S	Ruminococcus_gnavus	1
C31H33N3O6S	Ruminococcus_gnavus	1
C32H37NO8	Ruminococcus_gnavus	1
C29H32O13	Ruminococcus_gnavus	1
C20H16Cl3N3O4S	Ruminococcus_gnavus	1
C75H70N6O6	Ruminococcus_gnavus	1
C19H21Cl2N3	Ruminococcus_gnavus	1
C18H16Cl3N3O3S	Ruminococcus_gnavus	1
C24H35ClN2O	Ruminococcus_gnavus	1
C17H17ClF6N2O	Ruminococcus_gnavus	1
C24H27NO5S	Ruminococcus_gnavus	1
C14H14Cl2N2O	Ruminococcus_gnavus	1
C20H22N8O5	Ruminococcus_gnavus	1
C23H39NO4	Ruminococcus_gnavus	1
C22H45N5O14	Ruminococcus_gnavus	1
C28H31FN4O	Ruminococcus_gnavus	1
C26H28ClNO	Ruminococcus_gnavus	1
C35H36ClNO3S	Ruminococcus_gnavus	1
C26H31Cl3F3NO	Ruminococcus_gnavus	1
C34H57BrN2O4	Ruminococcus_gnavus	1
C28H34Cl2F2N2O	Ruminococcus_gnavus	1
C19H26I3N3O9	Ruminococcus_gnavus	1
C46H62N4O11	Ruminococcus_torques	1
C22H25ClN2O8	Ruminococcus_torques	1
C22H24Cl2N2O8	Ruminococcus_torques	1
C19H16ClF3N4O3	Ruminococcus_torques	1
C11H12Cl2N2O5	Ruminococcus_torques	1
C23H28ClN3O7	Ruminococcus_torques	1
C29H27ClN2O14S	Ruminococcus_torques	1
C21H22Cl2N2O8	Ruminococcus_torques	1
C22H23ClN2O8	Ruminococcus_torques	1
C22H30Cl2N10	Ruminococcus_torques	1
C17H21ClFN3O4	Ruminococcus_torques	1
C47H64N4O12	Ruminococcus_torques	1
C38H72N2O12	Ruminococcus_torques	1
C18H34Cl2N2O5S	Ruminococcus_torques	1
C38H69NO13	Ruminococcus_torques	1
C16H20FN3O4	Ruminococcus_torques	1
C21H24FN3O4	Ruminococcus_torques	1
C12H15Cl2NO5S	Ruminococcus_torques	1
C22H28N2O11	Ruminococcus_torques	1
C43H58N4O12	Ruminococcus_torques	1
C8H7N3O5	Ruminococcus_torques	1
C11H10N4O4	Ruminococcus_torques	1
C16H17N2NaO4S	Ruminococcus_torques	1
C19H21FN2O4	Ruminococcus_torques	1
C19H22FN3O4	Ruminococcus_torques	1
C20H17F2N3O3	Ruminococcus_torques	1
C43H51N3O11	Ruminococcus_torques	1
C13H17ClN4O6	Ruminococcus_torques	1
C17H25N3O5S	Ruminococcus_torques	1
C37H67NO13	Ruminococcus_torques	1
C42H69NO15	Ruminococcus_torques	1
C18H35ClN2O6S	Ruminococcus_torques	1
C14H13N8NaO4S3	Ruminococcus_torques	1
C23H26N5NaO7S	Ruminococcus_torques	1
C41H76N2O15	Ruminococcus_torques	1
C13H6Cl6O2	Ruminococcus_torques	1
C26H58Cl2N10	Ruminococcus_torques	1
C46H77NO17	Ruminococcus_torques	1
C31H35N2NaO11	Ruminococcus_torques	1
C15H14N2Na2O6S2	Ruminococcus_torques	1
C42H78N2O14	Ruminococcus_torques	1
C43H74N2O14	Ruminococcus_torques	1
C13H8Cl2N2O4	Ruminococcus_torques	1
C9H9HgNaO2S	Ruminococcus_torques	1
C20H35AuO9PS	Ruminococcus_torques	1
C22H14Cl2I2N2O2	Ruminococcus_torques	1
C48H56N6O8S2	Ruminococcus_torques	1
C16H25N3O7S	Ruminococcus_torques	1
C16H16N5NaO7S2	Ruminococcus_torques	1
C25H31N9O10S2	Ruminococcus_torques	1
C16H19N3O5S	Ruminococcus_torques	1
C31H47NaO6	Ruminococcus_torques	1
C6H6N4O4	Ruminococcus_torques	1
C27H42ClNO2	Ruminococcus_torques	1
C6H8N4O4	Ruminococcus_torques	1
C24H24ClN3O6S	Ruminococcus_torques	1
C16H15N2NaO6S2	Ruminococcus_torques	1
C8H13N3O4S	Ruminococcus_torques	1
C14H13N5O5S2	Ruminococcus_torques	1
C7H10ClN3O3	Ruminococcus_torques	1
C41H67NO15	Ruminococcus_torques	1
C20H21N7O6S2	Ruminococcus_torques	1
C12H17N3O4S	Ruminococcus_torques	1
C17H19KN2O5S	Ruminococcus_torques	1
C6H9N3O3	Ruminococcus_torques	1
C16H16N3NaO7S2	Ruminococcus_torques	1
C10H13N3O5S	Ruminococcus_torques	1
C7H11N3O3	Ruminococcus_torques	1
C28H44ClNO2	Ruminococcus_torques	1
C19H12O8	Ruminococcus_torques	1
C36H61NaO11	Ruminococcus_torques	1
C9H5Cl2NO	Ruminococcus_torques	1
C23H36N4O10S2	Ruminococcus_torques	1
C20H9Br2HgNa2O6	Ruminococcus_torques	1
C16H15N4NaO8S	Ruminococcus_torques	1
C20H18N6Na2O9S	Ruminococcus_torques	1
C13H9NOSe	Ruminococcus_torques	1
C19H28Cl2N6O6S2	Ruminococcus_torques	1
C19H18Cl2N3NaO6S	Ruminococcus_torques	1
C17H17N7O8S4	Ruminococcus_torques	1
C66H76Cl3N9O24	Ruminococcus_torques	1
C20H22N5NaO6S	Ruminococcus_torques	1
C66H103N17O16S	Ruminococcus_torques	1
C18H25Cl2N9O4S3	Ruminococcus_torques	1
C15H16N7NaO5S3	Ruminococcus_torques	1
C9H5ClINO	Ruminococcus_torques	1
C12H7Cl3O2	Ruminococcus_torques	1
C30H40Cl2N4	Ruminococcus_torques	1
C19H16ClFN3NaO5S	Ruminococcus_torques	1
C15H17FN4O3	Ruminococcus_torques	1
C16H16ClN3O4	Ruminococcus_torques	1
C18H14Cl4N2O	Ruminococcus_torques	1
C22H17ClN2	Ruminococcus_torques	1
C19H17ClN3NaO5S	Ruminococcus_torques	1
C21H23N2NaO6S	Ruminococcus_torques	1
C19H18N3NaO5S	Ruminococcus_torques	1
C27H22Cl2N4	Ruminococcus_torques	1
C21H28ClN3O7S	Ruminococcus_torques	1
C16H15N5O7S2	Ruminococcus_torques	1
C16H13Cl3N2OS	Ruminococcus_torques	1
C28H41N3O3	Ruminococcus_torques	1
C18H16Cl3N3O4	Ruminococcus_torques	1
C32H55BrN4O	Ruminococcus_torques	1
C8H15N3O7	Ruminococcus_torques	1
C29H38N4O10	Ruminococcus_torques	1
C16H18FN3O3	Ruminococcus_torques	1
C22H19N4NaO8S2	Ruminococcus_torques	1
C18H14Cl4N4O4	Ruminococcus_torques	1
C22H18N2	Ruminococcus_torques	1
C32H41NO2	Ruminococcus_torques	1
C27H30ClNO11	Ruminococcus_torques	1
C18H18O2	Ruminococcus_torques	1
C19H18Cl3N3O3S	Ruminococcus_torques	1
C18H19Cl2NO4	Ruminococcus_torques	1
C32H37NO8	Ruminococcus_torques	1
C29H32O13	Ruminococcus_torques	1
C20H16Cl3N3O4S	Ruminococcus_torques	1
C22H23ClN2O2	Ruminococcus_torques	1
C19H21Cl2N3	Ruminococcus_torques	1
C18H16Cl3N3O3S	Ruminococcus_torques	1
C24H27NO5S	Ruminococcus_torques	1
C14H14Cl2N2O	Ruminococcus_torques	1
C22H45N5O14	Ruminococcus_torques	1
C18H37N5O9	Ruminococcus_torques	1
C48H72O14	Ruminococcus_torques	1
C23H32O3	Ruminococcus_torques	1
C26H28Cl2N4O4	Ruminococcus_torques	1
C28H31FN4O	Ruminococcus_torques	1
C14H15N3O5	Ruminococcus_torques	1
C26H41Br2NO4	Ruminococcus_torques	1
C21H32N2O	Ruminococcus_torques	1
C22H24ClFN4O3	Ruminococcus_torques	1
C16H14F3N3O2S	Ruminococcus_torques	1
C17H19N3O3S	Ruminococcus_torques	1
C21H41N5O11	Ruminococcus_torques	1
C23H28ClN	Ruminococcus_torques	1
C21H45N3	Ruminococcus_torques	1
C10H12O	Ruminococcus_torques	1
C18H20N3NaO3S	Ruminococcus_torques	1
C23H21ClO3	Ruminococcus_torques	1
C19H17NOS	Ruminococcus_torques	1
C95H146O28	Ruminococcus_torques	1
C24H30ClNO4	Ruminococcus_torques	1
C13H17N3O2	Ruminococcus_torques	1
C42H88N14O36S3	Ruminococcus_torques	1
C14H16N2O2	Ruminococcus_torques	1
C23H32N6O4S	Ruminococcus_torques	1
C16H18N4O3S	Ruminococcus_torques	1
C60H125N15O25S	Ruminococcus_torques	1
C11H14N4O2	Ruminococcus_torques	1
C25H38O5	Ruminococcus_torques	1
C38H84N10O34S5	Ruminococcus_torques	1
C12H15N3O2S	Ruminococcus_torques	1
C22H19ClO3	Ruminococcus_torques	1
C22H23N3O4	Ruminococcus_torques	1
C8H6ClF3N2OS	Ruminococcus_torques	1
C26H30ClN3O6	Ruminococcus_torques	1
C12H9F3N2O2	Ruminococcus_torques	1
C12H10F3N3O4	Ruminococcus_torques	1
C20H28O	Ruminococcus_torques	1
C28H38N12O6S	Ruminococcus_torques	1
C13H12N2O5S	Ruminococcus_torques	1
C11H15NO2	Ruminococcus_torques	1
C25H37NO4	Ruminococcus_torques	1
C16H25ClN4O2	Ruminococcus_torques	1
C46H62N4O11	Streptococcus_parasanguinis	1
C22H25ClN2O8	Streptococcus_parasanguinis	1
C22H24Cl2N2O8	Streptococcus_parasanguinis	1
C19H16ClF3N4O3	Streptococcus_parasanguinis	1
C11H12Cl2N2O5	Streptococcus_parasanguinis	1
C23H28ClN3O7	Streptococcus_parasanguinis	1
C29H27ClN2O14S	Streptococcus_parasanguinis	1
C21H22Cl2N2O8	Streptococcus_parasanguinis	1
C22H23ClN2O8	Streptococcus_parasanguinis	1
C22H30Cl2N10	Streptococcus_parasanguinis	1
C17H21ClFN3O4	Streptococcus_parasanguinis	1
C47H64N4O12	Streptococcus_parasanguinis	1
C38H72N2O12	Streptococcus_parasanguinis	1
C18H34Cl2N2O5S	Streptococcus_parasanguinis	1
C38H69NO13	Streptococcus_parasanguinis	1
C16H20FN3O4	Streptococcus_parasanguinis	1
C21H24FN3O4	Streptococcus_parasanguinis	1
C12H15Cl2NO5S	Streptococcus_parasanguinis	1
C22H28N2O11	Streptococcus_parasanguinis	1
C43H58N4O12	Streptococcus_parasanguinis	1
C8H7N3O5	Streptococcus_parasanguinis	1
C11H10N4O4	Streptococcus_parasanguinis	1
C16H17N2NaO4S	Streptococcus_parasanguinis	1
C19H21FN2O4	Streptococcus_parasanguinis	1
C19H22FN3O4	Streptococcus_parasanguinis	1
C20H17F2N3O3	Streptococcus_parasanguinis	1
C43H51N3O11	Streptococcus_parasanguinis	1
C13H17ClN4O6	Streptococcus_parasanguinis	1
C17H25N3O5S	Streptococcus_parasanguinis	1
C37H67NO13	Streptococcus_parasanguinis	1
C42H69NO15	Streptococcus_parasanguinis	1
C18H35ClN2O6S	Streptococcus_parasanguinis	1
C14H13N8NaO4S3	Streptococcus_parasanguinis	1
C23H26N5NaO7S	Streptococcus_parasanguinis	1
C41H76N2O15	Streptococcus_parasanguinis	1
C13H6Cl6O2	Streptococcus_parasanguinis	1
C26H58Cl2N10	Streptococcus_parasanguinis	1
C46H77NO17	Streptococcus_parasanguinis	1
C31H35N2NaO11	Streptococcus_parasanguinis	1
C15H14N2Na2O6S2	Streptococcus_parasanguinis	1
C42H78N2O14	Streptococcus_parasanguinis	1
C43H74N2O14	Streptococcus_parasanguinis	1
C13H8Cl2N2O4	Streptococcus_parasanguinis	1
C9H9HgNaO2S	Streptococcus_parasanguinis	1
C20H35AuO9PS	Streptococcus_parasanguinis	1
C22H14Cl2I2N2O2	Streptococcus_parasanguinis	1
C48H56N6O8S2	Streptococcus_parasanguinis	1
C16H25N3O7S	Streptococcus_parasanguinis	1
C16H16N5NaO7S2	Streptococcus_parasanguinis	1
C25H31N9O10S2	Streptococcus_parasanguinis	1
C16H19N3O5S	Streptococcus_parasanguinis	1
C31H47NaO6	Streptococcus_parasanguinis	1
C27H42ClNO2	Streptococcus_parasanguinis	1
C24H24ClN3O6S	Streptococcus_parasanguinis	1
C19H22F2N4O3	Streptococcus_parasanguinis	1
C16H15N2NaO6S2	Streptococcus_parasanguinis	1
C14H13N5O5S2	Streptococcus_parasanguinis	1
C41H67NO15	Streptococcus_parasanguinis	1
C20H21N7O6S2	Streptococcus_parasanguinis	1
C12H17N3O4S	Streptococcus_parasanguinis	1
C17H19KN2O5S	Streptococcus_parasanguinis	1
C16H16N3NaO7S2	Streptococcus_parasanguinis	1
C28H44ClNO2	Streptococcus_parasanguinis	1
C19H12O8	Streptococcus_parasanguinis	1
C36H61NaO11	Streptococcus_parasanguinis	1
C23H36N4O10S2	Streptococcus_parasanguinis	1
C20H9Br2HgNa2O6	Streptococcus_parasanguinis	1
C8H6N4O5	Streptococcus_parasanguinis	1
C16H15N4NaO8S	Streptococcus_parasanguinis	1
C20H18N6Na2O9S	Streptococcus_parasanguinis	1
C13H9NOSe	Streptococcus_parasanguinis	1
C19H28Cl2N6O6S2	Streptococcus_parasanguinis	1
C19H18Cl2N3NaO6S	Streptococcus_parasanguinis	1
C17H17N7O8S4	Streptococcus_parasanguinis	1
C66H76Cl3N9O24	Streptococcus_parasanguinis	1
C20H22N5NaO6S	Streptococcus_parasanguinis	1
C66H103N17O16S	Streptococcus_parasanguinis	1
C27H30ClNO10	Streptococcus_parasanguinis	1
C18H25Cl2N9O4S3	Streptococcus_parasanguinis	1
C15H16N7NaO5S3	Streptococcus_parasanguinis	1
C12H7Cl3O2	Streptococcus_parasanguinis	1
C30H40Cl2N4	Streptococcus_parasanguinis	1
C19H16ClFN3NaO5S	Streptococcus_parasanguinis	1
C16H16ClN3O4	Streptococcus_parasanguinis	1
C19H17ClN3NaO5S	Streptococcus_parasanguinis	1
C17H20ClF2N3O3	Streptococcus_parasanguinis	1
C22H32N6O12S2	Streptococcus_parasanguinis	1
C21H23N2NaO6S	Streptococcus_parasanguinis	1
C18H14Cl4N2O	Streptococcus_parasanguinis	1
C17H12Br2O3	Streptococcus_parasanguinis	1
C19H18N3NaO5S	Streptococcus_parasanguinis	1
C21H28ClN3O7S	Streptococcus_parasanguinis	1
C16H15N5O7S2	Streptococcus_parasanguinis	1
C28H41N3O3	Streptococcus_parasanguinis	1
C18H20FN3O4	Streptococcus_parasanguinis	1
C29H38N4O10	Streptococcus_parasanguinis	1
C16H18FN3O3	Streptococcus_parasanguinis	1
C22H19N4NaO8S2	Streptococcus_parasanguinis	1
C9H11FN2O5	Streptococcus_parasanguinis	1
C22H29N3O6S	Streptococcus_parasanguinis	1
C12H13ClN4	Streptococcus_parasanguinis	1
C27H30ClNO11	Streptococcus_parasanguinis	1
C15H16ClN3O5S	Streptococcus_parasanguinis	1
C31H33N3O6S	Streptococcus_parasanguinis	1
C18H19Cl2NO4	Streptococcus_parasanguinis	1
C29H32O13	Streptococcus_parasanguinis	1
C14H14Cl2N2O	Streptococcus_parasanguinis	1
C20H22N8O5	Streptococcus_parasanguinis	1
C22H45N5O14	Streptococcus_parasanguinis	1
C18H37N5O9	Streptococcus_parasanguinis	1
C19H12O6	Streptococcus_parasanguinis	1
C27H44O2	Streptococcus_parasanguinis	1
C21H41N5O11	Streptococcus_parasanguinis	1
C14H26Cl2N2O7	Streptococcus_parasanguinis	1
C27H28N2O7	Streptococcus_parasanguinis	1
C42H88N14O36S3	Streptococcus_parasanguinis	1
C60H125N15O25S	Streptococcus_parasanguinis	1
C46H62N4O11	Streptococcus_salivarius	1
C22H25ClN2O8	Streptococcus_salivarius	1
C22H24Cl2N2O8	Streptococcus_salivarius	1
C19H16ClF3N4O3	Streptococcus_salivarius	1
C11H12Cl2N2O5	Streptococcus_salivarius	1
C23H28ClN3O7	Streptococcus_salivarius	1
C29H27ClN2O14S	Streptococcus_salivarius	1
C21H22Cl2N2O8	Streptococcus_salivarius	1
C22H23ClN2O8	Streptococcus_salivarius	1
C22H30Cl2N10	Streptococcus_salivarius	1
C17H21ClFN3O4	Streptococcus_salivarius	1
C47H64N4O12	Streptococcus_salivarius	1
C38H72N2O12	Streptococcus_salivarius	1
C18H34Cl2N2O5S	Streptococcus_salivarius	1
C38H69NO13	Streptococcus_salivarius	1
C16H20FN3O4	Streptococcus_salivarius	1
C21H24FN3O4	Streptococcus_salivarius	1
C12H15Cl2NO5S	Streptococcus_salivarius	1
C22H28N2O11	Streptococcus_salivarius	1
C43H58N4O12	Streptococcus_salivarius	1
C8H7N3O5	Streptococcus_salivarius	1
C11H10N4O4	Streptococcus_salivarius	1
C16H17N2NaO4S	Streptococcus_salivarius	1
C19H21FN2O4	Streptococcus_salivarius	1
C19H22FN3O4	Streptococcus_salivarius	1
C20H17F2N3O3	Streptococcus_salivarius	1
C43H51N3O11	Streptococcus_salivarius	1
C13H17ClN4O6	Streptococcus_salivarius	1
C17H25N3O5S	Streptococcus_salivarius	1
C37H67NO13	Streptococcus_salivarius	1
C42H69NO15	Streptococcus_salivarius	1
C18H35ClN2O6S	Streptococcus_salivarius	1
C14H13N8NaO4S3	Streptococcus_salivarius	1
C23H26N5NaO7S	Streptococcus_salivarius	1
C41H76N2O15	Streptococcus_salivarius	1
C13H6Cl6O2	Streptococcus_salivarius	1
C26H58Cl2N10	Streptococcus_salivarius	1
C46H77NO17	Streptococcus_salivarius	1
C31H35N2NaO11	Streptococcus_salivarius	1
C15H14N2Na2O6S2	Streptococcus_salivarius	1
C42H78N2O14	Streptococcus_salivarius	1
C43H74N2O14	Streptococcus_salivarius	1
C13H8Cl2N2O4	Streptococcus_salivarius	1
C9H9HgNaO2S	Streptococcus_salivarius	1
C20H35AuO9PS	Streptococcus_salivarius	1
C22H14Cl2I2N2O2	Streptococcus_salivarius	1
C48H56N6O8S2	Streptococcus_salivarius	1
C16H25N3O7S	Streptococcus_salivarius	1
C16H16N5NaO7S2	Streptococcus_salivarius	1
C25H31N9O10S2	Streptococcus_salivarius	1
C16H19N3O5S	Streptococcus_salivarius	1
C31H47NaO6	Streptococcus_salivarius	1
C27H42ClNO2	Streptococcus_salivarius	1
C24H24ClN3O6S	Streptococcus_salivarius	1
C19H22F2N4O3	Streptococcus_salivarius	1
C16H15N2NaO6S2	Streptococcus_salivarius	1
C14H13N5O5S2	Streptococcus_salivarius	1
C41H67NO15	Streptococcus_salivarius	1
C20H21N7O6S2	Streptococcus_salivarius	1
C12H17N3O4S	Streptococcus_salivarius	1
C17H19KN2O5S	Streptococcus_salivarius	1
C16H16N3NaO7S2	Streptococcus_salivarius	1
C28H44ClNO2	Streptococcus_salivarius	1
C19H12O8	Streptococcus_salivarius	1
C36H61NaO11	Streptococcus_salivarius	1
C23H36N4O10S2	Streptococcus_salivarius	1
C16H15N4NaO8S	Streptococcus_salivarius	1
C20H18N6Na2O9S	Streptococcus_salivarius	1
C13H9NOSe	Streptococcus_salivarius	1
C19H28Cl2N6O6S2	Streptococcus_salivarius	1
C19H18Cl2N3NaO6S	Streptococcus_salivarius	1
C17H17N7O8S4	Streptococcus_salivarius	1
C66H76Cl3N9O24	Streptococcus_salivarius	1
C20H22N5NaO6S	Streptococcus_salivarius	1
C66H103N17O16S	Streptococcus_salivarius	1
C27H30ClNO10	Streptococcus_salivarius	1
C18H25Cl2N9O4S3	Streptococcus_salivarius	1
C15H16N7NaO5S3	Streptococcus_salivarius	1
C12H7Cl3O2	Streptococcus_salivarius	1
C30H40Cl2N4	Streptococcus_salivarius	1
C19H16ClFN3NaO5S	Streptococcus_salivarius	1
C15H17FN4O3	Streptococcus_salivarius	1
C16H16ClN3O4	Streptococcus_salivarius	1
C18H14Cl4N2O	Streptococcus_salivarius	1
C22H17ClN2	Streptococcus_salivarius	1
C19H17ClN3NaO5S	Streptococcus_salivarius	1
C17H20ClF2N3O3	Streptococcus_salivarius	1
C22H32N6O12S2	Streptococcus_salivarius	1
C21H23N2NaO6S	Streptococcus_salivarius	1
C17H12Br2O3	Streptococcus_salivarius	1
C19H18N3NaO5S	Streptococcus_salivarius	1
C27H22Cl2N4	Streptococcus_salivarius	1
C21H28ClN3O7S	Streptococcus_salivarius	1
C16H15N5O7S2	Streptococcus_salivarius	1
C16H13Cl3N2OS	Streptococcus_salivarius	1
C28H41N3O3	Streptococcus_salivarius	1
C18H16Cl3N3O4	Streptococcus_salivarius	1
C18H20FN3O4	Streptococcus_salivarius	1
C29H38N4O10	Streptococcus_salivarius	1
C16H18FN3O3	Streptococcus_salivarius	1
C22H19N4NaO8S2	Streptococcus_salivarius	1
C18H14Cl4N4O4	Streptococcus_salivarius	1
C9H11FN2O5	Streptococcus_salivarius	1
C22H29N3O6S	Streptococcus_salivarius	1
C27H30ClNO11	Streptococcus_salivarius	1
C18H22O2	Streptococcus_salivarius	1
C15H16ClN3O5S	Streptococcus_salivarius	1
C31H33N3O6S	Streptococcus_salivarius	1
C18H19Cl2NO4	Streptococcus_salivarius	1
C32H37NO8	Streptococcus_salivarius	1
C29H32O13	Streptococcus_salivarius	1
C18H20O2	Streptococcus_salivarius	1
C14H9I3O4	Streptococcus_salivarius	1
C24H35ClN2O	Streptococcus_salivarius	1
C24H27NO5S	Streptococcus_salivarius	1
C20H22N8O5	Streptococcus_salivarius	1
C22H45N5O14	Streptococcus_salivarius	1
C18H37N5O9	Streptococcus_salivarius	1
C48H72O14	Streptococcus_salivarius	1
C19H12O6	Streptococcus_salivarius	1
C35H36ClNO3S	Streptococcus_salivarius	1
C25H29Cl3N2	Streptococcus_salivarius	1
C27H44O2	Streptococcus_salivarius	1
C21H41N5O11	Streptococcus_salivarius	1
C26H33NO6	Streptococcus_salivarius	1
C27H34I2N4	Streptococcus_salivarius	1
C95H146O28	Streptococcus_salivarius	1
C33H30N4O2	Streptococcus_salivarius	1
C12H15N3O2S	Streptococcus_salivarius	1
C46H62N4O11	Veillonella_parvula	1
C22H25ClN2O8	Veillonella_parvula	1
C22H24Cl2N2O8	Veillonella_parvula	1
C19H16ClF3N4O3	Veillonella_parvula	1
C11H12Cl2N2O5	Veillonella_parvula	1
C23H28ClN3O7	Veillonella_parvula	1
C29H27ClN2O14S	Veillonella_parvula	1
C21H22Cl2N2O8	Veillonella_parvula	1
C22H23ClN2O8	Veillonella_parvula	1
C22H30Cl2N10	Veillonella_parvula	1
C17H21ClFN3O4	Veillonella_parvula	1
C47H64N4O12	Veillonella_parvula	1
C38H72N2O12	Veillonella_parvula	1
C18H34Cl2N2O5S	Veillonella_parvula	1
C38H69NO13	Veillonella_parvula	1
C16H20FN3O4	Veillonella_parvula	1
C21H24FN3O4	Veillonella_parvula	1
C12H15Cl2NO5S	Veillonella_parvula	1
C22H28N2O11	Veillonella_parvula	1
C43H58N4O12	Veillonella_parvula	1
C8H7N3O5	Veillonella_parvula	1
C11H10N4O4	Veillonella_parvula	1
C16H17N2NaO4S	Veillonella_parvula	1
C19H21FN2O4	Veillonella_parvula	1
C19H22FN3O4	Veillonella_parvula	1
C20H17F2N3O3	Veillonella_parvula	1
C43H51N3O11	Veillonella_parvula	1
C13H17ClN4O6	Veillonella_parvula	1
C17H25N3O5S	Veillonella_parvula	1
C37H67NO13	Veillonella_parvula	1
C42H69NO15	Veillonella_parvula	1
C18H35ClN2O6S	Veillonella_parvula	1
C14H13N8NaO4S3	Veillonella_parvula	1
C23H26N5NaO7S	Veillonella_parvula	1
C41H76N2O15	Veillonella_parvula	1
C13H6Cl6O2	Veillonella_parvula	1
C26H58Cl2N10	Veillonella_parvula	1
C46H77NO17	Veillonella_parvula	1
C15H14N2Na2O6S2	Veillonella_parvula	1
C42H78N2O14	Veillonella_parvula	1
C43H74N2O14	Veillonella_parvula	1
C13H8Cl2N2O4	Veillonella_parvula	1
C9H9HgNaO2S	Veillonella_parvula	1
C20H35AuO9PS	Veillonella_parvula	1
C22H14Cl2I2N2O2	Veillonella_parvula	1
C48H56N6O8S2	Veillonella_parvula	1
C16H25N3O7S	Veillonella_parvula	1
C16H16N5NaO7S2	Veillonella_parvula	1
C25H31N9O10S2	Veillonella_parvula	1
C16H19N3O5S	Veillonella_parvula	1
C31H47NaO6	Veillonella_parvula	1
C6H6N4O4	Veillonella_parvula	1
C27H42ClNO2	Veillonella_parvula	1
C6H8N4O4	Veillonella_parvula	1
C24H24ClN3O6S	Veillonella_parvula	1
C19H22F2N4O3	Veillonella_parvula	1
C16H15N2NaO6S2	Veillonella_parvula	1
C8H13N3O4S	Veillonella_parvula	1
C14H13N5O5S2	Veillonella_parvula	1
C7H10ClN3O3	Veillonella_parvula	1
C20H21N7O6S2	Veillonella_parvula	1
C12H17N3O4S	Veillonella_parvula	1
C17H19KN2O5S	Veillonella_parvula	1
C6H9N3O3	Veillonella_parvula	1
C16H16N3NaO7S2	Veillonella_parvula	1
C10H13N3O5S	Veillonella_parvula	1
C7H11N3O3	Veillonella_parvula	1
C28H44ClNO2	Veillonella_parvula	1
C19H12O8	Veillonella_parvula	1
C9H5Cl2NO	Veillonella_parvula	1
C23H36N4O10S2	Veillonella_parvula	1
C8H6N4O5	Veillonella_parvula	1
C16H15N4NaO8S	Veillonella_parvula	1
C20H18N6Na2O9S	Veillonella_parvula	1
C19H28Cl2N6O6S2	Veillonella_parvula	1
C17H17N7O8S4	Veillonella_parvula	1
C20H22N5NaO6S	Veillonella_parvula	1
C18H25Cl2N9O4S3	Veillonella_parvula	1
C15H16N7NaO5S3	Veillonella_parvula	1
C9H5ClINO	Veillonella_parvula	1
C30H40Cl2N4	Veillonella_parvula	1
C15H17FN4O3	Veillonella_parvula	1
C16H16ClN3O4	Veillonella_parvula	1
C17H20ClF2N3O3	Veillonella_parvula	1
C22H32N6O12S2	Veillonella_parvula	1
C4H3FN2O2	Veillonella_parvula	1
C14H12FNO3	Veillonella_parvula	1
C21H28ClN3O7S	Veillonella_parvula	1
C16H15N5O7S2	Veillonella_parvula	1
C32H55BrN4O	Veillonella_parvula	1
C18H20FN3O4	Veillonella_parvula	1
C29H38N4O10	Veillonella_parvula	1
C16H18FN3O3	Veillonella_parvula	1
C22H19N4NaO8S2	Veillonella_parvula	1
C22H29N3O6S	Veillonella_parvula	1
C12H13ClN4	Veillonella_parvula	1
C32H41NO2	Veillonella_parvula	1
C17H20FN3O3	Veillonella_parvula	1
C7H11ClN2O2S	Veillonella_parvula	1
C15H16ClN3O5S	Veillonella_parvula	1
C75H70N6O6	Veillonella_parvula	1
C20H22N8O5	Veillonella_parvula	1
C14H10O3	Veillonella_parvula	1
C17H18F3N3O3	Veillonella_parvula	1
C23H21F7N4O3	Veillonella_parvula	1
C26H41Br2NO4	Veillonella_parvula	1
C10H12N2O5S	Veillonella_parvula	1
C13H17N5O8S2	Veillonella_parvula	1
C9H7N7O2S	Veillonella_parvula	1
C62H111N11O12	Veillonella_parvula	1
C20H22ClN	Veillonella_parvula	1
C21H30O5	Veillonella_parvula	1
C11H12N2O2S	Veillonella_parvula	1
C23H26FN3O2	Veillonella_parvula	1
C18H18ClNOS	Clostridium_leptum	0
C9H18N6	Pediococcus	0
C20H22ClN	Ruminococcus_gnavus	0
C7H15Cl2N2O2P	Legionella	0
C28H38N6O11S	Bacteroides_thetaiotaomicron_VPI-5482	0
C20H21N	Ruminococcus_flavefaciens_FD-1	0
C11H10N4O4	Dehalobacterium_n.a.	0
C60H125N15O25S	Moryella	0
C24H28N2O5	Ruminococcus_sp._5_1_39BFAA	0
C13H12F2N6O	Pseudomonas_putida	0
Cd	Dickeya_dadantii_Ech703	0
C21H27N5O9S2	Plautia_stali_symbiont	0
C8H14ClN5	Bifidobacterium_breve	0
C20H24ClNS	Vibrio_furnissii_CIP_102972	0
C6H8N2O2S	Dorea_formicigenerans	0
C14H16N4	Citrobacter_amalonaticus	0
C20H22N8O5	Fusobacteria	0
C23H21ClO3	Porphyromonas_uenonis_60-3	0
C22H45N5O14	Desulfotalea_psychrophila_LSv54	0
C21H25N5O8S2	Fusobacterium_necrophorum_D12	0
C21H26N2O7	Lactobacillales_Order	0
C38H69NO13	Dorea	0
C8H14ClN5	Lactobacillus_rhamnosus_Species_1578	0
C19H18Cl2N3NaO6S	Styrax_aureus	0
C14H18N2O5	Acinetobacter	0
C28H28ClNO4S	Providencia_rettgeri_DSM1131	0
C19H23Cl2N5O	Christensenellaceae	0
C16H16ClN3O4	Shigella_flexneri	0
C13H18ClN3O4S2	Eubacterium_ventriosum_ATCC27560	0
C21H27ClN2S2	Ruminococcus_sp._5_1_39BFAA	0
C24H21F2NO3	Klebsiella_pneumoniae	0
C18H16Cl3N3O3S	Bacilli_Class	0
C27H23N5O4	Salmonella_typhimurium_LT2	0
C15H16N7NaO5S3	Alcaligenes	0
C14H12FNO3	Streptococcus	0
C8H6ClF3N2OS	Pseudomonas	0
C38H84N10O34S5	Akkermansia_muciniphila_ATCC_BAA-835	0
C9H14ClNO3	Erysipelatoclostridium_ramosum	0
C42H70O12	Salmonella_enterica_subsp._arizonae_serovar_62:z4,z23:-_str._RSK2980	0
C8H11NO5S	Bacteroides_cellulosilyticus_DSM14838	0
C46H62N4O11	Pectobacterium_wasabiae_WPP163	0
C22H19NO4	Bacilli_Class	0
C21H20ClNO5	Dickeya_zeae_Ech1591	0
C21H34O5	Lacrimispora_saccharolytica	0
C17H13ClFN3O	Enterococcus	0
C13H12Cl2O4	Bacteroides_stercoris_ATCC43183	0
C14H14O3	Mycoplasma	0
C11H15N5O5	Collinsella_aerofaciens_Species_102106	0
C16H22O4	Streptococcus_mutans	0
C17H16ClN3O	Salmonella_enterica_subsp._enterica_serovar_Typhimurium_Subspecies	0
Ni	Micrococcaceae	0
C19H20ClN3	Coriobacteriaceae	0
C9H13N3O5	Bacteroides_WH2	0
C21H22Cl2N2O8	Clostridium_asparagiforme_DSM15981	0
C27H36N2O4	Alcaligenes	0
C18H14Cl4N4O4	Vibrio	0
C22H26F3N3OS	Roseburia_intestinalis	0
C21H25ClN2O3	Acinetobacter_baumannii_TCDC-AB0715	0
C32H55BrN4O	Paraprevotella	0
C14H21N3O3S	Bacteroides_intestinalis_DSM17393	0
C23H31NO7	Enterobacter_cloacae_subsp._cloacae_NCTC_9394	0
C21H29NO	Neisseria_bacilliformis_ATCC_BAA-1200	0
C29H31N7O	Eubacterium_biforme_DSM3989	0
C19H18Cl3N3O3S	Faecalibacterium_prausnitzii	0
C4H8Cl3O4P	anaerobic_bacterium_'strain_7'	0
C38H84N10O34S5	Enterobacter_cloacae	0
C21H29NO4S	Dickeya_dadantii_Ech586	0
C21H22ClN	Fusobacterium_necrophorum_D12	0
C17H20FN3O3	Vibrio_cholerae_Species_662	0
C25H28N6O	Odoribacter	0
C22H26ClN3O4S	Lactobacillus_acidophilus_ATCC_4796	0
C25H27N9O8S2	Ruminococcus	0
C16H18N4O3S	Bacteroides_acidifaciens	0
C38H72N2O12	Bifidobacterium_sp.	0
C15H16O2	Acinetobacter_haemolyticus_ATCC_19194	0
C23H27N5O7S	Streptococcus_parasanguinis_ATCC_15912	0
C25H43NO18	Prevotella_copri	0
C46H77NO17	Clostridium_sticklandii_Species_186831	0
C11H12ClNO3S	Bifidobacterium_ruminantium	0
C13H16N2O8S	Faecalibacterium	0
C38H84N10O34S5	Bifidobacterium_sp.	0
C27H23N5O4	Clostridium_scindens	0
C26H28N2	Staphylococcus_aureus	0
C13H17ClN4O6	Burkholderia_vietnamiensis_G4	0
C21H23ClFNO2	Xanthomonas_campestris_pv._vesicatoria_str._85-10	0
C16H14F3N5O	Lactobacillus_acidophilus_ATCC_4796	0
C22H24Cl2N2O8	Plesiomonas_shigelloides	0
C19H17N3O4S2	Enterococcus_faecalis_(Streptococcus_faecalis)	0
C19H21NO4	Victivallis_vadensis_ATCC_BAA-548	0
C6HCl5O	Bacteroides_finegoldii_DSM17565	0
C13H18Cl2N2O2	Faecalibacterium	0
C22H31ClN4O7S2	Marvinbryantia_formatexigens_DSM_14469	0
C24H21F2NO3	Lactobacillus_sakei_subsp._sakei_23K	0
C15H10O4	Dickeya_dadantii_3937	0
C48H48N4O6S2	Mycoplasma	0
C15H16N7NaO5S3	Ruminococcus_lactaris_ATCC29176	0
C21H22Cl2N4OS	Slackia_exigua_ATCC_700122	0
As	Staphylococcus_epidermidis_W23144	0
C22H24N2O8	Fusobacterium_nucleatum_subsp._polymorphum_ATCC_10953	0
C11H12N4O3S	Enterococcus_casseliflavus_EC1_	0
C28H41N3O3	Slackia_exigua_ATCC_700122	0
C10H15N5	Arthrobacter	0
C21H27N5O9S2	Parasutterella	0
C13H17ClN4O6	Plautia_stali_symbiont	0
C19H17NOS	Sphingomonas	0
C22H26N2O2	Neisseria_bacilliformis_ATCC_BAA-1200	0
C20H17F2N3O3	Staphylococcaceae	0
C14H10O3	Rikenellaceae	0
C42H72O13	Porphyromonas_uenonis_60-3	0
C34H57BrN2O4	Bifidobacterium_longum_subsp._infantis	0
C22H24N2O8	Bacteroides_fragilis_HMW610	0
C19H24N2S	Methanobrevibacter	0
C16H16N5NaO7S2	Eubacterium_plexicaudatum	0
C21H39N7O12	Lactobacillus_plantarum_Species_1578	0
C42H38O20	Clostridium_sporogenes_ATCC15579	0
C23H21ClO3	Clostridium_botulinum_A3	0
C27H37FO6	Lactobacillus_paracasei_Species_1578	0
C27H36N2O4	Corynebacterium_pseudogenitalium_ATCC_33035	0
C29H31F2N3O	Olsenella	0
C23H27N3O7	Ruminococcus_flavefaciens_FD-1	0
C13H21ClN2O	Desulfovibrio_desulfuricans	0
C8H9NO2	Proteus_penneri_ATCC35198	0
C26H39NO10	Eubacterium_ramulus	0
C22H22N6O5S2	Bacteroides_uniformis_ATCC8492	0
C24H21F2NO3	Lactobacillus_reuteri_CF48-3A_BEI_HM-102	0
C14H21N3O3S	Bifidobacterium_breve	0
C23H27N5O7S	Desulfovibrio_desulfuricans	0
C39H54N6O8S	Spirochaetes	0
C13H17N3O2	Klebsiella_oxytoca_KCTC_1686	0
C30H40Cl2N4	Clostridiales_bacterium_Species_n.a.	0
C43H65FN6O10	Lactobacillus_mucosae	0
C15H12N2O2	Lactobacillus_sakei_subsp._sakei_23K	0
C19H34Cl2N2O2	Butyricicoccus	0
C10H7KN6O	Porphyromonas	0
C20H22N8O5	Clostridium_botulinum_A3	0
C18H25Cl2N9O4S3	Eubacterium_limosum_KIST612	0
C18H17NO5	Brevundimonas	0
C14H12FNO3	Bacteroides_fragilis_HMW610	0
C12H12N2O3	Faecalibacterium	0
C17H20FN3O3	Eubacterium_plexicaudatum	0
C22H32N2O5S	Klebsiella_pneumoniae_subsp._rhinoscleromatis	0
C33H38N4O6	Serratia_marcescens	0
C16H19N3O4S	Alcaligenaceae	0
C14H10F3NO2	Klebsiella_oxytoca	0
C18H16Cl3N3O3S	Brachyspira_pilosicoli_95/1000	0
C8H15N3O7	Rothia_mucilaginosa_DY-18	0
C14H11Cl2NO2	Eubacterium_ventriosum_ATCC27560	0
C26H35NO7	Subdoligranulum_variabile_DSM15176	0
C20H22N5NaO6S	Enterobacter_lignolyticus_SCF1	0
C47H64N4O12	Staphylococcus_epidermidis_W23144	0
C12H13NO2	Enterobacter_lignolyticus_SCF1	0
C66H76Cl3N9O24	Clostridiales_bacterium_Species_n.a.	0
C19H34Cl2N2O2	Clostridium_carboxidivorans_P7	0
C17H19N5	Ruminococcus	0
C15H11I4NO4	Bacteroides_intestinalis_DSM17393	0
C24H40N8O4	Lactobacillus_plantarum_Species_1578	0
C17H19KN2O5S	Olsenella_uli_DSM_7084	0
C26H30ClN3O6	Eubacterium_biforme_DSM3989	0
C10H19O6PS2	Erwinia_amylovora_ATCC_49946	0
C22H24Cl2N2O8	Blautia_coccoides	0
C22H23ClN2O2	Bifidobacterium_longum_subsp._Infantis_CCUG52486	0
C13H17ClN4O6	Jeotgalicoccus	0
C6H6N4O4	Enterococcus_faecium_(Streptococcus_faecium)	0
C19H21FN2O4	Parabacteroides_distasonis_ATCC8503	0
C33H30N4O2	anaerobic_bacterium_'strain_7'	0
C17H20Cl2N2S	Porphyromonas	0
C28H31BrN2O2	Anaerotruncus	0
C18H20N2O6	Gordonibacter	0
C20H22ClN	Acinetobacter_baumannii_TCDC-AB0715	0
C12H19N3O	Streptococcus_agalactiae	0
C19H28N2O4	Clostridium	0
C23H27N5O7S	Butyricimonas	0
C24H30O3	Pretovella_copri_DSM18205	0
C22H27NO2	Adlercreutzia_equolifaciens	0
C16H15N4NaO8S	Serratia_sp._AS12	0
C17H17N7O8S4	Pediococcus	0
C26H33NO6	Capnocytophaga	0
C26H58Cl2N10	Butyrivibrio_fibrisolvens	0
Ni	Lactobacillus_delbrueckii_subsp._bulgaricus	0
C18H20O2	Pseudomonas_alcaligenes_Species_286	0
C21H25ClN2O3	Oscillospira	0
C20H22ClN	Chryseobacterium	0
C26H30ClN3O6	Catabacteriaceae	0
C12H11N2NaO3	Dehalobacterium_n.a.	0
C46H77NO17	Clostridium_sporogenes	0
Cr+6	Fusobacterium_necrophorum_D12	0
C19H24N2S	Mycobacterium	0
C25H33Cl2N5O2	Anaerotruncus_colihominis_DSM17241	0
C23H36N4O10S2	Streptococcus_parasanguinis_ATCC_15912	0
C18H27N3O6S	Morganella	0
C8H7N3O5	Clostridium_clariflavum_DSM_19732	0
C20H28Cl3N3O3	Eubacterium_hallii_DSM3353	0
C7H7NO3	Desulfovibrio_desulfuricans	0
C13H12F2N6O	Clostridium_sporogenes_ATCC15579	0
C19H16ClFN3NaO5S	Blautia_producta	0
As	Enterobacteriaceae	0
C44H69NO12	Roseburia_hominis	0
C14H9ClF3NO2	Escherichia_coli_TW10509	0
C14H10Cl4	Sphingomonas	0
C12H10F3N3O4	Eubacterium_ramulus	0
C10H13N5O4S	Bacillus_coahuilensis_m4-4	0
C25H30N2O5	Staphylococcus_aureus	0
C16H19N3O5S	Pantoea_ananatis_LMG_5342	0
C14H13N5O5S2	Bifidobacterium_bifidum_Species_1678	0
C29H36O15	Clostridium_bolteae_ATCCBAA-613	0
C24H28N2O4S2	Bifidobacteriales	0
C60H125N15O25S	Blautia_producta	0
C10H19O6PS2	Lactobacillus	0
C18H18ClNOS	Bacteroides	0
C25H29Cl3N2	Raoultella_planticola	0
C27H44O2	Victivallis_vadensis_ATCC_BAA-548	0
C18H20FN5O4	Streptococcus_sanguinis_species_1301	0
C25H31N3O6	Verrucomicrobia_Phylum	0
C9H9N3O2	Eubacterium_rectale_ATCC33656	0
C21H23BrFNO2	Desulfovibrionaceae	0
C14H10O3	Slackia_exigua_ATCC_700122	0
C17H20FN3O3	Raoultella_terrigena	0
C26H28N2	Acinetobacter	0
C9H9N3O2	Bifidobacteriales	0
C8H15N7O2S3	Clostridium_botulinum_A3	0
C23H20N2O3S	Klebsiella_oxytoca_KCTC_1686	0
C17H17ClO6	Parabacteroides_johnsonii	0
C14H24Cl2N2O3	Vibrio	0
C16H22O4	Klebsiella_oxytoca_KCTC_1686	0
C17H21NO3	Enterobacter_aerogenes_KCTC_2190	0
C27H29N5O6S	Gemella_genus	0
C13H12F2N6O	Coriobacteriaceae	0
C15H14ClN3O4S	Aggregatibacter_genus	0
C19H27NO3	Bacteroides_pectinophilus_ATCC43243	0
C19H18N3NaO5S	Acetobacter	0
C18H34Cl2N2O5S	Arthromitus	0
C6H6N6O2	Clostridium_carboxidivorans_P7	0
C14H18N2O5	Parabacteroides_Genus	0
C17H17ClO6	Eggerthella_sp._Species_84111	0
C31H33N3O6S	Campylobacter	0
C20H15F3N4O3	Lactococcus	0
C15H20O6	Shigella_flexneri	0
C19H18Cl2N2O4	Enterobacter_cloacae_subsp._cloacae_NCTC_9394	0
C14H9ClF3NO2	Brachyspira_pilosicoli_95/1000	0
C18H14F3N3O4S	Oscillibacter_sp.	0
Cr	Corynebacterium_resistens_DSM_45100	0
C22H26N2O4S	Rheinheimera_sp._A13L	0
C17H13ClFN3O	Enterococcus_casseliflavus_EC1_	0
C15H14N4O	Ruminococcaceae_Family	0
C24H30O3	Klebsiella_oxytoca_KCTC_1686	0
C15H11I4NO4	Bifidobacterium_adolescentis_L2-32	0
C12H24N2O4	Parasutterella	0
C34H57BrN2O4	Klebsiella_pneumoniae_342	0
C48H48N4O6S2	Enterobacter_sp._638	0
C22H19NO4	Enterococcus	0
C20H22N8O6S2	Enterococcus_casseliflavus_EC1_	0
C23H34O5	Ruminococcus	0
C21H27N3O7S	Dehalobacterium_n.a.	0
C19H34Cl2N2O2	Porphyromonadaceae	0
C12H4Cl2F6N4OS	Caulobacteraceae	0
C22H17ClN2	Porphyromonadaceae	0
C26H30ClN3O6	Vibrio_cholerae_Species_662	0
C9H10N2O3S2	Actinobacteria	0
C38H69NO13	Yersinia_enterocolitica_subsp._enterocolitica_8081	0
C31H35N2NaO11	Citrobacter	0
C19H36ClNO2	Neisseria_elongata_subsp._glycolytica_ATCC_29315	0
C22H19N4NaO8S2	Actinobacteria	0
C15H14O3	Alkaliphilus_oremlandii_OhILAs	0
C23H27N3O6	Collinsella_intestinalis_DSM13280	0
C21H23N2NaO6S	Escherichia_coli_TW10509	0
C18H20N2O6	Legionella	0
C25H37NO4	Eubacterium_limosum	0
C12H10F3N3O4	Roseburia_faecis	0
C20H21NO4	Enterococcus_faecium_(Streptococcus_faecium)	0
C29H32O13	Styrax_aureus	0
C5H9Cl2N3O2	Planococcaceae	0
C48H48N4O6S2	Sutterella	0
C8Cl4N2	Candidatus_Saccharimonas	0
C95H146O28	Lactobacillus_amylolyticus_DSM_11664	0
C20H20N6O9S	Lactonifactor_longoviformis	0
C23H26N5NaO7S	Pseudogulbenkiania_sp._NH8B	0
C20H22N4O10S	Gammaproteobacteria	0
C16H17N3O7S2	Coprococcus	0
C15H14ClN3O4S	Lactococcus	0
C16H16N5NaO7S2	Bifidobacterium_longum_subsp._infantis	0
C15H22FN3O6	Ruminococcus_gnavus	0
C28H41N3O3	Bacteroides_eggerthii	0
C11H10N4O4	Pediococcus	0
C14H12ClNO2	Desulfovibrio_desulfuricans	0
C3H9NO5P+	Coriobacteriales	0
C20H21NO4	Bacteroides_fragilis_HMW615	0
C19H17N3O4S2	Lactobacillus_jensenii_1153	0
C24H30O3	Blautia_luti_DSM14534	0
C24H32O4	Veillonellaceae_family	0
C17H19N3O3S	Enterobacter_cloacae_subsp._cloacae_NCTC_9394	0
C32H52Br2N4O4	Caulobacteraceae	0
C54H92O23	Streptococcus_thermophilus	0
C22H28N4O6	Parabacteroides_johnsonii_DSM18315	0
C25H28N8O2	Pseudomonas_putida	0
C9H9Cl2N3	Enterococcus_faecalis_(Streptococcus_faecalis)	0
C17H15N5O	Burkholderiales_Order	0
C42H70O12	Chromatiaceae	0
C39H54N6O8S	Faecalibacterium	0
C15H12O4	Bacteroidia	0
C28H41N3O3	Clostridium_butyricum_E4	0
C27H34I2N4	Enterobacter_cloacae	0
C11H12N4O3S	Actinobacteria	0
C24H31N3O	Hyphomicrobium	0
C13H12N2O5S	Vibrio	0
C35H36ClNO3S	Clostridium_spiroforme_DSM1552	0
C25H28N8O2	Enterobacter	0
C24H26N2O4	Dialister	0
C26H28ClNO	Actinomyces_sp._oral_taxon_17_	0
C28H44ClNO3S	Dorea	0
C8H15N7O2S3	Rhodospirillaceae	0
C8H17NO5	Lactobacillaceae	0
C17H21ClN2S	Lactococcus_garvieae	0
C26H29NO	Enterobacter_aerogenes_KCTC_2190	0
C14H14N8O4S3	Faecalibacterium_cf._prausnitzii_KLE1255	0
C11H12N2S	Caulobacteraceae	0
C12H14N4O2S	Clostridium_cocleatum	0
C41H76N2O15	Proteobacteria	0
C11H12N4O3S	Chromatiaceae	0
C21H25N5O8S2	Porphyromonas_uenonis_60-3	0
C21H23BrFNO2	Ruminococcaceae_Family	0
C39H54N6O8S	Salmonella_enterica_subsp._arizonae_serovar_62:z4,z23:-_str._RSK2980	0
C21H20Cl2O3	Deltaproteobacteria	0
C22H28N2O11	Mycoplasma	0
C22H25ClN2O8	Planctomycetia	0
C22H14Cl2I2N2O2	Pantoea_ananatis_LMG_5342	0
C15H11N2NaO2	Streptococcus_pyogenes	0
C20H15F3N4O3	Butyricimonas	0
C27H30ClNO11	Oxalobacteraceae	0
C13H17ClN4O6	Sutterella_sp.	0
C20H17F2N3O3	Firmicutes	0
C22H19N3O4	Corynebacterium_lipophiloflavum_DSM_44291	0
C10H12N4O3S	Akkermansia_muciniphila_ATCC_BAA-835	0
C10H12ClN5O3	Bacillus_cereus_Species_1386	0
C21H45N3	Aeromonas	0
C9H18NO2	Parabacteroides_johnsonii_DSM18315	0
C22H27Cl3N2OS	Enterobacter_asburiae_LF7a	0
C9H7N7O2S	Bacteroides_fragilis_HMW615	0
C13H17N5O8S2	Porphyromonas	0
C15H22O5	Porphyromonas_gingivalis	0
C22H26ClN7O2S	Clostridium_botulinum_A3	0
C13H8O4	Peptostreptococcus_stomatis_DSM_17678	0
C20H28O6	Escherichia	0
C24H28N2O4S2	Clostridium_carboxidivorans_P7	0
C40H50N4O6S2	Shigella	0
C46H58N4O9	Bacteroides_fragilis_HMW610	0
C19H12O8	Enterobacter_cloacae_subsp._cloacae_NCTC_9394	0
C21H32N2O	Escherichia_coli_ED1a	0
C22H23ClN2O2	Bacteroidia	0
C17H18F3NO	Micrococcaceae	0
C21H45N3	Klebsiella_oxytoca_KCTC_1686	0
C18H14F4N2O4S	Campylobacter_hominis_ATCC_BAA-381	0
C21H29NO4S	Eubacterium_hallii_DSM3353	0
C25H31N3O6	Slackia_heliotrinireducens_DSM_20476	0
C8H6ClF3N2OS	Bifidobacteriales	0
C21H23NO4S	Vibrio_furnissii_CIP_102972	0
C24H24ClN3O6S	Bifidobacterium_longum_subsp._Infantis_CCUG52486	0
C27H37FO6	Escherichia_coli_BL21(DE3)	0
C25H28N8O2	Sphingomonas	0
C13H18Cl2N2O2	Enterobacteriaceae	0
C40H50N4O6S2	Gordonibacter	0
C25H37NO4	Bifidobacterium_longum_subsp._infantis	0
C18H22Cl2N2	Tannerella	0
C27H22Cl2N4	Oscillospira	0
C20H22N8O5	Streptococcus_sanguinis_species_1301	0
C27H44O	Enterobacter_lignolyticus_SCF1	0
C26H28N2	Lactococcus	0
C17H14F3N3O2S	Alkaliphilus_metalliredigens_QYMF	0
C23H20F2N2O4	Alkaliphilus_metalliredigens_QYMF	0
C29H39N5O8	Streptococcus_thermophilus_JIM_8232	0
C14H18N2O5	Clostridium_difficile_120	0
C26H22ClF3N2O3	Providencia_stuartii_ATCC25827	0
C8H11NO5S	Proteobacteria	0
C11H15NO2	Clostridium_butyricum_E4	0
C32H40ClNO4	Escherichia	0
C17H36N4O14S	Bifidobacterium_dentium_Species_1678	0
C14H10F3NO2	Serratia_proteamaculans_568	0
C19H12O6	Prevotella_oris_Species_838	0
C7H5NO3S	Comamonas	0
C27H23N5O4	Enterococcus_casseliflavus_EC1_	0
C22H18N2	Bifidobacterium_adolescentis_ATCC_15703	0
C17H17Cl2N	Collinsella_intestinalis_DSM13280	0
C20H20N6O9S	Odoribacter	0
C17H17ClN6O3	Rikenellaceae	0
C17H15N5O	Alphaproteobacteria	0
C20H16N2O4	Parabacteroides_merdae	0
C19H21ClF3NO2	Fusobacterium	0
C27H29N5O6S	Lactobacillus_fermentum_CECT_5716	0
C22H21N8O8PS4	Verrucomicrobia_Phylum	0
C24H29N5O3	Bacteroidaceae	0
C42H70O12	Veillonella	0
C17H17ClN6O3	Akkermansia	0
C21H20O10	Gemmatimonadetes	0
C7H11N3O3	Tenericutes	0
C22H32O3	Bacteroides_fragilis	0
C13H18ClN3O4S2	Anaerotruncus_colihominis_DSM17241	0
C8H12N4O5	Cetobacterium	0
C21H23ClFNO2	Blautia_Genus	0
C21H41N5O11	Mycoplasma	0
C23H36Cl3N3O3	Clostridium_leptum	0
C10H13N5O4S	Dickeya_dadantii_Ech703	0
C6H13NO3S	Ruminococcus	0
C12H21N	Marvinbryantia_formatexigens_DSM_14469	0
C23H32O3	Alistipes_indistinctus	0
C6H8N2O2S	Weissella_cibaria_KACC_11862	0
C22H19NO4	Bifidobacterium_dentium_Species_1678	0
C24H29ClO4	Lactobacillus_paracasei_Species_1578	0
C18H18N8O7S3	Blautia_obeum	0
C43H74N2O14	Bacteroides	0
C15H14N2Na2O6S2	Streptococcus_thermophilus_JIM_8232	0
C7H6O5	Lactobacillus_reuteri_CF48-3A_BEI_HM-102	0
C10H13N5O5	Clostridioides_difficile	0
C23H36Cl3N3O3	Klebsiella_pneumoniae_342	0
C4H3FN2O2	Eubacterium_eligens	0
Pb	Parabacteroides_merdae	0
C18H27N3O6S	Ruminococcus_sp._5_1_39BFAA	0
C17H20ClNO3	Slackia_exigua_ATCC_700122	0
C21H20O6	Corynebacterium_resistens_DSM_45100	0
C16H17N3O7S2	Serratia_marcescens	0
C13H17N5O8S2	Clostridium_ramosum_DSM1402	0
C10H11F3N2O5	Prevotella	0
C21H34ClN3O5S	Bifidobacterium_bifidum_Species_1678	0
C23H36Cl3N3O3	Sutterella_sp.	0
C27H23N5O4	Actinomyces_sp._oral_taxon_17_	0
C12H15NO3	Bacillus_coahuilensis_m4-4	0
C6H8N2O8	Peptostreptococcaceae	0
C10H12O	Atopostipes	0
C5H14NO+	Bacteroides_caccae	0
C9H14ClNO3	Citrobacter_rodentium_ICC168	0
C22H25N5O2	Christensenellaceae	0
C19H20N2O3S	Citrobacter_freundii	0
C23H27Cl2N3O2	Photorhabdus_luminescens_subsp._laumondii_TTO1	0
C33H30N4O2	Desulfotalea_psychrophila_LSv54	0
C54H92O23	Bacteroides_eggerthii	0
C17H19NO3	Legionella	0
C15H21N3O3S	Odoribacter	0
C19H16O4	Clostridium_ramosum_DSM1402	0
C14H16N2O2	Pediococcus	0
C23H39NO4	Prevotella	0
C12H14N4O2S	Escherichia_coli_BL21(DE3)	0
C24H28N2O3	Staphylococcaceae	0
C19H19N7O6	Bacteroides_clarus_YIT_12056	0
C33H30N4O2	Enterobacter_cloacae_subsp._cloacae_NCTC_9394	0
C70H76N10O16	Adlercreutzia_equolifaciens	0
C8H15N3O7	Klebsiella_pneumoniae_342	0
C14H14N8O4S3	Clostridium_scindens	0
C18H35ClN2O6S	Citrobacter_amalonaticus	0
C4HF9O3S	Escherichia_coli_BL21(DE3)	0
C26H28N2	Bacteroides_stercoris_ATCC43183	0
C23H27FN4O2	Enterococcus_faecalis_(Streptococcus_faecalis)	0
C9H8N4O5	Clostridium_botulinum_C_str._Eklund	0
C12H15NO3	Morganella_morganii	0
C23H30O3	Mollicutes	0
C4H8Cl3O4P	Oxalobacteraceae	0
C24H21F2NO3	Clostridium_carboxidivorans_P7	0
C19H25ClN2S	Gilliamella_apicola	0
C19H21NO4	Butyricimonas	0
C33H40N2O9	Clostridium_botulinum_BKT015925	0
C15H23N3O4S	Clostridium_botulinum_E1	0
C18H18F3NO4	Bifidobacterium_adolescentis_L2-32	0
C18H37N5O9	Enterobacter_cancerogenus_ATCC35316	0
C18H27NO3	Bacteroides_fragilis_HMW610	0
C25H29N3O2	Collinsella_aerofaciens_ATCC25986	0
C26H28Cl2F2N2	Vibrio	0
C20H23N5O6S	Clostridium_sticklandii_Species_186831	0
C18H14F4N2O4S	Jeotgalicoccus	0
C22H29FO4	Bacteroides_eggerthii_DSM20697	0
C19H17ClFN3O5S	Bacteroides_fragilis_T(B)9	0
C12H6Br4O	Verrucomicrobia_Phylum	0
C16H13N3O3	Bacteroides_finegoldii_DSM17565	0
C12H10N2O5	Clostridiaceae	0
C10H7KN6O	Parabacteroides_distasonis_ATCC8503	0
Cl2Hg	Escherichia_coli_BL21(DE3)	0
C25H29Cl3N2	Cetobacterium_somerae	0
C52H98N16O13	Xanthomonas_campestris_pv._vesicatoria_str._85-10	0
C27H28N2O7	Dickeya_dadantii_3937	0
C20H35AuO9PS	Parabacteroides_johnsonii	0
C9H12N2O4S	Enterobacter_cloacae_EcWSU1	0
C21H25ClN2O3	Clostridium	0
C16H16ClN3O4	Erysipelotrichaceae	0
C15H14ClN3O4S	Faecalibacterium_prausnitzii	0
C26H31Cl3F3NO	Acinetobacter_baumannii_TCDC-AB0715	0
C29H36O15	Chromatiaceae	0
C23H28ClN	Peptostreptococcaceae	0
C21H39N7O12	Veillonella_parvula	0
C48H48N4O6S2	Blautia_hansenii_DSM20583	0
C23H32N2O5	Desulfovibrio_desulfuricans	0
C18H18O2	Holdemanella	0
C7H7NO3	Eubacterium_ventriosum_ATCC27560	0
C21H34ClN3O5S	Lactobacillus_reuteri_CF48-3A_BEI_HM-102	0
C15H16N2O6S2	Bifidobacterium_dentium_ATCC_27679	0
C18H20FN5O4	Clostridiales	0
C17H16ClN3O	Bifidobacterium_bifidum_Species_1678	0
C54H92O23	Salmonella_typhimurium_LT2	0
C16H13Cl3N2OS	Xenorhabdus_nematophila_ATCC_19061	0
C6H8N2O8	Lactobacillus_vaginalis_ATCC_49540	0
C20H18NO4+	Ruminococcus_gnavus_ATCC29149	0
C11H12I3NO2	Enterococcus_hirae	0
C14H13N8NaO4S3	Lawsonia	0
C28H28ClNO4S	Sporosarcina	0
C28H38N12O6S	Roseburia_faecis	0
C12H19BrN2O2	Anaerotruncus_colihominis_DSM17241	0
C23H20N2O3S	Dorea_longicatena	0
C7H5NO3S	Enterobacter_sp._638	0
C9H14ClNO3	Lactobacillus_fermentum_CECT_5716	0
C18H37N5O9	Butyricimonas	0
C27H30ClNO10	Bacteroides_stercoris	0
C15H22FN3O6	Rahnella_sp._Y9602	0
C19H25ClN2S	Lactobacillus_gasseri_JV-V03	0
C24H40N8O4	Streptococcus_agalactiae	0
C12H19BrN2O2	Mucispirillum_schaedleri	0
C12H10F3N3O4	Collinsella_intestinalis_DSM13280	0
C19H21FN2O4	Klebsiella_pneumoniae_subsp._rhinoscleromatis	0
C22H24ClFN4O3	Lachnospiraceae_Family	0
C14H13N5O5S2	Bacteroides_acidifaciens	0
C27H29NO10	Enterobacter_cloacae_EcWSU1	0
C21H30O5	Planctomycetia	0
C20H18N6Na2O9S	Tannerella	0
C22H29FO5	Paenalcaligenes_genus	0
C17H17ClO6	Comamonas	0
C26H30ClN3O6	Aeromonas_caviae_Ae398	0
C26H33NO6	Corynebacterium_resistens_DSM_45100	0
C18H33ClN2O5S	Actinobacteria	0
C27H23N5O4	Verrucomicrobiaceae	0
C20H21N	Serratia_odorifera_DSM_4582	0
C16H15N5O7S2	Desulfovibrio_alaskensis_G20	0
C9H9HgNaO2S	Lactonifactor_longoviformis	0
C22H22N6O5S2	Citrobacter	0
C22H19N3O4	Clostridium_scindens	0
C7H7NO3	Desulfovibrio	0
C16H25N3O7S	Clostridium_botulinum_C_str._Eklund	0
C22H28FN3O6S	Bifidobacterium_bifidum_NCIMB_41171	0
C22H24ClN3O5	Dickeya_zeae_Ech1591	0
C28H28ClNO4S	Acinetobacter_haemolyticus_ATCC_19194	0
C14H6O8	Bacteroides_thetaiotaomicron	0
C19H12O8	Subdoligranulum_variabile_DSM15176	0
C7H6O5	Clostridium_leptum	0
C4HF9O3S	Dehalobacterium_n.a.	0
C18H19N3O5S	Sutterella	0
C21H33N3O5S	Bifidobacterium_pseudocatenulatum_DSM_20438	0
C8H6ClF3N2OS	Lactobacillus_jensenii_1153	0
C6H13NO3S	Lactobacillus_amylolyticus_DSM_11664	0
C23H32N6O4S	Lactobacillus_ultunensis_DSM_16047	0
C20H21ClO4	Anaerococcus_hydrogenalis_DSM7454	0
C23H27FN4O3	Corynebacterium_Genus	0
C17H21NO3	Burkholderia_mallei_ATCC_23344	0
C6H8N2O8	Xenorhabdus_bovienii_SS-2004	0
C24H27NO5S	Clostridium_perfringens_CPE_str._F4969	0
C19H16ClFN3NaO5S	Bifidobacterium_pseudocatenulatum_DSM_20438	0
C14H26Cl2N2O7	Alistipes_indistinctus	0
C29H30N6O6	Burkholderia_mallei_ATCC_23344	0
C16H22O4	Pseudoflavonifractor_capillosus_ATCC_29799	0
C20H28Cl3N3O3	Raoultella_terrigena	0
C11H14N4O2	Lactobacillus_brevis_subsp._gravesensis_ATCC_27305	0
C21H20Cl2O3	Alcaligenes	0
C4H4N6O	Roseburia_intestinalis	0
C11H8O2	Eubacterium	0
C21H20O9	Providencia_alcalifaciens_DSM30120	0
C18H14F3N3O4S	Streptococcus_parasanguinis_ATCC_15912	0
C8H15N7O2S3	Raoultella_terrigena	0
C22H31ClN4O7S2	Intestinimonas	0
C19H20ClNO4	Alcaligenaceae	0
C24H32N2O9	Lactobacillus_reuteri_CF48-3A_BEI_HM-102	0
C28H41N3O3	Acetobacter	0
C10H20N2S4	Shigella	0
C75H70N6O6	Dorea_formicigenerans_ATCC27755	0
C32H40ClNO4	Bacteroides_ovatus	0
C25H38O5	Neisseriaceae	0
C27H42ClNO2	Lactobacillus_acidophilus_ATCC_4796	0
C19H24N6O5S2	Enterobacter_cancerogenus_ATCC35316	0
C14H9ClF3NO2	Lactonifactor	0
C27H29NO10	Escherichia_coli_BL21(DE3)	0
C12H15N3O2S	Clostridium_butyricum_E4	0
C25H29I2NO3	Enterococcus_faecalis_(Streptococcus_faecalis)	0
C43H74N2O14	Salmonella_enterica_subsp._enterica_serovar_Typhimurium_Subspecies	0
Cr	Streptococcus_parasanguinis_ATCC_15912	0
C8H15N3O7	Enterobacter_cloacae	0
C24H28N2O5	Parabacteroides_distasonis	0
C15H12O4	Bacteroides_vulgatus_ATCC8482	0
C26H27N5O2	Clostridium_asparagiforme_DSM15981	0
C8H17NO5	Peptoniphilus_sp._oral_taxon_375	0
C19H12O6	Corynebacterium_striatum_ATCC_6940	0
C28H38N12O6S	Bacteroidetes	0
C22H28N2O11	Deltaproteobacteria	0
C27H33N3O6S	Butyrivibrio	0
C19H25ClN2S	Pantoea_ananatis_LMG_5342	0
C18H16Cl3N3O3S	Coriobacterium_glomerans_PW2	0
C38H84N10O34S5	Lactobacillus_acidophilus_ATCC_4796	0
C12H10N2O5	Eggerthella_sp._Species_84111	0
C20H9Br2HgNa2O6	Cetobacterium	0
C15H20O6	Chryseobacterium	0
C13H18ClN3O4S2	Pseudomonas_syringae_pv._morsprunorum_str._M302280	0
C14H10O3	Clostridium_hathewayi_DSM13479	0
C10H19O6PS2	Enterococcus	0
C15H10O5	Bacillus_coahuilensis_m4-4	0
C13H12F2N6O	Eubacterium_ventriosum_ATCC27560	0
C20H40N6O8S	Coriobacteriia	0
C21H23N3OS	Citrobacter_freundii	0
C12H13NO2	Parabacteroides_merdae_ATCC43184	0
C41H67NO15	Pseudoflavonifractor_capillosus_ATCC_29799	0
C38H69NO13	Bifidobacterium_adolescentis_ATCC_15703	0
C24H24ClN3O6S	Agrobacterium_tumefaciens_F2	0
C14H9N4NaO5	Streptococcus_salivarius	0
C12H19BrN2O2	Snodgrassella_alvi	0
C19H24N6O5S2	Parabacteroides_distasonis_ATCC8503	0
C6H9N3O3	Lactobacillales_Order	0
C21H45N3	Bifidobacteriales	0
C6H8N2O2S	Amphibacillus	0
C21H20O10	Escherichia_coli	0
C14H10O3	Jeotgalicoccus	0
C24H21F2NO3	Actinomyces_sp._oral_taxon_17_	0
C22H21N8O8PS4	Oscillibacter	0
C48H72O14	Flavobacteria	0
C10H12N2O5S	Bifidobacterium_longum_subsp._Infantis_CCUG52486	0
C21H39N7O12	Clostridiales_incertae_sedis	0
C12H8O4	Photorhabdus_luminescens_subsp._laumondii_TTO1	0
C14H28ClNO6	Cetobacterium	0
C20H28O6	Eubacteriaceae	0
C12H4Cl4O2	Pectobacterium_atrosepticum_SCRI1043	0
C17H20ClNO3	Odoribacter	0
C18H20N2O6	Collinsella	0
C25H29N3O2	Neisseria_elongata_subsp._glycolytica_ATCC_29315	0
C12H10N2O5	Eubacterium_biforme_DSM3989	0
C19H25ClN2S	Neisseriaceae	0
C18H17NO5	Bacteroides_caccae	0
C23H21F7N4O3	Pseudomonas_fluorescens_Species_286	0
C20H23N5O6S	Oxalobacteraceae	0
C25H29N3O2	Pseudomonas_stutzeri_DSM_4166	0
C28H31BrN2O2	Gemella_genus	0
C16H16ClN3O4	Caulobacterales_order	0
C10H12N4O5S	Klebsiella_pneumoniae	0
C48H72O14	Ruminococcus_bromii	0
C18H18F3NO4	Cronobacter_sakazakii	0
C12H15N3O2S	Staphylococcus_aureus	0
C19H21NO4	Streptococcus_salivarius	0
C43H58N4O12	Marvinbryantia_formatexigens_DSM_14469	0
C17H17N7O8S4	Sphingomonas	0
C22H26F3N3OS	Ruminococcus_gnavus	0
C27H28N2O7	Marvinbryantia_formatexigens_DSM_14469	0
C14H12O3	Actinomyces_sp._oral_taxon_17_	0
C23H27N5O7S	Enterobacter_lignolyticus_SCF1	0
C21H22ClN	Bacteroides_stercoris_ATCC43183	0
C10H20N2S4	Bacteroides_caccae_ATCC43185	0
C33H38N4O6	Deferribacter_desulfuricans_SSM1	0
As	Alistipes_indistinctus	0
C18H27N3O6S	Odoribacter	0
C7H7NO3	Faecalibacterium_prausnitzii	0
C17H16F6N2O	Ruminococcus_torques_ATCC27756	0
C24H42O21	Bifidobacterium_bifidum_NCIMB_41171	0
C15H23N3O4S	Serratia_sp._AS12	0
C48H48N4O6S2	Candidatus_Odyssella	0
C20H25ClN2O5	Proteus_penneri_ATCC35198	0
C19H22F2N4O3	Parabacteroides_merdae_ATCC43184	0
C22H22N6O5S2	Bifidobacterium_longum_subsp._Infantis_CCUG52486	0
C31H33F2N4O11P	Raoultella_terrigena	0
C27H34I2N4	Bacteroides_fragilis_T(B)9	0
C19H24ClN3O	Porphyromonadaceae	0
C16H13N3O3	Collinsella_intestinalis_DSM13280	0
C27H29N5O6S	Campylobacter_gracilis_RM3268	0
C22H19ClO3	Enterobacter_cloacae_subsp._cloacae_ATCC_13047	0
C23H27Cl2N3O2	Akkermansia_muciniphila_ATCC_BAA-835	0
C44H76N4O10S2	Firmicutes	0
C19H15ClN2O4	Xanthomonas_campestris_pv._vesicatoria_str._85-10	0
C4H4N6O	Dialister	0
C23H45N5O14	Porphyromonas_uenonis_60-3	0
C24H30O3	Aeromonas_caviae_Ae398	0
C22H29FO5	Dickeya_dadantii_Ech586	0
C10H7KN6O	Butyricimonas	0
C29H33ClN2O2	Eubacterium_rectale	0
C19H12O6	Enterococcus_hirae	0
C22H28FN3O6S	Enterococcus_casseliflavus_EC1_	0
C32H40ClNO4	Lactobacillus_acidophilus_ATCC_4796	0
C18H18O2	Corynebacterium_lipophiloflavum_DSM_44291	0
C16H14O3	Firmicutes	0
Pb	Listeria_seeligeri_FSL_N1-067	0
C18H17NO5	Clostridium_perfringens_CPE_str._F4969	0
C23H27FN4O2	Lactobacillus_plantarum_Species_1578	0
C26H35NO7	Bifidobacterium_longum_subsp._infantis	0
C19H25ClN2S	Odoribacter	0
C16H15N5O7S2	Desulfovibrio_desulfuricans	0
C36H60N2O8S	Blautia_obeum	0
C27H29NO11	Dickeya_zeae_Ech1591	0
C22H27Cl3N2OS	Olsenella_uli_DSM_7084	0
C12H19Cl3O8	Enterobacteriaceae	0
C10H7Cl2N3O	Anaerococcus_hydrogenalis_DSM7454	0
C42H70O12	Clostridium_perfringens_E_str._JGS1987	0
C4H11N5	Nitrospira	0
C17H18F3NO	Lactobacillus	0
C10H16N6S	Peptoniphilus_sp._oral_taxon_375	0
C19H21ClF3NO2	Slackia_exigua_ATCC_700122	0
C19H20ClN3	Intestinimonas	0
C46H54N6O8S2	Gilliamella_apicola	0
C15H12N2O2	Escherichia_coli_ATCC_25922	0
C15H16O2	Eubacterium_limosum_KIST612	0
C16H16N4O8S	Clostridium_ramosum_DSM1402	0
C23H32N6O4S	Corynebacterium_striatum_ATCC_6940	0
C13H18Cl2N2O2	Flavobacteria	0
C19H18Cl2N2O4	Ruminococcus_sp._SR1/5	0
C17H21ClFN3O4	Vibrio	0
C18H22Cl2N2	Erwinia_amylovora_ATCC_49946	0
C14H13N8NaO4S3	Serratia_marcescens	0
Pb	Serratia_proteamaculans_568	0
C18H14N4O5S	Olsenella_uli_DSM_7084	0
C15H14N4O	Bifidobacterium_adolescentis_ATCC_15703	0
C30H41N3O10S2	Escherichia_coli_Nissle_1917	0
C6H12NNaO3S	Proteobacteria	0
C20H22N8O5	Escherichia	0
C10H12N2O5S	Dorea_formicigenerans_ATCC27755	0
C15H16ClN3O5S	Eubacteriaceae	0
C22H24ClFN4O3	Streptococcus_thermophilus	0
C24H21F2NO3	Saccharibacteria	0
C5H9Cl2N3O2	Klebsiella_pneumoniae	0
C6H9N3O3	Slackia_equolifaciens	0
C27H29NO10	Acidobacteria	0
C47H51NO14	Dickeya_dadantii_Ech703	0
C15H10O4	Lactobacillus_acidophilus_ATCC_4796	0
C15H14ClN3O4S3	Clostridiales_bacterium_Species_n.a.	0
C5H9Cl2N3O2	Eubacterium	0
C17H16ClN3O	Planococcaceae	0
C23H36N4O10S2	Bacteroides_sp._Species_816	0
C28H38N6O11S	Granulicatella_elegans_ATCC_700633	0
C21H45N3	Bacilli_Class	0
C25H30N2O5	Coprococcus	0
C7H5NO3S	Streptococcus_parasanguinis	0
C19H25F3N2O6	Pseudomonas_aeruginosa_NCGM2.S1	0
C7H11ClN2O2S	Victivallis_vadensis_ATCC_BAA-548	0
C20H21ClO4	Serratia_proteamaculans_568	0
C19H18Cl2N3NaO6S	Citrobacter	0
C17H17ClF6N2O	Neisseria_mucosa_ATCC_25996	0
C18H19Cl2NO4	Adlercreutzia_equolifaciens	0
C27H42ClNO2	Clostridium_hathewayi_DSM13479	0
C19H18Cl2N2O4	Hippea_maritima_DSM_10411	0
C22H25Cl2N3O	Enterobacter_cloacae_subsp._cloacae_NCTC_9394	0
C16H14F3N5O	Klebsiella_pneumoniae_342	0
C11H12N2O2S	Bacteroides_fragilis_T(B)9	0
C15H16N2O6S2	Bacteroides_dorei_DSM17855	0
C22H28Cl2F3N3OS	Bifidobacterium_pseudocatenulatum_DSM_20438	0
Cl2Hg	Bacteroides_finegoldii_DSM17565	0
C19H15NO6	Staphylococcus_aureus	0
C4H3FN2O2	Bacteroides_finegoldii_DSM17565	0
C8H15N3O7	Raphidiopsis_brookii_D9	0
C15H21N3O3S	Bifidobacterium_breve	0
C12H11N2NaO3	Enterococcus_faecalis_(Streptococcus_faecalis)	0
C17H20FN3O3	Neisseria_mucosa_ATCC_25996	0
C16H18N2O4S	Oscillospira	0
C21H23N2NaO6S	Veillonella_dispar_ATCC_17748	0
C12H8O4	Streptococcaceae	0
C10H12O	Cetobacterium	0
C18H22Cl2N2	Enterobacter_lignolyticus_SCF1	0
C21H26BrNO3	Deferribacter_desulfuricans_SSM1	0
C13H12F2N6O	Mycoplasma_hyorhinis	0
C22H25ClN2O8	Escherichia_albertii_TW07627	0
C3H6N6	Xenorhabdus_nematophila_ATCC_19061	0
C25H29I2NO3	Bacteroides_finegoldii_DSM17565	0
Ag	Pantoea_sp._At-9b	0
C19H18ClF2N3O3	Clostridium_cocleatum	0
C14H13N5O5S2	Propionibacterium_acnes_SK182B-JCVI	0
C22H25N5O2	Odoribacter_splanchnicus	0
C35H35NO12	Salmonella_typhimurium_LT2	0
C22H22N6O5S2	Pantoea_ananatis_LMG_5342	0
C66H76Cl3N9O24	Morganella_morganii	0
C9H12N2O4S	Catabacteriaceae	0
C25H29Cl3N2	Capnocytophaga	0
C10H13N3O5S	Clostridium_botulinum_BKT015925	0
C3H7O4P	Ruminococcus_bromii	0
Ag	Lactococcus_garvieae	0
C27H44O	Bacillus	0
C8H10O2	Allobaculum	0
C23H27FN4O3	Bifidobacterium_dentium_ATCC_27679	0
C28H44ClNO3S	Pseudomonas_aeruginosa	0
C22H25ClN2O8	Clostridium_symbiosum_ATCC1494_	0
C12H17NO3	Fusobacterium	0
C23H32N2O5	Peptostreptococcus_stomatis_DSM_17678	0
C11H12I3NO2	Planococcaceae	0
C20H21N	Dorea_longicatena	0
C17H17ClO6	Odoribacter	0
C21H34O5	Bifidobacterium_longum_(Bifidobacterium_infantis,_Bifidobacterium_suis)	0
C17H20FN3O3	Lacrimispora_sphenoides_Species_n.a.	0
C28H34Cl2F2N2O	Porphyromonadaceae	0
C12H13ClN4	Parabacteroides_distasonis_ATCC8503	0
C14H19NO2	Verrucomicrobia_Phylum	0
C66H75Cl2N9O24	Enterococcus_faecalis_(Streptococcus_faecalis)	0
C25H38O5	Campylobacter_hominis_ATCC_BAA-381	0
C10H12N4O3S	Oxalobacteraceae	0
C10H12N2O5S	Erysipelotrichaceae	0
C20H12	Johnsonella	0
C8H13N3O4S	Providencia_rettgeri_DSM1131	0
C23H26N2O5S	Intestinimonas	0
C22H26ClN3O4S	Chloro铿俥xi	0
C12H17N3O4S	Dehalobacterium_n.a.	0
C18H14Cl4N4O4	Xanthomonas_campestris_pv._vesicatoria_str._85-10	0
C17H20N4S	Clostridium_perfringens_E_str._JGS1987	0
C23H29N3O2S2	Clostridium_perfringens_E_str._JGS1987	0
C10H12O	Slackia_isoflavoniconvertens	0
C24H30ClNO4	Victivallis_vadensis_ATCC_BAA-548	0
C43H58N4O12	Klebsiella_pneumoniae	0
C62H111N11O12	Burkholderia_vietnamiensis_G4	0
C19H18ClF2N3O3	Blautia_obeum	0
C21H20O12	Lactobacillus_sp.	0
C15H17FN4O3	Allobaculum	0
C29H36O15	Bacillales	0
C43H58N4O12	Proteobacteria	0
C18H30ClNO3	Staphylococcus	0
C13H9NOSe	Fusobacterium_nucleatum_subsp._polymorphum_ATCC_10953	0
C7H14N2O2S	Ruminococcus_flavefaciens_FD-1	0
C17H13ClFN3O	Candidatus_Odyssella	0
C21H20Cl2O3	Barnesiella	0
C21H26Cl2F3N3S	Clostridium_hathewayi_DSM13479	0
C20H28Cl3N3O3	Mycoplasma_hyorhinis	0
C17H17ClO6	Dickeya_zeae_Ech1591	0
C22H26F3N3OS	Allobaculum	0
C16H18FN3O3	Aeromonas	0
C12H22O11	Peptostreptococcaceae	0
C48H48N4O6S2	Clostridium_clariflavum_DSM_19732	0
C23H28ClN	Enterococcus_casseliflavus	0
C4HF9O3S	Granulicatella_elegans_ATCC_700633	0
C9H8N4O5	Serratia_odorifera_DSM_4582	0
C16H13Cl3N2OS	Enterobacter_cloacae_subsp._cloacae_ATCC_13047	0
Cr+6	Mycoplasma	0
C14H24Cl2N2O3	Clostridiales_bacterium_Species_n.a.	0
C52H98N16O13	Acinetobacter_baumannii_TCDC-AB0715	0
C16H25ClN4O2	Dickeya_dadantii_3937	0
C14H24Cl2N2O3	Bacteroidales	0
C13H8Cl2N2O4	Lachnospiraceae_Family	0
C15H17FN4O3	Coprococcus_comes_ATCC27758	0
C17H13ClFN3O	Fusobacterium_necrophorum_D12	0
C36H60N2O8S	Clostridium_perfringens_CPE_str._F4969	0
C42H72O13	Clostridium_perfringens_Species_1485	0
C19H22F2N4O3	Oxalobacteraceae	0
C15H12O4	Verrucomicrobia_Phylum	0
C16H16Cl3N	Citrobacter_rodentium_ICC168	0
C37H67NO13	Ruminococcus_lactaris_ATCC29176	0
C25H33Cl2N5O2	Clostridium	0
C21H26BrNO3	Deferribacteres_phylum	0
As	Raoultella_planticola	0
C42H70O12	Clostridiales_bacterium_Species_n.a.	0
C29H38N4O10	Butyricicoccus	0
C19H19N7O6	Clostridiales_incertae_sedis	0
C6H8N2O8	Enterococcus_faecalis_V583	0
C19H12O6	Pseudomonas_syringae_pv._morsprunorum_str._M302280	0
C24H29ClO4	Butyricimonas	0
C13H12Cl2O4	Actinomyces_coleocanis_DSM_15436	0
C43H74N2O14	Providencia_stuartii_ATCC25827	0
C22H23ClN6O	Bacteroides_clarus_YIT_12056	0
C62H111N11O12	Pseudoflavonifractor_capillosus_ATCC_29799	0
C22H29N3O6S	Corynebacterium_striatum_ATCC_6940	0
C23H32N2O5	Bacteroidetes	0
C21H27N5O4S	Cronobacter_sakazakii	0
C48H48N4O6S2	Streptococcus_salivarius	0
C22H26ClN7O2S	Planctomyces	0
C23H31Cl2NO3	Bacteroides_intestinalis_DSM17393	0
C14H14N8O4S3	Edwardsiella_tarda_ATCC23685	0
C10H15N	Enterobacter_asburiae_LF7a	0
C29H35NO8	Burkholderia_vietnamiensis_G4	0
C23H27Cl2N3O2	Lacrimispora_saccharolytica	0
C27H32N2O4S3	Erysipelatoclostridium_ramosum	0
C18H15NO3	Streptococcus_mutans	0
C54H92O23	Bacteroides_dorei	0
C13H17ClN4O6	Enterobacter_cancerogenus_ATCC35316	0
C25H29I2NO3	Lachnospiraceae_Family	0
C14H9N4NaO5	Bacteroides_vulgatus	0
C22H29FO4	Alkaliphilus_oremlandii_OhILAs	0
C20H18N6Na2O9S	Bacteroides_fragilis_T(B)9	0
C14H19NO2	Dorea_formicigenerans	0
C23H32N2O5	Jeotgalicoccus	0
C9H8N4O5	Edwardsiella_ictaluri_93-146	0
C15H12N2O2	Staphylococcus	0
C8H9N3O4	Lactobacillus_jensenii_1153	0
C17H20ClF2N3O3	Clostridium_carboxidivorans_P7	0
C26H41Br2NO4	Lactobacillus_reuteri_CF48-3A_BEI_HM-102	0
C11H12I3NO2	Xenorhabdus_nematophila_ATCC_19061	0
C21H26Cl2F3N3S	Lactobacillus_mucosae	0
C23H20F2N2O4	Oscillibacter	0
C16H14F3N3O2S	Akkermansia	0
C22H32N6O12S2	Phascolarctobacterium	0
C9H18N6	Trichococcus	0
C17H36N4O14S	Trichococcus	0
C20H16N2O4	Acinetobacter_baumannii_TCDC-AB0715	0
C12H4Cl2F6N4OS	Propionibacterium_acnes_SK182B-JCVI	0
C10H12FN5O4	Bifidobacterium_breve_DSM20213	0
C8H14ClN5	Salmonella_typhimurium_LT2	0
C22H25NO6	Lactonifactor_longoviformis	0
C88H100Cl2N10O28	Collinsella_intestinalis_DSM13280	0
C12H6Br4O	Listeria_seeligeri_FSL_N1-067	0
C15H14N4O	Eubacterium_eligens	0
C10H11F3N2O5	Micrococcaceae	0
C8H12N4O5	Bacillus_cereus_Species_1386	0
C21H20O10	Lactobacillus_rhamnosus_Species_1578	0
C14H26Cl2N2O7	Butyricimonas	0
C21H34O5	Alphaproteobacteria	0
C8H9NO2	Rikenellaceae	0
C23H36Cl3N3O3	Eubacterium_eligens	0
C46H62N4O11	Streptococcus_agalactiae	0
C23H32ClNO2	Faecalibacterium_prausnitzii	0
C28H41N3O3	Fusobacterium_nucleatum_subsp._polymorphum_ATCC_10953	0
C9H12N2O4S	Klebsiella_oxytoca_KCTC_1686	0
C18H18O2	Prevotellaceae	0
C21H26N2O7	Morganella	0
C25H38O5	Raoultella_terrigena	0
C8H11NO5S	Edwardsiella_ictaluri_93-146	0
C66H76Cl3N9O24	Eubacterium_ramulus	0
C4H7NaO2	Fusobacterium_nucleatum_subsp._vincentii_4_1_13	0
Ni	Enterobacter_sp._638	0
C9H11IN2O5	Actinobacteria	0
C13H21ClN2O	Bacteroides_uniformis_ATCC8492	0
C19H21Cl2N3	Coriobacterium_glomerans_PW2	0
C17H18FN3O3	Lactobacillus_fermentum_CECT_5716	0
C19H18Cl2N2O4	Dorea_longicatena	0
C32H37NO8	Bifidobacterium_breve_DSM20213	0
C28H34Cl2F2N2O	Roseburia_hominis	0
C19H18ClF2N3O3	Bifidobacterium_pseudocatenulatum_DSM_20438	0
C20H22ClN	Coriobacterium_glomerans_PW2	0
C23H27FN4O2	Veillonella_sp._oral_taxon_158	0
C11H8O2	Roseburia	0
C27H33NO3	Planococcaceae	0
C18H19Cl2NS	Edwardsiella_tarda_ATCC23685	0
C20H12	Enterobacter_lignolyticus_SCF1	0
C15H11N3O3	Erwinia_tasmaniensis_Et1/99	0
C23H32N6O4S	Escherichia_coli_ATCC_25922	0
C17H14F3N3O2S	Clostridium_scindens	0
C38H69NO13	Clostridiales_incertae_sedis	0
C10H16N6S	Citrobacter_farmeri	0
C44H69NO12	Fusobacteria	0
C22H25N3O7S	Victivallis_vadensis_ATCC_BAA-548	0
C19H36ClNO2	Listeria_grayi_DSM_20601	0
C16H19N3O4S	Bacillus_cereus_Species_1386	0
C36H60N2O8S	Mucispirillum_schaedleri	0
C11H13BrN2O6	Pseudogulbenkiania_sp._NH8B	0
C20H23ClN2O4	Pretovella_copri_DSM18205	0
C18H19N3O5S	Blautia_coccoides	0
C19H17N3O4S2	Jeotgalicoccus	0
C19H15NO6	Lactobacillus_acidophilus	0
C25H30N2O5	Aeromonas_caviae_Ae398	0
C24H34N2O5	Acinetobacter	0
C16H19N3O4S	Serratia_sp._AS12	0
C9H13N3O5	Deferribacter_desulfuricans_SSM1	0
C10H11ClFN5O3	Eubacteriaceae	0
C41H64O13	Rheinheimera_sp._A13L	0
C26H28N2	Clostridium_perfringens_Species_1485	0
C12H13NO2	Plesiomonas_shigelloides	0
C20H35AuO9PS	Weissella_cibaria_KACC_11862	0
C23H26N5NaO7S	Desulfotalea_psychrophila_LSv54	0
C28H44ClNO2	Clostridium_ramosum_DSM1402	0
C15H14N4O	Fusobacterium_necrophorum_D12	0
C11H12N2S	Rheinheimera_sp._A13L	0
C44H69NO12	Sporosarcina	0
C12H13ClN4	Gardnerella	0
C15H10O4	Bifidobacterium_adolescentis_L2-32	0
C18H33ClN2O5S	Raoultella_terrigena	0
C8H15N3O7	Fusobacterium_nucleatum_subsp._polymorphum_ATCC_10953	0
C24H36O5	Oxalobacteraceae	0
C23H23NO4S	Pseudomonas_aeruginosa	0
C24H31N3O	Clostridium_butyricum	0
C22H26ClN7O2S	Serratia_proteamaculans_568	0
C13H17ClN4O6	Oscillibacter	0
C24H40N8O4	Citrobacter_youngae_ATCC_29220	0
C24H36O5	Staphylococcus_epidermidis_W23144	0
C66H103N17O16S	Listeria_grayi_DSM_20601	0
C19H16ClNO4	Staphylococcus_aureus	0
C21H32N2O	Clostridium	0
C18H15NO8S2	Pretovella_copri_DSM18205	0
C19H20ClN3	Parabacteroides_johnsonii	0
C16H15N2NaO6S2	Corynebacterium_lipophiloflavum_DSM_44291	0
C19H23Cl2N5O	Subdoligranulum_variabile_DSM15176	0
C13H17N5O8S2	Lactonifactor	0
C14H10O3	Bacteroides_ovatus_ATCC8483	0
C12H13ClN4	Bifidobacterium_breve_DSM20213	0
C12H22O11	Lactobacillus_delbrueckii_subsp._lactis_DSM_20072	0
C15H14ClN3O4S3	Lactobacillus_brevis	0
C11H15NO2	Pseudomonas_stutzeri_DSM_4166	0
C19H28Cl2N6O6S2	Propionibacterium_acnes_SK182B-JCVI	0
C42H88N14O36S3	Morganella_morganii	0
C15H12N2O2	Alkaliphilus_oremlandii_OhILAs	0
C22H26F3N3OS	Staphylococcus	0
C21H20ClNO5	Bilophila	0
C20H28O6	Staphylococcus	0
C13H16N2O8S	Lactococcus	0
C15H14O3	Turicibacter	0
C16H13N3O3	Bifidobacterium_dentium_Species_1678	0
C22H28N4O6	Phascolarctobacterium	0
C21H34O5	Peptostreptococcus	0
C22H25N5O2	Bacteroides_stercoris_ATCC43183	0
C14H16N2O2	Turicibacter	0
C24H29N5O8S	Roseburia_intestinalis_L1-82	0
C7H6O5	Bacteroides_vulgatus_ATCC8482	0
C9H5ClINO	Pseudomonas_aeruginosa	0
C40H50N4O6S2	Bifidobacteriales	0
C24H28N2O3	Parabacteroides_distasonis	0
C17H19N5	Bacteroides_caccae	0
C28H32O15	Salmonella	0
C4H4KNO4S	Staphylococcus	0
C25H34O6	Citrobacter_koseri_ATCC_BAA-895	0
C10H13N5O5	Vibrio_cholerae_Species_662	0
C31H47NaO6	Clostridium_butyricum	0
C22H29FO4	Styrax_aureus	0
C10H15N5	Salmonella_typhimurium_LT2	0
C28H31FN4O	Blautia_producta	0
C18H20O2	Gammaproteobacteria	0
Hg	Christensenellaceae	0
C22H24Cl2N2O8	Eubacterium_plexicaudatum	0
C11H12N2O2S	Pseudomonas_alcaligenes_Species_286	0
C22H19ClO3	Bifidobacteriales	0
C29H35NO2	Dorea_formicigenerans_ATCC27755	0
C10H15N	Agrobacterium_tumefaciens_F2	0
C4H7NaO2	Dorea_formicigenerans_ATCC27755	0
C18H15NO3	Eubacterium_rectale	0
C25H29I2NO3	Planococcaceae	0
C5H14NO+	Cronobacter_turicensis_z3032	0
C8H11NO5S	Bacillus_cereus_Species_1386	0
C37H67NO13	Coprococcus_comes_ATCC27758	0
C31H47NaO6	Oscillospira	0
C32H52Br2N4O4	Lactococcus	0
C26H28Cl2F2N2	Brachyspira_pilosicoli_95/1000	0
C23H32O3	Streptococcus_mutans	0
C23H31Cl2NO3	Enterobacteriaceae	0
C19H21NO4	Rothia_mucilaginosa_DY-18	0
C18H14Cl4N2O	Bacillales	0
C4H8O2	Microbacterium	0
C8H9N3O4	Xenorhabdus_bovienii_SS-2004	0
C4H4KNO4S	Peptostreptococcus	0
C22H32O3	Pseudomonas_fluorescens_Species_286	0
C9H14ClNO3	Intestinimonas	0
C27H23N5O4	Edwardsiella_tarda_ATCC23685	0
C16H14F3N3O2S	Eubacterium_rectale_ATCC33656	0
C22H29N3O6S	Cronobacter_sakazakii	0
C19H16O4	Subdoligranulum_variabile_DSM15176	0
C13H18ClN3O4S2	Streptococcus_infantarius_subsp._infantarius_CJ18	0
C31H33F2N4O11P	Alistipes_indistinctus	0
C3H9NO5P+	Methanobrevibacter	0
C8H10ClN5O3S	Butyrivibrio_fibrisolvens	0
C10H7Cl2N3O	Lactobacillus_ultunensis_DSM_16047	0
C14H28ClNO6	Parabacteroides_merdae	0
C17H12Br2O3	Campylobacter	0
C4H3FN2O2	Enterococcus	0
C47H51NO14	Enterococcus_casseliflavus_EC1_	0
C19H16ClNO4	Clostridiales	0
C17H19N3O3S	Lactobacillus_johnsonii_Species_1578	0
C23H26FN3O2	Blautia_luti_DSM14534	0
C20H40N6O8S	Lactobacillus_acidophilus_ATCC_4796	0
C8H8N2O3S	Trichococcus	0
C20H28O6	Pseudomonas_aeruginosa_NCGM2.S1	0
C17H21ClN2S	Blautia_obeum	0
C20H26O6	Ruminococcus_gnavus_ATCC29149	0
C12H19Cl3O8	Slackia_exigua_ATCC_700122	0
C14H9N4NaO5	Pectobacterium_wasabiae_WPP163	0
C26H29NO	Bacteroides_stercoris_ATCC43183	0
C25H31N9O10S2	Lactobacillus_delbrueckii_subsp._bulgaricus	0
C20H28O6	Ruminococcus_lactaris_ATCC29176	0
C18H30ClNO3	Fusobacteria	0
C25H37NO4	Streptococcus_dysgalactiae_subsp._dysgalactiae_ATCC_27957	0
C26H28ClNO	Burkholderiales_Order	0
C9H7N7O2S	Lactobacillus_acidophilus_ATCC_4796	0
C19H18N3NaO5S	Erysipelotrichaceae	0
C22H32N6O12S2	Clostridium_leptum	0
C5H4N4S	Lactobacillus_ultunensis_DSM_16047	0
C21H23BrFNO2	Xenorhabdus_bovienii_SS-2004	0
C32H52Br2N4O4	Parabacteroides_merdae_ATCC43184	0
C15H14N4O	Sutterella	0
C11H10N4O4	Clostridiales	0
C21H26BrNO3	Dermacoccus_sp._Ellin185	0
C10H11NO3	Christensenellaceae	0
C10H11ClFN5O3	Desulfovibrio_alaskensis_G20	0
C13H18Cl2N2O2	Raphidiopsis_brookii_D9	0
C44H69NO12	Escherichia_coli_Nissle_1917	0
C13H12F2N6O	Providencia_alcalifaciens_DSM30120	0
Cl2Hg	Fusobacteria	0
C12H4Cl4O2	Enterococcus	0
C8H15N7O2S3	Bifidobacterium_pseudocatenulatum_DSM_20438	0
C19H19N7O6	Johnsonella	0
C12H8O4	Citrobacter_freundii	0
Cd	Bifidobacterium_adolescentis_L2-32	0
C19H25F3N2O6	Dialister	0
C12H20N2O3S	Plautia_stali_symbiont	0
C12H21N	Escherichia_coli_IAI1	0
C8H7N3O5	Xenorhabdus_bovienii_SS-2004	0
C25H31N9O10S2	Fusobacterium_necrophorum_D12	0
C20H15F3N4O3	Trichococcus	0
C15H10O2	Prevotella_copri	0
C42H78N2O14	Candida_albicans	0
C95H146O28	Clostridium_botulinum_A3	0
C16H14F3N3O2S	Clostridium_botulinum_BKT015925	0
C19H17NOS	Hyphomicrobium	0
C15H18N4O5	Coriobacteriia	0
C16H15N4NaO8S	Streptococcus_thermophilus	0
C21H28ClN3O7S	Escherichia_coli_BL21(DE3)	0
Cl2Hg	Bacilli_Class	0
C8H14ClN5	Lactonifactor_longoviformis	0
C17H17ClN6O3	Slackia_equolifaciens	0
C23H28ClN	Klebsiella_oxytoca_KCTC_1686	0
C15H27N3O9P2	Micrococcaceae	0
C23H34O5	Yersinia_enterocolitica_subsp._enterocolitica_8081	0
C22H27Cl3N2OS	Streptococcus_infantarius_subsp._infantarius_CJ18	0
C34H48Na2O7	Enterobacter_asburiae_LF7a	0
C38H84N10O34S5	Rikenellaceae	0
C41H64O13	Prevotella_oris_C735	0
C29H39N5O8	Holdemanella	0
C7H7NO3	Enterobacter	0
C17H24O10	Sutterella	0
C26H28N2	Xenorhabdus_bovienii_SS-2004	0
C28H32O15	Streptococcus	0
C9H9Cl2N3	Pseudomonas_fluorescens_Species_286	0
C19H22N2O	Cronobacter_turicensis_z3032	0
C12H15NO3	Bifidobacterium_bifidum_NCIMB_41171	0
C95H146O28	Ruminococcus_bromii	0
C24H30Cl2N2O3	Clostridia	0
C17H19NO3	Erysipelotrichaceae	0
C19H36ClNO2	Dehalobacterium_n.a.	0
C8H7N3O5	Alistipes	0
C16H15N4NaO8S	Oscillibacter_sp.	0
C15H16N2O6S2	Helicobacter_pylori	0
C20H22N4O10S	Desulfovibrio_alaskensis_G20	0
C16H18N2O4S	Actinomyces_coleocanis_DSM_15436	0
C24H26ClFN4O	Coprococcus_comes	0
C25H30ClI2NO3	Enterococcus_faecalis_V583	0
C14H9ClF3NO2	Marvinbryantia_formatexigens_DSM_14469	0
C27H29NO11	Alphaproteobacteria	0
C75H70N6O6	Salmonella_enterica_subsp._enterica_serovar_Typhimurium_Subspecies	0
C12H4Cl4O	Dickeya_dadantii_Ech703	0
C24H32O4	Intestinibacter_genus	0
C20H18ClNO6	Enterobacter_cloacae_subsp._cloacae_NCTC_9394	0
C14H12Cl2NNaO3	Trichococcus	0
C27H33NO3	Lactobacillus_mucosae	0
C19H26I3N3O9	Jeotgalicoccus	0
C22H25Cl2N3O	Campylobacter_hominis_ATCC_BAA-381	0
C14H12Cl2NNaO3	Fusobacterium_nucleatum_subsp._polymorphum_ATCC_10953	0
C10H11F3N2O5	Desulfurispirillum_indicum_S5	0
C25H29N3O2	Clostridium_perfringens_Species_1485	0
C16H20FN3O4	Alcaligenes	0
C13H12F2N6O	Pseudogulbenkiania_sp._NH8B	0
C18H20N2O6	Fusobacteria	0
C15H18N4O5	Tenericutes	0
C23H26N2O5S	Methanobrevibacter	0
C23H27NO5S	Enterobacter_cancerogenus_ATCC35316	0
C14H6O8	Spirochaetes	0
C32H40ClNO4	Bacteroides_finegoldii_DSM17565	0
C22H29FO4	Clostridium_leptum	0
C18H20N3NaO3S	Citrobacter_freundii	0
C9H8O4	Bacteroides_intestinalis_DSM17393	0
C6H13NO3S	Acinetobacter_baumannii_TCDC-AB0715	0
C10H13N5O4	Brachyspira_pilosicoli_95/1000	0
C22H14Cl2I2N2O2	Dorea_longicatena	0
C27H34I2N4	Gemella_genus	0
C11H15N5O4	Bacteroides_fragilis_HMW615	0
C14H11Cl2NO2	Veillonella_sp._oral_taxon_158	0
C20H9Br2HgNa2O6	Erysipelatoclostridium_ramosum	0
C18H16Cl3N3O4	Planococcaceae	0
C24H31NO8	Bacteroides_caccae	0
C41H76N2O15	Akkermansia	0
C21H24FN3O4	Enterococcus_casseliflavus	0
C8H8N2O3S	Blautia_luti_DSM14534	0
C44H69NO12	Lactobacillus_rhamnosus_Species_1578	0
C13H17N5O8S2	Enterobacteriaceae	0
C17H20ClNO3	Lactobacillus_gasseri_JV-V03	0
C22H19NO4	Dehalobacterium_n.a.	0
C8H15N7O2S3	Vibrio_furnissii_CIP_102972	0
C15H10O4	Bacteroides_finegoldii_DSM17565	0
C16H16N5NaO7S2	Prevotella_oris_Species_838	0
C17H19KN2O5S	Lactococcus_garvieae_Lg2	0
C48H48N4O6S2	Slackia_equolifaciens	0
C24H34N2O5	Fusobacterium_nucleatum_subsp._polymorphum_ATCC_10953	0
C48H48N4O6S2	Escherichia_coli_BL21(DE3)	0
C18H19Cl2NO4	Collinsella_aerofaciens_ATCC25986	0
C26H31Cl3F3NO	Bifidobacterium_dentium_ATCC_27679	0
C14H9I3O4	Coriobacteriaceae	0
C12H4Cl4O2	Porphyromonas_uenonis_60-3	0
C16H13N3O3	Pseudoflavonifractor_capillosus_ATCC_29799	0
C10H7KN6O	Collinsella_stercoris_DSM_13279	0
C27H42ClNO2	Escherichia_coli_ATCC_25922	0
C11H15NO2	Lactococcus_garvieae	0
C22H32N2O5S	Neisseria_bacilliformis_ATCC_BAA-1200	0
C27H29NO11	Serratia_marcescens	0
C36H60N2O8S	Lactobacillus_delbrueckii_subsp._lactis_DSM_20072	0
C19H22F2N4O3	Lactobacillus_brevis	0
C26H32F2O7	Plesiomonas_shigelloides	0
C23H31NO3	Vibrio_cholerae_Species_662	0
C18H18ClNOS	Nitrospira	0
C10H13N5O4S	Collinsella	0
C22H26N2O2	Corynebacterium_lipophiloflavum_DSM_44291	0
C33H44BrN5O8S	Eubacterium_plexicaudatum	0
C27H34I2N4	Bacteroidetes	0
C24H21F2NO3	Corynebacterium_lipophiloflavum_DSM_44291	0
C26H29NO	Lactococcus_garvieae_Lg2	0
C88H100Cl2N10O28	Clostridium_beijerinckii_NCIMB_8052	0
C19H20ClN3	Clostridium_carboxidivorans_P7	0
C46H54N6O8S2	Ruminococcus_lactaris_ATCC29176	0
Pb	Acinetobacter_haemolyticus_ATCC_19194	0
C17H19N5	Campylobacter_hominis_ATCC_BAA-381	0
C26H58Cl2N10	Enterococcus	0
C21H34ClN3O5S	Neisseria_elongata_subsp._glycolytica_ATCC_29315	0
C4H8O2	Akkermansia_muciniphila_ATCC_BAA-835	0
C19H23Cl2N5O	Helicobacter_pylori	0
C26H22ClF3N2O3	Bacillales	0
C14H28ClNO6	Gilliamella_apicola	0
C12H13NO2	Oscillibacter	0
C11H12ClNO3S	Gordonibacter	0
C13H16N2O8S	Caulobacterales_order	0
C22H29FO5	Marvinbryantia_formatexigens_DSM_14469	0
C17H18FN3O3S	Streptococcus_thermophilus_JIM_8232	0
C19H21NO4	Megasphaera_elsdenii_DSM_20460	0
C15H10O7	Escherichia_albertii_TW07627	0
C8H5F3N2OS	Helicobacter_pylori	0
C27H30O16	Bacteroides_acidifaciens	0
C19H26I3N3O9	Enterobacter_lignolyticus_SCF1	0
C15H20N2O2	Vibrio_cholerae_Species_662	0
C54H92O23	Klebsiella_oxytoca	0
C9H4Cl3IO	Actinomyces_coleocanis_DSM_15436	0
C14H9ClF3NO2	Bifidobacterium_longum_(Bifidobacterium_infantis,_Bifidobacterium_suis)	0
C9H11FN2O5	Staphylococcus_epidermidis_W23144	0
C27H32N2O4S3	Klebsiella_pneumoniae_subsp._ozaenae	0
C20H35AuO9PS	Citrobacter_rodentium_ICC168	0
C19H18Cl2N3NaO6S	Enterobacteriaceae	0
C19H21FN2O4	Proteobacteria	0
C28H44ClNO2	Serratia_odorifera_DSM_4582	0
C29H30N6O6	Lactobacillus_jensenii_1153	0
C17H18FN3O3	Bacteroides_sp._Species_816	0
C6H10N6O	Moryella	0
C21H20O12	Oxalobacteraceae	0
C11H15NO2	Lactobacillus_vaginalis_ATCC_49540	0
C10H13N5O4S	Bacteroides_fragilis_T(B)9	0
C26H58Cl2N10	Escherichia_coli_TW10509	0
C14H14O3	Escherichia_coli_ATCC_25922	0
C15H21N3O3S	Escherichia_coli_ED1a	0
C20H40N6O8S	Propionibacterium_acnes_SK182B-JCVI	0
C17H18FN3O3	Lactobacillus_amylolyticus_DSM_11664	0
C16H16N3NaO7S2	Blautia_hansenii_DSM20583	0
C19H24N6O5S2	Helicobacter_pylori	0
C19H16O4	Pseudomonas_aeruginosa_NCGM2.S1	0
C15H11I4NO4	Dorea_formicigenerans	0
C21H26N2O7	Clostridium_novyi_NT	0
C6H8N4O4	Coriobacteriales	0
C8H9NO2	Corynebacterium_pseudogenitalium_ATCC_33035	0
C19H17N3O4S2	Bacteroides_eggerthii_DSM20697	0
C66H103N17O16S	Enterobacter_cancerogenus_ATCC35316	0
C23H27NO5S	Lactobacillus_brevis_subsp._gravesensis_ATCC_27305	0
C24H31FO6	Butyrivibrio_fibrisolvens	0
C26H29NO	Styrax_aureus	0
C25H31N9O10S2	Gilliamella_apicola	0
C25H30ClNO5	Lawsonia	0
C27H30ClNO11	Mycobacterium	0
C3H9NO5P+	Eubacterium_biforme_DSM3989	0
C38H84N10O34S5	Klebsiella	0
C27H33NO3	Citrobacter_freundii	0
C24H31FO6	Burkholderia_vietnamiensis_G4	0
C25H30ClI2NO3	Enterobacter	0
C13H6Cl6O2	Atopostipes	0
C18H18N8O7S3	Veillonellaceae_family	0
C27H44O	Collinsella_intestinalis_DSM13280	0
C29H35NO8	Lactobacillus_murinus	0
C21H27N3O7S	Lactobacillus_amylolyticus_DSM_11664	0
C8H9NO2	Clostridium_novyi_NT	0
C21H22Cl2N4OS	Subdoligranulum_variabile_DSM15176	0
C26H28N2	Escherichia_coli	0
C12H13ClN4	Bacteroides_cellulosilyticus_DSM14838	0
C10H13N5O4	Chryseobacterium	0
C23H27FN4O2	Alcaligenes	0
C9H11F2N3O4	Streptococcus_dysgalactiae_subsp._dysgalactiae_ATCC_27957	0
C24H42O21	Morganella	0
C32H55BrN4O	Phascolarctobacterium	0
C18H29N3O5S	Aggregatibacter_genus	0
C18H22Cl2N2	Mycoplasma	0
C19H22FN3O4	Salmonella_typhimurium_LT2	0
C17H21F2N3O3	Clostridium_hiranonis_DSM_13275	0
C18H18ClNOS	Acidobacteria	0
C14H9N4NaO5	Serratia_proteamaculans_568	0
C22H19NO4	Helicobacter_mustelae_12198	0
C46H54N6O8S2	Campylobacter_gracilis_RM3268	0
C24H30O3	Caulobacterales_order	0
C12H6Br4O	Pseudogulbenkiania_sp._NH8B	0
C28H29F2N3O	Bifidobacterium_Genus	0
C3H7O4P	Chryseobacterium	0
C21H20O9	Bacteroides_fragilis	0
C19H18N3NaO5S	Clostridium_scindens_ATCC35704	0
C12H21N5O2S2	Styrax_aureus	0
C39H54N6O8S	Arthrobacter	0
C21H34O5	Campylobacter_gracilis_RM3268	0
C10H12N4O5S	Plesiomonas_shigelloides	0
C20H21NO4	Alkaliphilus_metalliredigens_QYMF	0
C12H4Cl4O2	Staphylococcus_epidermidis_W23144	0
C24H30ClNO4	Clostridium_hiranonis_DSM_13275	0
C27H44O	Blautia_Genus	0
C21H26BrNO3	Prevotella_oris_Species_838	0
C23H36Cl3N3O3	Lachnoclostridium	0
C6H13NO3S	Escherichia_coli_ATCC_25922	0
C42H78N2O14	Salmonella_typhimurium_LT2	0
C15H14N4O	Rheinheimera_sp._A13L	0
C23H28ClN	Enterococcus_faecalis_(Streptococcus_faecalis)	0
C22H14Cl2I2N2O2	Oscillibacter_sp.	0
C26H28Cl2N4O4	Sporosarcina	0
C14H11Cl2NO2	Shewanella_frigidimarina_NCIMB_400	0
C25H29I2NO3	Bacillus	0
C4H8Cl3O4P	Coprobacter	0
C41H64O14	Collinsella_aerofaciens_ATCC25986	0
C41H67NO15	Olsenella_uli_DSM_7084	0
Ni	Listeria_welshimeri	0
C18H15NO8S2	Eubacteriaceae	0
C20H12	Eubacterium_plexicaudatum	0
C25H30N2O5	Faecalibacterium_cf._prausnitzii_KLE1255	0
C17H20FN3O3	Alistipes	0
C21H34O5	Dehalobacterium_n.a.	0
C32H41NO2	Prevotella_oris_Species_838	0
C23H21F7N4O3	Eubacterium_eligens	0
C28H31FN4O	Lactococcus_garvieae	0
C70H76N10O16	Candida_albicans	0
C18H37N5O9	Citrobacter_sp._30_2	0
C23H26ClN	Snodgrassella_alvi	0
C23H39NO4	Lactobacillus_brevis_subsp._gravesensis_ATCC_27305	0
C13H12Cl2O4	Proteus_n.a.	0
C19H18Cl3N3O3S	Streptococcus_pyogenes	0
C18H15NO8S2	Roseburia_intestinalis_L1-82	0
C23H26FN3O2	Caulobacteraceae	0
C23H27N3O6	Roseburia	0
C19H20ClNO4	Faecalibacterium_prausnitzii	0
C20H17F2N3O3	Bacteroidales	0
C14H13N8NaO4S3	Desulfovibrionaceae	0
C18H17NO5	Alphaproteobacteria	0
C13H17N5O8S2	Roseburia_hominis	0
C4H4FN3O	Gilliamella_apicola	0
C23H23NO4S	Bifidobacterium_dentium_ATCC_27679	0
C19H21FN2O4	Lactobacillus_sp.	0
C4H4KNO4S	Bifidobacterium_longum_subsp._Infantis_CCUG52486	0
C46H54N6O8S2	Akkermansia	0
C10H17N	Spirochaetes	0
Cd	Planctomycetia	0
C6H8N4O4	Oscillibacter	0
C42H88N14O36S3	Odoribacter_splanchnicus	0
C21H20ClNO5	Erysipelatoclostridium_ramosum	0
C26H27N5O2	Enterococcus	0
C24H30O3	Gemella_genus	0
C9H4Cl3IO	Salmonella_enterica_subsp._enterica_serovar_Typhimurium_Subspecies	0
C24H35ClN2O	Bacteroides_fragilis	0
C31H35N2NaO11	Butyrivibrio_proteoclasticus	0
C26H27NO9	Clostridium_perfringens_Species_1485	0
C23H27N3O7	Mycoplasma_hyorhinis	0
C22H45N5O14	Prevotella_oris_C735	0
C3H6N6	Xenorhabdus_bovienii_SS-2004	0
C17H24O10	Clostridium_symbiosum_ATCC1494_	0
C15H11N3O3	Bifidobacteriales	0
C20H9Br2HgNa2O6	Veillonella_parvula	0
C13H12Cl2O4	Clostridium_sticklandii_Species_186831	0
C9H7N7O2S	Porphyromonas_gingivalis	0
C44H69NO12	Bacteroides_thetaiotaomicron_VPI-5482	0
C27H29NO10	Gardnerella	0
C20H18N6Na2O9S	Chryseobacterium	0
C19H22ClN	Oscillibacter_sp.	0
C14H12ClNO2	Cronobacter_turicensis_z3032	0
C20H16N2O4	Enterobacter_asburiae_LF7a	0
C19H21NO4	Alkaliphilus_oremlandii_OhILAs	0
C47H51NO14	Staphylococcaceae	0
C19H36ClNO2	Capnocytophaga	0
C15H14N2Na2O6S2	Aerococcus	0
C22H28FN3O6S	Marvinbryantia_formatexigens_DSM_14469	0
C20H21NO4	Eubacterium_biforme_DSM3989	0
C15H10O5	Brevundimonas	0
C32H41NO2	Akkermansia	0
C21H27ClN2S2	Enterococcus_hirae	0
C14H18N4O3	Bifidobacterium_Genus	0
C25H31NO6	Olsenella_uli_DSM_7084	0
C19H28N2O4	Serratia_odorifera_DSM_4582	0
C3H7O4P	Erwinia_tasmaniensis_Et1/99	0
C23H20N2O3S	Ruminococcaceae_Family	0
C9H8O4	Paenalcaligenes_genus	0
C23H28N2O5S	Enterorhabdus	0
C18H19Cl2NO4	Amphibacillus	0
C5H9Cl2N3O2	Barnesiella	0
C14H16N2O2	Pseudomonas	0
C25H30ClNO5	Pantoea_ananatis_LMG_5342	0
C10H13N3O5S	Planctomyces	0
C4H4N6O	Citrobacter_amalonaticus	0
C23H26N2O5S	Holdemania_sp.	0
C20H16N2O4	Klebsiella	0
C21H45N3	Bacteroides_fragilis_3397	0
C22H21N8O8PS4	Bifidobacterium_adolescentis_ATCC_15703	0
C22H19ClO3	Shigella	0
C8H6ClF3N2OS	Streptococcus	0
C9H9Cl2N3	Phascolarctobacterium	0
C41H67NO15	Dorea	0
C11H12ClNO3S	Bacteroides_fragilis_DS-208	0
C47H51NO14	Slackia_heliotrinireducens_DSM_20476	0
C19H28Cl2N6O6S2	Clostridium_difficile_120	0
C9H11FN2O5	Bifidobacterium_breve	0
C14H14Cl2N2O	Alistipes_indistinctus	0
C14H18N4O3	Eggerthella_sp._Species_84111	0
C6H9N3O3	Staphylococcus	0
C26H28ClNO	Cyanobacteria	0
C9H14ClNO3	Lactobacillus_brevis_subsp._gravesensis_ATCC_27305	0
C23H31NO7	Citrobacter_rodentium_ICC168	0
C17H17ClO6	Citrobacter_freundii	0
C28H32ClN3O8S	Streptococcus_agalactiae	0
C20H21N	Cronobacter_turicensis_z3032	0
C23H36N2O2	Bifidobacterium_ruminantium	0
C17H17ClO6	Marvinbryantia_formatexigens_DSM_14469	0
C22H22N6O5S2	Fusobacterium	0
C20H18N6Na2O9S	Eubacterium_limosum	0
C11H13BrN2O5	Butyrivibrio_fibrisolvens	0
C24H29ClO4	Sporosarcina	0
C16H18FN3O3	Enterococcus_casseliflavus	0
C22H27FN4O2	Dickeya_dadantii_Ech586	0
C16H16Cl3N	Bifidobacterium_sp.	0
C19H24N6O5S2	Rahnella_sp._Y9602	0
C17H18F3N3O3	Clostridium_scindens	0
C12H11N2NaO3	Clostridiales_incertae_sedis	0
C26H27N5O2	Pediococcus	0
Cr	Bifidobacterium_longum_subsp._infantis	0
C24H26ClFN4O	Gordonibacter	0
C7H14N2O2S	Holdemanella	0
C16H20FN3O4	Lacrimispora_sphenoides_Species_n.a.	0
C4H8O2	Lactonifactor	0
C23H28ClN	Shigella	0
C7H15Cl2N2O2P	Lactobacillus_gasseri_JV-V03	0
C22H29FO5	Clostridium_spiroforme_DSM1552	0
C23H20N2O3S	Salmonella_enterica_subsp._enterica_serovar_Dublin_str._SD3246	0
C19H18ClF2N3O3	Bacteroides_thetaiotaomicron_VPI-5482	0
C20H23N5O6S	Slackia_exigua_ATCC_700122	0
C32H52Br2N4O4	Desulfovibrionaceae	0
C21H22Cl2N2O8	Enterococcus_casseliflavus_EC1_	0
C19H35NO2	Blautia_hansenii_DSM20583	0
C19H12O8	Lachnoclostridium	0
C16H16N5NaO7S2	Corynebacterium_pseudogenitalium_ATCC_33035	0
C20H21NO4	Escherichia_coli_BL21(DE3)	0
C22H29N3O6S	Listeria_seeligeri_FSL_N1-067	0
C23H20N2O3S	Lactobacillales_Order	0
C22H24ClFN4O3	Pseudomonas_fluorescens_Species_286	0
C5H4N4S	Acinetobacter_haemolyticus_ATCC_19194	0
C19H20N2O3S	Raphidiopsis_brookii_D9	0
C16H15N2NaO6S2	Barnesiella	0
C17H17Cl2N	Streptococcus_mutans	0
C27H29N5O6S	Lactobacillus_ultunensis_DSM_16047	0
C18H14Cl4N4O4	Sutterella	0
C21H25ClN2O3	Alistipes	0
C24H21F2NO3	Lachnospiraceae_Family	0
C23H20N2O3S	Enterobacter_cancerogenus_ATCC35316	0
C10H11NO3	Staphylococcus_aureus_subsp._aureus_MRSA177	0
C21H22ClN	Citrobacter_sp._30_2	0
C29H33ClN2O2	Olsenella	0
C10H17N	Clostridium_sporogenes	0
C17H21ClN2S	Lachnoclostridium	0
C21H39N7O12	Alcaligenes	0
C20H28O	Collinsella_aerofaciens_Species_102106	0
C23H36Cl3N3O3	Gammaproteobacteria	0
C22H19N4NaO8S2	Lactobacillus_mucosae	0
C12H6Br4O	Lactobacillus_johnsonii_Species_1578	0
C15H20N2O2	Rahnella_sp._Y9602	0
C26H30ClN3O6	Clostridium_butyricum_E4	0
C7H14N2O2S	Bacteroides_thetaiotaomicron_VPI-5482	0
C10H17N	Clostridium_botulinum_A3	0
C13H18ClN3O4S2	Aeromonas_caviae_Ae398	0
C9H11FN2O5	Pectobacterium_atrosepticum_SCRI1043	0
C16H13N3O3	Neisseria_mucosa_ATCC_25996	0
C20H26O6	Citrobacter	0
C12H21N2O3PS	Lactobacillus_ultunensis_DSM_16047	0
C10H12N4O5S	Paenalcaligenes_genus	0
C6H8N4O4	Staphylococcaceae	0
C11H12I3NO2	Rikenellaceae	0
C48H56N6O8S2	Slackia_isoflavoniconvertens	0
C9H18NO2	Bacteroides_vulgatus_ATCC8482	0
C22H25ClN2O8	Gilliamella_apicola	0
C9H8O4	Yersinia_enterocolitica_subsp._enterocolitica_8081	0
C10H20N2S4	Coprococcus_comes_ATCC27758	0
C29H33ClN2O2	Amphibacillus	0
C18H18O2	Johnsonella	0
C21H20ClNO5	Styrax_aureus	0
C15H21N3O3S	Desulfovibrionaceae	0
C27H22Cl2N4	Bacteroides_finegoldii_DSM17565	0
C8H17NO5	Bacteroides_thetaiotaomicron_VPI-5482	0
C9H5Cl2NO	Bacteroidia	0
C19H18N3NaO5S	Ruminococcus_sp._SR1/5	0
C14H10Cl4	Prevotella_oris_C735	0
C10H16N6S	Citrobacter_freundii	0
C16H18N4O3S	Eggerthella_sp._Species_84111	0
C33H30N4O2	Blautia_Genus	0
C29H34Cl2N2O2	Victivallis_vadensis_ATCC_BAA-548	0
C22H23ClN2O8	Intestinimonas	0
C16H17N5O7S2	Lactobacillus_mucosae	0
C4H4N6O	Bifidobacterium_adolescentis_L2-32	0
C53H90O22	Bacteroides_cellulosilyticus_DSM14838	0
C43H58N4O12	Comamonas	0
C22H26F3N3OS	Cyanobacteria	0
C21H20O6	Eggerthella_lenta	0
C27H36N2O4	Actinomyces_sp._oral_taxon_17_	0
C22H25N3O7S	Dickeya_dadantii_Ech703	0
C14H6O8	Lactobacillus	0
C26H39NO10	Lactobacillus_amylolyticus_DSM_11664	0
C22H17N3O5	Citrobacter_rodentium_ICC168	0
C22H45N5O14	Salmonella	0
C19H28N2O4	Clostridiales_incertae_sedis	0
C15H23N3O2	Firmicutes	0
C24H29ClO4	Lactobacillus_delbrueckii_subsp._bulgaricus	0
C9H4Cl3IO	Desulfovibrio_alaskensis_G20	0
C9H12N2O4S	Staphylococcus	0
C21H27N3O7S	Parabacteroides_johnsonii	0
C18H33ClN2O5S	Bacteroides_stercoris	0
C19H12O8	Gordonibacter	0
C22H22N6O5S2	Citrobacter_youngae_ATCC_29220	0
C27H34I2N4	Ruminococcus_torques_ATCC27756	0
C42H38O20	Lactonifactor_longoviformis	0
C29H39N5O8	Aerococcus	0
C28H32O15	Enterobacter_lignolyticus_SCF1	0
C8H9NO2	Bacteroides_fragilis_T(B)9	0
C21H30O5	Gemella_genus	0
C5H4N4S	Bacteroides_xylanisolvens	0
C23H39NO4	Eggerthella_sp._Species_84111	0
C19H34Cl2N2O2	Bacillus_cereus_SJ1	0
C29H36O15	Eubacterium_rectale	0
C6H6N4O4	Campylobacter	0
C22H24Cl2N2O8	Ruminococcus_flavefaciens_FD-1	0
C22H25Cl2N3O	Faecalibacterium_cf._prausnitzii_KLE1255	0
C12H17NO3	Coprococcus_comes	0
C14H14Cl2N2O	Enterobacter_cloacae_subsp._cloacae_ATCC_13047	0
C9H5ClINO	Candidatus_Odyssella	0
C22H17ClN2	Erwinia_billingiae_Eb661	0
C31H33N3O6S	Comamonas	0
C14H18N4O3	Eubacterium_rectale_ATCC33656	0
C39H54N6O8S	Blautia_hansenii_DSM20583	0
C21H20O6	Salmonella	0
C10H15N	Bacteroides_uniformis_ATCC8492	0
C23H36Cl3N3O3	Caulobacteraceae	0
C21H34ClN3O5S	Enterobacter_lignolyticus_SCF1	0
C11H15N5O5	Lachnospiraceae_Family	0
C16H15N5O7S2	Lactobacillaceae	0
C3H7O4P	Faecalibacterium_cf._prausnitzii_KLE1255	0
C11H12N4O3S	Weissella_cibaria_KACC_11862	0
C20H21N	Akkermansia_muciniphila_ATCC_BAA-835	0
C20H25ClN2O5	Streptococcus_infantarius_subsp._infantarius_CJ18	0
C22H30Cl2N10	Clostridium_botulinum_D_str._1873	0
C47H64N4O12	Capnocytophaga_gingivalis_ATCC_33624	0
C9H11F2N3O4	Eubacterium_limosum	0
C24H29N5O8S	Peptostreptococcus_stomatis_DSM_17678	0
C24H35ClN2O	Rhodospirillaceae	0
C28H38N12O6S	Candidatus_Odyssella	0
C8H17NO5	Anaerotruncus_colihominis_DSM17241	0
C16H15N2NaO6S2	Edwardsiella_tarda_ATCC23685	0
C19H20ClN3	Tenericutes	0
Cr	Morganella	0
C6H8N2O8	Slackia_isoflavoniconvertens	0
C12H19Cl3O8	Clostridium_butyricum_E4	0
C8H5F3N2OS	Citrobacter_freundii	0
C10H11F3N2O5	Shigella	0
C26H28N2	Desulfovibrionaceae	0
C15H10O2	Blautia_coccoides	0
C9H11Cl3NO3PS	Arthromitus	0
C18H20N3NaO3S	Peptostreptococcaceae	0
C16H19N3O4S	Parabacteroides_johnsonii_DSM18315	0
C21H23NO4S	Erysipelatoclostridium_ramosum	0
C18H27NO3	Fusobacteria	0
C60H125N15O25S	Hippea_maritima_DSM_10411	0
C46H58N4O9	Akkermansia_muciniphila_Species_239934	0
C48H56N6O8S2	Veillonella_sp._oral_taxon_158	0
C19H16ClNO4	Enterobacter_cancerogenus_ATCC35316	0
C22H28N4O6	Bacteroides_dorei	0
C12H11N2NaO3	Pseudoflavonifractor_capillosus_ATCC_29799	0
C31H35N2NaO11	Clostridium_leptum	0
C12H8O4	Allobaculum	0
C27H30ClNO11	Bacteroides_intestinalis_DSM17393	0
C23H31Cl2NO3	Bifidobacterium_bifidum_Species_1678	0
C17H25N3O5S	Oxalobacteraceae	0
C22H22N6O5S2	Citrobacter_rodentium_ICC168	0
C41H76N2O15	Bifidobacteriales	0
C33H30N4O2	Vibrio_furnissii_CIP_102972	0
C18H20FN5O4	Deferribacter_desulfuricans_SSM1	0
C20H22N5NaO6S	Subdoligranulum_variabile_DSM15176	0
C6H8N4O4	Mucispirillum_schaedleri	0
C23H27N5O7S	Rikenellaceae	0
C26H28N2	Gammaproteobacteria	0
C15H16N2O6S2	Alistipes_indistinctus	0
C12H4Cl4O2	Dickeya_dadantii_3937	0
C11H15NO2	Enterococcus_faecium_(Streptococcus_faecium)	0
C16H17N3O7S2	Shigella	0
C21H23NO4S	Bifidobacterium_longum_subsp._infantis	0
C18H15NO3	Agrobacterium_tumefaciens_F2	0
C25H37NO4	Helicobacter_mustelae_12198	0
C8H15N7O2S3	Ruminococcaceae_Family	0
C19H16ClNO4	Odoribacter_splanchnicus	0
C12H19BrN2O2	Arthrobacter	0
C33H44BrN5O8S	Streptococcus_dysgalactiae_subsp._dysgalactiae_ATCC_27957	0
C31H47NaO6	Bacteroides_fragilis_HMW610	0
C17H17Cl2N	Enterobacter_cloacae_EcWSU1	0
C5H14NO+	Amphibacillus	0
C16H15N5O7S2	Bacteroides_thetaiotaomicron_VPI-5482	0
C15H11N3O3	Enterobacteriaceae	0
C16H14O3	Bacteroides_fragilis_HMW615	0
C28H32ClN3O8S	Alkaliphilus_metalliredigens_QYMF	0
Mn+2	Bacteroides_clarus_YIT_12056	0
C13H18Cl2N2O2	Gardnerella	0
C18H14F4N2O4S	Mollicutes	0
C17H18FN3O3S	Parabacteroides_merdae_ATCC43184	0
C12H15N3O2S	Bacteroides_eggerthii	0
C24H32O4	Arthromitus	0
C9H18NO2	Lactobacillus_mucosae	0
C24H26ClFN4O	Pediococcus	0
C14H12Cl2NNaO3	Coriobacteriaceae	0
C23H32N6O4S	Pseudomonas_fluorescens_Species_286	0
C19H16ClF3N4O3	Clostridium_asparagiforme_DSM15981	0
C9H4Cl3IO	Flavobacteria	0
C17H18F3NO	Edwardsiella_ictaluri_93-146	0
C26H27NO9	Eubacterium_hallii_DSM3353	0
C42H70O12	Rahnella_aquatilis_CIP_78.65	0
C22H26F3N3OS	Sporosarcina	0
C18H20FN3O4	Erwinia_amylovora_ATCC_49946	0
C22H24N2O8	Dorea_longicatena	0
C27H30O16	Butyricicoccus	0
C28H44ClNO3S	Clostridium_beijerinckii_NCIMB_8052	0
C24H29ClO4	Eubacterium_ventriosum_ATCC27560	0
C29H36O15	Campylobacter_hominis_ATCC_BAA-381	0
C18H32O2	Bifidobacterium_adolescentis_ATCC_15703	0
C14H28ClNO6	Anaerotruncus_colihominis_DSM17241	0
C6H8N2O8	Faecalibacterium	0
C6H12NNaO3S	Gemmatimonadetes	0
C4H7NaO2	Butyrivibrio_fibrisolvens	0
C24H30Cl2N2O3	Legionella	0
C19H25F3N2O6	Klebsiella_pneumoniae	0
C18H29N3O5S	Clostridium_sporogenes	0
ClO-	Blautia_coccoides	0
C33H38N4O6	Saccharibacteria	0
C22H27FN4O2	Plesiomonas_shigelloides	0
C32H52Br2N4O4	Comamonas	0
C24H28N2O4S2	Lactobacillus_brevis	0
C53H90O22	Veillonella	0
C13H17N5O8S2	Bacteroides_intestinalis_DSM17393	0
C16H18N2O4S	Dehalobacterium_n.a.	0
C23H36N4O10S2	Bacteroides_intestinalis_DSM17393	0
C19H17NOS	Actinomyces_sp._oral_taxon_17_	0
C66H103N17O16S	Corynebacterium_striatum_ATCC_6940	0
C41H64O13	Pseudomonas_fluorescens_Species_286	0
C20H24ClNS	Bacillales	0
C21H20O9	Serratia_marcescens	0
C18H37N5O9	Bacillus_cereus_SJ1	0
C25H29N3O2	Neisseriaceae	0
C22H25Cl2N3O	Lactococcus	0
C88H97Cl2N9O33	Enterococcus_faecium_(Streptococcus_faecium)	0
C42H69NO15	Fusobacteria	0
C27H23N5O4	Fusobacterium_necrophorum_D12	0
C16H18N2O4S	Acetobacter	0
C29H32O13	Bacteroides_finegoldii_DSM17565	0
C12H13ClN4	Alistipes_indistinctus	0
C21H27N5O4S	Lactobacillus_murinus	0
C27H30O16	Bifidobacterium_longum_(Bifidobacterium_infantis,_Bifidobacterium_suis)	0
C16H24N2	Faecalibacterium_cf._prausnitzii_KLE1255	0
C10H16N6S	Bacteroidia	0
C23H31Cl2NO3	Staphylococcus_aureus_subsp._aureus_MRSA177	0
C10H11F3N2O5	Bacteroides_fragilis_3397	0
C26H41Br2NO4	Collinsella	0
C23H32N2O5	Edwardsiella_ictaluri_93-146	0
C23H21F7N4O3	Parabacteroides_distasonis_ATCC8503	0
C15H16O2	Rikenellaceae	0
C9H18N6	Olsenella_uli_DSM_7084	0
C25H38O5	Trichococcus	0
C8H9N3O4	Bacteroides_dorei_DSM17855	0
C16H20FN3O4	Gilliamella_apicola	0
C12H14N4O2S	Bacteroides_vulgatus_ATCC8482	0
C21H23N2NaO6S	Collinsella_stercoris_DSM_13279	0
C46H62N4O11	Bifidobacterium_sp.	0
C15H18N4O5	Butyricimonas	0
C8H15N3O7	Clostridium_difficile_120	0
C22H24ClN3O5	Clostridium_scindens_ATCC35704	0
C27H29NO10	Flavobacteria	0
C23H28N2O5S	Intestinimonas	0
C14H12ClNO2	Pediococcus	0
C4H8Cl3O4P	Escherichia_coli_IAI1	0
C21H20O9	Slackia_isoflavoniconvertens	0
C75H70N6O6	Rhodospirillaceae	0
C23H31NO3	Bacteroides_ovatus	0
C70H76N10O16	Collinsella_intestinalis_DSM13280	0
C24H26ClFN4O	Lactobacillus_gasseri_JV-V03	0
C19H24N6O5S2	Parabacteroides_Genus	0
C22H25N5O2	Lactobacillales_Order	0
C9H11NO4	Bifidobacterium_breve_DSM20213	0
C21H27N3O7S	Cetobacterium_somerae	0
C38H84N10O34S5	Bacteroides_vulgatus_ATCC8482	0
C4H8O2	Bacteroides_acidifaciens	0
C33H38N4O6	Raphidiopsis_brookii_D9	0
C13H9NOSe	Parabacteroides_distasonis_ATCC8503	0
C22H32N2O5S	Dorea_formicigenerans_ATCC27755	0
C23H21ClO3	Neisseria_mucosa_ATCC_25996	0
C23H27N3O6	Veillonella_sp._6_1_27	0
C18H33ClN2O5S	Corynebacterium_pseudogenitalium_ATCC_33035	0
C20H22N8O5	Weissella_cibaria_KACC_11862	0
C15H14N4O6S2	Pediococcus	0
C24H26N2O4	Sutterella	0
C20H18NO4+	Johnsonella	0
C22H29FO5	Yersinia_enterocolitica_subsp._enterocolitica_8081	0
C53H90O22	Ruminococcus_torques	0
C33H40N2O9	Bacteroidia	0
C11H13BrN2O6	Clostridiales_incertae_sedis	0
C20H23ClN2O4	Escherichia_coli_TW10509	0
C19H22N2O	Bifidobacterium_breve	0
C80H106Cl2N11O27P	Clostridiales_incertae_sedis	0
C13H12N2O5S	Clostridium_botulinum_A3	0
C9H11F2N3O4	Staphylococcus	0
C9H18N6	Mucispirillum	0
C15H23N3O4S	Arthrobacter	0
C16H19N3O5S	Klebsiella_pneumoniae	0
C88H97Cl2N9O33	Escherichia_coli_BL21(DE3)	0
C8H15N7O2S3	Porphyromonas_uenonis_60-3	0
C18H14Cl4N4O4	Alphaproteobacteria	0
C30H41N3O10S2	Campylobacter_hominis_ATCC_BAA-381	0
C8H14ClN5	Pseudoflavonifractor_capillosus_ATCC_29799	0
C21H26ClN3OS	Serratia_proteamaculans_568	0
C13H8Cl2N2O4	Mucispirillum_schaedleri	0
C26H41Br2NO4	Pediococcus	0
C23H27FN4O3	Bacteroides_xylanisolvens	0
C30H40Cl2N4	Chloro铿俥xi	0
C11H11N5	Eubacteriaceae	0
C27H33N3O6S	Lactobacillus_murinus	0
C29H27ClN2O14S	Marvinbryantia_formatexigens_DSM_14469	0
C15H11N3O3	Clostridium_bolteae_ATCCBAA-613	0
C25H34O6	Neisseriaceae	0
C28H28ClNO4S	Morganella	0
C10H12N4O3S	Xenorhabdus_nematophila_ATCC_19061	0
C12H4Cl2F6N4OS	Clostridiales_incertae_sedis	0
C16H14O3	Clostridium_sticklandii_Species_186831	0
C18H27NO3	Citrobacter_farmeri	0
C36H60N2O8S	Bacteroides_xylanisolvens	0
C10H13N5O4S	Streptococcus_mutans	0
C20H22N8O5	Lactobacillus_ultunensis_DSM_16047	0
C14H13N5O5S2	Eubacterium_limosum_KIST612	0
C27H29N5O6S	Vibrio_furnissii_CIP_102972	0
C21H26ClN3OS	Plesiomonas_shigelloides	0
C19H24Cl2N2	Lactobacillus_delbrueckii_subsp._lactis_DSM_20072	0
C17H17N7O8S4	Oscillospira	0
C21H20O9	Bacteroides_fragilis_DS-208	0
C43H65N5O10	Enterococcus_faecium_(Streptococcus_faecium)	0
C20H25N5O7S2	Erysipelotrichaceae	0
C12H15N3O2S	Johnsonella	0
C36H60N2O8S	Roseburia	0
C88H100Cl2N10O28	Providencia_stuartii_ATCC25827	0
C29H31N7O	Planctomyces	0
C26H35NO7	Bacillus	0
C8Cl4N2	Ruminococcus_torques	0
C8H5F3N2OS	Parabacteroides_Genus	0
C17H15N5O	Nitrospira	0
C9H11FN2O5	Eubacterium_rectale_ATCC33656	0
C19H17ClN3NaO5S	Lactobacillus_vaginalis_ATCC_49540	0
C18H20FN5O4	Bacteroides_fragilis_T(B)9	0
C23H27FN4O2	Staphylococcus_aureus	0
C22H25ClN2O8	Clostridium_scindens_ATCC35704	0
C22H28Cl2F3N3OS	Streptococcus	0
C14H9ClF3NO2	Acidovorax	0
C27H42ClNO2	Desulfovibrio_alaskensis_G20	0
C27H29NO10	Bacteroides_uniformis	0
C17H20ClNO3	Staphylococcus_aureus	0
C19H17NOS	Bacteroides_vulgatus_ATCC8482	0
C46H77NO17	Veillonella_sp._oral_taxon_158	0
C16H15N4NaO8S	Sutterella	0
C23H23NO4S	Plautia_stali_symbiont	0
C19H21ClF3NO2	Blautia_coccoides	0
C14H19N5O4	Desulfovibrio_desulfuricans	0
C21H27N3O7S	Enterorhabdus	0
C9H18N6	Eubacterium_biforme_DSM3989	0
C14H13N5O5S2	Coprobacter	0
C16H22O4	Bacteroides_finegoldii_DSM17565	0
C22H23ClN2O8	Firmicutes	0
C9H11FN2O5	Clostridium_perfringens_E_str._JGS1987	0
C19H18Cl2N2O4	Comamonas	0
C12H10N2O5	Lactobacillus_sakei_subsp._sakei_23K	0
C12H21N5O2S2	Escherichia_coli_TW10509	0
C17H20N4S	Clostridium_sp._7_2_43FAA	0
C29H27ClN2O14S	Lactobacillus	0
C28H32O15	Eubacteriaceae	0
C21H27N5O9S2	Campylobacter_gracilis_RM3268	0
C30H40Cl2N4	Staphylococcaceae	0
C15H23N3O4S	Weissella_cibaria_KACC_11862	0
C18H16Cl3N3O3S	Corynebacterium_striatum_ATCC_6940	0
C8H10ClN5O3S	Caulobacteraceae	0
C8Cl4N2	Amphibacillus	0
C15H14ClN3O4S3	Lactonifactor	0
C23H26N5NaO7S	Serratia_marcescens	0
C37H67NO13	Aggregatibacter_genus	0
C19H18Cl2N3NaO6S	Alloprevotella	0
C9H9Cl2N3	Citrobacter_rodentium_ICC168	0
C13H8O4	Salmonella_enterica_subsp._enterica_serovar_Typhimurium_Subspecies	0
C10H12N2O5S	Edwardsiella_ictaluri_93-146	0
C29H35NO2	Streptococcus_thermophilus	0
C11H12N4O3S	Eggerthella_lenta	0
C14H12O3	Salmonella_enterica_subsp._enterica_serovar_Typhimurium_Subspecies	0
C15H23N3O2	Lactobacillus_delbrueckii_subsp._lactis_DSM_20072	0
C21H23N3OS	Eubacterium_rectale	0
C17H15N5O	Aerococcus	0
C22H19NO4	Serratia_proteamaculans_568	0
C17H19KN2O5S	Lactobacillus_gasseri_JV-V03	0
C16H16ClN3O4	Faecalibacterium_prausnitzii	0
C19H27NO3	Lactobacillus_sakei_subsp._sakei_23K	0
C19H25F3N2O6	Parabacteroides_Genus	0
C21H23NO4S	Lactobacillus_jensenii_1153	0
C15H14N4O6S2	Roseburia_faecis	0
Cd	Lactobacillus_delbrueckii_subsp._lactis_DSM_20072	0
C14H24Cl2N2O3	Veillonella	0
C27H22Cl2N4	Dickeya_zeae_Ech1591	0
C20H16N2O4	Chryseobacterium	0
C23H39NO4	Coriobacterium_glomerans_PW2	0
C11H15N5O5	Blautia_coccoides	0
C18H14Cl4N2O	Escherichia_coli_IAI1	0
C11H12N4O3S	Olsenella	0
C14H18N2O5	Desulfovibrionaceae	0
C10H12FN5O4	Citrobacter_koseri_ATCC_BAA-895	0
C48H72O14	Clostridium_hiranonis_DSM_13275	0
C20H18ClNO6	Listeria_seeligeri_FSL_N1-067	0
C14H14Cl2N2O	Pseudomonas	0
C19H27NO3	Enterococcus_faecium_(Streptococcus_faecium)	0
C19H36ClNO2	Clostridium_scindens	0
C19H17ClN3NaO5S	Xanthomonas_campestris_pv._vesicatoria_str._85-10	0
C29H31F2N3O	Bacillus_cereus_Species_1386	0
C16H18N4O3S	Clostridium_perfringens_E_str._JGS1987	0
C15H23N3O2	Enterococcus_faecium_(Streptococcus_faecium)	0
C12H8O4	Butyrivibrio_proteoclasticus	0
C14H16N2O2	Parasutterella	0
C9H5Cl2NO	Gardnerella	0
C24H26N2O4	Lactococcus_garvieae	0
C18H20ClF3N2S	Plautia_stali_symbiont	0
C19H36ClNO2	Erwinia_billingiae_Eb661	0
C19H17NOS	Lactococcus_garvieae	0
C21H22ClN	Bacteroides_WH2	0
ClO-	Lactobacillus_jensenii_1153	0
C25H37NO4	Prevotella_oris_C735	0
C16H22O4	Collinsella_intestinalis_DSM13280	0
C12H6Br4O	Dickeya_dadantii_3937	0
C20H23N5O6S	Escherichia_coli_Nissle_1917	0
C8H17NO5	Oscillibacter_sp.	0
C15H14N4O	Microbacterium	0
C12H17N3O4S	Clostridium_hiranonis_DSM_13275	0
C12H4Cl4O	Bacteroides_ovatus_ATCC8483	0
C23H26FN3O2	Prevotellaceae	0
C22H28FN3O6S	Paenibacillaceae	0
C21H26N2O7	Cetobacterium	0
C19H16ClNO4	Butyrivibrio_fibrisolvens	0
C19H16ClF3N4O3	Anaerotruncus	0
C12H6Br4O	Trichococcus	0
C9H7N7O2S	Escherichia_coli_TW10509	0
C4H8O2	Streptococcus_agalactiae	0
C21H30O5	Collinsella	0
C15H23N3O2	Staphylococcus_aureus	0
C10H13N5O4S	Klebsiella	0
C10H13N5O4S	Blautia_hansenii_DSM20583	0
C23H32N2O5	Collinsella	0
C9H9Cl2N3	Arthromitus	0
C9H7N7O2S	Parasutterella	0
C27H29NO11	Fusobacterium_necrophorum_D12	0
C24H32O4	Desulfovibrio_desulfuricans	0
C26H41Br2NO4	Blautia_Genus	0
C21H27N3O7S	Dickeya_zeae_Ech1591	0
C16H16N3NaO7S2	Pseudomonas_aeruginosa	0
C23H28N2O5S	Shewanella_frigidimarina_NCIMB_400	0
C12H7Cl3O2	Escherichia_albertii_TW07627	0
C24H32N2O9	Cronobacter_turicensis_z3032	0
C16H16N3NaO7S2	Streptococcus_thermophilus_JIM_8232	0
C18H18ClNOS	Faecalibacterium_cf._prausnitzii_KLE1255	0
C22H23N3O4	Citrobacter	0
C24H31N3O	Rahnella_sp._Y9602	0
C3H6N6	Streptococcus_parasanguinis_ATCC_15912	0
C23H36N2O2	Enterobacteriaceae	0
C25H31N9O10S2	Blautia_producta	0
C21H32N2O	Veillonella	0
C18H19Cl2NS	Streptococcus_thermophilus	0
C12H17N3O4S	Sutterella	0
C31H35N2NaO11	Alkaliphilus_oremlandii_OhILAs	0
C20H12	Lactobacillus_mucosae	0
C4H11N5	Bacteroides_fragilis_T(B)9	0
C14H10O3	Bacteroides_fragilis_NCTC_9343	0
C21H20O6	Lactobacillus_reuteri_CF48-3A_BEI_HM-102	0
C18H18ClNOS	Escherichia_coli_IAI1	0
C48H72O14	Streptococcus_parasanguinis	0
C14H12FNO3	Lactonifactor_longoviformis	0
C10H12ClN5O3	Capnocytophaga_gingivalis_ATCC_33624	0
C25H31N9O10S2	Clostridium_botulinum_D_str._1873	0
C23H27N5O7S	Desulfurispirillum_indicum_S5	0
C80H106Cl2N11O27P	Bacteroides_ovatus_ATCC8483	0
Cr	Serratia_odorifera_DSM_4582	0
C17H20ClNO3	Comamonas	0
C15H12N2O2	Streptococcus_thermophilus_JIM_8232	0
C28H31FN4O	Citrobacter_freundii	0
C43H58N4O12	Chryseobacterium	0
C18H22Cl2N2	Raphidiopsis_brookii_D9	0
C22H45N5O14	Citrobacter_koseri_ATCC_BAA-895	0
C20H24ClNS	Cyanobacteria	0
C20H21NO4	Bifidobacterium_longum_subsp._Infantis_CCUG52486	0
C40H50N4O6S2	Aerococcus	0
C17H12Br2O3	Ruminococcus_torques	0
C27H22Cl2N4	Burkholderia_mallei_ATCC_23344	0
C11H8O2	Pediococcus	0
C20H35AuO9PS	Neisseria_mucosa_ATCC_25996	0
C20H17F2N3O3	Candida_albicans	0
C24H26BrN3O3	Acidobacteria	0
C3H7O4P	Aerococcus	0
C15H20O6	Enterobacter_cloacae	0
C20H24ClNS	Capnocytophaga_gingivalis_ATCC_33624	0
C6H6N6O2	Capnocytophaga	0
C16H18ClNO6S2	Acinetobacter_baumannii_TCDC-AB0715	0
C23H27N3O7	Streptococcus_dysgalactiae_subsp._dysgalactiae_ATCC_27957	0
C22H27FN4O2	Corynebacterium_lipophiloflavum_DSM_44291	0
C15H10O7	Aggregatibacter_genus	0
C13H8Cl2N2O4	Bifidobacterium_pseudocatenulatum_DSM_20438	0
C44H69NO12	Clostridiales_bacterium_Species_n.a.	0
C28H32ClN3O8S	Chryseobacterium	0
C21H33N3O5S	Listeria_seeligeri_FSL_N1-067	0
Cr	Lactobacillus_delbrueckii_subsp._lactis_DSM_20072	0
C18H22Cl2N2	Roseburia_faecis	0
C6H10N6O	Christensenellaceae	0
C22H27Cl3N2OS	Slackia_heliotrinireducens_DSM_20476	0
C15H23N3O2	Streptococcaceae	0
C10H13N3O5S	Vibrio_cholerae_Species_662	0
C19H23Cl2N5O	Fusobacterium	0
C8H6ClF3N2OS	Ruminococcaceae_Family	0
C18H22O2	Saccharibacteria	0
C11H13BrN2O6	Holdemania	0
C41H64O13	Amphibacillus	0
C18H22O2	Raoultella_planticola	0
C18H30ClNO3	Bacillus	0
C27H30ClNO11	Bacteroides_fragilis	0
C22H28N2O11	Enterobacter_cloacae	0
C33H38N4O6	Neisseriaceae	0
C25H30ClI2NO3	Enterococcus_faecium_(Streptococcus_faecium)	0
C12H12N2O3	Eggerthella_sp._Species_84111	0
C8H13N3O4S	Bacillus_cereus_Species_1386	0
C19H21FN2O4	Corynebacterium_pseudogenitalium_ATCC_33035	0
C25H31N3O6	Mycobacterium	0
C8H6ClF3N2OS	Clostridium_beijerinckii_NCIMB_8052	0
C10H11F3N2O5	Caulobacteraceae	0
C42H72O13	Bacteroides_fragilis_T(B)9	0
C26H28Cl2N4O4	Weissella_cibaria_KACC_11862	0
C19H25F3N2O6	Lactobacillus_acidophilus_ATCC_4796	0
C17H17ClF6N2O	Granulicatella_elegans_ATCC_700633	0
C26H33NO9	Bacillus_cereus_Species_1386	0
Mn+2	Lactobacillus_mucosae	0
C15H17FN4O3	Pectobacterium_atrosepticum_SCRI1043	0
C26H22ClF3N2O3	Pseudomonas_aeruginosa_NCGM2.S1	0
C19H17N3O4S2	Alcaligenes	0
C17H12Br2O3	Bifidobacterium_longum_subsp._Infantis_CCUG52486	0
C21H33N3O5S	Bacteroides_fragilis_3397	0
C80H106Cl2N11O27P	Bacteroides_acidifaciens	0
C23H27FN4O2	Olsenella_uli_DSM_7084	0
C23H36Cl3N3O3	Olsenella_uli_DSM_7084	0
C14H11Cl2NO2	Bifidobacterium_sp.	0
C9H14ClNO3	Escherichia_coli_TW10509	0
C15H11N2NaO2	Clostridium_cocleatum	0
C19H18Cl2N3NaO6S	Pseudomonas_aeruginosa_NCGM2.S1	0
C30H41N3O10S2	Adlercreutzia_equolifaciens	0
C21H20ClNO5	Lachnoclostridium	0
C18H14Cl4N2O	Pseudomonas	0
C27H42ClNO2	Morganella_morganii	0
C10H13N5O5	Butyrivibrio_fibrisolvens	0
C21H32N2O	Parabacteroides_Genus	0
C21H28ClN3O7S	Sutterella_sp.	0
C17H12Br2O3	Corynebacterium_striatum_ATCC_6940	0
C20H25N5O7S2	Roseburia_faecis	0
C28H29F2N3O	Bifidobacteriales	0
C17H20ClF2N3O3	Prevotella_copri	0
C22H31ClN4O7S2	Lactobacillus_johnsonii_Species_1578	0
C23H45N5O14	Bacteroidetes	0
C18H30ClNO3	Clostridium_hiranonis_DSM_13275	0
C22H26F3N3OS	Pectobacterium_atrosepticum_SCRI1043	0
C22H24ClN3O5	Lawsonia	0
C28H44ClNO2	Klebsiella	0
C18H27NO3	Klebsiella	0
C21H33N3O5S	Holdemanella	0
C40H50N4O6S2	Klebsiella_pneumoniae_subsp._rhinoscleromatis	0
C14H15N3O5	Bacillus_coahuilensis_m4-4	0
C8H17NO5	Escherichia_coli_BL21(DE3)	0
C23H36N4O10S2	Raoultella_terrigena	0
C9H11FN2O5	Pantoea_ananatis_LMG_5342	0
C26H27N5O2	Lactobacillaceae	0
C23H27Cl2N3O2	Citrobacter_youngae_ATCC_29220	0
C23H21ClO3	Coprobacter	0
C19H21ClF3NO2	Corynebacterium_striatum_ATCC_6940	0
C66H75Cl2N9O24	Fusobacterium	0
C42H88N14O36S3	Caulobacteraceae	0
C18H14N4O5S	Bacteroides_pectinophilus_ATCC43243	0
C23H27NO5S	Salmonella_enterica_subsp._enterica_serovar_Dublin_str._SD3246	0
C10H17N	Actinobacteria	0
C22H45N5O14	Eubacterium_hallii_DSM3353	0
C14H14O3	Bifidobacterium_adolescentis_L2-32	0
C10H11F3N2O5	Bacteroides_vulgatus_ATCC8482	0
C35H38Cl2N8O4	Holdemania_sp.	0
C15H11I4NO4	Oscillibacter_sp.	0
C21H24FN3O4	Saccharibacteria	0
C13H9NOSe	Candidatus_Odyssella	0
C16H15N4NaO8S	Bacteroides_fragilis_T(B)9	0
C9H13N3O5	Pseudomonas_putida	0
C15H23N3O4S	Clostridium_difficile_120	0
C21H28F3N3O7	Collinsella	0
C27H23N5O4	Clostridium_hiranonis_DSM_13275	0
C14H14ClN3	Enterobacteriaceae	0
C20H21N7O6S2	Lactobacillus_gasseri_JV-V03	0
C11H12N4O3S	Aggregatibacter_genus	0
C10H12O	Streptococcus_mutans	0
C15H16N2O6S2	Serratia_proteamaculans_568	0
C14H14N8O4S3	Clostridium_symbiosum_ATCC1494_	0
C5H9Cl2N3O2	Eubacterium_eligens	0
C18H25Cl2N9O4S3	Eubacterium_ventriosum_ATCC27560	0
C16H16N2O3S	Clostridium_hathewayi_DSM13479	0
C13H18ClN3O4S2	Bifidobacterium_adolescentis_L2-32	0
C21H32N2O	Blautia_luti_DSM14534	0
C17H20N4S	Porphyromonadaceae	0
C21H28F3N3O7	Pantoea_ananatis_LMG_5342	0
C18H34Cl2N2O5S	Megasphaera_elsdenii_DSM_20460	0
C8H5F3N2OS	Bacteroides_fragilis	0
C21H27N5O4S	Bacteroides_sp._Species_816	0
C16H17N3O7S2	Acidobacteria	0
C6H9N3O3	Parabacteroides_Genus	0
C7H15Cl2N2O2P	Agrobacterium_tumefaciens_F2	0
C22H24Cl2N2O8	Gilliamella_apicola	0
C17H19N5	Eubacterium	0
C20H28Cl3N3O3	Alloprevotella	0
C15H16N2O6S2	Staphylococcus_aureus_subsp._aureus_MRSA177	0
C19H16ClNO4	Eubacterium_hallii_DSM3353	0
C24H30O3	Plautia_stali_symbiont	0
C19H34Cl2N2O2	Cyanobacteria	0
C29H36O15	Weissella_cibaria_KACC_11862	0
C28H32ClN3O8S	Acinetobacter_haemolyticus_ATCC_19194	0
C35H36ClNO3S	Paenibacillaceae	0
C19H21ClF3NO2	Helicobacter_pylori	0
C9H7N7O2S	Holdemania_sp.	0
C16H16ClN3O4	Bacillus_cereus_SJ1	0
C10H20N2S4	Veillonella_sp._6_1_27	0
C24H31N3O	Acinetobacter_baumannii_TCDC-AB0715	0
C20H22N5NaO6S	Rahnella_aquatilis_CIP_78.65	0
C9H11NO4	Clostridium_botulinum_D_str._1873	0
C11H15NO2	Clostridium_perfringens_E_str._JGS1987	0
C48H72O14	Lactonifactor	0
C14H19NO2	Staphylococcaceae	0
C25H30N2O5	Aeromonas	0
C15H18N4O5	Lactococcus_garvieae_Lg2	0
C20H40N6O8S	Lactobacillaceae	0
C13H17N3O2	Deferribacteres_phylum	0
C9H10N2O3S2	Citrobacter_farmeri	0
C12H19N3O	Allobaculum	0
C19H18Cl3N3O3S	Cronobacter_turicensis_z3032	0
C22H17ClN2	Hyphomicrobium	0
C29H31N7O	Xanthomonas_campestris_pv._vesicatoria_str._85-10	0
As	Deltaproteobacteria	0
C19H18Cl2N2O4	Eggerthella_sp._Species_84111	0
C26H30ClN3O6	Planctomyces	0
C9H9N3O2	Collinsella_aerofaciens_Species_102106	0
C80H106Cl2N11O27P	Bacteroides_vulgatus	0
C22H18N2	Bifidobacterium_adolescentis_L2-32	0
C32H52Br2N4O4	Porphyromonas_uenonis_60-3	0
C16H14O3	Bacillus_coahuilensis_m4-4	0
C22H19N3O4	Intestinimonas	0
C52H98N16O13	Erwinia_amylovora_ATCC_49946	0
C17H20FN3O3	Trichococcus	0
C17H19KN2O5S	Actinomyces_sp._oral_taxon_17_	0
C18H14F3N3O4S	Streptococcus_thermophilus_JIM_8232	0
C15H14N4O6S2	Fusobacteria	0
C20H15F3N4O3	Bifidobacteriaceae	0
C16H18N4O3S	Lactobacillus_reuteri	0
C10H13N3O5S	Pseudoflavonifractor_capillosus_ATCC_29799	0
C23H28N2O5S	Escherichia	0
C38H84N10O34S5	Enterococcus_casseliflavus	0
C22H18N2	Yersinia_enterocolitica_subsp._enterocolitica_8081	0
C9H9HgNaO2S	Lactobacillus_johnsonii_Species_1578	0
C48H56N6O8S2	anaerobic_bacterium_'strain_7'	0
C14H12O3	Citrobacter_sp._30_2	0
C14H18N2O5	Subdoligranulum_Genus	0
C22H27FN4O2	Lactococcus_garvieae_Lg2	0
C22H25NO6	Bacteroidetes	0
C22H25NO6	Gemella_genus	0
C4H4FN3O	Sphingomonas	0
C25H30ClNO5	Bacteroidaceae	0
C14H12ClNO2	Cronobacter_sakazakii	0
C22H19ClO3	Campylobacter	0
C9H9Cl2N3	Bacteroidia	0
C42H78N2O14	Lactobacillus_murinus	0
C23H27FN4O3	Slackia_exigua_ATCC_700122	0
C23H29N3O2S2	Parasutterella	0
C18H18O2	Bacteroides_ovatus_ATCC8483	0
C12H8O4	Streptococcus_mutans	0
C16H17N5O7S2	Bacteroides_intestinalis_DSM17393	0
C29H39N5O8	Caulobacteraceae	0
C16H25ClN4O2	Jeotgalicoccus	0
As	Prevotella_oris_C735	0
C10H7Cl2N3O	Bacteroides_fragilis_NCTC_9343	0
C16H16ClN3O4	Salmonella_typhimurium_LT2	0
C15H11N3O3	Enterococcus_hirae	0
C26H33NO9	Pseudomonas_syringae_pv._morsprunorum_str._M302280	0
C25H29I2NO3	Alteromonadales_Order	0
C6H8N2O2S	Oscillospira	0
C15H10O7	Eubacteriaceae	0
C16H15N4NaO8S	anaerobic_bacterium_'strain_7'	0
C16H15N5O7S2	Anaerotruncus_colihominis_DSM17241	0
C41H76N2O15	Weissella_cibaria_KACC_11862	0
C6HCl5O	Bifidobacterium_Genus	0
C27H34I2N4	Bifidobacterium_bifidum_NCIMB_41171	0
C22H45N5O14	Anaerostipes	0
C21H23NO4S	Fusobacterium_nucleatum_subsp._vincentii_4_1_13	0
C21H22Cl2N2O8	Bacteroides_fragilis	0
C19H21FN2O4	Planctomyces	0
C17H17ClO6	Sutterella_sp.	0
C6H8N4O4	Subdoligranulum_variabile_DSM15176	0
C17H20ClNO3	Eubacterium_limosum	0
C18H17NO5	Bacteroides_caccae_ATCC43185	0
C16H18N4O3S	Coriobacteriales	0
C19H21NO4	Eubacterium_rectale_ATCC33656	0
C15H11N2NaO2	Clostridium_ramosum_DSM1402	0
C17H21NO3	Alphaproteobacteria	0
C24H34N2O5	Bacteroides_thetaiotaomicron	0
C24H21F2NO3	Alteromonadales_Order	0
C7H15Cl2N2O2P	Clostridiales_incertae_sedis	0
C25H29Cl3N2	Christensenellaceae	0
C18H14F4N2O4S	Bacteroides_dorei	0
C20H21NO4	Pretovella_copri_DSM18205	0
C9H10N2O3S2	Butyrivibrio	0
C24H32N2O9	Escherichia_coli_TW10509	0
C15H16N7NaO5S3	Butyrivibrio_proteoclasticus	0
C48H56N6O8S2	Enterobacter_cloacae_subsp._cloacae_ATCC_13047	0
C23H27N3O6	Planctomyces	0
C21H27ClN2S2	Corynebacterium_striatum_ATCC_6940	0
C25H37NO4	Styrax_aureus	0
C16H19N3O5S	Clostridium_asparagiforme_DSM15981	0
C29H36O15	Fusobacterium_nucleatum_subsp._vincentii_4_1_13	0
C29H31F2N3O	Enterobacter	0
C9H4Cl3IO	Blautia_hansenii_DSM20583	0
C12H10F3N3O4	Fusobacterium	0
C22H45N5O14	Bacteroides_fragilis_DS-208	0
C16H17N3O5S	Lactobacillus_acidophilus_ATCC_4796	0
C15H18N4O5	Klebsiella_pneumoniae	0
C14H26Cl2N2O7	Prevotellaceae	0
C24H29ClO4	Collinsella_aerofaciens_ATCC25986	0
C24H42O21	Streptococcus	0
C20H24ClNS	Actinomyces_sp._oral_taxon_17_	0
C13H8O4	Lactobacillus_delbrueckii_subsp._bulgaricus	0
C18H20FN3O4	Coriobacteriales	0
C10H12N4O3S	Enterococcus_casseliflavus	0
C6H6N6O2	Anaerotruncus_colihominis_DSM17241	0
C17H12Br2O3	Pediococcus	0
C20H16Cl3N3O4S	Acidovorax	0
C23H26N2O5S	Clostridium_botulinum_BKT015925	0
C23H20N2O3S	Caulobacterales_order	0
C20H28O	Citrobacter_youngae_ATCC_29220	0
C17H17ClF6N2O	Lactobacillus_reuteri	0
C10H12O	Gilliamella_apicola	0
C24H31FO6	Collinsella_aerofaciens_Species_102106	0
C19H12O6	Enterobacter	0
C22H23ClN2O2	Paenibacillaceae	0
C19H22ClN	Rahnella_sp._Y9602	0
C22H32N2O5S	Escherichia_coli_TW10509	0
C15H17FN4O3	Acidobacteria	0
C22H24ClFN4O3	Plesiomonas_shigelloides	0
C5H14NO+	Porphyromonas	0
C29H33ClN2O2	Clostridium_clariflavum_DSM_19732	0
C6H10N6O	Saccharibacteria	0
C8H10O2	Spirochaetes	0
C24H42O21	Eubacterium_rectale	0
C17H17N7O8S4	Clostridium_hathewayi_DSM13479	0
C28H44ClNO3S	Edwardsiella_ictaluri_93-146	0
C14H9ClF3NO2	Bacillales	0
C13H20N6O4	Mycobacterium	0
C18H27N3O6S	Eubacterium_rectale_ATCC33656	0
C43H74N2O14	Cetobacterium	0
C11H13BrN2O6	Enterorhabdus	0
C29H39N5O8	Bifidobacterium_adolescentis_L2-32	0
C23H20F2N2O4	Ruminococcus_lactaris_ATCC29176	0
C26H32F2O7	Porphyromonas	0
C22H26N2O4S	Aeromonas_caviae_Ae398	0
C20H28O6	Citrobacter_amalonaticus	0
C14H18N2O5	Jeotgalicoccus	0
C14H18N2O5	Citrobacter_freundii	0
C38H84N10O34S5	Bifidobacterium_adolescentis_ATCC_15703	0
C17H19NO3	Plesiomonas_shigelloides	0
C12H12N2O3	Campylobacter	0
C6H6N6O2	Coriobacterium_glomerans_PW2	0
C32H41NO2	Catabacteriaceae	0
C31H47NaO6	Clostridium_butyricum_E4	0
C18H19Cl2NO4	Hippea_maritima_DSM_10411	0
C16H17N5O7S2	Dickeya_dadantii_Ech586	0
C19H22N2O	Paenibacillaceae	0
C26H35NO7	Akkermansia_muciniphila_Species_239934	0
C22H28Cl2F3N3OS	Coprococcus_comes_ATCC27758	0
C10H11F3N2O5	Nitrospira	0
C11H15N5O4	Vibrio	0
C13H6Cl6O2	Enterobacteriaceae	0
C22H28N2O11	Lactobacillus_mucosae	0
C15H16O2	Burkholderia_mallei_ATCC_23344	0
C4H7NaO2	Clostridium_novyi_NT	0
C3H9NO5P+	Erwinia_tasmaniensis_Et1/99	0
C12H15Cl2NO5S	Citrobacter_rodentium_ICC168	0
C12H24N2O4	Enterobacter_cancerogenus_ATCC35316	0
C25H30N2O5	Peptostreptococcus	0
C66H76Cl3N9O24	Flavobacteria	0
C52H98N16O13	Prevotellaceae	0
C23H30O3	Fusobacterium	0
C42H70O12	Ruminococcaceae_Family	0
C22H32N2O5S	Citrobacter_sp._30_2	0
C22H23ClN2O2	Lactobacillus	0
C14H15N3O5	Salmonella_enterica_subsp._arizonae_serovar_62:z4,z23:-_str._RSK2980	0
C42H78N2O14	Acidobacteria	0
C29H34Cl2N2O2	Subdoligranulum_variabile_DSM15176	0
C3H9NO5P+	Streptococcus_mutans	0
C35H38Cl2N8O4	Bacteroides	0
C13H9NOSe	Bacteroides_fragilis_DS-208	0
C21H20O9	Desulfovibrio_desulfuricans	0
C19H24N2S	Dialister	0
C28H28ClNO4S	Bacteroides_stercoris	0
C15H18N4O5	Xenorhabdus_bovienii_SS-2004	0
C20H22ClN	Veillonella_sp._6_1_27	0
Ag	Anaerostipes	0
C31H47NaO6	Lactobacillus_acidophilus	0
C9H11F2N3O4	Pediococcus	0
C22H29FO5	Bacteroides_fragilis	0
C26H58Cl2N10	Enterobacter_asburiae_LF7a	0
C8Cl4N2	Acidobacteria	0
C20H22N8O5	Coriobacteriia	0
C14H8Cl4	Bacteroides_dorei	0
C25H30N2O5	Pectobacterium_wasabiae_WPP163	0
C27H33NO3	Staphylococcus_aureus_subsp._aureus_MRSA177	0
C14H12ClNO2	Serratia_sp._AS12	0
C23H20N2O3S	Bacteroides_WH2	0
C11H12ClNO3S	Prevotella_copri	0
C19H12O6	Lactococcus_garvieae	0
C17H17N7O8S4	Salmonella_enterica_subsp._enterica_serovar_Dublin_str._SD3246	0
C7H6O5	Holdemania_sp.	0
C21H20O9	Dermacoccus_sp._Ellin185	0
C18H33ClN2O5S	Anaerotruncus_colihominis_DSM17241	0
C14H13N8NaO4S3	Staphylococcaceae	0
Mn+2	Coriobacteriales	0
C20H18ClNO6	Aerococcus	0
C6HCl5O	Allobaculum	0
C44H76N4O10S2	Enterobacter_cloacae	0
C22H25N3O7S	Bacteroides_fragilis_DS-208	0
As	Dehalobacterium_n.a.	0
C27H30O16	Dehalobacterium_n.a.	0
C12H11N2NaO3	Lactobacillus_johnsonii_NCC_533	0
C22H23ClN2O8	Paenalcaligenes_genus	0
C48H48N4O6S2	Blautia_Genus	0
C23H32N6O4S	Lacrimispora_sphenoides_Species_n.a.	0
C12H14N4O2S	Providencia_stuartii_ATCC25827	0
C15H14N2Na2O6S2	Butyrivibrio_fibrisolvens	0
C32H52Br2N4O4	Bifidobacterium_ruminantium	0
C4H11N5	Salmonella	0
C6H6N6O2	Alcaligenaceae	0
C22H26N2O2	Eggerthella_sp._Species_84111	0
C25H30ClI2NO3	Christensenellaceae	0
C26H32F2O7	Lactococcus	0
C8H12N4O5	Butyricimonas	0
C29H32O13	Salmonella_enterica_subsp._enterica_serovar_Dublin_str._SD3246	0
C17H24O10	Veillonella_sp._6_1_27	0
C32H52Br2N4O4	Clostridium_leptum	0
C26H22ClF3N2O3	Intestinimonas	0
C32H40ClNO4	Lactobacillus_gasseri_JV-V03	0
C10H11ClFN5O3	Lactococcus_garvieae_Lg2	0
C20H21ClO4	Bacteroides_finegoldii_DSM17565	0
C22H26ClN7O2S	Corynebacterium_jeikeium_ATCC_43734	0
C21H45N3	Clostridium_leptum	0
C22H26ClN3O4S	Escherichia	0
C42H38O20	Bacteroides_thetaiotaomicron	0
C22H24N2O8	Staphylococcaceae	0
C22H23ClN2O2	Clostridium_ramosum_DSM1402	0
C88H97Cl2N9O33	Campylobacter_gracilis_RM3268	0
C12H12N2O3	Eubacterium_hallii_DSM3353	0
C18H15NO8S2	Parabacteroides_Genus	0
C28H44ClNO3S	Desulfovibrio_alaskensis_G20	0
C27H29NO11	Lactobacillus_jensenii_1153	0
C11H15NO2	Fusobacterium	0
C28H38N12O6S	Coprococcus_comes	0
C27H29NO11	Clostridiales_incertae_sedis	0
C29H32O13	Clostridium_sticklandii_Species_186831	0
C15H16N7NaO5S3	Capnocytophaga_gingivalis_ATCC_33624	0
C27H30ClNO10	Roseburia_faecis	0
C22H23ClN2O2	Intestinimonas	0
C19H15ClN2O4	Phascolarctobacterium	0
C15H14N4O	Klebsiella_oxytoca	0
C22H28N2O11	Lactobacillus_johnsonii_NCC_533	0
C26H29NO	Lactobacillus_acidophilus	0
C26H35NO7	Blautia_luti_DSM14534	0
C29H34Cl2N2O2	Pseudomonas_stutzeri_DSM_4166	0
C15H16N7NaO5S3	Lactonifactor	0
C19H22F2N4O3	Bacillales	0
C28H38N6O11S	Desulfurispirillum_indicum_S5	0
C17H20ClF2N3O3	Bacteroides_thetaiotaomicron_VPI-5482	0
C11H12ClNO3S	Enterobacter_cloacae	0
C19H15ClN2O4	Plautia_stali_symbiont	0
C24H32O4	Butyricimonas	0
C53H90O22	Chloro铿俥xi	0
C17H24O10	Parabacteroides_johnsonii	0
C8H6ClF3N2OS	Enterocloster_bolteae	0
C15H11N2NaO2	Capnocytophaga	0
C18H27N3O6S	Raoultella_planticola	0
C21H26ClN3OS	Olsenella_uli_DSM_7084	0
C18H14F3N3O4S	Bacillus_cereus_SJ1	0
C40H50N4O6S2	Weissella_cibaria_KACC_11862	0
C22H28N4O6	Desulfovibrio_alaskensis_G20	0
C26H33NO6	Morganella	0
C17H17ClO6	Desulfotalea_psychrophila_LSv54	0
C48H56N6O8S2	Alkaliphilus_oremlandii_OhILAs	0
C23H27N3O7	Vibrio_furnissii_CIP_102972	0
C14H10O3	Olsenella_uli_DSM_7084	0
C48H48N4O6S2	Providencia_alcalifaciens_DSM30120	0
C15H14N4O6S2	Dialister	0
C19H17NOS	Bacteroides_caccae_ATCC43185	0
C19H36ClNO2	Lactonifactor_longoviformis	0
C8H15N3O7	Burkholderia_vietnamiensis_G4	0
C23H26N5NaO7S	Enterobacter	0
C12H7Cl3O2	Veillonella_sp._6_1_27	0
C23H34O5	Vibrio	0
C9H11IN2O5	Desulfovibrio	0
C16H14O3	Gordonibacter	0
C12H10N2O5	Methanobrevibacter	0
C20H25ClN2O5	Amphibacillus	0
C32H37NO8	Vibrio_cholerae_Species_662	0
C20H22N8O5	Pseudomonas_stutzeri_DSM_4166	0
C4H4FN3O	Bifidobacterium_breve_DSM20213	0
Cr	Serratia_proteamaculans_568	0
C20H24ClNS	Streptococcus_dysgalactiae_subsp._dysgalactiae_ATCC_27957	0
C26H22ClF3N2O3	Adlercreutzia_equolifaciens	0
C9H11NO4	Chromatiaceae	0
C23H31Cl2NO3	Citrobacter	0
C18H14Cl4N2O	Bacteroides_clarus_YIT_12056	0
C10H16N6S	Staphylococcus_aureus	0
C20H22N5NaO6S	Pseudomonas_aeruginosa	0
C27H28N2O7	Gammaproteobacteria	0
C12H21N	Lachnospiraceae_Family	0
C21H20O12	Escherichia_coli_ED1a	0
C17H21NO3	Burkholderia_vietnamiensis_G4	0
C9H7N7O2S	Gemella_genus	0
C18H14N4O5S	Citrobacter_freundii	0
C26H35NO7	Lactobacillus_reuteri	0
C46H54N6O8S2	Intestinimonas	0
C11H15NO2	Megasphaera_elsdenii_DSM_20460	0
C11H12I3NO2	Lactobacillus_acidophilus_ATCC_4796	0
C22H45N5O14	Enterorhabdus	0
C11H14N4O2	Alcaligenes	0
C14H8Cl4	Bacteroides_cellulosilyticus_DSM14838	0
C14H16N4	Clostridium_perfringens_CPE_str._F4969	0
C23H30O3	Citrobacter_farmeri	0
C17H20ClF2N3O3	Caulobacterales_order	0
C19H18N3NaO5S	Rikenellaceae	0
C18H20FN5O4	Enterobacter_cloacae_subsp._cloacae_ATCC_13047	0
C24H42O21	Tenericutes	0
C22H17ClN2	Cetobacterium	0
C23H34O5	Prevotella	0
C19H24N2O6	Mucispirillum	0
C21H22O9	Streptococcus_thermophilus	0
C13H12F2N6O	Aggregatibacter_genus	0
C18H16Cl3N3O4	Lachnospiraceae_Family	0
C23H30O3	Subdoligranulum_Genus	0
C36H61NaO11	Brevundimonas	0
C12H12N2O3	Lactobacillaceae	0
C24H30O3	Odoribacter_splanchnicus	0
C16H16N5NaO7S2	Providencia_alcalifaciens_DSM30120	0
C14H18N2O5	Brevundimonas	0
C16H25N3O7S	Christensenellaceae	0
C22H27Cl3N2OS	Blautia_obeum	0
C12H7Cl3O2	Bacilli_Class	0
C4H8Cl3O4P	Alphaproteobacteria	0
C14H9N4NaO5	Shigella_flexneri	0
C17H20ClF2N3O3	Klebsiella	0
C88H97Cl2N9O33	Coprococcus	0
C19H17N3O4S2	Bifidobacterium_Genus	0
C23H29N3O2S2	Escherichia_coli_Nissle_1917	0
C23H27N5O7S	Holdemania_sp.	0
C10H11NO3	Bifidobacterium_adolescentis	0
C6H6N4O4	Victivallis_vadensis_ATCC_BAA-548	0
C20H16Cl3N3O4S	Alistipes_indistinctus	0
C21H23N3OS	Pantoea_ananatis_LMG_5342	0
C22H17ClN2	Plesiomonas_shigelloides	0
Hg	Propionibacterium_acnes_SK182B-JCVI	0
C19H12O6	Bifidobacterium_dentium_ATCC_27679	0
C22H23ClN6O	Clostridia	0
C16H18N2O4S	Candida_albicans	0
C8H12N4O5	Eubacterium_plexicaudatum	0
C12H13ClN4	Micrococcaceae	0
C21H23ClFNO2	Coriobacteriia	0
C21H26ClN3OS	Clostridium_asparagiforme_DSM15981	0
C15H23N3O4S	Cetobacterium_somerae	0
C18H20O2	Clostridium_sporogenes_ATCC15579	0
C11H13BrN2O5	Erysipelotrichaceae	0
C18H20FN5O4	Klebsiella_pneumoniae_subsp._rhinoscleromatis	0
C21H20O12	Bilophila	0
C24H31NO8	Paenibacillaceae	0
C88H100Cl2N10O28	Clostridium_novyi_NT	0
C18H33ClN2O5S	Butyricicoccus	0
C17H17N7O8S4	Prevotellaceae	0
C75H70N6O6	Streptococcus_agalactiae	0
C19H16ClNO4	Veillonella_sp._6_1_27	0
C19H20ClN3	Blautia_obeum	0
C9H18N6	Butyricicoccus	0
C15H10O5	Eggerthella_sp._Species_84111	0
C22H24ClFN4O3	Bacteroides_fragilis_HMW610	0
C15H27N3O9P2	Akkermansia_muciniphila_ATCC_BAA-835	0
C10H12FN5O4	Gilliamella_apicola	0
C16H17N5O7S2	Salmonella	0
C21H34O5	Enterocloster_bolteae	0
C29H38N4O10	Ruminococcus	0
C24H30ClNO4	Ruminococcus_sp._SR1/5	0
C95H146O28	Aggregatibacter_genus	0
C11H15NO2	Bilophila	0
C9H20N2O2	Parasutterella	0
C26H28N2	Cetobacterium	0
C7H5NO3S	Lactobacillus_gasseri_JV-V03	0
C17H13ClFN3O	Caulobacterales_order	0
C24H21F2NO3	Sphingomonas	0
C28H28ClNO4S	Verrucomicrobiaceae	0
C28H41N3O3	Candidatus_Saccharimonas	0
C22H22N6O5S2	Streptococcus_mutans	0
C37H67NO13	Clostridium_sticklandii_Species_186831	0
C24H42O21	Lactobacillus_brevis_subsp._gravesensis_ATCC_27305	0
C46H54N6O8S2	Lactobacillus_gasseri_JV-V03	0
C11H8O2	Burkholderia_mallei_ATCC_23344	0
C15H10O5	Clostridium_perfringens_E_str._JGS1987	0
C17H19KN2O5S	Acidovorax	0
C21H39N7O12	Clostridium_symbiosum_ATCC1494_	0
C25H31N9O10S2	Mycoplasma	0
C20H28O	Anaerostipes	0
C19H21ClF3NO2	Klebsiella	0
C10H13N3O5S	Bacteroides_fragilis	0
C28H34Cl2F2N2O	Bifidobacterium_bifidum_NCIMB_41171	0
C10H13N5O4S	Lactobacillus_acidophilus	0
C12H21N2O3PS	Lactobacillus_plantarum_Species_1578	0
C44H69NO12	Salmonella_typhimurium_LT2	0
C19H17ClFN3O5S	Arthrobacter	0
Cr+6	Enterocloster_bolteae	0
C19H17ClFN3O5S	Chromatiaceae	0
C9H4Cl3IO	Aerococcus	0
C18H37N5O9	Citrobacter_farmeri	0
C41H64O13	Rothia_mucilaginosa_DY-18	0
C14H12FNO3	Parabacteroides_johnsonii_DSM18315	0
C10H7KN6O	Mycobacterium	0
C15H14O3	Styrax_aureus	0
C24H24ClN3O6S	Parabacteroides_johnsonii	0
C18H37N5O9	Barnesiella_intestinihominis	0
C21H20O12	Lactobacillus_delbrueckii_subsp._lactis_DSM_20072	0
C29H34Cl2N2O2	Barnesiella_intestinihominis	0
C21H41N5O11	Ruminococcus_flavefaciens_FD-1	0
C22H32N6O12S2	Lactobacillaceae	0
C19H36ClNO2	Ruminococcus	0
C8H7N3O5	Enterobacter_cloacae_subsp._cloacae_NCTC_9394	0
C21H34ClN3O5S	Clostridium_ramosum_DSM1402	0
C18H20N3NaO3S	Corynebacterium_striatum_ATCC_6940	0
C15H14N2Na2O6S2	Enterobacter_cloacae_subsp._cloacae_ATCC_13047	0
C18H20N2O6	Klebsiella_pneumoniae_subsp._ozaenae	0
C23H28ClN	Barnesiella_intestinihominis	0
C21H27N5O9S2	Actinomyces_sp._oral_taxon_17_	0
C18H20O2	Ruminococcus_torques	0
C14H9I3O4	Enterococcus_casseliflavus	0
C24H26BrN3O3	Staphylococcaceae	0
C11H12N4O3S	Alistipes	0
C21H20O9	Streptococcus_thermophilus	0
C24H36O5	Clostridium_bartlettii_DSM_16795	0
C18H19N3O5S	Prevotella_oris_C735	0
C18H19NOS	Lactococcus	0
C16H16N3NaO7S2	Alistipes	0
C26H29NO	Erysipelotrichaceae	0
C22H23N3O4	Clostridium_cocleatum	0
C13H20N6O4	Aerococcus	0
C9H14ClNO3	Dickeya_dadantii_Ech703	0
C19H16ClFN3NaO5S	Clostridium_sporogenes	0
C7H11N3O3	Rothia_mucilaginosa_DY-18	0
C21H26ClN3OS	Escherichia_coli_BL21(DE3)	0
C21H25N5O8S2	Erysipelatoclostridium_ramosum	0
C23H27N3O7	Bifidobacterium_dentium_Species_1678	0
C21H26BrNO3	Clostridiaceae	0
C11H15N5O4	Aeromonas_caviae_Ae398	0
C22H32N2O5S	Bacteroidaceae	0
C17H21F2N3O3	Clostridiaceae	0
C29H33ClN2O2	Ruminococcaceae_Family	0
C18H18N8O7S3	Ruminococcus_torques	0
C8H8N2O3S	Arthrobacter	0
C21H45N3	Roseburia_hominis	0
C28H32O15	Klebsiella	0
C16H18ClNO6S2	Streptococcus_thermophilus_JIM_8232	0
C28H31BrN2O2	Clostridiaceae	0
C62H111N11O12	Caulobacterales_order	0
C20H23N5O6S	Roseburia_faecis	0
C88H100Cl2N10O28	Lactobacillus_vaginalis_ATCC_49540	0
C70H76N10O16	Mucispirillum	0
Cl2Hg	Enterobacter_sp._638	0
C12H13NO2	Faecalibacterium_prausnitzii	0
C23H21F7N4O3	Clostridium_butyricum	0
C25H43NO18	Pectobacterium_atrosepticum_SCRI1043	0
C19H23Cl2N5O	Escherichia_coli_ED1a	0
C24H34N2O5	Streptococcus_parasanguinis	0
C16H18N4O3S	Comamonas	0
C22H19N4NaO8S2	Peptostreptococcus	0
C18H20N3NaO3S	Roseburia_intestinalis_L1-82	0
C11H15N5O4	Enterococcus_faecalis_V583	0
C32H52Br2N4O4	Bacteroides	0
Hg	Streptococcus_parasanguinis_ATCC_15912	0
C19H25ClN2S	Photorhabdus_luminescens_subsp._laumondii_TTO1	0
C15H27N3O9P2	Deferribacter_desulfuricans_SSM1	0
C22H26ClN7O2S	Pseudomonas_fluorescens_Species_286	0
C18H36N4O11	Listeria_seeligeri_FSL_N1-067	0
C75H70N6O6	Bacteroides_fragilis_HMW610	0
C26H28N2	Enterococcus_faecalis_V583	0
C12H22O11	Morganella	0
C10H13N5O4	Enterocloster_bolteae	0
C13H21ClN2O	Clostridium_leptum	0
C12H15NO3	Pantoea_sp._At-9b	0
C33H30N4O2	Lactobacillus_reuteri	0
C8H9NO2	Bacteroides_fragilis_NCTC_9343	0
C25H29N3O2	Pretovella_copri_DSM18205	0
C31H33N3O6S	Flavobacteria	0
C26H28Cl2F2N2	Mycoplasma_hyorhinis	0
C27H29N5O6S	Bacteroides_acidifaciens	0
C24H28N2O5	Lactobacillus_paracasei_Species_1578	0
C4H11N5	Eubacterium_ramulus	0
C48H72O14	Planctomyces	0
C43H65N5O10	Salmonella_enterica_subsp._enterica_serovar_Typhimurium_Subspecies	0
C23H29N3O2S2	Bacteroides_fragilis_T(B)9	0
C15H10O4	Butyrivibrio_proteoclasticus	0
C23H32N6O4S	Deltaproteobacteria	0
C23H30O3	Lactobacillus_reuteri_CF48-3A_BEI_HM-102	0
C19H21ClF3NO2	Xenorhabdus_nematophila_ATCC_19061	0
C14H12Cl2NNaO3	Olsenella	0
C9H7N7O2S	Porphyromonadaceae	0
C34H57BrN2O4	Enterococcus_casseliflavus	0
C8H9N3O4	Candidatus_Saccharimonas	0
C19H16O4	Streptococcaceae	0
Cl2Hg	Listeria_seeligeri_FSL_N1-067	0
C20H24ClNS	Holdemania_sp.	0
C11H12N4O3S	Lactobacillus_plantarum_Species_1578	0
C19H22ClN	Planctomyces	0
C19H17ClFN3O5S	Vibrio	0
C80H106Cl2N11O27P	Enterocloster_bolteae	0
C4H4N6O	Hippea_maritima_DSM_10411	0
C23H36N4O10S2	Bacteroidales	0
C54H92O23	Clostridium_symbiosum_ATCC1494_	0
C23H34O5	Clostridium_difficile_120	0
C10H13N5O4S	Bacteroidetes	0
C29H35NO8	Veillonella_parvula	0
C8Cl4N2	Agrobacterium_tumefaciens_F2	0
C27H38N2O4	Burkholderia_vietnamiensis_G4	0
Hg	Bifidobacterium_adolescentis_L2-32	0
C4H4KNO4S	Escherichia_coli_TW10509	0
C20H9Br2HgNa2O6	Holdemanella	0
C25H31N9O10S2	Erysipelotrichaceae	0
C22H24ClN3O5	Lactobacillus_ultunensis_DSM_16047	0
C29H32O13	Oscillibacter_sp.	0
C24H35ClN2O	Lactococcus_garvieae	0
C9H11F2N3O4	Microbacterium	0
C21H24FN3O4	Bacteroides_caccae_ATCC43185	0
C17H18F3NO	Anaerostipes	0
C12H15Cl2NO5S	Clostridium_difficile_120	0
C19H21ClF3NO2	Streptococcus_sanguinis_species_1301	0
C12H15Cl2NO5S	Enterobacteriaceae	0
C10H12N4O3S	Lactobacillus_acidophilus_ATCC_4796	0
C5H14NO+	Citrobacter	0
C14H9N4NaO5	Klebsiella_pneumoniae	0
C27H22Cl2N4	Lactonifactor	0
C20H18N6Na2O9S	Agrobacterium_tumefaciens_F2	0
C41H76N2O15	Bacillus	0
C18H15NO8S2	Alkaliphilus_oremlandii_OhILAs	0
C22H17ClN2	Listeria_grayi_DSM_20601	0
C8H10O2	Enterorhabdus	0
C10H16N6S	Plautia_stali_symbiont	0
C42H70O12	Klebsiella	0
C25H30N2O5	Dickeya_dadantii_3937	0
C15H21N3O3S	Serratia_marcescens	0
C15H12N2O2	Clostridium_difficile_120	0
C29H36O15	Bacteroides_fragilis	0
C23H27N5O7S	Enterococcus_faecium_(Streptococcus_faecium)	0
C14H14ClN3	Prevotella_oris_C735	0
C23H31NO3	Lactobacillus_johnsonii_NCC_533	0
C9H14ClNO3	Acinetobacter	0
C22H25N3O7S	Tenericutes	0
C17H19NO3	Streptococcus_parasanguinis_ATCC_15912	0
C9H10N2O3S2	Bacteroidetes	0
C28H41N3O3	Verrucomicrobia_Phylum	0
C12H20N2O3S	Blautia_hansenii_DSM20583	0
C14H19N5O4	Clostridium_ramosum_DSM1402	0
C10H11F3N2O5	Clostridium_cocleatum	0
C26H29NO	Parabacteroides_merdae	0
C23H26N5NaO7S	Enterococcus_casseliflavus	0
Pb	Coriobacteriales	0
C24H42O21	Staphylococcus_epidermidis_W23144	0
C95H146O28	Bacteroides_fragilis_HMW610	0
C23H31NO7	Arthromitus	0
C42H70O12	Bacteroides_thetaiotaomicron_VPI-5482	0
C24H24ClN3O6S	Anaerococcus_hydrogenalis_DSM7454	0
C17H14F3N3O2S	Neisseriaceae	0
C18H33ClN2O5S	Escherichia_albertii_TW07627	0
C12H19N3O	Escherichia_coli	0
C17H13ClFN3O	Pantoea_sp._At-9b	0
C33H30N4O2	Acinetobacter_haemolyticus_ATCC_19194	0
C38H84N10O34S5	Desulfovibrionaceae	0
C24H30ClNO4	Hyphomicrobium	0
C12H12N2O3	Aeromonas_caviae_Ae398	0
C9H5Cl2NO	Bacteroides_eggerthii	0
C15H16ClN3O5S	Salmonella_enterica_subsp._enterica_serovar_Dublin_str._SD3246	0
C54H92O23	Paenalcaligenes_genus	0
C22H23ClN2O2	Enterobacter_cloacae_subsp._cloacae_ATCC_13047	0
C19H23Cl2N5O	Enterobacter_sp._638	0
C95H146O28	Tannerella	0
C20H21NO4	Dorea_longicatena	0
C38H72N2O12	Bacillus	0
C25H43NO18	Bacteroides_acidifaciens	0
C21H20O12	Deltaproteobacteria	0
C24H26BrN3O3	Eubacterium_plexicaudatum	0
C19H26I3N3O9	Lactobacillus_johnsonii_Species_1578	0
C12H12N2O3	Bacteroides_dorei	0
C21H30O5	Candida_albicans	0
C10H7KN6O	Pantoea_sp._At-9b	0
C10H13N5O4	Burkholderia_vietnamiensis_G4	0
C22H29N3O6S	Prevotella_oris_C735	0
C18H14Cl4N4O4	Rothia_mucilaginosa_DY-18	0
C16H18ClNO6S2	Streptococcus_dysgalactiae_subsp._dysgalactiae_ATCC_27957	0
C24H26N2O4	Veillonella_parvula	0
C19H21FN2O4	Staphylococcus_aureus	0
C19H25ClN2S	Neisseria_mucosa_ATCC_25996	0
C16H18FN3O3	Bifidobacterium_dentium_ATCC_27679	0
Mn+2	Turicibacter	0
C14H16N4	Bacteroides_cellulosilyticus_DSM14838	0
C19H24N2S	Pseudomonas_syringae_pv._morsprunorum_str._M302280	0
C21H32N2O	Peptostreptococcus	0
C11H11N5	Slackia_heliotrinireducens_DSM_20476	0
C17H21NO3	Veillonella_dispar_ATCC_17748	0
C10H7KN6O	Enterobacter	0
C24H34N2O5	Bifidobacterium_dentium_ATCC_27679	0
C9H9N3O2	Enterococcus_casseliflavus	0
C4H7NaO2	Barnesiella	0
C14H10Cl4	Deferribacter_desulfuricans_SSM1	0
C24H35ClN2O	Megasphaera_elsdenii_DSM_20460	0
C12H17N3O4S	Ruminococcus_gnavus_ATCC29149	0
C21H20O6	Fusobacteria	0
C12H21N5O2S2	Eggerthella_lenta	0
C4HF9O3S	Lactobacillus_plantarum_Species_1578	0
C27H36N2O4	Clostridium_botulinum_D_str._1873	0
C19H26I3N3O9	Blautia_Genus	0
C8H9NO2	Gammaproteobacteria	0
C4HF9O3S	Olsenella_uli_DSM_7084	0
C23H29N3O2S2	Klebsiella_pneumoniae_subsp._rhinoscleromatis	0
C19H26I3N3O9	Pantoea_ananatis_LMG_5342	0
Cr+6	Bifidobacterium_Genus	0
C13H12N2O5S	Streptococcus_parasanguinis_ATCC_15912	0
C21H30O5	Dialister	0
C9H10N2O3S2	Bacteroides_cellulosilyticus_DSM14838	0
C25H29I2NO3	Pectobacterium_wasabiae_WPP163	0
C11H12N4O3S	Ruminococcus_lactaris_ATCC29176	0
C18H14N4O5S	Hyphomicrobium	0
C7H15Cl2N2O2P	Ruminococcus_torques	0
C9H9HgNaO2S	Escherichia_coli_ATCC_25922	0
C20H24ClNS	Eubacterium_ventriosum_ATCC27560	0
C18H30ClNO3	Dehalobacterium_n.a.	0
C27H37FO6	Streptococcus_infantarius_subsp._infantarius_CJ18	0
C20H21ClO4	Flavobacteria	0
C31H33F2N4O11P	Subdoligranulum_Genus	0
C22H19N4NaO8S2	Eubacterium_biforme_DSM3989	0
C11H12N2O2S	Arthromitus	0
C22H25ClN2O8	Enterobacter_asburiae_LF7a	0
C12H4Cl4O2	Lactobacillus_sp.	0
C4H4KNO4S	Listeria_welshimeri	0
C15H16N7NaO5S3	Bacteroides_acidifaciens	0
C12H6Br4O	Dorea	0
C20H22N5NaO6S	Eubacterium_ventriosum_ATCC27560	0
C18H14F3N3O4S	Citrobacter_rodentium_ICC168	0
C12H4Cl2F6N4OS	Bifidobacterium_pseudocatenulatum_DSM_20438	0
C18H14Cl4N4O4	Sporosarcina	0
C14H24Cl2N2O3	Veillonella_parvula	0
C10H13N5O5	Holdemania_sp.	0
C16H22O4	Slackia_equolifaciens	0
C95H146O28	Lactobacillus_fermentum_CECT_5716	0
C20H40N6O8S	Clostridiales_bacterium_Species_n.a.	0
C26H41Br2NO4	Eubacterium_hallii_DSM3353	0
C9H11IN2O5	Lactobacillus_sakei_subsp._sakei_23K	0
C9H11F2N3O4	Holdemania	0
C28H38N12O6S	Hyphomicrobium	0
C21H41N5O11	Photorhabdus_luminescens_subsp._laumondii_TTO1	0
C21H30O5	Citrobacter_rodentium_ICC168	0
C27H28N2O7	Butyricimonas	0
C25H43NO18	Porphyromonas_uenonis_60-3	0
C24H34N2O5	Verrucomicrobiaceae	0
C95H146O28	Pantoea_ananatis_LMG_5342	0
C12H4Cl4O	Pantoea_sp._At-9b	0
C28H32O15	Escherichia_albertii_TW07627	0
C12H8O4	Capnocytophaga_gingivalis_ATCC_33624	0
C26H27N5O2	Klebsiella_pneumoniae_subsp._ozaenae	0
C20H31NO	Snodgrassella_alvi	0
C24H31NO8	Saccharibacteria	0
C15H10O7	Bifidobacterium_longum_(Bifidobacterium_infantis,_Bifidobacterium_suis)	0
C48H56N6O8S2	Lactobacillus_johnsonii_NCC_533	0
C17H21ClN2S	Pretovella_copri_DSM18205	0
C20H25N5O7S2	Prevotella_copri	0
C18H36N4O11	Faecalibacterium_cf._prausnitzii_KLE1255	0
C54H92O23	Bacilli_Class	0
C13H8O4	Veillonella_sp._6_1_27	0
C16H13N3O3	Enterococcus_casseliflavus_EC1_	0
C37H67NO13	Corynebacterium_jeikeium_ATCC_43734	0
C29H33ClN2O2	Candidatus_Saccharimonas	0
C14H9N4NaO5	Vibrio_furnissii_CIP_102972	0
C31H33F2N4O11P	Lachnoclostridium	0
C24H40N8O4	Clostridiales	0
C20H21N7O6S2	Dickeya_zeae_Ech1591	0
C20H9Br2HgNa2O6	Peptostreptococcus_stomatis_DSM_17678	0
C17H20ClNO3	Desulfovibrio_desulfuricans	0
C18H25Cl2N9O4S3	Klebsiella_oxytoca_KCTC_1686	0
C19H20ClN3	Parabacteroides_merdae_ATCC43184	0
C26H30ClN3O6	Campylobacter_gracilis_RM3268	0
C27H37FO6	Clostridium_butyricum	0
C18H19NOS	Fusobacterium_nucleatum_subsp._vincentii_4_1_13	0
C24H30Cl2N2O3	Helicobacter_pylori	0
C23H36Cl3N3O3	Lachnospiraceae_Family	0
C22H21N8O8PS4	Streptococcus_parasanguinis_ATCC_15912	0
C31H33F2N4O11P	Amphibacillus	0
C20H21ClO4	Bifidobacterium_longum_(Bifidobacterium_infantis,_Bifidobacterium_suis)	0
C24H28N2O4S2	Cronobacter_sakazakii	0
C18H14Cl4N4O4	Proteobacteria	0
C18H18O2	Eggerthella_lenta	0
C23H27N3O7	Clostridium_hathewayi_DSM13479	0
C16H14O3	Catabacteriaceae	0
C11H12Cl2N2O5	Enterobacter_sp._638	0
C22H24Cl2N2O8	Fusobacterium_nucleatum_subsp._polymorphum_ATCC_10953	0
C19H22ClN	Clostridium_sticklandii_Species_186831	0
C27H32N2O4S3	Lactobacillus_sakei_subsp._sakei_23K	0
C41H67NO15	Cyanobacteria	0
C19H19N7O6	Chloro铿俥xi	0
C26H28N2	Mycoplasma	0
C16H24N2	Dickeya_dadantii_Ech703	0
C9H9N3O2	Enterococcus_casseliflavus_EC1_	0
C15H16ClN3O5S	Bifidobacteriaceae	0
C17H17Cl2N	Xenorhabdus_bovienii_SS-2004	0
C17H17ClF6N2O	Escherichia_coli_ATCC_25922	0
C25H33Cl2N5O2	Weissella_cibaria_KACC_11862	0
C14H12O3	Eubacterium_eligens	0
C20H17F2N3O3	Raphidiopsis_brookii_D9	0
C10H11ClFN5O3	Ruminococcus_torques_ATCC27756	0
C10H7KN6O	Escherichia_albertii_TW07627	0
C10H13N5O4S	Veillonella_parvula	0
C66H76Cl3N9O24	Acidovorax	0
C19H18Cl2N3NaO6S	Granulicatella_elegans_ATCC_700633	0
C38H69NO13	Listeria_grayi_DSM_20601	0
C23H20F2N2O4	Salmonella_enterica_subsp._enterica_serovar_Typhimurium_Subspecies	0
C66H75Cl2N9O24	Bacteroides_vulgatus	0
C19H21NO4	Lacrimispora_sphenoides_Species_n.a.	0
C21H29NO	Clostridium_novyi_NT	0
C22H28N2O11	Clostridiales	0
C6H10N6O	Enterobacter_aerogenes_KCTC_2190	0
C28H29F2N3O	Bacteroidetes	0
C26H28Cl2N4O4	Aeromonas	0
C22H26ClN3O4S	Caulobacterales_order	0
C23H20F2N2O4	Eubacterium_biforme_DSM3989	0
C13H12N2O5S	Fusobacterium	0
ClO-	Bacteroidia	0
C19H12O6	Hyphomicrobium	0
C10H11ClFN5O3	Gammaproteobacteria	0
C10H16N6S	Aeromonas_caviae_Ae398	0
C10H17N	Eubacterium_limosum_KIST612	0
C8H9NO2	Listeria_grayi_DSM_20601	0
C5H4N4S	Peptoniphilus_sp._oral_taxon_375	0
C20H22N8O6S2	Alloprevotella	0
C47H64N4O12	Dickeya_zeae_Ech1591	0
C31H35N2NaO11	Alloprevotella	0
C5H9Cl2N3O2	Escherichia_coli_TW10509	0
C22H30Cl2N10	Pseudomonas_aeruginosa_NCGM2.S1	0
C48H72O14	Photorhabdus_luminescens_subsp._laumondii_TTO1	0
C10H13N5O5	Sutterella	0
C26H27NO9	Parabacteroides_distasonis	0
C14H10Cl4	Collinsella_aerofaciens_ATCC25986	0
C18H14Cl4N4O4	Agrobacterium_tumefaciens_F2	0
C13H12Cl2O4	Bifidobacterium_longum_subsp._infantis	0
C60H125N15O25S	Lactobacillus_johnsonii_NCC_533	0
C27H44O2	Clostridium_carboxidivorans_P7	0
C24H30ClNO4	Veillonella	0
C22H23ClN2O8	Pseudomonas	0
C21H29NO4S	Cetobacterium_somerae	0
C17H21F2N3O3	Prevotella	0
C10H20N2S4	Streptococcus_mutans	0
C15H16N7NaO5S3	Prevotella_oris_C735	0
C17H36N4O14S	Pectobacterium_wasabiae_WPP163	0
Cd	Campylobacter_gracilis_RM3268	0
C18H34Cl2N2O5S	Bacteroides_pectinophilus_ATCC43243	0
C20H40N6O8S	Campylobacter	0
C62H111N11O12	Bacteroides_ovatus_ATCC8483	0
C14H9I3O4	Aeromonas	0
C14H14N8O4S3	Bacteroides_finegoldii_DSM17565	0
C18H20FN5O4	Lactobacillus_murinus	0
C24H31NO8	Streptococcus_thermophilus	0
C31H33F2N4O11P	Lactonifactor	0
C23H27N3O6	Peptoniphilus_sp._oral_taxon_375	0
C18H19N3O5S	Lactobacillus_johnsonii_NCC_533	0
C27H36N2O4	Porphyromonas_uenonis_60-3	0
C8H8N2O3S	Alistipes_indistinctus	0
C23H36Cl3N3O3	Xenorhabdus_bovienii_SS-2004	0
C23H32ClNO2	Enterococcus_faecalis_(Streptococcus_faecalis)	0
C29H39N5O8	Corynebacterium_Genus	0
C20H20N6O9S	Bacteroides_caccae	0
C12H19BrN2O2	Desulfurispirillum_indicum_S5	0
C15H11N3O3	Corynebacterium_lipophiloflavum_DSM_44291	0
C16H22O4	Methanobrevibacter	0
C17H20N4S	Acidovorax	0
C18H22Cl2N2	Brevundimonas	0
C22H23ClN2O2	Lawsonia	0
C16H16N5NaO7S2	Collinsella_intestinalis_DSM13280	0
C23H31NO7	Neisseria_bacilliformis_ATCC_BAA-1200	0
C19H17N3O4S2	Ruminococcus_bromii	0
C26H31Cl3F3NO	Clostridiales_incertae_sedis	0
C6HCl5O	Staphylococcaceae	0
C22H25NO6	Raphidiopsis_brookii_D9	0
C35H38Cl2N8O4	Prevotella	0
C9H4Cl3IO	Snodgrassella_alvi	0
C18H20FN3O4	Eubacterium_rectale	0
As	Lactonifactor	0
C10H15N5	Klebsiella_oxytoca	0
C16H17N3O5S	Akkermansia	0
C7H10ClN3O3	Clostridium_sporogenes_ATCC15579	0
C12H17NO3	Parasutterella	0
C12H17N3O4S	Coriobacterium_glomerans_PW2	0
C3H9NO5P+	Clostridium_scindens_ATCC35704	0
C5H9Cl2N3O2	Clostridium_cocleatum	0
C21H34ClN3O5S	Morganella_morganii	0
C13H12F2N6O	Parasutterella	0
C46H58N4O9	Enterobacter_cloacae_subsp._cloacae_NCTC_9394	0
C18H18O2	Collinsella_aerofaciens_ATCC25986	0
C29H35NO2	Actinomyces_sp._oral_taxon_17_	0
C13H12N2O5S	Flavobacteria	0
C16H19N3O5S	Chloro铿俥xi	0
C18H14N4O5S	anaerobic_bacterium_'strain_7'	0
C32H52Br2N4O4	Serratia_sp._AS12	0
C9H8N4O5	Proteobacteria	0
C12H21N	Weissella_cibaria_KACC_11862	0
C17H24O10	Dialister	0
C24H42O21	Escherichia_coli	0
C4H8O2	Slackia_heliotrinireducens_DSM_20476	0
C29H38N4O10	Bacteroides_ovatus_ATCC8483	0
C12H21N	Klebsiella_pneumoniae	0
C6H9N3O3	Bacteroides_fragilis_NCTC_9343	0
C18H20O2	Desulfurispirillum_indicum_S5	0
C18H20ClF3N2S	Veillonellaceae_family	0
C12H15N3O2S	Bacteroides_acidifaciens	0
C18H19Cl2NO4	Candidatus_Saccharimonas	0
C4H3FN2O2	Citrobacter_amalonaticus	0
C12H4Cl4O2	Enterobacter_aerogenes_KCTC_2190	0
C23H27N3O7	Blautia_hansenii_DSM20583	0
C15H11N3O3	Lactobacillus_rhamnosus_Species_1578	0
C16H19N3O4S	Candidatus_Saccharimonas	0
C22H28N4O6	Ruminococcus_torques	0
C21H34O5	Pseudomonas_syringae_pv._morsprunorum_str._M302280	0
C12H6Br4O	Bacteroides_uniformis	0
C21H33N3O5S	Arthromitus	0
C18H20FN3O4	Prevotella	0
C42H69NO15	Helicobacter_mustelae_12198	0
C14H9ClF3NO2	Lactobacillales_Order	0
C24H29N5O8S	Rikenellaceae	0
C8H15N3O7	Dickeya_dadantii_3937	0
C36H61NaO11	Dermacoccus_sp._Ellin185	0
C14H28ClNO6	Caulobacterales_order	0
Cd	Citrobacter_rodentium_ICC168	0
C24H35ClN2O	Slackia_heliotrinireducens_DSM_20476	0
C11H16N4O4	Salmonella_enterica_subsp._arizonae_serovar_62:z4,z23:-_str._RSK2980	0
C29H31N7O	Prevotellaceae	0
C20H40N6O8S	Caulobacterales_order	0
C29H35NO2	Raoultella_planticola	0
C15H10O4	Enterobacter_sp._638	0
C8H12N4O5	Clostridium	0
C22H25ClN2O8	Edwardsiella_tarda_ATCC23685	0
C21H26BrNO3	Eubacterium_ramulus	0
C20H16N2O4	Eubacterium_limosum_KIST612	0
C25H30ClNO5	Butyrivibrio	0
C11H12I3NO2	Capnocytophaga_gingivalis_ATCC_33624	0
C22H26F3N3OS	Enterococcus_hirae	0
C34H48Na2O7	Campylobacter_gracilis_RM3268	0
C10H11F3N2O5	Verrucomicrobiaceae	0
C19H21FN2O4	Enterobacteriaceae	0
C16H16ClN3O4	Bacteroides_sp._Species_816	0
C25H29Cl3N2	Parabacteroides_distasonis_ATCC8503	0
C8H10O2	Bacillus_coahuilensis_m4-4	0
C23H28ClN	Faecalibacterium_prausnitzii	0
C9H9HgNaO2S	Clostridium_symbiosum_ATCC1494_	0
C23H32O3	Vibrio_cholerae_Species_662	0
C27H30ClNO10	Escherichia_coli_BL21(DE3)	0
C18H35ClN2O6S	Clostridium_perfringens_CPE_str._F4969	0
C36H61NaO11	Enterococcus	0
C15H23N3O2	Eubacterium_plexicaudatum	0
C15H14N4O	Morganella	0
C9H9N3O2	Bacteroides_ovatus_ATCC8483	0
C9H5ClINO	Escherichia_coli_ATCC_25922	0
C17H18F3N3O3	Bacilli_Class	0
C23H26FN3O2	Eubacterium_hallii_DSM3353	0
C19H18Cl2N2O4	Coprococcus	0
C10H12N4O5S	Holdemania	0
C19H24ClN3O	Coprobacter	0
C19H17NOS	Holdemanella	0
C48H48N4O6S2	Streptococcus_pyogenes	0
C23H26N5NaO7S	Subdoligranulum_variabile_DSM15176	0
C27H37FO6	Lactobacillus_reuteri	0
C10H12FN5O4	Arthromitus	0
C16H22O4	Clostridium_hiranonis_DSM_13275	0
C22H19NO4	Bacteroides_sp._Species_816	0
C6H8N2O2S	Brevundimonas	0
C21H27N3O7S	Pantoea_sp._At-9b	0
C23H26FN3O2	Gordonibacter	0
C25H28N6O	Ruminococcus_sp._SR1/5	0
C18H22O2	Clostridioides_difficile	0
C26H33NO6	Eubacterium_limosum_KIST612	0
C17H36N4O14S	Legionella	0
C14H9ClF3NO2	Johnsonella	0
C26H28Cl2N4O4	Catabacteriaceae	0
C16H16N2O3S	Desulfotalea_psychrophila_LSv54	0
C12H22O11	Flavobacteria	0
C15H10O5	Desulfurispirillum_indicum_S5	0
C18H20N2O6	Providencia_rettgeri_DSM1131	0
C21H29NO4S	Clostridium_spiroforme_DSM1552	0
C14H19NO2	Erwinia_tasmaniensis_Et1/99	0
C27H30ClNO11	Bifidobacterium_ruminantium	0
C16H15N2NaO6S2	Rikenellaceae	0
C6H8N2O2S	Adlercreutzia_equolifaciens	0
C25H34O6	Providencia_rettgeri_DSM1131	0
C9H9HgNaO2S	Eubacterium_hallii_DSM3353	0
C23H23NO4S	Gammaproteobacteria	0
C24H29N5O8S	Caulobacteraceae	0
C11H11N5	Alkaliphilus_metalliredigens_QYMF	0
C17H19N3O3S	Lactobacillus_ultunensis_DSM_16047	0
C25H22N4O8	Enterobacter_cloacae_EcWSU1	0
C24H32N2O9	Salmonella_typhimurium_LT2	0
C11H12N2O2S	Corynebacterium_striatum_ATCC_6940	0
C21H25ClN2O3	Escherichia_coli_BL21(DE3)	0
C23H32N2O5	Staphylococcus_aureus	0
C18H14F3N3O4S	Vibrio_cholerae_Species_662	0
C15H21N3O3S	Lactococcus_garvieae	0
C19H17ClFN3O5S	Morganella	0
C8H10O2	Bacteroides_vulgatus	0
C21H23N3OS	Corynebacterium_Genus	0
C22H19N3O4	Lactobacillus_ultunensis_DSM_16047	0
C42H38O20	Clostridium_cocleatum	0
C8H8N2O3S	Deferribacteres_phylum	0
C16H17N5O7S2	Dorea_formicigenerans_ATCC27755	0
C29H39N5O8	Providencia_stuartii_ATCC25827	0
C24H29ClO4	Coprococcus_comes_ATCC27758	0
C14H19N5O4	Tannerella	0
C14H18N4O3	Agrobacterium_tumefaciens_F2	0
C21H22Cl2N4OS	Enterobacter_aerogenes_KCTC_2190	0
C14H16N4	Prevotella_copri	0
C25H27N9O8S2	Granulicatella_elegans_ATCC_700633	0
C9H8O4	Hippea_maritima_DSM_10411	0
C16H14F3N3O2S	Bacteroides_cellulosilyticus_DSM14838	0
C12H6Br4O	Roseburia_intestinalis	0
C42H88N14O36S3	Adlercreutzia_equolifaciens	0
C21H41N5O11	Lactobacillus_mucosae	0
C12H11N2NaO3	Enterobacter_cloacae_EcWSU1	0
C13H17ClN4O6	Raphidiopsis_brookii_D9	0
C15H10O7	Xenorhabdus_bovienii_SS-2004	0
C9H11F2N3O4	Arthrobacter	0
C95H146O28	Clostridioides_difficile	0
C16H16N2O3S	Sporosarcina	0
C22H32N6O12S2	Pseudomonas_aeruginosa_NCGM2.S1	0
C18H18ClNOS	Erwinia_billingiae_Eb661	0
C17H21NO3	Oscillibacter_sp.	0
C13H9NOSe	Alphaproteobacteria	0
C18H14N4O5S	Alphaproteobacteria	0
C24H40N8O4	Staphylococcus_aureus	0
C15H10O5	Lachnospiraceae_Family	0
C25H30ClI2NO3	Oxalobacteraceae	0
C19H24Cl2N2	Oscillospira	0
C20H9Br2HgNa2O6	Ruminococcus_gnavus_ATCC29149	0
C10H12N4O5S	Planctomyces	0
C32H55BrN4O	Lactobacillus_murinus	0
C6H6N6O2	Fusobacteria	0
C18H33ClN2O5S	Clostridium_scindens	0
C16H21NO2	Klebsiella_oxytoca_KCTC_1686	0
C19H24ClN3O	Citrobacter_amalonaticus	0
C27H28N2O7	Blautia_Genus	0
C6HCl5O	Lactobacillus_ultunensis_DSM_16047	0
C22H21N8O8PS4	Bifidobacterium_pseudocatenulatum_DSM_20438	0
C26H32F2O7	Clostridium_beijerinckii_NCIMB_8052	0
C17H25N3O5S	Enterobacter_cancerogenus_ATCC35316	0
C18H34Cl2N2O5S	Escherichia_coli_Nissle_1917	0
C20H31NO	Bacteroides_stercoris_ATCC43183	0
C25H30ClNO5	Amphibacillus	0
C7H15Cl2N2O2P	Blautia_producta	0
C18H14F3N3O4S	Clostridium_scindens_ATCC35704	0
C16H17N3O7S2	Subdoligranulum_variabile_DSM15176	0
C66H75Cl2N9O24	Corynebacterium_lipophiloflavum_DSM_44291	0
C10H19O6PS2	Anaerotruncus_colihominis_DSM17241	0
C18H18ClNOS	Bacillus_cereus_SJ1	0
C22H24N2O8	Parasutterella	0
C21H22Cl2N4OS	Roseburia_faecis	0
C95H146O28	Saccharibacteria	0
C8H6ClF3N2OS	Peptostreptococcaceae	0
C26H22ClF3N2O3	Sutterella	0
C34H57BrN2O4	Dickeya_zeae_Ech1591	0
C16H19N3O4S	Veillonella_parvula	0
C17H20Cl2N2S	Erysipelatoclostridium_ramosum	0
C25H28N8O2	Coriobacteriales	0
C15H11N2NaO2	Bacillus_cereus_SJ1	0
C14H26Cl2N2O7	Lactobacillus_plantarum_Species_1578	0
C25H28N6O	Lawsonia	0
C48H72O14	Klebsiella_oxytoca_KCTC_1686	0
C18H20FN3O4	Corynebacterium_striatum_ATCC_6940	0
C31H33N3O6S	Citrobacter_farmeri	0
C22H30Cl2N10	Styrax_aureus	0
C25H29I2NO3	Burkholderia_vietnamiensis_G4	0
C21H20ClNO5	Peptostreptococcus_stomatis_DSM_17678	0
C47H51NO14	Pretovella_copri_DSM18205	0
C21H20O12	Streptococcus_salivarius	0
C23H36N4O10S2	Rothia_mucilaginosa_DY-18	0
C21H27N3O7S	Enterococcus_faecium_(Streptococcus_faecium)	0
C30H40Cl2N4	Bacteroides_fragilis_DS-208	0
C8H9N3O4	Cronobacter_turicensis_z3032	0
C17H21ClFN3O4	Lactobacillus_johnsonii_NCC_533	0
C19H21ClF3NO2	Verrucomicrobiaceae	0
Cl2Hg	Clostridium_asparagiforme_DSM15981	0
C10H12O	Alkaliphilus_metalliredigens_QYMF	0
C18H14Cl4N4O4	Neisseriaceae	0
C10H13N5O4S	Tannerella	0
C17H20ClF2N3O3	Vibrio	0
C33H44BrN5O8S	Moryella	0
C15H11N3O3	Firmicutes	0
C12H10N2O5	Streptococcus_sanguinis_species_1301	0
C28H44ClNO3S	Bacteroidia	0
C19H20ClN3	Clostridium_butyricum	0
C10H11NO3	Morganella	0
C24H34N2O5	Collinsella_aerofaciens_Species_102106	0
C16H17N2NaO4S	Streptococcus_sanguinis_species_1301	0
C15H16O2	Bifidobacterium_adolescentis	0
C18H22O2	Tannerella	0
C8H13N3O4S	Actinomyces_sp._oral_taxon_17_	0
C16H25ClN4O2	Campylobacter_hominis_ATCC_BAA-381	0
C21H26ClN3OS	Streptococcus_parasanguinis	0
C10H19O6PS2	Cyanobacteria	0
C22H19N3O4	Bacteroides_eggerthii	0
C14H14O3	Methanobrevibacter	0
C5H14NO+	Serratia_sp._AS12	0
C43H74N2O14	Rikenellaceae	0
C29H31F2N3O	Pectobacterium_atrosepticum_SCRI1043	0
C4H8O2	Coprococcus_comes	0
C41H64O14	Deferribacter_desulfuricans_SSM1	0
C14H13N5O5S2	Coprococcus	0
C28H38N12O6S	Porphyromonas_gingivalis	0
C43H74N2O14	Bifidobacterium_Genus	0
C8H9NO2	Neisseria_elongata_subsp._glycolytica_ATCC_29315	0
C25H29I2NO3	Bacteroides_fragilis	0
C24H29N5O3	Lactobacillus_paracasei_Species_1578	0
C14H9ClF3NO2	Clostridium_scindens_ATCC35704	0
C18H15NO8S2	Olsenella	0
C12H21N5O2S2	Coprococcus	0
C14H10F3NO2	Clostridium	0
C8H10ClN5O3S	Clostridium_cocleatum	0
C6HCl5O	Prevotella_oris_Species_838	0
C11H15N5O5	Microbacterium	0
C22H28N2O11	Clostridium_botulinum_D_str._1873	0
C11H16N4O4	Clostridium_symbiosum_ATCC1494_	0
C18H18N8O7S3	Comamonas	0
C20H22N8O6S2	Acidovorax	0
C22H27NO2	Parabacteroides_johnsonii	0
C27H33N3O6S	Providencia_stuartii_ATCC25827	0
C11H12I3NO2	Eubacterium_hallii_DSM3353	0
C12H19Cl3O8	Enterobacter_cancerogenus_ATCC35316	0
C22H17N3O5	Rikenellaceae	0
Cl2Hg	Lactobacillus_reuteri	0
C32H55BrN4O	Alkaliphilus_oremlandii_OhILAs	0
C27H28N2O7	Erysipelotrichaceae	0
C19H21ClF3NO2	Enterocloster_bolteae	0
C21H20ClNO5	Deferribacter_desulfuricans_SSM1	0
C42H78N2O14	Lactobacillus_fermentum_CECT_5716	0
C53H90O22	Catabacteriaceae	0
C24H29ClO4	Streptococcus_thermophilus_JIM_8232	0
C24H28N2O4S2	Bacteroides_fragilis_T(B)9	0
C18H20ClF3N2S	Bacteroides_ovatus	0
Mn+2	Clostridium_sporogenes_ATCC15579	0
C20H21N7O6S2	Raoultella_planticola	0
C21H28O2	Verrucomicrobiaceae	0
C16H17N5O7S2	Bacteroides_stercoris_ATCC43183	0
C9H5Cl2NO	Christensenellaceae	0
C12H15Cl2NO5S	Holdemania_sp.	0
C10H12FN5O4	Vibrio_furnissii_CIP_102972	0
C15H10O4	Escherichia_coli_ATCC_25922	0
C18H19Cl2NO4	Actinobacteria	0
C17H18FN3O3S	Bacteroides_fragilis_T(B)9	0
As	Bifidobacterium_adolescentis_ATCC_15703	0
C12H15NO3	Desulfovibrio_desulfuricans	0
C35H38Cl2N8O4	Clostridium_carboxidivorans_P7	0
C18H19Cl2NS	Moryella	0
C24H30ClNO4	Bifidobacterium_longum_subsp._infantis	0
C42H69NO15	Bifidobacterium_bifidum_Species_1678	0
C8H9NO2	Gemmatimonadetes	0
C28H44ClNO2	Lactobacillus_reuteri_CF48-3A_BEI_HM-102	0
C12H13NO2	Parasutterella	0
C24H21F2NO3	Eggerthella_lenta	0
C29H35NO8	Brachyspira_pilosicoli_95/1000	0
C18H27NO3	Clostridium_butyricum_E4	0
C6H6N6O2	Bacteroides_pectinophilus_ATCC43243	0
C22H19ClO3	Escherichia_coli_IAI1	0
C66H75Cl2N9O24	Lactobacillus_animalis	0
C41H64O13	Streptococcus_parasanguinis_ATCC_15912	0
C23H27N5O7S	Pseudomonas_aeruginosa	0
C28H32ClN3O8S	Enterobacter_lignolyticus_SCF1	0
C24H21F2NO3	Bacteroides_thetaiotaomicron	0
C17H17N7O8S4	Clostridium_scindens	0
C6H8N2O8	Anaerococcus_hydrogenalis_DSM7454	0
C12H13NO2	Slackia_equolifaciens	0
C20H18NO4+	Subdoligranulum_variabile_DSM15176	0
C26H30ClN3O6	Spirochaetes	0
C20H18NO4+	Brevundimonas	0
C14H12O3	Bacteroides_caccae	0
C16H14F3N3O2S	Aggregatibacter_genus	0
C19H18ClF2N3O3	Lactonifactor_longoviformis	0
C12H17N3O4S	Desulfovibrio_desulfuricans	0
C22H21N8O8PS4	Clostridium_ramosum_DSM1402	0
C10H15N5	Chryseobacterium	0
C38H84N10O34S5	Neisseria_bacilliformis_ATCC_BAA-1200	0
C16H18ClNO6S2	Rheinheimera_sp._A13L	0
C11H12N2O2S	Bacteroides_eggerthii	0
C29H27ClN2O14S	Pseudogulbenkiania_sp._NH8B	0
C24H40N8O4	Eubacterium_ramulus	0
C15H10O5	Streptococcus_thermophilus	0
C18H19N3O5S	Porphyromonas	0
C16H18FN3O3	Corynebacterium_resistens_DSM_45100	0
C18H36N4O11	Ruminococcus_sp._5_1_39BFAA	0
C18H37N5O9	Corynebacterium_pseudogenitalium_ATCC_33035	0
C10H13N3O5S	Plesiomonas_shigelloides	0
C18H14F3N3O4S	Campylobacter_hominis_ATCC_BAA-381	0
C4H8O2	Fusobacterium	0
C27H22Cl2N4	Dermacoccus_sp._Ellin185	0
C17H18FN3O3	Streptococcus_agalactiae	0
C42H88N14O36S3	Akkermansia_muciniphila_ATCC_BAA-835	0
C12H19N3O	Corynebacterium_Genus	0
C95H146O28	Escherichia_coli	0
C12H13ClN4	Sphingomonas	0
C32H40ClNO4	Lacrimispora_saccharolytica	0
C24H26ClFN4O	Corynebacterium_pseudogenitalium_ATCC_33035	0
C25H31N9O10S2	Clostridium_leptum	0
C12H11N2NaO3	Holdemania_sp.	0
C19H24N2S	Parabacteroides_distasonis	0
C24H32N2O9	Oscillospira	0
C27H42ClNO2	Weissella_cibaria_KACC_11862	0
C21H25N5O8S2	Staphylococcaceae	0
C19H15ClN2O4	Flavobacteria	0
C25H22N4O8	Porphyromonas_uenonis_60-3	0
Pb	Lacrimispora_saccharolytica	0
C15H14O3	Burkholderia_vietnamiensis_G4	0
C3H7O4P	Providencia_alcalifaciens_DSM30120	0
C20H21ClO4	Cronobacter_sakazakii	0
C25H29Cl3N2	Hyphomicrobium	0
C15H20N2O2	Blautia_Genus	0
C27H42ClNO2	Streptococcus_infantarius_subsp._infantarius_CJ18	0
C23H36Cl3N3O3	Peptostreptococcaceae	0
C25H22N4O8	Roseburia_intestinalis	0
C13H12Cl2O4	Pectobacterium_wasabiae_WPP163	0
C17H20N4S	Veillonella	0
C20H24ClNS	Bifidobacterium_longum_(Bifidobacterium_infantis,_Bifidobacterium_suis)	0
C20H31NO	Sporosarcina	0
C12H7Cl3O2	Clostridium	0
C26H33NO9	Cyanobacteria	0
C10H13N5O5	Pseudomonas_syringae_pv._morsprunorum_str._M302280	0
C26H29NO	Shewanella_frigidimarina_NCIMB_400	0
C14H16N4	Dorea	0
C17H15N5O	Enterobacteriaceae	0
C23H26N2O5S	Bacillus_cereus_SJ1	0
C28H28ClNO4S	Erwinia_amylovora_ATCC_49946	0
C3H6N6	Salmonella_enterica_subsp._enterica_serovar_Typhimurium_Subspecies	0
C5H9Cl2N3O2	Klebsiella_pneumoniae_subsp._ozaenae	0
C13H18ClN3O4S2	Alloprevotella	0
C19H18Cl2N3NaO6S	Citrobacter_sp._30_2	0
C14H6O8	Butyricicoccus	0
C28H34Cl2F2N2O	Jeotgalicoccus	0
C43H65N5O10	Alcaligenes	0
C35H38Cl2N8O4	Christensenellaceae	0
C14H10F3NO2	Klebsiella_pneumoniae_342	0
C47H51NO14	Bifidobacterium_longum_(Bifidobacterium_infantis,_Bifidobacterium_suis)	0
C16H18N4O3S	Serratia_odorifera_DSM_4582	0
C28H29F2N3O	Deferribacter_desulfuricans_SSM1	0
C10H12ClN5O3	Enterococcus_casseliflavus_EC1_	0
C24H31FO6	Escherichia_coli	0
C20H22N4O10S	Bacteroides_dorei_DSM17855	0
C19H24N6O5S2	Bacteroides_uniformis	0
C19H24N6O5S2	Roseburia_hominis	0
C70H76N10O16	Citrobacter_rodentium_ICC168	0
C19H16ClNO4	Burkholderiales_Order	0
C14H14Cl2N2O	Lawsonia	0
C15H11N3O3	Chloro铿俥xi	0
C7H15Cl2N2O2P	Mucispirillum_schaedleri	0
C10H11F3N2O5	Staphylococcaceae	0
C13H18Cl2N2O2	Streptococcus_thermophilus	0
C33H30N4O2	Butyricicoccus	0
C8H8N2O3S	Eubacterium_plexicaudatum	0
C23H32N6O4S	Pseudomonas_alcaligenes_Species_286	0
C25H27N9O8S2	Klebsiella_pneumoniae_subsp._rhinoscleromatis	0
C41H67NO15	Listeria_seeligeri_FSL_N1-067	0
C20H23N5O6S	Rahnella_sp._Y9602	0
C14H14ClN3	Citrobacter_rodentium_ICC168	0
C17H21ClFN3O4	Serratia_proteamaculans_568	0
C60H125N15O25S	Candidatus_Saccharimonas	0
C66H103N17O16S	Lactobacillus_ultunensis_DSM_16047	0
C15H11N3O3	Odoribacter	0
C19H16O4	Campylobacter_gracilis_RM3268	0
C26H27N5O2	Corynebacterium_Genus	0
C22H17ClN2	Corynebacterium_lipophiloflavum_DSM_44291	0
C48H72O14	Enterocloster_bolteae	0
C4H8O2	Bacteroides_vulgatus_ATCC8482	0
C17H17ClF6N2O	Pseudomonadaceae	0
C16H22O4	Staphylococcus_epidermidis_W23144	0
C18H34Cl2N2O5S	Snodgrassella_alvi	0
C6H10N6O	Bifidobacteriaceae	0
C16H13N3O3	Bacteroides_intestinalis_DSM17393	0
C13H20N6O4	Clostridium_scindens_ATCC35704	0
C20H21N	Micrococcaceae	0
C38H84N10O34S5	Atopostipes	0
C18H22Cl2N2	Alkaliphilus_metalliredigens_QYMF	0
C13H6Cl6O2	Bifidobacterium_sp.	0
C14H18N2O5	Vibrio	0
C16H16N3NaO7S2	Pseudomonas_syringae_pv._morsprunorum_str._M302280	0
C13H18ClN3O4S2	Xenorhabdus_nematophila_ATCC_19061	0
C14H24Cl2N2O3	Pseudomonas	0
C24H36O5	Acinetobacter_baumannii_TCDC-AB0715	0
C26H33NO9	Pseudoflavonifractor_capillosus_ATCC_29799	0
C25H29I2NO3	Clostridium_asparagiforme_DSM15981	0
C6H6N6O2	Streptococcus_infantarius_subsp._infantarius_CJ18	0
C25H31N3O6	Roseburia_faecis	0
C17H18F3NO	Gammaproteobacteria	0
C27H42ClNO2	Enterobacter_cloacae	0
C27H37FO6	Planococcaceae	0
C20H28O	Klebsiella	0
C21H45N3	Barnesiella_intestinihominis	0
C16H15N2NaO6S2	Pseudomonas_stutzeri_DSM_4166	0
C14H14N8O4S3	Holdemania	0
Ni	Enterocloster_bolteae	0
C4H4N6O	Fusobacterium_nucleatum_subsp._polymorphum_ATCC_10953	0
C19H21Cl2N3	Pseudomonas_alcaligenes_Species_286	0
C20H25N5O7S2	Faecalibacterium_cf._prausnitzii_KLE1255	0
C11H11N5	Escherichia_coli	0
C19H25F3N2O6	Bacteroides_thetaiotaomicron_VPI-5482	0
C11H15N5O5	Desulfurispirillum_indicum_S5	0
C21H20O10	Lactobacillus_jensenii_1153	0
C36H61NaO11	Bifidobacterium_dentium_Species_1678	0
C18H15NO8S2	Citrobacter	0
C27H38N2O4	Faecalibacterium_prausnitzii	0
C8H17NO5	Allobaculum	0
C46H54N6O8S2	Desulfovibrio	0
C66H103N17O16S	Bacteroides_stercoris	0
C28H41N3O3	Escherichia_coli_Nissle_1917	0
C13H22N4O3S	Bacteroides_ovatus	0
C8H13N3O4S	Enterococcus_hirae	0
C17H20FN3O3	Corynebacterium_lipophiloflavum_DSM_44291	0
C19H24ClN3O	Arthromitus	0
C28H38N6O11S	Cronobacter_sakazakii	0
C22H19NO4	Ruminococcus_gnavus	0
C14H16N4	Deferribacteres_phylum	0
C19H17N3O4S2	Bacteroides_fragilis_HMW610	0
C18H20ClF3N2S	Dickeya_dadantii_Ech703	0
C13H21ClN2O	Enterocloster_bolteae	0
C23H20N2O3S	Xenorhabdus_bovienii_SS-2004	0
C17H36N4O14S	Erwinia_amylovora_ATCC_49946	0
C23H27NO5S	Bifidobacterium_bifidum_NCIMB_41171	0
C13H17N5O8S2	Megasphaera_elsdenii_DSM_20460	0
C15H17FN4O3	Clostridium_hiranonis_DSM_13275	0
C20H15F3N4O3	Flavobacteria	0
C10H12N4O5S	Prevotella	0
C24H32O4	Enterococcus	0
C4HF9O3S	Arthromitus	0
Ni	Sphingomonas	0
C16H13Cl3N2OS	Eubacteriaceae	0
C22H32N2O5S	Eggerthella_sp._Species_84111	0
C37H67NO13	Oscillibacter	0
C22H19NO4	Lactobacillus_plantarum_Species_1578	0
C8H6N4O5	Saccharibacteria	0
C23H36Cl3N3O3	Veillonella_sp._oral_taxon_158	0
C22H45N5O14	Streptococcus_sanguinis_species_1301	0
C21H20O12	Lachnoclostridium	0
C28H31FN4O	Clostridiales	0
C66H103N17O16S	Porphyromonadaceae	0
C29H31N7O	Veillonella_sp._oral_taxon_158	0
C9H9N3O2	Megasphaera_elsdenii_DSM_20460	0
C17H16F6N2O	Pseudomonas_putida	0
C27H29NO11	Enterococcus_faecalis_V583	0
C21H33N3O5S	Pseudogulbenkiania_sp._NH8B	0
C35H35NO12	Bacteroides_stercoris	0
C10H17N	Porphyromonas_uenonis_60-3	0
C19H24ClN3O	Erwinia_billingiae_Eb661	0
C60H125N15O25S	Listeria_seeligeri_FSL_N1-067	0
C29H36O15	Klebsiella	0
C4H8O2	Burkholderia_vietnamiensis_G4	0
C12H19BrN2O2	Ruminococcus_flavefaciens_FD-1	0
C15H20N2O2	Chryseobacterium	0
C22H26F3N3OS	Escherichia	0
C13H12Cl2O4	Butyrivibrio	0
C25H30ClNO5	Caulobacteraceae	0
C19H17N3O4S2	Bifidobacteriaceae	0
C53H90O22	Escherichia_coli_ATCC_25922	0
C12H19BrN2O2	Lactobacillus_acidophilus	0
C15H10O7	Lactobacillales_Order	0
C22H45N5O14	Clostridium_butyricum	0
C16H21NO2	Holdemanella	0
C22H23ClN2O8	Enterobacteriaceae	0
C15H10O4	Bifidobacterium_pseudocatenulatum_DSM_20438	0
C10H12O	Eubacterium_limosum_KIST612	0
Pb	Parabacteroides_distasonis	0
Cl2Hg	Coriobacterium_glomerans_PW2	0
C11H12Cl2N2O5	Rahnella_aquatilis_CIP_78.65	0
C34H57BrN2O4	Pseudomonas_aeruginosa_NCGM2.S1	0
C12H4Cl4O2	Arthrobacter	0
C25H30ClI2NO3	Subdoligranulum_Genus	0
C20H16N2O4	Raoultella_terrigena	0
C19H23Cl2N5O	Burkholderiales_Order	0
C43H74N2O14	Bifidobacterium_breve	0
C42H88N14O36S3	Clostridium_perfringens_E_str._JGS1987	0
C19H15NO6	Anaerostipes	0
C19H27NO3	Raphidiopsis_brookii_D9	0
C14H12FNO3	Helicobacter_pylori	0
C20H28O	Clostridium_botulinum_D_str._1873	0
C8H13N3O4S	Veillonella	0
C24H32O4	Citrobacter	0
C17H25N3O5S	Bifidobacterium_dentium_ATCC_27679	0
C16H19N3O5S	Lactobacillus_brevis	0
C22H28N2O11	Desulfovibrio_alaskensis_G20	0
C19H28Cl2N6O6S2	Enterobacter_asburiae_LF7a	0
C10H12FN5O4	Photorhabdus_luminescens_subsp._laumondii_TTO1	0
C23H36N4O10S2	Slackia_exigua_ATCC_700122	0
C95H146O28	Enterococcus_faecalis_V583	0
C19H17ClN3NaO5S	Enterobacter_asburiae_LF7a	0
C14H12Cl2NNaO3	Olsenella_uli_DSM_7084	0
C23H29N3O2S2	Desulfotalea_psychrophila_LSv54	0
C19H17NOS	Enterobacter_cloacae	0
C8H9NO2	Ruminococcus_sp._5_1_39BFAA	0
C4H3FN2O2	Xenorhabdus_nematophila_ATCC_19061	0
C21H22O9	Providencia_rettgeri_DSM1131	0
C19H22F2N4O3	Pectobacterium_atrosepticum_SCRI1043	0
C20H21N	Vibrio_cholerae_Species_662	0
C14H18N2O5	Helicobacter_mustelae_12198	0
C31H35N2NaO11	Ruminococcaceae_Family	0
C8H8N2O3S	Caulobacterales_order	0
C23H27NO5S	Arthromitus	0
C15H20N2O2	Streptococcus_salivarius	0
C24H36O5	Pediococcus	0
C24H42O21	Enterococcus_faecalis_V583	0
C11H15N5O5	Enterococcus_hirae	0
C47H64N4O12	Rikenellaceae	0
Cr+6	Bacteroides_stercoris	0
C27H42ClNO2	Bacillus	0
C21H41N5O11	Parabacteroides_merdae	0
C23H21F7N4O3	Tannerella	0
C29H31F2N3O	Bacteroides_ovatus	0
C13H17ClN4O6	Escherichia_albertii_TW07627	0
C26H28ClNO	Streptococcus_dysgalactiae_subsp._dysgalactiae_ATCC_27957	0
C26H39NO10	Citrobacter_farmeri	0
C24H30Cl2N2O3	Escherichia_coli	0
C27H38N2O4	Desulfovibrio_alaskensis_G20	0
C16H16N3NaO7S2	Eubacterium_limosum_KIST612	0
C17H15N5O	Bifidobacterium_longum_subsp._infantis	0
C21H27N5O9S2	Atopostipes	0
C88H100Cl2N10O28	Escherichia_coli_ATCC_25922	0
C25H30N2O5	Porphyromonas_gingivalis	0
C21H22ClN	Gordonibacter	0
C14H14N8O4S3	Citrobacter_freundii	0
C8H12N4O5	Escherichia_albertii_TW07627	0
C33H40N2O9	Veillonella_parvula	0
C22H29FO5	Acidovorax	0
C7H7NO3	Collinsella_aerofaciens_ATCC25986	0
C24H26BrN3O3	Desulfovibrionaceae	0
C12H15NO3	Propionibacterium_acnes_SK182B-JCVI	0
C21H20O12	Arthromitus	0
C26H27NO9	Enterobacteriaceae	0
C20H28O6	Edwardsiella_ictaluri_93-146	0
C22H27FN4O2	Lactobacillus_fermentum_CECT_5716	0
C22H29FO4	Slackia_exigua_ATCC_700122	0
C8H9NO2	Dickeya_dadantii_3937	0
C9H11Cl3NO3PS	Pseudomonas	0
C21H34O5	Mucispirillum	0
C22H25Cl2N3O	Bacteroides_dorei_DSM17855	0
C38H84N10O34S5	Clostridium_ramosum_DSM1402	0
C9H10ClN5O2	Bacteroides_eggerthii	0
C25H34O6	Subdoligranulum_variabile_DSM15176	0
C14H14N8O4S3	Erwinia_amylovora_ATCC_49946	0
C23H21ClO3	Corynebacterium_jeikeium_ATCC_43734	0
C25H37NO4	Streptococcus_thermophilus_JIM_8232	0
C22H25N3O7S	Olsenella	0
C19H15ClN2O4	Klebsiella	0
C21H26ClN3OS	Enterococcus	0
C46H62N4O11	Serratia_proteamaculans_568	0
C22H22N6O5S2	Plautia_stali_symbiont	0
C17H24O10	Bacilli_Class	0
C18H19Cl2NS	Parabacteroides_johnsonii	0
C15H14N4O	Ruminococcus_sp.	0
C66H103N17O16S	Parabacteroides_johnsonii	0
C22H27Cl3N2OS	Trichococcus	0
C22H26N2O2	Shewanella_putrefaciens_200	0
C15H11N3O3	Marvinbryantia_formatexigens_DSM_14469	0
C20H25N5O7S2	Desulfurispirillum_indicum_S5	0
C9H9Cl2N3	Akkermansia_muciniphila_ATCC_BAA-835	0
C6H9N3O3	Fusobacterium_nucleatum_subsp._polymorphum_ATCC_10953	0
C20H40N6O8S	Actinobacteria	0
C17H17N7O8S4	Pseudomonas_aeruginosa_NCGM2.S1	0
C19H19N7O6	Eubacteriaceae	0
C16H17N3O7S2	Clostridium_perfringens_CPE_str._F4969	0
C13H8Cl2N2O4	Clostridium_scindens_ATCC35704	0
C23H36Cl3N3O3	Desulfovibrionaceae	0
C23H39NO4	Bacteroides_vulgatus_ATCC8482	0
C8H11NO5S	Arthrobacter	0
C9H18N6	Proteobacteria	0
C22H26N2O2	Bacteroidaceae	0
C30H41N3O10S2	Streptococcus_parasanguinis	0
C29H38N4O10	Bifidobacterium_bifidum_Species_1678	0
C27H30O16	Proteobacteria	0
C22H25N5O2	Eubacterium	0
Hg	Clostridium_hiranonis_DSM_13275	0
C16H22O4	Lactococcus_garvieae	0
C43H65FN6O10	Phascolarctobacterium	0
C23H28N2O5S	Vibrio_furnissii_CIP_102972	0
C24H27NO5S	Fusobacterium_nucleatum_subsp._vincentii_4_1_13	0
C11H12N2S	Roseburia_intestinalis	0
C14H18N4O3	Pseudomonas_syringae_pv._morsprunorum_str._M302280	0
C28H31FN4O	Klebsiella_pneumoniae_subsp._rhinoscleromatis	0
C22H29FO5	Collinsella_aerofaciens_Species_102106	0
C19H22N2O	Paenalcaligenes_genus	0
C15H12N2O2	Citrobacter_freundii	0
C75H70N6O6	Planctomycetia	0
C8H6ClF3N2OS	Streptococcus_dysgalactiae_subsp._dysgalactiae_ATCC_27957	0
C8H13N3O4S	Veillonella_sp._oral_taxon_158	0
C12H4Cl4O2	Brevundimonas	0
C19H35NO2	Odoribacter_splanchnicus	0
C10H13N5O4S	Citrobacter_sp._30_2	0
C23H20N2O3S	Parabacteroides_Genus	0
C9H14ClNO3	Bacteroides_fragilis	0
C27H36N2O4	Bacteroidales	0
C22H26N2O4S	Desulfovibrionaceae	0
C20H31NO	Enterobacter_cloacae	0
C18H16Cl3N3O3S	Streptococcus_infantarius_subsp._infantarius_CJ18	0
C18H34Cl2N2O5S	Peptostreptococcaceae	0
C21H28F3N3O7	Clostridium_bolteae_ATCCBAA-613	0
C15H14N4O	Prevotella_oris_Species_838	0
C9H7N7O2S	Pseudogulbenkiania_sp._NH8B	0
C24H31NO8	Bifidobacterium_dentium_Species_1678	0
C18H27N3O6S	Spirochaetes	0
C15H27N3O9P2	Oscillibacter_sp.	0
C25H29I2NO3	Clostridium_botulinum_BKT015925	0
C6HCl5O	Enterobacter_cloacae_EcWSU1	0
C10H11NO3	Cronobacter_turicensis_z3032	0
C19H16ClNO4	Bifidobacterium_adolescentis_ATCC_15703	0
C9H9Cl2N3	Styrax_aureus	0
C17H19KN2O5S	Enterococcus_faecalis_V583	0
C13H12F2N6O	Prevotella_oris_Species_838	0
C21H29NO4S	Pediococcus	0
C24H29ClO4	Bacillus_coahuilensis_m4-4	0
C5H14NO+	Clostridium_leptum	0
C21H27N3O7S	Salmonella_typhimurium_LT2	0
C60H125N15O25S	Ruminococcus	0
C66H75Cl2N9O24	Clostridium	0
C15H16N7NaO5S3	Citrobacter_freundii	0
C27H29N5O6S	Providencia_alcalifaciens_DSM30120	0
C28H44ClNO3S	Arthromitus	0
C18H25Cl2N9O4S3	Bacteroides_fragilis_T(B)9	0
C10H19O6PS2	Legionella	0
C17H19N5	Alteromonadales_Order	0
C16H16N2O3S	Propionibacterium_acnes_SK182B-JCVI	0
C35H35NO12	Bacteroides_caccae	0
C9H18N6	Lactobacillus_gasseri_JV-V03	0
C22H25Cl2N3O	Bifidobacterium_bifidum_Species_1678	0
C23H26N2O5S	Enterobacter	0
C18H27NO3	Klebsiella_pneumoniae_subsp._ozaenae	0
C46H77NO17	Sporosarcina	0
C29H36O15	Escherichia_albertii_TW07627	0
C19H16ClFN3NaO5S	Lacrimispora_sphenoides_Species_n.a.	0
C19H15NO6	Clostridiales	0
C16H18ClNO6S2	Salmonella	0
C19H19N7O6	Coriobacteriia	0
C18H19NOS	Deferribacter_desulfuricans_SSM1	0
C34H48Na2O7	Actinomyces_coleocanis_DSM_15436	0
C24H29N5O3	Eggerthella_lenta	0
C24H32N2O9	Burkholderia_vietnamiensis_G4	0
C19H17N3O4S2	Clostridium_spiroforme_DSM1552	0
C26H30ClN3O6	Bifidobacterium_dentium_ATCC_27679	0
C11H12Cl2N2O5	Lactobacillus_mucosae	0
C18H18N8O7S3	Raphidiopsis_brookii_D9	0
C11H13BrN2O6	Clostridium_sp._7_2_43FAA	0
C18H20FN5O4	Slackia_heliotrinireducens_DSM_20476	0
C43H74N2O14	Bacteroides_WH2	0
C11H13BrN2O6	Escherichia_coli_TW10509	0
C88H100Cl2N10O28	Eubacterium_rectale	0
C18H19Cl2NO4	Providencia_stuartii_ATCC25827	0
C13H21ClN2O	Dorea_longicatena	0
C21H26Cl2F3N3S	Ruminococcus_gnavus_ATCC29149	0
C18H18F3NO4	Eggerthella_sp._Species_84111	0
C23H27Cl2N3O2	Escherichia_coli_BL21(DE3)	0
C12H19BrN2O2	Slackia_exigua_ATCC_700122	0
Cl2Hg	Bacteroides_caccae	0
C27H38N2O4	Lactobacillus_paracasei_Species_1578	0
C29H31F2N3O	Citrobacter_freundii	0
C26H28Cl2F2N2	Bacteroides_fragilis_HMW610	0
C25H37NO4	Lactobacillus_johnsonii_Species_1578	0
C42H69NO15	Lactobacillus_reuteri_CF48-3A_BEI_HM-102	0
C60H125N15O25S	Streptococcus_thermophilus_JIM_8232	0
C25H31N9O10S2	Erwinia_amylovora_ATCC_49946	0
C28H32ClN3O8S	Brachyspira_pilosicoli_95/1000	0
C9H9Cl2N3	Vibrio	0
C19H17NOS	Gemella_genus	0
C24H29N5O3	Dickeya_dadantii_Ech703	0
C19H34Cl2N2O2	Neisseria_elongata_subsp._glycolytica_ATCC_29315	0
C22H28N2O11	Acetobacter	0
C24H40N8O4	Rheinheimera_sp._A13L	0
C18H19NOS	Clostridiales_bacterium_Species_n.a.	0
C20H28O6	Turicibacter	0
C10H12O	Pectobacterium_atrosepticum_SCRI1043	0
C27H30ClNO11	Blautia_Genus	0
C25H37NO4	Microbacterium	0
C17H36N4O14S	Dorea	0
C21H23N2NaO6S	Streptococcus	0
C12H21N2O3PS	Paenibacillaceae	0
C41H76N2O15	Subdoligranulum_Genus	0
C21H29NO4S	Lactobacillus_amylolyticus_DSM_11664	0
C18H20ClF3N2S	Veillonella_sp._6_1_27	0
C5H9Cl2N3O2	Ruminococcus_flavefaciens_FD-1	0
C23H26N5NaO7S	Bifidobacterium_dentium_Species_1678	0
C19H22N2O	Collinsella_aerofaciens_Species_102106	0
C18H19Cl2NS	Gardnerella	0
C10H13N5O4S	Streptococcus_dysgalactiae_subsp._dysgalactiae_ATCC_27957	0
C38H84N10O34S5	Fusobacterium_nucleatum_subsp._polymorphum_ATCC_10953	0
C20H23N5O6S	Bacteroides_fragilis_DS-208	0
C46H77NO17	Barnesiella	0
C11H8O2	Klebsiella	0
C19H24Cl2N2	Bacteroides_caccae_ATCC43185	0
C18H22O2	Capnocytophaga	0
C28H44ClNO2	Clostridium_sporogenes	0
C21H23N3OS	Enterococcus	0
C12H11N2NaO3	Bifidobacterium_breve	0
C23H31Cl2NO3	Klebsiella_pneumoniae_subsp._rhinoscleromatis	0
C5H14NO+	Rothia_mucilaginosa_DY-18	0
C26H29NO	Escherichia_coli_ED1a	0
C20H17F2N3O3	Clostridium_asparagiforme_DSM15981	0
C19H22N2O	Streptococcus_dysgalactiae_subsp._dysgalactiae_ATCC_27957	0
C24H28N2O3	Bacteroidales	0
C15H11I4NO4	Slackia_equolifaciens	0
C20H24ClNS	Proteobacteria	0
C18H30ClNO3	Salmonella_typhimurium_LT2	0
C14H16N4	Streptococcus	0
C26H29NO	Bacteroides_acidifaciens	0
C23H32O3	Bacteroides_dorei_DSM17855	0
C27H33NO3	Enterobacter	0
C46H58N4O9	Blautia_coccoides	0
C24H30O3	Rhodospirillaceae	0
C27H30ClNO10	Erwinia_amylovora_ATCC_49946	0
C23H31NO3	Desulfovibrio_desulfuricans	0
C16H14F3N3O2S	Bacteroides_acidifaciens	0
C28H38N6O11S	Olsenella	0
C13H22N4O3S	Ruminococcus_gnavus_ATCC29149	0
C10H20N2S4	Lactobacillales_Order	0
C21H24FN3O4	Bacteroides_pectinophilus_ATCC43243	0
C66H75Cl2N9O24	Christensenellaceae	0
C16H25N3O7S	Amphibacillus	0
C20H28O	Slackia_heliotrinireducens_DSM_20476	0
Cd	Acinetobacter_haemolyticus_ATCC_19194	0
C16H16N5NaO7S2	Aerococcus	0
C25H29N3O2	Desulfotalea_psychrophila_LSv54	0
C20H18ClNO6	Bacteroides_thetaiotaomicron_VPI-5482	0
C22H28FN3O6S	Peptostreptococcus_stomatis_DSM_17678	0
C15H16N2O6S2	Candidatus_Saccharimonas	0
C37H67NO13	Gemella_genus	0
C23H29N3O2S2	Oscillibacter	0
C22H19NO4	Dickeya_dadantii_3937	0
C21H29NO	Coriobacteriia	0
C46H62N4O11	Deferribacteres_phylum	0
C13H17N5O8S2	Bifidobacterium_pseudocatenulatum_DSM_20438	0
C75H70N6O6	Lactobacillus_mucosae	0
C20H22ClN	Providencia_rettgeri_DSM1131	0
C18H22Cl2N2	Eubacterium_limosum	0
C37H48N6O5S2	Acidobacteria	0
C18H30ClNO3	Barnesiella	0
C18H14Cl4N4O4	Mucispirillum	0
C22H23ClN6O	Fusobacterium_nucleatum_subsp._polymorphum_ATCC_10953	0
C10H19O6PS2	Bacteroides_ovatus_ATCC8483	0
C16H15N5O7S2	Clostridium_sp._7_2_43FAA	0
C22H32O3	Bacteroides_sp._Species_816	0
C22H19N4NaO8S2	Bacteroides_vulgatus	0
C35H36ClNO3S	Citrobacter_freundii	0
C18H30ClNO3	Veillonella_dispar_ATCC_17748	0
C21H28O2	Lactobacillus_delbrueckii_subsp._lactis_DSM_20072	0
C7H14N2O2S	Citrobacter_farmeri	0
C19H24ClN3O	Brevundimonas	0
C80H106Cl2N11O27P	Clostridium_hiranonis_DSM_13275	0
C25H34O6	Acetobacter	0
C14H9N4NaO5	Lactobacillus_reuteri_CF48-3A_BEI_HM-102	0
C8H13N3O4S	Desulfurispirillum_indicum_S5	0
C9H8N4O5	Mucispirillum_schaedleri	0
Cl2Hg	Mucispirillum	0
C17H17ClO6	Dickeya_dadantii_Ech703	0
C15H11N3O3	Chromatiaceae	0
C6H13NO3S	Klebsiella_pneumoniae	0
C12H21N2O3PS	Yersinia_enterocolitica_subsp._enterocolitica_8081	0
C24H28N2O3	Serratia_marcescens	0
Ag	Capnocytophaga_gingivalis_ATCC_33624	0
C14H11Cl2NO2	Bacteroides_caccae	0
C21H23NO4S	Xenorhabdus_bovienii_SS-2004	0
C15H22FN3O6	Clostridium_perfringens_E_str._JGS1987	0
C27H44O2	Serratia_odorifera_DSM_4582	0
C22H25NO6	Streptococcus_sanguinis_species_1301	0
C21H20ClNO5	Neisseria_bacilliformis_ATCC_BAA-1200	0
C20H18NO4+	Klebsiella_oxytoca	0
C9H5ClINO	Bacteroides_vulgatus_ATCC8482	0
C25H31NO6	Sutterella	0
C23H26N2O5S	Olsenella	0
C18H30ClNO3	Bifidobacterium_breve_DSM20213	0
C14H19NO2	Bifidobacterium_adolescentis_L2-32	0
C19H35NO2	Corynebacterium_Genus	0
C22H27NO2	Faecalibacterium_cf._prausnitzii_KLE1255	0
C21H22Cl2N2O8	Victivallis_vadensis_ATCC_BAA-548	0
C9H9N3O2	Klebsiella	0
C11H12Cl2N2O5	Listeria_grayi_DSM_20601	0
C21H39N7O12	Comamonas	0
C19H21NO4	Comamonas	0
C27H28N2O7	Plautia_stali_symbiont	0
C11H13BrN2O6	Dialister	0
C21H28ClN3O7S	Slackia_exigua_ATCC_700122	0
C18H29N3O5S	Alphaproteobacteria	0
C15H10O5	Serratia_proteamaculans_568	0
C39H54N6O8S	Campylobacter_hominis_ATCC_BAA-381	0
C18H18ClNOS	Porphyromonadaceae	0
C27H29NO10	Collinsella_aerofaciens_Species_102106	0
C27H33N3O6S	Bacteroides_fragilis_T(B)9	0
C9H9Cl2N3	Anaerococcus_hydrogenalis_DSM7454	0
C15H23N3O4S	Collinsella_aerofaciens_Species_102106	0
C23H26FN3O2	Edwardsiella_ictaluri_93-146	0
C22H22N6O5S2	Bifidobacterium_breve	0
C19H24N2S	Planctomyces	0
C13H12N2O5S	Lactobacillus_acidophilus_ATCC_4796	0
C20H25ClN2O5	Methanobrevibacter	0
C18H20ClF3N2S	Candidatus_Saccharimonas	0
C33H40N2O9	Eubacterium_biforme_DSM3989	0
C24H32N2O9	Coriobacteriia	0
C20H23ClN2O4	Bacteroides_fragilis_HMW615	0
C42H78N2O14	Oscillibacter_sp.	0
C39H54N6O8S	Bacteroides_ovatus	0
C26H58Cl2N10	Clostridium_sporogenes	0
C15H10O5	Acinetobacter_haemolyticus_ATCC_19194	0
C14H28ClNO6	Dickeya_dadantii_3937	0
C23H21ClO3	Alkaliphilus_metalliredigens_QYMF	0
C21H30O5	Lactobacillaceae	0
C9H9Cl2N3	Lactobacillaceae	0
C22H26F3N3OS	Bifidobacterium_breve_DSM20213	0
C21H26N2O7	Clostridium_botulinum_D_str._1873	0
C23H29N3O2S2	Bacteroides_uniformis_ATCC8492	0
C11H12ClNO3S	Enterococcus_faecalis_V583	0
C20H26O6	Fusobacterium_nucleatum_subsp._polymorphum_ATCC_10953	0
C12H17N3O4S	Peptostreptococcus	0
C24H21F2NO3	Coprococcus_comes_ATCC27758	0
C8H9NO2	Clostridium_clariflavum_DSM_19732	0
C19H28Cl2N6O6S2	Pseudomonas_syringae_pv._morsprunorum_str._M302280	0
C16H16N3NaO7S2	Klebsiella_pneumoniae	0
C12H17NO3	Lactobacillus	0
C13H9NOSe	Escherichia_coli	0
C20H18NO4+	Lactobacillus	0
C23H23NO4S	Clostridium_novyi_NT	0
C23H27FN4O3	Prevotella	0
C13H6Cl6O2	Aeromonas_caviae_Ae398	0
C18H18N8O7S3	Enterococcus_faecium_(Streptococcus_faecium)	0
C24H40N8O4	Styrax_aureus	0
C8H7N3O5	Bacteroides_fragilis	0
C19H25ClN2S	Aggregatibacter_genus	0
C14H11Cl2NO2	Enterococcus_faecium_(Streptococcus_faecium)	0
C22H28N2O11	Prevotella_oris_C735	0
C27H44O2	Slackia_exigua_ATCC_700122	0
C15H16N7NaO5S3	Pseudomonas_aeruginosa	0
C18H30ClNO3	Christensenellaceae	0
C43H65FN6O10	Arthromitus	0
C29H35NO8	Prevotellaceae	0
C17H17ClN6O3	Lachnospiraceae_Family	0
C15H11N3O3	Fusobacterium_necrophorum_D12	0
C15H10O7	Streptococcus_infantarius_subsp._infantarius_CJ18	0
C25H29N3O2	Enterococcus_faecalis_(Streptococcus_faecalis)	0
C16H15F2N3O4S	Enterococcus_faecalis_(Streptococcus_faecalis)	0
C42H78N2O14	Collinsella_intestinalis_DSM13280	0
C42H69NO15	Rahnella_aquatilis_CIP_78.65	0
C21H27ClN2S2	Gammaproteobacteria	0
C22H29N3O6S	Aeromonas_caviae_Ae398	0
C21H22ClN	Listeria_seeligeri_FSL_N1-067	0
C18H15NO8S2	Parabacteroides_distasonis_ATCC8503	0
C41H64O13	Collinsella_stercoris_DSM_13279	0
C19H22ClN	Veillonella_dispar_ATCC_17748	0
C13H12Cl2O4	Enterococcus_casseliflavus	0
C25H29I2NO3	Actinobacteria	0
C17H18FN3O3	Oscillospira	0
C24H28N2O4S2	Staphylococcus	0
C19H26I3N3O9	Prevotella_oris_Species_838	0
C62H111N11O12	Veillonella_sp._oral_taxon_158	0
C21H28F3N3O7	Escherichia_coli_TW10509	0
C31H35N2NaO11	Faecalibacterium_prausnitzii	0
C30H41N3O10S2	Porphyromonas_gingivalis	0
C23H32N2O5	Ruminococcus_torques	0
C13H12F2N6O	Escherichia_coli_ATCC_25922	0
C21H29NO	Enterobacter_cloacae_EcWSU1	0
C17H20N4S	Neisseria_mucosa_ATCC_25996	0
C30H41N3O10S2	Victivallis_vadensis_ATCC_BAA-548	0
C18H30ClNO3	Parabacteroides_merdae_ATCC43184	0
C21H26Cl2F3N3S	Plesiomonas_shigelloides	0
C22H32ClNO3	Desulfovibrio_desulfuricans	0
C12H22O11	Rheinheimera_sp._A13L	0
C21H39N7O12	Neisseria_elongata_subsp._glycolytica_ATCC_29315	0
C8H10ClN5O3S	Shewanella_frigidimarina_NCIMB_400	0
C25H37NO4	Enterobacter_sp._638	0
C24H26BrN3O3	Coprococcus_comes_ATCC27758	0
C17H20Cl2N2S	Veillonellaceae_family	0
C36H61NaO11	Eubacteriaceae	0
C23H21ClO3	Campylobacter_gracilis_RM3268	0
C19H24Cl2N2	Bifidobacterium_breve_DSM20213	0
C8H5F3N2OS	Erwinia_tasmaniensis_Et1/99	0
C7H7NO3	Cronobacter_sakazakii	0
C21H25N5O8S2	Escherichia_coli_Nissle_1917	0
C20H26O6	Pseudomonas_aeruginosa	0
C19H16ClNO4	Clostridiales_incertae_sedis	0
C14H16N2O2	Holdemania_sp.	0
C23H32ClNO2	Coriobacteriia	0
C29H38N4O10	Turicibacter	0
Cr+6	Paenalcaligenes_genus	0
C15H14N4O6S2	Staphylococcaceae	0
C23H32N2O5	Clostridium_hiranonis_DSM_13275	0
C14H10F3NO2	Brachyspira_pilosicoli_95/1000	0
C29H36O15	Clostridium_bartlettii_DSM_16795	0
C19H20ClNO4	Enterobacter_cancerogenus_ATCC35316	0
C17H16ClN3O	Bifidobacterium_Genus	0
C15H10O7	Lactobacillus_delbrueckii_subsp._bulgaricus	0
C18H32O2	Ruminococcus_gnavus	0
C16H13Cl3N2OS	Victivallis_vadensis_ATCC_BAA-548	0
C23H26ClN	Campylobacter_hominis_ATCC_BAA-381	0
C19H15NO6	Morganella	0
C21H23BrFNO2	Spirochaetes	0
C20H16N2O4	Campylobacter_hominis_ATCC_BAA-381	0
C23H20F2N2O4	Veillonellaceae_family	0
C8H10O2	Planococcaceae	0
C27H37FO6	Deferribacter_desulfuricans_SSM1	0
C10H13N5O5	Lactobacillus_fermentum_CECT_5716	0
C22H14Cl2I2N2O2	Bacteroides_vulgatus_ATCC8482	0
C9H5Cl2NO	Streptococcus_agalactiae	0
C19H18Cl2N3NaO6S	Faecalibacterium	0
C43H65FN6O10	Lactobacillus_fermentum_CECT_5716	0
C10H11F3N2O5	Streptococcus_pyogenes	0
C11H11N5	Megasphaera_elsdenii_DSM_20460	0
C9H14ClNO3	Bacteroidia	0
C23H27FN4O3	Bilophila	0
C24H40N8O4	Coprococcus_comes	0
C22H29FO5	Bifidobacterium_dentium_Species_1678	0
C16H16ClN3O4	Amphibacillus	0
C11H15NO2	Micrococcaceae	0
C14H18N4O3	Bacteroides_sp._Species_816	0
C17H12Br2O3	Ruminococcus_sp._5_1_39BFAA	0
C25H31NO6	Blautia_Genus	0
C14H26Cl2N2O7	Citrobacter_amalonaticus	0
C53H90O22	Gammaproteobacteria	0
C26H27N5O2	Corynebacterium_lipophiloflavum_DSM_44291	0
C21H23N2NaO6S	Neisseria_bacilliformis_ATCC_BAA-1200	0
C40H50N4O6S2	Lactobacillus_gasseri_JV-V03	0
C13H12N2O5S	Ruminococcus	0
C11H8O2	Lactobacillus_amylolyticus_DSM_11664	0
C43H58N4O12	Anaerostipes	0
C11H16N4O4	Veillonella_sp._oral_taxon_158	0
C25H22N4O8	Adlercreutzia_equolifaciens	0
C22H28Cl2F3N3OS	Lactobacillus_brevis_subsp._gravesensis_ATCC_27305	0
C15H20O6	Alistipes	0
C21H45N3	Bacteroides_stercoris_ATCC43183	0
C19H15NO6	Lactobacillus_jensenii_1153	0
C10H19O6PS2	Dorea_formicigenerans	0
C15H23N3O2	Enterococcus_casseliflavus_EC1_	0
C35H38Cl2N8O4	Enterobacteriaceae	0
C16H14F3N5O	Lactobacillus_johnsonii_NCC_533	0
C23H31NO3	Raphidiopsis_brookii_D9	0
C60H125N15O25S	Escherichia_coli_ED1a	0
C21H39N7O12	Clostridium_perfringens_CPE_str._F4969	0
C23H23NO4S	Barnesiella_intestinihominis	0
C23H26N5NaO7S	Porphyromonadaceae	0
C15H11N3O3	Pseudomonas	0
C15H11I4NO4	Porphyromonas_gingivalis	0
C37H48N6O5S2	Clostridium_symbiosum_ATCC1494_	0
C18H16Cl3N3O3S	Acidovorax	0
C6H10N6O	Ruminococcus_torques_ATCC27756	0
C22H24ClN3O5	Actinobacteria	0
C4H7NaO2	Streptococcus_agalactiae	0
C10H13N5O4S	Bacillales	0
C42H78N2O14	Clostridium_sticklandii_Species_186831	0
C24H31FO6	Odoribacter	0
C16H17N3O7S2	Veillonella_sp._6_1_27	0
C10H12N4O3S	Parabacteroides_Genus	0
C25H31NO6	Enterobacter_asburiae_LF7a	0
C11H15NO2	Ruminococcus_flavefaciens_FD-1	0
C26H35NO7	Ruminococcaceae_Family	0
C12H17N3O4S	Clostridium_novyi_NT	0
C18H19Cl2NS	Helicobacter_mustelae_12198	0
C19H20N2O3S	Roseburia_intestinalis	0
C22H23ClN2O2	Ruminococcus_sp.	0
C17H13ClFN3O	Neisseria_elongata_subsp._glycolytica_ATCC_29315	0
C6H12NNaO3S	Prevotella_copri	0
C26H28Cl2N4O4	Akkermansia	0
C24H31NO8	Capnocytophaga	0
C9H5ClINO	Lactobacillus_plantarum_Species_1578	0
C19H20N2O3S	Sphingomonas	0
C22H26N2O2	Arthrobacter	0
C20H24ClNS	Providencia_stuartii_ATCC25827	0
C20H21ClO4	Porphyromonas_gingivalis	0
C33H40N2O9	Victivallis_vadensis_ATCC_BAA-548	0
C13H18Cl2N2O2	Listeria_welshimeri	0
C10H11NO3	Escherichia_coli_TW10509	0
C17H18F3N3O3	Streptococcus_pyogenes	0
C15H10O2	Enterococcus_faecalis_V583	0
C22H26F3N3OS	Lactonifactor	0
C18H34Cl2N2O5S	Bacteroides_dorei_DSM17855	0
C19H21FN2O4	Porphyromonadaceae	0
Cr	Prevotella_oris_Species_838	0
C15H23N3O2	Roseburia	0
C26H28N2	Corynebacterium_Genus	0
C12H19BrN2O2	Pseudomonas	0
C24H30Cl2N2O3	Methanobrevibacter	0
C11H15N5O4	Veillonella_sp._6_1_27	0
C24H31NO8	Bacteroidales	0
C22H45N5O14	Deferribacter_desulfuricans_SSM1	0
C16H16N5NaO7S2	Saccharibacteria	0
C26H35NO7	Corynebacterium_resistens_DSM_45100	0
C18H20N2O6	Saccharibacteria	0
C19H22ClN	Paenibacillaceae	0
C16H16N4O8S	Corynebacterium_pseudogenitalium_ATCC_33035	0
C13H8O4	Butyrivibrio	0
C25H31N3O6	Erwinia_tasmaniensis_Et1/99	0
C19H34Cl2N2O2	Acidovorax	0
C23H31NO3	Streptococcus_mutans	0
C48H72O14	Acinetobacter_baumannii_TCDC-AB0715	0
C22H28Cl2F3N3OS	Helicobacter_mustelae_12198	0
C10H13N5O5	Gemella_genus	0
C42H88N14O36S3	Bifidobacteriaceae	0
C18H16Cl3N3O4	Bacteroides_fragilis_3397	0
C88H100Cl2N10O28	Nitrospira	0
C29H35NO2	Parabacteroides_distasonis	0
C19H35NO2	Porphyromonas	0
C41H64O13	Peptoniphilus_sp._oral_taxon_375	0
C22H25N3O7S	Blautia_Genus	0
C16H17N5O7S2	Turicibacter	0
C42H70O12	Bacteroides_ovatus	0
C23H20N2O3S	Trichococcus	0
C22H45N5O14	Clostridium_symbiosum_ATCC1494_	0
C17H18FN3O3S	Klebsiella	0
C9H9Cl2N3	Alcaligenaceae	0
C9H11FN2O5	Oscillibacter_sp.	0
C4H4KNO4S	Lactobacillus_rhamnosus_Species_1578	0
C11H12N2O2S	Bifidobacterium_longum_subsp._infantis	0
C23H31NO3	Holdemania	0
C28H44ClNO2	Arthrobacter	0
C20H9Br2HgNa2O6	Gordonibacter	0
C14H11Cl2NO2	Neisseria_elongata_subsp._glycolytica_ATCC_29315	0
C19H18Cl2N3NaO6S	Eubacterium_ventriosum_ATCC27560	0
C9H9Cl2N3	Coprococcus_comes	0
C8H6ClF3N2OS	Streptococcus_parasanguinis	0
C27H33NO3	Dorea	0
C21H29NO	Collinsella_aerofaciens_ATCC25986	0
C11H12N2S	Bifidobacterium_adolescentis_L2-32	0
C15H17FN4O3	Caulobacterales_order	0
C19H19N7O6	Fusobacterium	0
C24H32O4	Actinomyces_coleocanis_DSM_15436	0
C9H12N2O4S	Bifidobacterium_longum_(Bifidobacterium_infantis,_Bifidobacterium_suis)	0
C21H26BrNO3	Porphyromonas_gingivalis	0
C19H24Cl2N2	Porphyromonadaceae	0
C21H26Cl2F3N3S	Bifidobacterium_adolescentis_L2-32	0
C15H21N3O3S	Providencia_stuartii_ATCC25827	0
C26H33NO9	Rheinheimera_sp._A13L	0
C22H29FO4	Corynebacterium_jeikeium_ATCC_43734	0
C19H18ClF2N3O3	Alphaproteobacteria	0
C20H18N6Na2O9S	anaerobic_bacterium_'strain_7'	0
C17H36N4O14S	Clostridium_scindens	0
C19H21NO4	Bacteroides_ovatus	0
C27H29NO10	Escherichia_coli_Nissle_1917	0
C20H22N5NaO6S	Bacteroides_caccae_ATCC43185	0
C8H15N3O7	Pseudomonadaceae	0
C23H27N3O6	Enterococcus_faecalis_(Streptococcus_faecalis)	0
C16H22O4	Bifidobacterium_adolescentis_ATCC_15703	0
C23H26ClN	Lactobacillus_ultunensis_DSM_16047	0
C18H14N4O5S	Morganella_morganii	0
C8H17NO5	Mycobacterium	0
C16H14F3N3O2S	Erysipelatoclostridium_ramosum	0
C22H25N5O2	Roseburia_intestinalis_L1-82	0
C39H54N6O8S	Erysipelatoclostridium_ramosum	0
C12H19N3O	Enterococcus_casseliflavus_EC1_	0
C42H72O13	Arthromitus	0
C10H13N5O4S	Bacteroides_eggerthii_DSM20697	0
C4HF9O3S	Raoultella_terrigena	0
C18H20ClF3N2S	Klebsiella_oxytoca	0
C21H22ClN	Ruminococcus	0
C6H8N2O8	Clostridium_botulinum_D_str._1873	0
C25H31NO6	Enterobacter	0
C17H17N7O8S4	Blautia_coccoides	0
C16H16N2O3S	Coriobacteriaceae	0
C17H17Cl2N	Faecalibacterium_cf._prausnitzii_KLE1255	0
C17H17Cl2N	Actinobacteria	0
C26H35NO7	Edwardsiella_ictaluri_93-146	0
C14H14N8O4S3	Bilophila	0
C21H20O10	Blautia_coccoides	0
C23H36N2O2	Eubacterium_biforme_DSM3989	0
C9H9HgNaO2S	Dickeya_dadantii_Ech703	0
C20H35AuO9PS	Enterobacter_cancerogenus_ATCC35316	0
C29H38N4O10	Dickeya_dadantii_Ech586	0
C25H37NO4	Raoultella_planticola	0
C21H26BrNO3	Salmonella_enterica_subsp._enterica_serovar_Typhimurium_Subspecies	0
C14H10F3NO2	Cyanobacteria	0
C26H27NO9	Clostridiaceae	0
C31H35N2NaO11	Desulfotalea_psychrophila_LSv54	0
C26H30ClN3O6	Bacteroides_clarus_YIT_12056	0
Cr	Clostridium_sporogenes	0
C16H16N5NaO7S2	Akkermansia	0
C26H32F2O7	Porphyromonas_gingivalis	0
C17H12Br2O3	Raphidiopsis_brookii_D9	0
C8H6N4O5	Klebsiella_pneumoniae_subsp._ozaenae	0
C27H37FO6	Dickeya_zeae_Ech1591	0
C20H18ClNO6	Dickeya_dadantii_3937	0
C13H17ClN4O6	Butyricimonas	0
C29H35NO8	Peptostreptococcus_stomatis_DSM_17678	0
C19H36ClNO2	Bacteroides_vulgatus	0
C23H32O3	Alphaproteobacteria	0
C22H32ClNO3	Clostridium_botulinum_E1	0
C22H26ClN7O2S	Sphingomonas	0
C15H16N2O6S2	Bifidobacterium_breve_DSM20213	0
C21H26ClN3OS	Cetobacterium_somerae	0
C22H26N2O2	Lactobacillus_mucosae	0
C27H32N2O4S3	Caulobacterales_order	0
C25H29Cl3N2	Shewanella_frigidimarina_NCIMB_400	0
C14H24Cl2N2O3	Campylobacter_gracilis_RM3268	0
C26H32F2O7	Fusobacterium	0
C23H21F7N4O3	Megasphaera_elsdenii_DSM_20460	0
C20H17F2N3O3	Citrobacter_farmeri	0
C20H22N4O10S	Corynebacterium_striatum_ATCC_6940	0
C23H36Cl3N3O3	Veillonella_dispar_ATCC_17748	0
C20H21N7O6S2	Staphylococcus_epidermidis_W23144	0
C28H44ClNO3S	Photorhabdus_luminescens_subsp._laumondii_TTO1	0
C70H76N10O16	Lactobacillus_ultunensis_DSM_16047	0
C17H12Br2O3	Parabacteroides_merdae_ATCC43184	0
C21H30O5	Lactobacillus_amylolyticus_DSM_11664	0
C21H28F3N3O7	Lactobacillus_delbrueckii_subsp._bulgaricus	0
C20H28Cl3N3O3	Salmonella_enterica_subsp._enterica_serovar_Typhimurium_Subspecies	0
C23H39NO4	Citrobacter_rodentium_ICC168	0
C28H38N12O6S	Bacteroides_eggerthii_DSM20697	0
C22H25Cl2N3O	Ruminococcus_flavefaciens_FD-1	0
C47H51NO14	Gilliamella_apicola	0
C13H16N2O8S	Neisseria_mucosa_ATCC_25996	0
C19H17ClN3NaO5S	Clostridiales	0
C7H11ClN2O2S	Streptococcaceae	0
C37H67NO13	Dickeya_zeae_Ech1591	0
C11H12I3NO2	Legionella	0
C19H16ClNO4	Streptococcus_salivarius	0
C11H10N4O4	Lactobacillus_brevis_subsp._gravesensis_ATCC_27305	0
C26H28ClNO	Bifidobacterium_adolescentis_L2-32	0
C12H19BrN2O2	Clostridium_difficile_120	0
C10H12ClN5O3	Aerococcus	0
C23H26N5NaO7S	Desulfovibrio_desulfuricans	0
C13H8Cl2N2O4	Ruminococcus_lactaris_ATCC29176	0
C42H78N2O14	Helicobacter_mustelae_12198	0
C14H11Cl2NO2	Lactobacillus_delbrueckii_subsp._lactis_DSM_20072	0
C18H19N3O5S	Dorea_formicigenerans_ATCC27755	0
C25H28N6O	Streptococcus_sanguinis_species_1301	0
C18H20FN3O4	Eubacterium_limosum	0
C17H19NO3	Bifidobacterium_ruminantium	0
C42H88N14O36S3	Anaerotruncus_colihominis_DSM17241	0
C15H14N4O6S2	Oscillibacter	0
C18H20FN5O4	Clostridium_bartlettii_DSM_16795	0
C21H23ClFNO2	Desulfovibrio_alaskensis_G20	0
C12H10N2O5	Prevotella_copri	0
C6H10N6O	Clostridium_sticklandii_Species_186831	0
C13H12Cl2O4	Bacteroides_fragilis_T(B)9	0
C13H9NOSe	Trichococcus	0
C21H22O9	Butyrivibrio_fibrisolvens	0
C21H22Cl2N4OS	Proteus_penneri_ATCC35198	0
C11H15NO2	Methanobrevibacter	0
C8H15N3O7	Mycoplasma_hyorhinis	0
C23H30O3	Escherichia_coli_Nissle_1917	0
C19H22ClN	Lactobacillus_sakei_subsp._sakei_23K	0
C24H40N8O4	Salmonella_bongori_NCTC_12419	0
C21H29NO4S	Roseburia_faecis	0
C22H45N5O14	Vibrio_furnissii_CIP_102972	0
C21H25N5O8S2	Bifidobacterium_adolescentis_ATCC_15703	0
C26H31Cl3F3NO	Gemmatimonadetes	0
C20H16N2O4	Eubacterium_limosum	0
C22H27FN4O2	Lactobacillus_acidophilus_ATCC_4796	0
C12H4Cl2F6N4OS	Caulobacterales_order	0
C3H9NO5P+	Bacteroides_vulgatus	0
C27H32N2O4S3	Raoultella_terrigena	0
C29H39N5O8	Bacteroides_ovatus	0
C18H27N3O6S	Lactobacillus_delbrueckii_subsp._lactis_DSM_20072	0
C33H44BrN5O8S	Marvinbryantia_formatexigens_DSM_14469	0
C20H28O	Prevotellaceae	0
C20H18ClNO6	Bifidobacterium_Genus	0
C8H9FN2O3	Lactobacillus_johnsonii_Species_1578	0
C43H58N4O12	anaerobic_bacterium_'strain_7'	0
C12H20N2O3S	Lactobacillus_animalis	0
C29H39N5O8	Arthromitus	0
C22H27NO2	Planctomycetia	0
C20H25ClN2O5	Salmonella_enterica_subsp._enterica_serovar_Dublin_str._SD3246	0
C21H20O12	Pediococcus	0
C15H22O5	Bifidobacterium_bifidum_Species_1678	0
C13H22N4O3S	Lactonifactor_longoviformis	0
C8Cl4N2	Lactobacillus_sp.	0
C10H20N2S4	Klebsiella	0
C19H18Cl2N3NaO6S	Chloro铿俥xi	0
C10H11F3N2O5	Klebsiella_pneumoniae_342	0
C16H21NO2	Lactobacillus_paracasei_Species_1578	0
C8H9FN2O3	Bacteroides_fragilis_HMW615	0
C17H18FN3O3S	Escherichia_coli_ATCC_25922	0
C21H26ClN3OS	Gemmatimonadetes	0
C9H10N2O3S2	Citrobacter_amalonaticus	0
C29H36O15	Tenericutes	0
C30H41N3O10S2	Intestinimonas	0
C16H25N3O7S	Clostridium_hathewayi_DSM13479	0
C9H7N7O2S	Bacillus	0
C28H29F2N3O	Proteus_n.a.	0
C15H14ClN3O4S	Plesiomonas_shigelloides	0
C22H23ClN6O	Caulobacteraceae	0
C12H15NO3	Streptococcaceae	0
C22H26ClN3O4S	Blautia_Genus	0
C14H9ClF3NO2	Ruminococcus_torques_ATCC27756	0
C17H18FN3O3	Edwardsiella_tarda_ATCC23685	0
C19H15NO6	Aeromonas_caviae_Ae398	0
C14H12O3	Slackia_isoflavoniconvertens	0
C4H4KNO4S	Clostridium_botulinum_BKT015925	0
C19H18Cl2N2O4	Ruminococcaceae_Family	0
C19H16O4	Butyrivibrio_fibrisolvens	0
C27H29N5O6S	Lactobacillus_animalis	0
C12H24N2O4	Bacilli_Class	0
C21H28F3N3O7	Neisseria_mucosa_ATCC_25996	0
C23H34O5	Eubacterium	0
C88H100Cl2N10O28	Edwardsiella_tarda_ATCC23685	0
C25H22N4O8	Corynebacterium_pseudogenitalium_ATCC_33035	0
C21H23ClFNO2	Acidovorax	0
C16H19N3O4S	Lactobacillus_vaginalis_ATCC_49540	0
C31H35N2NaO11	Slackia_exigua_ATCC_700122	0
C88H97Cl2N9O33	Pediococcus	0
C11H15N5O4	Paraprevotella	0
C8H7N3O5	Dickeya_dadantii_3937	0
C10H15N	Caulobacteraceae	0
C42H78N2O14	Shigella	0
C22H22N6O5S2	Parabacteroides_johnsonii	0
C48H48N4O6S2	Clostridiaceae	0
C15H22O5	Citrobacter_freundii	0
C15H22FN3O6	Alkaliphilus_metalliredigens_QYMF	0
C38H72N2O12	Bifidobacterium_bifidum_Species_1678	0
C12H15N3O2S	Desulfovibrio	0
C12H17N3O4S	Clostridioides_difficile	0
C24H24ClN3O6S	Prevotella_oris_C735	0
C10H11NO3	Odoribacter	0
C19H21ClF3NO2	Raoultella_terrigena	0
C22H23N3O4	Peptoniphilus_sp._oral_taxon_375	0
C27H34I2N4	Providencia_rettgeri_DSM1131	0
C28H29F2N3O	Dorea_formicigenerans	0
C28H34Cl2F2N2O	Staphylococcus_epidermidis_W23144	0
C13H17N3O2	Clostridium_butyricum	0
C22H29FO5	Clostridioides_difficile	0
C15H22O5	Collinsella_stercoris_DSM_13279	0
C27H30O16	Enterococcus	0
C16H15F2N3O4S	Blautia_obeum	0
C19H19N7O6	Rheinheimera_sp._A13L	0
Cr	Sutterella_sp.	0
C23H30O3	Salmonella	0
C8H15N3O7	Clostridiaceae	0
C19H36ClNO2	Corynebacterium_resistens_DSM_45100	0
C18H36N4O11	Salmonella_bongori_NCTC_12419	0
C21H20O10	Clostridium_carboxidivorans_P7	0
C10H12N4O3S	Plesiomonas_shigelloides	0
C20H22N4O10S	Fusobacterium	0
C48H56N6O8S2	Clostridium	0
C29H31F2N3O	Akkermansia_muciniphila_ATCC_BAA-835	0
C29H27ClN2O14S	Pantoea_ananatis_LMG_5342	0
C18H20ClF3N2S	Atopostipes	0
C24H42O21	Enterobacter_lignolyticus_SCF1	0
C19H18ClF2N3O3	Coprococcus_comes	0
C24H30Cl2N2O3	Slackia_heliotrinireducens_DSM_20476	0
C24H35ClN2O	Clostridium_carboxidivorans_P7	0
C29H33ClN2O2	Cronobacter_sakazakii	0
C66H75Cl2N9O24	Alteromonadales_Order	0
C23H28ClN3O7	Eubacterium	0
C15H27N3O9P2	Citrobacter_freundii	0
C18H34Cl2N2O5S	Tannerella	0
C14H11Cl2NO2	Bifidobacterium_adolescentis_L2-32	0
C36H61NaO11	Aeromonas_caviae_Ae398	0
C19H26I3N3O9	Pseudomonas_syringae_pv._morsprunorum_str._M302280	0
C20H21NO4	Peptostreptococcaceae	0
C18H22Cl2N2	Lactonifactor	0
C15H16N2O6S2	Proteus_penneri_ATCC35198	0
C17H18F3N3O3	Salmonella	0
C12H19Cl3O8	Clostridium_ramosum_DSM1402	0
C8H17NO5	Enterococcus_casseliflavus_EC1_	0
C11H10N4O4	Clostridium_botulinum_D_str._1873	0
C25H22N4O8	Amphibacillus	0
C19H24N6O5S2	Peptoniphilus_sp._oral_taxon_375	0
C24H42O21	Caulobacterales_order	0
C27H22Cl2N4	Enterococcus	0
C14H24Cl2N2O3	Enterobacter_sp._638	0
C16H15N2NaO6S2	Pseudomonas	0
C43H65FN6O10	Eubacterium_eligens	0
C21H22Cl2N2O8	Alphaproteobacteria	0
C10H15N	Clostridium_hathewayi_DSM13479	0
C21H41N5O11	Verrucomicrobiaceae	0
C20H22N5NaO6S	Eubacterium_hallii_DSM3353	0
C13H18Cl2N2O2	Neisseria_elongata_subsp._glycolytica_ATCC_29315	0
C22H27NO2	Pantoea_sp._At-9b	0
C15H11I4NO4	Citrobacter_rodentium_ICC168	0
C11H13BrN2O6	Edwardsiella_ictaluri_93-146	0
C9H11Cl3NO3PS	Bifidobacterium_longum_(Bifidobacterium_infantis,_Bifidobacterium_suis)	0
C25H27N9O8S2	Escherichia_coli	0
C8H10O2	Clostridium_leptum	0
C43H74N2O14	Arthromitus	0
C8H7N3O5	Prevotella_oris_C735	0
C17H13ClFN3O	Bifidobacteriales	0
C24H28N2O5	Staphylococcus_epidermidis_W23144	0
C21H34O5	Xanthomonas_campestris_pv._vesicatoria_str._85-10	0
C12H4Cl4O2	Anaerotruncus	0
C24H29N5O3	Amphibacillus	0
C18H18N8O7S3	Christensenellaceae	0
C25H29Cl3N2	Clostridium_bolteae_ATCCBAA-613	0
C16H17N3O7S2	Parabacteroides_johnsonii_DSM18315	0
C10H12N2O5S	Clostridiales_incertae_sedis	0
C19H15NO6	Bifidobacterium_breve	0
C19H36ClNO2	Lactobacillus_gasseri_JV-V03	0
C28H38N6O11S	Turicibacter	0
C23H26N2O5S	Porphyromonas	0
Cd	Dorea	0
C18H20FN5O4	Clostridium_sporogenes	0
C17H20ClF2N3O3	Gemmatimonadetes	0
C11H10N4O4	Gardnerella	0
C32H41NO2	Enterobacter_sp._638	0
C23H23NO4S	Parabacteroides_Genus	0
C7H14N2O2S	Bacteroides_clarus_YIT_12056	0
C21H22Cl2N4OS	Lactobacillus_reuteri	0
C24H26N2O4	Citrobacter_farmeri	0
C14H12O3	Enterorhabdus	0
C21H39N7O12	Enterobacter	0
C10H11F3N2O5	Bacteroides_fragilis_HMW610	0
C14H14ClN3	Lactococcus	0
C16H22O4	Citrobacter_youngae_ATCC_29220	0
C19H21ClF3NO2	Saccharibacteria	0
C26H29NO	Dorea_longicatena	0
C13H12Cl2O4	Prevotella_oris_Species_838	0
C24H29ClO4	Gammaproteobacteria	0
C23H27NO5S	Johnsonella	0
C20H17F2N3O3	Gilliamella_apicola	0
C28H31FN4O	Clostridiales_bacterium_Species_n.a.	0
C23H21F7N4O3	Pectobacterium_atrosepticum_SCRI1043	0
C8H5F3N2OS	Enterobacter_aerogenes_KCTC_2190	0
C21H32N2O	Alloprevotella	0
C21H26N2O7	Bacteroides_dorei	0
C12H21N	Pantoea_sp._At-9b	0
C17H19NO3	Bacteroides	0
C19H28Cl2N6O6S2	Mycobacterium	0
C21H30O5	Proteus_penneri_ATCC35198	0
C19H16ClFN3NaO5S	Streptococcus_infantarius_subsp._infantarius_CJ18	0
C25H28N6O	Sutterella_sp.	0
C48H72O14	Roseburia_faecis	0
C12H8O4	Campylobacter_gracilis_RM3268	0
C47H64N4O12	Cetobacterium	0
C18H15NO8S2	Bacteroides_dorei	0
C21H27ClN2S2	Erysipelatoclostridium_ramosum	0
C26H27N5O2	Verrucomicrobiaceae	0
C13H9NOSe	Lactobacillus	0
C14H14ClN3	Lacrimispora_sphenoides_Species_n.a.	0
C11H8O2	Ruminococcus_flavefaciens_FD-1	0
C48H48N4O6S2	Ruminococcus_sp.	0
C11H13BrN2O5	Fusobacterium_nucleatum_subsp._polymorphum_ATCC_10953	0
C10H15N	Bacteroidetes	0
C21H26N2O7	Escherichia_coli_ATCC_25922	0
C22H19ClO3	Clostridium_botulinum_D_str._1873	0
C16H25N3O7S	Streptococcus_infantarius_subsp._infantarius_CJ18	0
C9H9N3O2	Veillonella	0
C16H15N5O7S2	Fusobacterium_nucleatum_subsp._polymorphum_ATCC_10953	0
C14H19NO2	Firmicutes	0
C8H15N3O7	Arthrobacter	0
C15H11I4NO4	Citrobacter_koseri_ATCC_BAA-895	0
C9H4Cl3IO	Neisseria_elongata_subsp._glycolytica_ATCC_29315	0
C31H33F2N4O11P	Hippea_maritima_DSM_10411	0
C21H28ClN3O7S	Klebsiella_pneumoniae_342	0
C44H76N4O10S2	Edwardsiella_ictaluri_93-146	0
C10H12N2O5S	Ruminococcus_gnavus_ATCC29149	0
C3H7O4P	Tenericutes	0
C28H44ClNO2	Pseudomonas_fluorescens_Species_286	0
C20H21NO4	Johnsonella	0
C18H36N4O11	Veillonella_sp._oral_taxon_158	0
C27H33N3O6S	Neisseriaceae	0
C25H30ClI2NO3	Paenibacillaceae	0
C19H22ClN	Xenorhabdus_bovienii_SS-2004	0
C18H34Cl2N2O5S	Deltaproteobacteria	0
C33H44BrN5O8S	Lactobacillus_gasseri_JV-V03	0
C19H22N2O	Eubacteriaceae	0
C15H16N7NaO5S3	Rahnella_aquatilis_CIP_78.65	0
C19H24Cl2N2	Desulfotalea_psychrophila_LSv54	0
Cr	Desulfovibrio_desulfuricans	0
C15H23N3O2	Raphidiopsis_brookii_D9	0
C22H23N3O4	Enterococcus	0
C18H18F3NO4	Fusobacterium_nucleatum_subsp._vincentii_4_1_13	0
C9H8N4O5	Actinomyces_coleocanis_DSM_15436	0
C22H26ClN3O4S	Serratia_sp._AS12	0
C14H19N5O4	Campylobacter_hominis_ATCC_BAA-381	0
C5H4N4S	Clostridium_botulinum_E1	0
C19H28Cl2N6O6S2	Citrobacter_freundii	0
C19H20ClN3	Escherichia_coli	0
C8H8N2O3S	Aeromonas	0
C14H9I3O4	Jeotgalicoccus	0
C29H33ClN2O2	Lactococcus_garvieae_Lg2	0
C15H21N3O3S	Proteus_penneri_ATCC35198	0
C23H23NO4S	Akkermansia	0
C20H23N5O6S	Streptococcus_dysgalactiae_subsp._dysgalactiae_ATCC_27957	0
C8H12N4O5	Microbacterium	0
C27H32N2O4S3	Dehalobacterium_n.a.	0
C19H12O8	Tenericutes	0
C20H21NO4	Clostridium_sporogenes	0
C20H22N8O6S2	Anaerostipes	0
C18H19N3O5S	Coprococcus_comes	0
C23H36N2O2	Bacteroides_fragilis	0
C70H76N10O16	Enterococcus_faecium_(Streptococcus_faecium)	0
C23H31NO7	Jeotgalicoccus	0
C10H12N4O5S	Klebsiella_oxytoca_KCTC_1686	0
C22H22N6O5S2	Lactobacillus_paracasei_Species_1578	0
C21H24FN3O4	Veillonella	0
C15H14ClN3O4S	Dickeya_zeae_Ech1591	0
C19H16ClNO4	Coprococcus	0
C29H27ClN2O14S	Streptococcus_agalactiae	0
C19H21Cl2N3	Bacteroidia	0
C21H41N5O11	Clostridium_carboxidivorans_P7	0
C24H26ClFN4O	Bifidobacterium_bifidum_NCIMB_41171	0
C23H27FN4O3	Streptococcus_sanguinis_species_1301	0
C15H17FN4O3	Enterobacter_cloacae_EcWSU1	0
C18H18ClNOS	Prevotellaceae	0
C14H14O3	Listeria_welshimeri	0
C20H21ClO4	Paenalcaligenes_genus	0
C18H14Cl4N4O4	Clostridium_novyi_NT	0
C25H43NO18	Clostridium_difficile_120	0
C23H45N5O14	Alkaliphilus_metalliredigens_QYMF	0
C27H29NO10	Caulobacteraceae	0
C9H20N2O2	Burkholderia_mallei_ATCC_23344	0
C19H35NO2	Pseudomonas_aeruginosa	0
C21H32N2O	Escherichia_coli_BL21(DE3)	0
C18H19Cl2NO4	Weissella_cibaria_KACC_11862	0
C12H13ClN4	Peptoniphilus_sp._oral_taxon_375	0
C24H27NO5S	Bacteroides_thetaiotaomicron	0
C20H24ClNS	Bifidobacterium_longum_subsp._infantis	0
C14H9N4NaO5	Megasphaera_elsdenii_DSM_20460	0
C28H38N6O11S	Coriobacterium_glomerans_PW2	0
C14H15N3O5	Lactobacillus_brevis_subsp._gravesensis_ATCC_27305	0
C18H19N3O5S	Prevotellaceae	0
C25H31NO6	Enterobacter_cancerogenus_ATCC35316	0
C20H23N5O6S	Cronobacter_turicensis_z3032	0
C80H106Cl2N11O27P	Providencia_rettgeri_DSM1131	0
C23H27FN4O2	Clostridium_botulinum_BKT015925	0
C16H21NO2	anaerobic_bacterium_'strain_7'	0
C11H8O2	Listeria_welshimeri	0
C22H19N3O4	Lactobacillus_plantarum_Species_1578	0
C26H22ClF3N2O3	Desulfovibrio_desulfuricans	0
C14H12O3	Bacteroides_caccae_ATCC43185	0
C38H69NO13	Campylobacter	0
ClO-	Ruminococcus_gnavus_ATCC29149	0
C12H8O4	Aggregatibacter_genus	0
C18H15NO3	Lactobacillus	0
C43H65N5O10	Rahnella_aquatilis_CIP_78.65	0
C20H24ClNS	Roseburia_intestinalis	0
C24H28N2O5	Veillonella_sp._oral_taxon_158	0
C18H18N8O7S3	Alcaligenes	0
C9H12N2O4S	Desulfovibrionaceae	0
C20H31NO	Alteromonadales_Order	0
C66H103N17O16S	Slackia_heliotrinireducens_DSM_20476	0
C23H32ClNO2	Acinetobacter_baumannii_TCDC-AB0715	0
C27H28N2O7	Arthromitus	0
C22H19ClO3	Eubacterium_hallii_DSM3353	0
C12H12N2O3	Klebsiella	0
C15H16ClN3O5S	Escherichia_coli_Nissle_1917	0
C22H27FN4O2	Akkermansia	0
C11H12Cl2N2O5	Morganella	0
C4H8Cl3O4P	Veillonella_parvula	0
C12H4Cl2F6N4OS	Staphylococcus_aureus	0
C42H69NO15	Streptococcaceae	0
C12H19N3O	Bifidobacterium_pseudocatenulatum_DSM_20438	0
C12H20N2O3S	Klebsiella_pneumoniae_342	0
C22H25N5O2	Enterobacteriaceae	0
C10H13N5O4S	Enterobacter	0
C12H19Cl3O8	Alcaligenaceae	0
C8H11NO5S	Fusobacterium_nucleatum_subsp._vincentii_4_1_13	0
Hg	Alkaliphilus_oremlandii_OhILAs	0
C10H13N5O4S	Bacteroides_caccae_ATCC43185	0
C23H32N6O4S	Staphylococcus	0
C22H17ClN2	Ruminococcus_sp._5_1_39BFAA	0
C18H20O2	Clostridium_sporogenes	0
C11H12Cl2N2O5	Alistipes	0
C22H32N2O5S	Porphyromonas_gingivalis	0
C26H58Cl2N10	Clostridium_asparagiforme_DSM15981	0
C18H34Cl2N2O5S	Amphibacillus	0
C66H103N17O16S	Clostridia	0
C29H31N7O	Candidatus_Saccharimonas	0
C19H24Cl2N2	Clostridium_asparagiforme_DSM15981	0
C22H22N6O5S2	Xenorhabdus_nematophila_ATCC_19061	0
C22H24N2O8	Bacteroides_sp._Species_816	0
C25H22N4O8	Campylobacter	0
C48H56N6O8S2	Lachnospiraceae_Family	0
C19H27NO3	Enterobacter_cloacae	0
C19H22FN3O4	Streptococcus_parasanguinis_ATCC_15912	0
C47H51NO14	Coriobacteriales	0
C21H22O9	Dorea_longicatena	0
C18H37N5O9	Enterobacteriaceae	0
C21H23N3OS	Eubacterium_eligens	0
C8H8N2O3S	Bacteroides_finegoldii_DSM17565	0
C60H125N15O25S	Rahnella_aquatilis_CIP_78.65	0
C48H48N4O6S2	Citrobacter_freundii	0
C16H17N5O7S2	Bacteroidaceae	0
C17H25N3O5S	Escherichia_coli_ATCC_25922	0
C31H35N2NaO11	Corynebacterium_lipophiloflavum_DSM_44291	0
Pb	Alcaligenes	0
C26H30ClN3O6	Bifidobacterium_bifidum_Species_1678	0
C27H44O	Xanthomonas_campestris_pv._vesicatoria_str._85-10	0
C8H9NO2	Clostridium_butyricum	0
C22H23ClN2O8	Weissella_cibaria_KACC_11862	0
C22H27NO2	Lactobacillus_acidophilus_ATCC_4796	0
C10H11F3N2O5	Capnocytophaga	0
C29H27ClN2O14S	Actinobacteria	0
C25H28N8O2	Capnocytophaga	0
C12H11N2NaO3	Agrobacterium_tumefaciens_F2	0
C15H14N4O6S2	Anaerotruncus	0
C28H44ClNO3S	Eggerthella_lenta	0
C25H38O5	Desulfotalea_psychrophila_LSv54	0
C11H11N5	Spirochaetes	0
C13H12F2N6O	Escherichia_coli	0
C26H30ClN3O6	Bacteroides_eggerthii_DSM20697	0
C47H51NO14	Streptococcus_pyogenes	0
C21H20O9	Bacteroides_ovatus_ATCC8483	0
C22H28FN3O6S	Pectobacterium_wasabiae_WPP163	0
C8H17NO5	Barnesiella	0
C17H20Cl2N2S	Citrobacter	0
C19H12O6	Enterobacter_cloacae_subsp._cloacae_NCTC_9394	0
C27H38N2O4	Clostridioides_difficile	0
C8Cl4N2	Bacteroides_caccae	0
C42H78N2O14	Amphibacillus	0
C17H19N3O3S	Citrobacter_amalonaticus	0
C8H13N3O4S	Catabacteriaceae	0
C22H21N8O8PS4	Ruminococcus_sp.	0
C48H48N4O6S2	Eubacterium_eligens	0
C15H12O4	Porphyromonadaceae	0
C20H25N5O7S2	Streptococcus_sanguinis_species_1301	0
C15H11N3O3	Phascolarctobacterium	0
C8H15N3O7	Citrobacter_farmeri	0
C6HCl5O	Enterobacter_cloacae	0
C20H28Cl3N3O3	Slackia_exigua_ATCC_700122	0
C21H22Cl2N4OS	Eubacterium_limosum	0
C12H10N2O5	Ruminococcus_flavefaciens_FD-1	0
C19H16ClNO4	Eubacterium_ramulus	0
C13H16N2O8S	Bifidobacterium_pseudocatenulatum_DSM_20438	0
C15H10O5	Coprococcus_comes_ATCC27758	0
C10H7Cl2N3O	Enterobacter_cancerogenus_ATCC35316	0
C32H52Br2N4O4	Sporosarcina	0
C16H21NO2	Enterococcus_faecium_(Streptococcus_faecium)	0
C8H5F3N2OS	Xenorhabdus_nematophila_ATCC_19061	0
C24H34N2O5	Cronobacter_sakazakii	0
C41H64O14	Styrax_aureus	0
C25H31N3O6	Rikenellaceae	0
C9H7N7O2S	Clostridium_botulinum_E1	0
C29H33ClN2O2	Alkaliphilus_metalliredigens_QYMF	0
C42H88N14O36S3	Acinetobacter_haemolyticus_ATCC_19194	0
C95H146O28	Bacteroides_dorei	0
Ag	Clostridium_perfringens_E_str._JGS1987	0
C19H17N3O4S2	Parabacteroides_distasonis_ATCC8503	0
C32H37NO8	Staphylococcus_epidermidis_W23144	0
C60H125N15O25S	Trichococcus	0
C14H14O3	Clostridiales	0
C12H13NO2	Bacteroides_caccae_ATCC43185	0
C39H54N6O8S	Klebsiella_oxytoca_KCTC_1686	0
C19H15NO6	Eubacterium_ventriosum_ATCC27560	0
C23H21ClO3	Intestinibacter_genus	0
C16H22O4	Ruminococcus_flavefaciens_FD-1	0
C24H31NO8	Dialister	0
C27H36N2O4	Eubacterium_ramulus	0
C19H15ClN2O4	Ruminococcus	0
C12H10N2O5	Streptococcus_thermophilus	0
C20H20N6O9S	Butyricimonas	0
C10H12N4O5S	Planctomycetia	0
C24H34N2O5	Bifidobacterium_bifidum_Species_1678	0
C48H56N6O8S2	Fusobacteria	0
C15H14ClN3O4S	Lactobacillus_delbrueckii_subsp._bulgaricus	0
C16H15F2N3O4S	Enterobacter_lignolyticus_SCF1	0
C23H27N5O7S	Pantoea_sp._At-9b	0
C20H16N2O4	Enterococcus	0
C18H18F3NO4	Dickeya_dadantii_Ech586	0
C19H17NOS	Streptococcus_parasanguinis	0
C19H24N2O6	Rikenellaceae	0
C9H20N2O2	Enterocloster_bolteae	0
C41H64O13	Staphylococcaceae	0
C17H17ClF6N2O	Flavobacteria	0
C28H34Cl2F2N2O	Snodgrassella_alvi	0
C20H22N5NaO6S	Phascolarctobacterium	0
C10H20N2S4	Desulfurispirillum_indicum_S5	0
C6H13NO3S	Bacillus_coahuilensis_m4-4	0
C27H22Cl2N4	Roseburia	0
C11H15N5O5	Enterococcus_faecalis_(Streptococcus_faecalis)	0
C16H14O3	Bacteroidales	0
C31H33N3O6S	Akkermansia_muciniphila_Species_239934	0
C16H19N3O5S	Oscillibacter	0
Pb	Bacteroidia	0
C12H8O4	Prevotella_oris_Species_838	0
C24H30ClNO4	Corynebacterium_striatum_ATCC_6940	0
C20H18N6Na2O9S	Clostridium_hathewayi_DSM13479	0
C10H11NO3	Lactobacillus_reuteri	0
C3H7O4P	Anaerostipes	0
C52H98N16O13	Bacteroides_ovatus_ATCC8483	0
C27H33N3O6S	Salmonella_typhimurium_LT2	0
C18H20FN5O4	Bacteroides_xylanisolvens	0
C17H14F3N3O2S	Rothia_mucilaginosa_DY-18	0
C24H26N2O4	Saccharibacteria	0
C48H48N4O6S2	Morganella	0
C21H22Cl2N2O8	Bacillus_cereus_Species_1386	0
C42H72O13	Staphylococcus_aureus	0
C66H76Cl3N9O24	Prevotella_oris_C735	0
C19H20N2O3S	Blautia_obeum	0
C26H27NO9	Desulfovibrionaceae	0
C9H11NO4	Pseudomonas_aeruginosa_NCGM2.S1	0
C12H6Br4O	Bacillus_cereus_SJ1	0
C13H16N2O8S	Parabacteroides_distasonis_ATCC8503	0
C26H28Cl2F2N2	Bacteroides_sp._Species_816	0
C16H25ClN4O2	Lactobacillus_murinus	0
C19H20ClNO4	Bilophila	0
C22H26ClN7O2S	Bacteroides_fragilis_NCTC_9343	0
C95H146O28	Fusobacterium_nucleatum_subsp._vincentii_4_1_13	0
C6HCl5O	Rhodospirillaceae	0
C4H4N6O	Eubacterium_limosum_KIST612	0
C19H17N3O4S2	Bacteroides_thetaiotaomicron	0
C16H14F3N5O	Weissella_cibaria_KACC_11862	0
C88H100Cl2N10O28	Anaerotruncus_colihominis_DSM17241	0
C27H32N2O4S3	Lactobacillus_animalis	0
C29H27ClN2O14S	Bifidobacterium_bifidum_NCIMB_41171	0
C17H21NO3	Bacteroidetes	0
C6H6N4O4	Staphylococcus	0
C12H8O4	Enterocloster_bolteae	0
C7H11ClN2O2S	Proteus_penneri_ATCC35198	0
C21H26N2O7	Fusobacterium	0
C20H23ClN2O4	Caulobacterales_order	0
C18H14F4N2O4S	Planctomycetia	0
C20H25N5O7S2	Klebsiella_pneumoniae_subsp._rhinoscleromatis	0
C21H23N3OS	Slackia_isoflavoniconvertens	0
C27H33NO3	Burkholderiales_Order	0
C16H18N4O3S	Clostridium_butyricum	0
C28H38N12O6S	Intestinibacter_genus	0
C9H9HgNaO2S	Bifidobacterium_Genus	0
C29H36O15	Akkermansia_muciniphila_ATCC_BAA-835	0
C8H6ClF3N2OS	Fusobacteria	0
C19H34Cl2N2O2	Anaerotruncus_colihominis_DSM17241	0
C17H15N5O	Edwardsiella_tarda_ATCC23685	0
C21H20ClNO5	Klebsiella_pneumoniae_subsp._rhinoscleromatis	0
C14H14Cl2N2O	Lactobacillus_delbrueckii_subsp._lactis_DSM_20072	0
C11H12I3NO2	Chromatiaceae	0
C14H14N8O4S3	Holdemania_sp.	0
C15H16N7NaO5S3	Actinobacteria	0
C19H28Cl2N6O6S2	Eubacteriaceae	0
C24H35ClN2O	Lactobacillus_ultunensis_DSM_16047	0
C8H8N2O3S	Mucispirillum	0
C32H55BrN4O	Faecalibacterium_prausnitzii	0
C17H16ClN3O	Subdoligranulum_Genus	0
C27H37FO6	Faecalibacterium_prausnitzii	0
C16H17N3O5S	Escherichia_coli	0
C22H28N2O11	Clostridium_butyricum_E4	0
C23H34O5	Hyphomicrobium	0
C23H21F7N4O3	Ruminococcus_lactaris_ATCC29176	0
C18H18N8O7S3	Staphylococcus_epidermidis_W23144	0
C9H20N2O2	Slackia_heliotrinireducens_DSM_20476	0
C28H44ClNO2	Bifidobacterium_breve	0
C21H23N2NaO6S	Weissella_cibaria_KACC_11862	0
C19H23Cl2N5O	Burkholderia_mallei_ATCC_23344	0
C44H76N4O10S2	Bacteroides_fragilis_HMW610	0
C19H16O4	Neisseria_mucosa_ATCC_25996	0
C43H51N3O11	Raoultella_planticola	0
C24H34N2O5	Clostridium_butyricum_E4	0
C28H31FN4O	Hyphomicrobium	0
Hg	Clostridium_cocleatum	0
C15H11N3O3	Lachnoclostridium	0
C21H34ClN3O5S	Enterococcus_faecium_(Streptococcus_faecium)	0
C28H28ClNO4S	Roseburia_faecis	0
C17H17ClO6	Ruminococcus_sp._5_1_39BFAA	0
C19H35NO2	Clostridium_ramosum_DSM1402	0
C19H21ClF3NO2	Methanobrevibacter	0
C19H26I3N3O9	Escherichia_coli_TW10509	0
C22H26F3N3OS	Clostridium_botulinum_D_str._1873	0
C11H12N4O3S	Bacteroidales	0
C6H6N6O2	Lactobacillus_brevis_subsp._gravesensis_ATCC_27305	0
C21H20O9	Bacillus_coahuilensis_m4-4	0
C22H19N3O4	Collinsella_aerofaciens_Species_102106	0
C23H27N5O7S	Citrobacter	0
C21H22Cl2N2O8	Klebsiella_pneumoniae_342	0
C14H14ClN3	Collinsella_aerofaciens_ATCC25986	0
C22H23ClN2O2	Lactococcus_garvieae_Lg2	0
C14H21N3O3S	Arthrobacter	0
C14H19NO2	Chryseobacterium	0
C22H19NO4	Parabacteroides_johnsonii	0
C18H14Cl4N2O	Vibrio	0
C19H17ClN3NaO5S	Parasutterella	0
C14H13N8NaO4S3	Deltaproteobacteria	0
C22H28N2O11	Citrobacter	0
C29H34Cl2N2O2	Alistipes_indistinctus	0
C8H9FN2O3	Dickeya_dadantii_3937	0
C14H14ClN3	Lactobacillaceae	0
C21H23N2NaO6S	Clostridium_hathewayi_DSM13479	0
C25H30N2O5	Blautia_Genus	0
C17H25N3O5S	Pseudomonas_aeruginosa	0
C21H25ClN2O3	Enterobacter_cloacae	0
C23H36N2O2	Butyrivibrio	0
C23H28ClN3O7	Burkholderiales_Order	0
C29H35NO8	Salmonella	0
C21H33N3O5S	Escherichia_coli	0
C22H28N4O6	Campylobacter_gracilis_RM3268	0
C33H40N2O9	Oscillibacter_sp.	0
C24H26N2O4	Chloro铿俥xi	0
C22H25Cl2N3O	Johnsonella	0
C25H30ClNO5	Klebsiella_pneumoniae	0
C20H18NO4+	Streptococcus_agalactiae	0
C22H27Cl3N2OS	Pseudomonas_aeruginosa_NCGM2.S1	0
C11H12N4O3S	Roseburia_faecis	0
C23H20F2N2O4	Lactobacillales_Order	0
C15H14ClN3O4S3	Peptostreptococcus	0
C12H13ClN4	Eubacterium_plexicaudatum	0
C21H24FN3O4	Blautia_luti_DSM14534	0
C12H10F3N3O4	Saccharibacteria	0
C47H51NO14	Bacteroides_dorei_DSM17855	0
C88H100Cl2N10O28	Aeromonas_caviae_Ae398	0
C36H60N2O8S	Slackia_isoflavoniconvertens	0
C52H98N16O13	Edwardsiella_ictaluri_93-146	0
C12H9F3N2O2	Clostridium_botulinum_C_str._Eklund	0
C19H28Cl2N6O6S2	Burkholderiales_Order	0
C16H17N3O5S	Bacteroidetes	0
ClO-	Moryella	0
C3H7O4P	Acinetobacter	0
C16H22O4	Lacrimispora_saccharolytica	0
C22H24ClN3O5	Bacteroides_stercoris	0
C19H22F2N4O3	Butyrivibrio_fibrisolvens	0
C3H6N6	Lactococcus	0
C8H6ClF3N2OS	Lactobacillus_delbrueckii_subsp._bulgaricus	0
C19H28N2O4	Klebsiella_oxytoca_KCTC_1686	0
C19H27N5O4	Porphyromonas_uenonis_60-3	0
C14H14N8O4S3	Serratia_odorifera_DSM_4582	0
C23H27N3O6	Escherichia_albertii_TW07627	0
C18H18ClNOS	Shewanella_putrefaciens_200	0
C29H31F2N3O	Corynebacterium_pseudogenitalium_ATCC_33035	0
Pb	Pantoea_ananatis_LMG_5342	0
C23H36Cl3N3O3	Gemmatimonadetes	0
C14H13N5O5S2	Salmonella_bongori_NCTC_12419	0
C24H30Cl2N2O3	Acetobacter	0
C29H31F2N3O	Helicobacter_pylori	0
C22H23ClN6O	Bacteroides_fragilis_T(B)9	0
C32H52Br2N4O4	Firmicutes	0
C9H9N3O2	Citrobacter_sp._30_2	0
C41H64O13	Blautia_coccoides	0
C29H39N5O8	Sutterella	0
C18H14Cl4N2O	Coriobacteriia	0
C25H28N6O	Porphyromonas_uenonis_60-3	0
C25H34O6	Bifidobacterium_longum_subsp._infantis	0
C26H22ClF3N2O3	Bacteroidales	0
C6H8N2O2S	Oscillibacter_sp.	0
C34H57BrN2O4	Butyrivibrio_fibrisolvens	0
C10H17N	Caulobacterales_order	0
C43H51N3O11	Klebsiella_pneumoniae_342	0
C12H8O4	Methanobrevibacter	0
C9H10N2O3S2	Snodgrassella_alvi	0
C12H17N3O4S	Staphylococcus	0
C46H58N4O9	Bacteroides_intestinalis_DSM17393	0
C17H13ClFN3O	Staphylococcus_epidermidis_W23144	0
C17H20ClNO3	Bacteroides_thetaiotaomicron_VPI-5482	0
C17H19NO3	Bacteroidia	0
C16H17N3O5S	Clostridium_butyricum_E4	0
C88H100Cl2N10O28	Bifidobacterium_ruminantium	0
C13H17N5O8S2	Lactobacillus_brevis	0
C4H8O2	Neisseria_bacilliformis_ATCC_BAA-1200	0
C21H29NO4S	Bacteroides_fragilis_3397	0
C10H15N5	Bacteroides_fragilis_DS-208	0
C22H24ClFN4O3	Anaerotruncus	0
C8H15N7O2S3	Adlercreutzia_equolifaciens	0
C18H20O2	Morganella	0
C11H12N2O2S	Streptococcus_sanguinis_species_1301	0
C23H27FN4O2	Bacteroides_acidifaciens	0
Hg	Neisseria_elongata_subsp._glycolytica_ATCC_29315	0
C20H18ClNO6	Tannerella	0
C23H27N3O7	Eubacterium_ramulus	0
C23H27N5O7S	Pseudomonadaceae	0
C21H23ClFNO2	Holdemania	0
C24H28N2O4S2	Butyrivibrio_fibrisolvens	0
C15H14N4O6S2	Proteus_penneri_ATCC35198	0
C42H38O20	Enterobacter_cloacae	0
C13H9NOSe	Serratia_odorifera_DSM_4582	0
C18H15NO3	Listeria_seeligeri_FSL_N1-067	0
C16H17N3O7S2	Barnesiella_intestinihominis	0
C18H19NOS	Bacteroides_xylanisolvens	0
C14H14O3	Streptococcus_agalactiae	0
C24H31NO8	Acetobacter	0
C23H31NO7	Clostridium_carboxidivorans_P7	0
C25H33Cl2N5O2	Arthrobacter	0
C52H98N16O13	Pantoea_ananatis_LMG_5342	0
C25H22N4O8	Lactobacillus_reuteri	0
C14H28ClNO6	Enterococcus	0
C18H14F4N2O4S	Burkholderia_vietnamiensis_G4	0
C42H88N14O36S3	Gemmatimonadetes	0
C18H19Cl2NO4	Desulfovibrionaceae	0
C14H9I3O4	Yersinia_enterocolitica_subsp._enterocolitica_8081	0
C21H27N5O9S2	Paenalcaligenes_genus	0
C19H17N3O4S2	Slackia_exigua_ATCC_700122	0
C23H27Cl2N3O2	Parabacteroides_merdae	0
C17H24O10	Bifidobacterium_pseudocatenulatum_DSM_20438	0
C12H4Cl2F6N4OS	Neisseriaceae	0
C21H23NO4S	Collinsella_aerofaciens_Species_102106	0
C24H28N2O5	Blautia_luti_DSM14534	0
C10H12FN5O4	Bacteroides_vulgatus_ATCC8482	0
C10H12O	Lactobacillus_acidophilus	0
C54H92O23	Paenibacillaceae	0
C8H9N3O4	Providencia_rettgeri_DSM1131	0
C23H45N5O14	Peptoniphilus_sp._oral_taxon_375	0
C21H27ClN2S2	Cetobacterium_somerae	0
C17H20N4S	Oxalobacteraceae	0
C20H21ClO4	Clostridium_perfringens_Species_1485	0
C21H20O9	Salmonella_enterica_subsp._arizonae_serovar_62:z4,z23:-_str._RSK2980	0
C23H27N3O6	Clostridiales_incertae_sedis	0
C4H8O2	Paenibacillaceae	0
C18H18N8O7S3	Burkholderia_mallei_ATCC_23344	0
C20H12	Bacteroides_stercoris	0
C14H12ClNO2	Bifidobacterium_bifidum_NCIMB_41171	0
Cl2Hg	Enterobacter_cloacae_subsp._cloacae_ATCC_13047	0
C19H24N6O5S2	Microbacterium	0
C20H31NO	Ruminococcus_flavefaciens_FD-1	0
Cd	Enterococcus_faecium_(Streptococcus_faecium)	0
C11H12N2O2S	Cetobacterium	0
C27H29N5O6S	Aeromonas	0
C28H41N3O3	Dickeya_dadantii_3937	0
C22H26N2O2	Enterococcus	0
C25H28N8O2	Bifidobacterium_dentium_ATCC_27679	0
C25H28N6O	Flavobacteria	0
C9H4Cl3IO	Saccharibacteria	0
C22H25N3O7S	Clostridiaceae	0
C23H31NO7	Coriobacteriales	0
C88H100Cl2N10O28	Clostridium_clariflavum_DSM_19732	0
C29H34Cl2N2O2	Corynebacterium_lipophiloflavum_DSM_44291	0
C20H25ClN2O5	Parabacteroides_merdae	0
C17H16ClN3O	Rhodospirillaceae	0
C18H16Cl3N3O3S	Weissella_cibaria_KACC_11862	0
C16H17N3O7S2	Veillonella	0
C18H15NO3	Rikenellaceae	0
C15H12O4	Coriobacterium_glomerans_PW2	0
C18H30ClNO3	Bacteroides_clarus_YIT_12056	0
C21H45N3	Enterocloster_bolteae	0
C9H10N2O3S2	Johnsonella	0
C20H23N5O6S	Hyphomicrobium	0
C4H4N6O	Klebsiella_pneumoniae_subsp._ozaenae	0
C41H67NO15	Fusobacterium_necrophorum_D12	0
C13H12N2O5S	Salmonella	0
C19H24Cl2N2	Methanobrevibacter	0
C22H32N2O5S	Lactobacillus_paracasei_Species_1578	0
C21H26Cl2F3N3S	Mucispirillum_schaedleri	0
C18H18O2	Megasphaera_elsdenii_DSM_20460	0
C31H35N2NaO11	Oxalobacteraceae	0
C24H28N2O5	Dickeya_dadantii_3937	0
C43H51N3O11	Plesiomonas_shigelloides	0
C26H28Cl2F2N2	Parabacteroides_johnsonii_DSM18315	0
C21H23ClFNO2	Bacteroides_acidifaciens	0
C41H64O14	Bifidobacteriaceae	0
C8H8N2O3S	Deferribacter_desulfuricans_SSM1	0
C21H23NO4S	Salmonella_bongori_NCTC_12419	0
C12H15N3O2S	Citrobacter_farmeri	0
C12H15Cl2NO5S	Fusobacterium_nucleatum_subsp._vincentii_4_1_13	0
C26H35NO7	Bacteroides_stercoris	0
C18H35ClN2O6S	Subdoligranulum_variabile_DSM15176	0
C14H19N5O4	Dickeya_dadantii_Ech703	0
C29H30N6O6	Bifidobacteriaceae	0
C46H62N4O11	Eubacterium_hallii_DSM3353	0
C15H16O2	Collinsella_aerofaciens_Species_102106	0
C25H28N6O	Parabacteroides_Genus	0
C15H27N3O9P2	Pantoea_ananatis_LMG_5342	0
C36H61NaO11	Klebsiella_oxytoca	0
C13H12F2N6O	Bifidobacterium_bifidum_NCIMB_41171	0
C12H17N3O4S	Odoribacter	0
C17H25N3O5S	Escherichia_coli_BL21(DE3)	0
C23H39NO4	Serratia_sp._AS12	0
C21H22Cl2N4OS	Gammaproteobacteria	0
C8H8N2O3S	Lactobacillus_vaginalis_ATCC_49540	0
C41H67NO15	Desulfovibrio_desulfuricans	0
C24H30O3	Lactobacillus_murinus	0
C20H26O6	Enterobacter_cancerogenus_ATCC35316	0
C19H16ClF3N4O3	Anaerotruncus_colihominis_DSM17241	0
C20H22N4O10S	Enterobacter_cancerogenus_ATCC35316	0
C24H42O21	Bacteroides_uniformis	0
C19H21NO4	Vibrio_cholerae_Species_662	0
C17H13ClFN3O	Enterobacter_aerogenes_KCTC_2190	0
C15H11I4NO4	Caulobacteraceae	0
C25H30ClI2NO3	Bifidobacterium_ruminantium	0
C28H31BrN2O2	Gordonibacter	0
C18H18O2	Erwinia_billingiae_Eb661	0
C27H34I2N4	Lactobacillus_fermentum_CECT_5716	0
C32H41NO2	Clostridium_sticklandii_Species_186831	0
C20H25ClN2O5	Bifidobacterium_breve	0
C12H17NO3	Bifidobacterium_longum_(Bifidobacterium_infantis,_Bifidobacterium_suis)	0
C19H35NO2	Erysipelatoclostridium_ramosum	0
C23H27N3O7	Staphylococcus_aureus	0
C23H39NO4	Clostridium_butyricum_E4	0
C11H14N4O2	Actinomyces_coleocanis_DSM_15436	0
C22H32O3	Enterobacter_cloacae_subsp._cloacae_ATCC_13047	0
C22H24N2O8	Bacteroides_thetaiotaomicron_VPI-5482	0
C10H12O	Providencia_rettgeri_DSM1131	0
C23H26FN3O2	Clostridium_sticklandii_Species_186831	0
Cr	Lacrimispora_saccharolytica	0
C18H19NOS	Fusobacterium	0
C12H4Cl4O2	Verrucomicrobiaceae	0
C10H12ClN5O3	Bifidobacterium_dentium_Species_1678	0
C17H13ClFN3O	Rahnella_sp._Y9602	0
C22H25NO6	Clostridium_novyi_NT	0
C16H16N5NaO7S2	Holdemania_sp.	0
C16H17N3O7S2	Rhodospirillaceae	0
C21H27N3O7S	Streptococcus_pyogenes	0
C33H38N4O6	Veillonella_sp._6_1_27	0
C15H16O2	Lactobacillus_mucosae	0
C6H6N6O2	Parabacteroides_johnsonii	0
C31H35N2NaO11	Bacteroides_sp._Species_816	0
C22H26ClN3O4S	Providencia_stuartii_ATCC25827	0
C20H12	Streptococcus	0
C19H34Cl2N2O2	Dorea_formicigenerans_ATCC27755	0
C22H26ClN3O4S	Streptococcus_parasanguinis_ATCC_15912	0
C18H20N3NaO3S	Lactonifactor	0
C10H16N6S	Morganella	0
C8H11NO5S	Amphibacillus	0
C10H17N	Odoribacter	0
C17H17Cl2N	Aeromonas	0
C24H31NO8	Clostridiaceae	0
C20H17F2N3O3	Desulfovibrio_alaskensis_G20	0
C12H15NO3	Holdemania_sp.	0
C16H19N3O4S	Enterobacter_cancerogenus_ATCC35316	0
C9H14ClNO3	Staphylococcus_aureus	0
C21H41N5O11	Clostridia	0
C33H30N4O2	Lactobacillales_Order	0
C15H16N2O6S2	Bacteroidaceae	0
C19H26I3N3O9	Raoultella_terrigena	0
C17H25N3O5S	Dorea_longicatena	0
C14H10O3	Arthromitus	0
C12H15Cl2NO5S	Bacteroides_fragilis_DS-208	0
C22H30Cl2N10	Collinsella	0
C12H6Br4O	Bacteroidia	0
C17H18F3N3O3	Bacteroides_acidifaciens	0
C16H16N4O8S	Pseudoflavonifractor_capillosus_ATCC_29799	0
C11H16N4O4	Lactobacillus_animalis	0
C21H26N2O7	Roseburia_hominis	0
C18H27NO3	Deferribacter_desulfuricans_SSM1	0
C10H12FN5O4	Veillonella_dispar_ATCC_17748	0
C9H11NO4	Bacteroides_fragilis_HMW615	0
C10H16N6S	Lactobacillus_brevis_subsp._gravesensis_ATCC_27305	0
C31H33N3O6S	Bacteroides_uniformis_ATCC8492	0
C46H58N4O9	Lactobacillus_gasseri_JV-V03	0
C14H14ClN3	Alteromonadales_Order	0
C88H100Cl2N10O28	Lachnospiraceae_Family	0
C6H10N6O	Rikenellaceae	0
C21H28F3N3O7	Holdemanella	0
C11H16N4O4	Corynebacterium_Genus	0
C48H56N6O8S2	Bacteroides_WH2	0
C17H36N4O14S	Lactobacillus_jensenii_1153	0
C19H18Cl3N3O3S	Subdoligranulum_Genus	0
C29H31F2N3O	Butyricicoccus	0
C48H72O14	Enterococcus_hirae	0
C16H16N4O8S	Enterocloster_bolteae	0
C16H15N5O7S2	Aeromonas_caviae_Ae398	0
C15H14N4O	Enterococcus_faecium_(Streptococcus_faecium)	0
C21H22Cl2N4OS	Yersinia_enterocolitica_subsp._enterocolitica_8081	0
C14H14ClN3	Providencia_rettgeri_DSM1131	0
C23H30O3	Clostridium_carboxidivorans_P7	0
C21H39N7O12	Christensenellaceae	0
C12H4Cl2F6N4OS	Butyricimonas	0
C23H34O5	Rheinheimera_sp._A13L	0
C14H11Cl2NO2	Candidatus_Saccharimonas	0
C18H14Cl4N2O	Arthromitus	0
C20H16N2O4	Slackia_isoflavoniconvertens	0
C21H22Cl2N4OS	Acinetobacter	0
C23H27N3O7	Bacilli_Class	0
C25H34O6	Brevundimonas	0
C14H21N3O3S	Mycobacterium	0
C22H19ClO3	Olsenella	0
C10H13N5O5	Alloprevotella	0
C17H20Cl2N2S	Atopostipes	0
C21H24FN3O4	Streptococcus_thermophilus_JIM_8232	0
C15H14N4O	Serratia_odorifera_DSM_4582	0
C15H11I4NO4	Megasphaera_elsdenii_DSM_20460	0
C12H4Cl4O2	Collinsella_aerofaciens_ATCC25986	0
C17H17ClN6O3	Enterobacter_aerogenes_KCTC_2190	0
C48H72O14	Anaerotruncus	0
C16H15N5O7S2	Slackia_exigua_ATCC_700122	0
C26H28Cl2F2N2	Salmonella_enterica_subsp._enterica_serovar_Dublin_str._SD3246	0
C22H30Cl2N10	Collinsella_aerofaciens_ATCC25986	0
C23H27Cl2N3O2	Lactobacillus_delbrueckii_subsp._lactis_DSM_20072	0
Cr+6	Cronobacter_sakazakii	0
C25H31NO6	Odoribacter	0
C43H51N3O11	Neisseriaceae	0
C14H6O8	Porphyromonas_gingivalis	0
C80H106Cl2N11O27P	Erwinia_tasmaniensis_Et1/99	0
C16H15N4NaO8S	Alteromonadales_Order	0
C11H10N4O4	Escherichia_coli_TW10509	0
C18H14Cl4N2O	Actinomyces_coleocanis_DSM_15436	0
C15H11N2NaO2	Olsenella_uli_DSM_7084	0
C22H28FN3O6S	Bifidobacteriales	0
C27H44O	Odoribacter_splanchnicus	0
C12H9F3N2O2	Lactobacillus_johnsonii_Species_1578	0
C17H13ClFN3O	Helicobacter_pylori	0
C16H16Cl3N	Enterococcus_casseliflavus_EC1_	0
C18H20N3NaO3S	Pseudomonas_stutzeri_DSM_4166	0
C22H29FO5	Nitrospira	0
C16H20FN3O4	Shigella	0
C28H31BrN2O2	Olsenella	0
C4H3FN2O2	Desulfovibrio_desulfuricans	0
C18H18F3NO4	Lactobacillus_amylolyticus_DSM_11664	0
C18H32O2	Lactobacillus_brevis_subsp._gravesensis_ATCC_27305	0
C16H16Cl3N	Alkaliphilus_oremlandii_OhILAs	0
C26H27NO9	Lactobacillales_Order	0
C9H11Cl3NO3PS	Planococcaceae	0
C16H17N3O5S	Salmonella_typhimurium_LT2	0
C25H38O5	Klebsiella_pneumoniae_subsp._ozaenae	0
C14H15N3O5	Vibrio_cholerae_Species_662	0
C24H29ClO4	Salmonella_enterica_subsp._enterica_serovar_Typhimurium_Subspecies	0
C19H18ClF2N3O3	Bacteroides_uniformis_ATCC8492	0
C18H14Cl4N2O	Streptococcus_parasanguinis_ATCC_15912	0
C15H14ClN3O4S3	Collinsella_aerofaciens_Species_102106	0
C22H27Cl3N2OS	Nitrospira	0
C38H84N10O34S5	Providencia_stuartii_ATCC25827	0
C20H12	Alteromonadales_Order	0
C22H23N3O4	Actinomyces_sp._oral_taxon_17_	0
C19H17ClN3NaO5S	Alphaproteobacteria	0
C17H17Cl2N	Clostridium_carboxidivorans_P7	0
C23H28ClN3O7	Bacteroides_acidifaciens	0
C24H30Cl2N2O3	Vibrio_furnissii_CIP_102972	0
C21H25ClN2O3	Parabacteroides_johnsonii_DSM18315	0
C22H32N6O12S2	Alcaligenes	0
C44H69NO12	Klebsiella_oxytoca_KCTC_1686	0
C22H28Cl2F3N3OS	Alkaliphilus_metalliredigens_QYMF	0
C42H72O13	Trichococcus	0
C18H14F3N3O4S	Turicibacter	0
C88H97Cl2N9O33	Lacrimispora_sphenoides_Species_n.a.	0
C25H29N3O2	Prevotella_oris_C735	0
C31H33F2N4O11P	Blautia_hansenii_DSM20583	0
C14H9I3O4	Cetobacterium	0
C22H25Cl2N3O	Ruminococcus_torques	0
C16H13N3O3	Clostridium_novyi_NT	0
C8H12N4O5	Alloprevotella	0
C19H20ClN3	Bifidobacteriales	0
C48H56N6O8S2	Bifidobacterium_ruminantium	0
C9H11F2N3O4	Serratia_marcescens	0
C31H47NaO6	Clostridium_botulinum_BKT015925	0
C19H34Cl2N2O2	Pseudomonas	0
C18H19Cl2NS	Bacteroides_uniformis_ATCC8492	0
C20H18ClNO6	Desulfovibrio	0
C14H12ClNO2	Desulfovibrio_alaskensis_G20	0
C15H16N2O6S2	Turicibacter	0
C8H9N3O4	Bacillus	0
C46H77NO17	Vibrio_cholerae_Species_662	0
C21H23N3OS	Corynebacterium_resistens_DSM_45100	0
C17H21F2N3O3	Clostridium_spiroforme_DSM1552	0
C12H15N3O2S	Olsenella_uli_DSM_7084	0
C23H21F7N4O3	Vibrio_cholerae_Species_662	0
C25H43NO18	Cetobacterium	0
C21H20O10	Coriobacteriales	0
C26H33NO9	Enterobacter_cloacae_EcWSU1	0
C21H33N3O5S	Prevotella	0
C26H35NO7	Clostridium_ramosum_DSM1402	0
C16H14O3	Dorea_formicigenerans	0
C15H14ClN3O4S	Bacteroides_fragilis_HMW610	0
C23H20N2O3S	Edwardsiella_tarda_ATCC23685	0
C22H19N4NaO8S2	Klebsiella_pneumoniae_342	0
C12H21N2O3PS	Granulicatella_elegans_ATCC_700633	0
ClO-	Granulicatella_elegans_ATCC_700633	0
C17H24O10	Citrobacter_freundii	0
C24H32O4	Escherichia_coli_BL21(DE3)	0
C17H20ClF2N3O3	Salmonella_enterica_subsp._enterica_serovar_Dublin_str._SD3246	0
C29H31N7O	Butyrivibrio_proteoclasticus	0
C26H31Cl3F3NO	Clostridium_botulinum_E1	0
C15H11N3O3	Propionibacterium_acnes_SK182B-JCVI	0
C35H35NO12	Ruminococcaceae_Family	0
C15H10O4	Escherichia	0
C28H32O15	Bacteroidaceae	0
C11H15N5O4	Actinomyces_sp._oral_taxon_17_	0
C8H6ClF3N2OS	Acidovorax	0
C17H24O10	Fusobacterium	0
C22H26ClN7O2S	Firmicutes	0
C14H14Cl2N2O	Raoultella_terrigena	0
C19H24N2S	Acidobacteria	0
C22H27FN4O2	Dorea	0
C7H14N2O2S	Burkholderia_vietnamiensis_G4	0
C21H34O5	Gemmatimonadetes	0
C4HF9O3S	Helicobacter_mustelae_12198	0
C12H20N2O3S	Bacteroides_clarus_YIT_12056	0
C20H17F2N3O3	Blautia_hansenii_DSM20583	0
C17H17ClN6O3	Aeromonas	0
C8H15N7O2S3	Eubacterium_rectale_ATCC33656	0
C26H39NO10	Lactobacillus	0
C22H26N2O2	Peptostreptococcus	0
C54H92O23	Clostridium_bartlettii_DSM_16795	0
C21H27N5O9S2	Bifidobacterium_longum_(Bifidobacterium_infantis,_Bifidobacterium_suis)	0
C28H32ClN3O8S	Bacilli_Class	0
C21H24FN3O4	Cronobacter_turicensis_z3032	0
C24H35ClN2O	Listeria_welshimeri	0
C19H28N2O4	Clostridium_perfringens_CPE_str._F4969	0
C13H12F2N6O	Peptostreptococcus	0
C20H21N	Porphyromonas_uenonis_60-3	0
C22H21N8O8PS4	Ruminococcus_bromii	0
C47H64N4O12	Rahnella_aquatilis_CIP_78.65	0
C14H12Cl2NNaO3	Coprococcus	0
C22H19N4NaO8S2	Mollicutes	0
C9H20N2O2	Desulfurispirillum_indicum_S5	0
C13H12F2N6O	Eubacterium_plexicaudatum	0
C18H20O2	Ruminococcus_gnavus_ATCC29149	0
C9H5ClINO	Tannerella	0
C13H8Cl2N2O4	Pseudomonas_aeruginosa	0
C29H31F2N3O	Parabacteroides_johnsonii	0
C43H51N3O11	Citrobacter_youngae_ATCC_29220	0
C26H32F2O7	Lactobacillus_johnsonii_NCC_533	0
C19H28Cl2N6O6S2	Lactobacillus_reuteri_CF48-3A_BEI_HM-102	0
C18H29N3O5S	Clostridia	0
C27H29NO10	Anaerostipes	0
C33H38N4O6	Cronobacter_turicensis_z3032	0
C27H36N2O4	Alkaliphilus_metalliredigens_QYMF	0
C11H12Cl2N2O5	Eubacterium_plexicaudatum	0
C21H34O5	Neisseria_mucosa_ATCC_25996	0
C26H31Cl3F3NO	Caulobacterales_order	0
C29H32O13	Clostridium_asparagiforme_DSM15981	0
Cl2Hg	Acidovorax	0
C23H29N3O2S2	Veillonella_sp._6_1_27	0
C20H35AuO9PS	Porphyromonas_gingivalis	0
C27H37FO6	Planctomyces	0
C35H35NO12	Bifidobacterium_Genus	0
C26H28N2	Bacillus_cereus_Species_1386	0
C29H39N5O8	Citrobacter_rodentium_ICC168	0
C8H6N4O5	Erwinia_tasmaniensis_Et1/99	0
C17H12Br2O3	Streptococcus_pyogenes	0
C24H26N2O4	Granulicatella_elegans_ATCC_700633	0
C25H31N3O6	Streptococcus_infantarius_subsp._infantarius_CJ18	0
C25H31N9O10S2	Mucispirillum	0
C25H28N8O2	Corynebacterium_jeikeium_ATCC_43734	0
C29H39N5O8	Bacteroides_thetaiotaomicron	0
C18H27NO3	Gilliamella_apicola	0
C19H27N5O4	Eubacterium	0
C22H27NO2	Streptococcus_sanguinis_species_1301	0
C19H27NO3	Cronobacter_turicensis_z3032	0
C10H19O6PS2	Vibrio_furnissii_CIP_102972	0
C42H70O12	Clostridium_sporogenes	0
C22H23ClN6O	Chromatiaceae	0
C22H29FO5	Bifidobacterium_adolescentis_L2-32	0
C21H32N2O	Listeria_seeligeri_FSL_N1-067	0
C22H32N6O12S2	Citrobacter_koseri_ATCC_BAA-895	0
C18H15NO3	Bacillus_coahuilensis_m4-4	0
C23H23NO4S	Streptococcus_thermophilus	0
C4H8O2	Paenalcaligenes_genus	0
C5H4N4S	Eubacterium_ventriosum_ATCC27560	0
C23H30O3	Salmonella_enterica_subsp._enterica_serovar_Typhimurium_Subspecies	0
C9H20N2O2	Yersinia_enterocolitica_subsp._enterocolitica_8081	0
C16H20FN3O4	Brachyspira_pilosicoli_95/1000	0
C15H16N7NaO5S3	Aeromonas_caviae_Ae398	0
C16H14F3N3O2S	Streptococcus_thermophilus_JIM_8232	0
C22H32O3	Gilliamella_apicola	0
C14H28ClNO6	Burkholderia_vietnamiensis_G4	0
C18H32O2	Bilophila	0
C10H11F3N2O5	Pseudomonas	0
C10H12O	Lactococcus_garvieae	0
C28H34Cl2F2N2O	Bacteroides_uniformis	0
C8H14ClN5	Akkermansia_muciniphila_ATCC_BAA-835	0
C19H24Cl2N2	Dorea_formicigenerans_ATCC27755	0
C21H34ClN3O5S	Odoribacter_splanchnicus	0
C16H17N2NaO4S	Cyanobacteria	0
C27H29N5O6S	Lactobacillaceae	0
C24H26N2O4	Pediococcus	0
C17H19N5	Prevotella_oris_Species_838	0
C29H32O13	Corynebacterium_lipophiloflavum_DSM_44291	0
C8H6N4O5	Barnesiella_intestinihominis	0
C19H15NO6	Pretovella_copri_DSM18205	0
C11H11N5	Prevotella	0
C21H24FN3O4	Methanobrevibacter	0
C19H17NOS	Eubacterium_eligens	0
C18H18F3NO4	Corynebacterium_resistens_DSM_45100	0
C18H14F3N3O4S	Staphylococcus	0
C21H27N5O9S2	Dickeya_dadantii_Ech703	0
C20H21N7O6S2	Eggerthella_sp._Species_84111	0
C21H27N5O9S2	Escherichia_coli_Nissle_1917	0
C7H7NO3	Paenalcaligenes_genus	0
C18H18ClNOS	Pseudomonas_syringae_pv._morsprunorum_str._M302280	0
C20H21N	Comamonas	0
C46H58N4O9	Dorea_formicigenerans	0
C12H17NO3	Staphylococcus	0
C14H28ClNO6	Holdemanella	0
C12H4Cl4O2	Parabacteroides_distasonis_ATCC8503	0
C18H30ClNO3	Klebsiella_pneumoniae_subsp._ozaenae	0
C13H9NOSe	Clostridia	0
C27H30ClNO10	Ruminococcus_sp._5_1_39BFAA	0
C19H28Cl2N6O6S2	Odoribacter	0
C20H25ClN2O5	Butyrivibrio_proteoclasticus	0
C18H35ClN2O6S	Listeria_seeligeri_FSL_N1-067	0
C23H28ClN3O7	Salmonella_bongori_NCTC_12419	0
C36H60N2O8S	Bacillus_cereus_Species_1386	0
C35H36ClNO3S	Deferribacter_desulfuricans_SSM1	0
C18H15NO3	Victivallis_vadensis_ATCC_BAA-548	0
C19H36ClNO2	Corynebacterium_Genus	0
C42H78N2O14	Bacteroidia	0
C18H34Cl2N2O5S	Morganella_morganii	0
C18H22Cl2N2	Lactobacillus_animalis	0
C24H26BrN3O3	Caulobacterales_order	0
C23H32N2O5	Blautia_producta	0
C9H18NO2	Shewanella_frigidimarina_NCIMB_400	0
C23H32ClNO2	Bacteroides_eggerthii_DSM20697	0
C25H31NO6	Neisseriaceae	0
C18H18O2	Clostridium_bartlettii_DSM_16795	0
C12H4Cl2F6N4OS	Intestinibacter_genus	0
C19H19N7O6	Clostridium_clariflavum_DSM_19732	0
C19H17ClFN3O5S	Pediococcus	0
C19H15NO6	Dorea_formicigenerans_ATCC27755	0
C4H4KNO4S	Vibrio_furnissii_CIP_102972	0
C17H21F2N3O3	Sphingomonas	0
C21H26ClN3OS	Escherichia_coli_ED1a	0
C23H32O3	Eubacteriaceae	0
C43H65N5O10	Collinsella_stercoris_DSM_13279	0
C9H8O4	Alteromonadales_Order	0
C14H9N4NaO5	Clostridium_leptum	0
C8Cl4N2	Akkermansia_muciniphila_Species_239934	0
C23H36Cl3N3O3	Ruminococcus_sp._5_1_39BFAA	0
C18H27N3O6S	Turicibacter	0
C23H27N3O6	Xenorhabdus_nematophila_ATCC_19061	0
C24H26N2O4	Lactobacillus_delbrueckii_subsp._bulgaricus	0
C24H26N2O4	Mollicutes	0
Cr	Lactobacillus_animalis	0
C14H14O3	Streptococcus_parasanguinis	0
C20H20N6O9S	Escherichia_coli_IAI1	0
C15H14N4O	Pseudomonas_alcaligenes_Species_286	0
C10H13N5O4S	Pediococcus	0
C15H14O3	Lactobacillus_vaginalis_ATCC_49540	0
C9H5Cl2NO	Lactobacillus_jensenii_1153	0
C13H22N4O3S	Bacteroides_stercoris_ATCC43183	0
C48H72O14	Pediococcus	0
C4H3FN2O2	Desulfovibrio	0
C22H23ClN2O8	Gordonibacter	0
C21H20O9	Nitrospira	0
C12H21N2O3PS	Blautia_producta	0
C14H9I3O4	Butyricimonas	0
C29H30N6O6	Atopostipes	0
C25H29N3O2	Lactobacillus_reuteri	0
C7H11ClN2O2S	Photorhabdus_luminescens_subsp._laumondii_TTO1	0
C19H34Cl2N2O2	Veillonella_sp._oral_taxon_158	0
C19H28N2O4	Parabacteroides_Genus	0
C15H10O2	Clostridioides_difficile	0
C29H39N5O8	Streptococcus_infantarius_subsp._infantarius_CJ18	0
C14H15N3O5	Prevotella	0
C17H18F3NO	Xenorhabdus_nematophila_ATCC_19061	0
C12H21N5O2S2	Streptococcus_infantarius_subsp._infantarius_CJ18	0
C23H32N2O5	Flavobacteria	0
C9H10N2O3S2	Ruminococcus_sp.	0
C18H20ClF3N2S	Chromatiaceae	0
C28H28ClNO4S	Blautia_hansenii_DSM20583	0
Cr	Eubacterium_ramulus	0
C20H21NO4	Bacteroides_eggerthii	0
C10H15N	Planococcaceae	0
C23H27FN4O2	Lactobacillus_acidophilus	0
C11H12N2O2S	Lactobacillus_sakei_subsp._sakei_23K	0
C19H17N3O4S2	Bacteroides_cellulosilyticus_DSM14838	0
C44H69NO12	Caulobacteraceae	0
C14H21N3O3S	Flavobacteria	0
C28H44ClNO3S	Parabacteroides_johnsonii_DSM18315	0
C20H25N5O7S2	Shewanella_putrefaciens_200	0
C13H22N4O3S	Citrobacter_amalonaticus	0
C13H6Cl6O2	Lactobacillus_acidophilus	0
C14H14O3	Pseudomonas_aeruginosa_NCGM2.S1	0
C29H38N4O10	Clostridiales_bacterium_Species_n.a.	0
C10H17N	Erwinia_tasmaniensis_Et1/99	0
C25H31N3O6	Comamonas	0
C31H33F2N4O11P	Bacteroides_dorei	0
C21H45N3	Styrax_aureus	0
C21H20Cl2O3	Vibrio	0
C23H21F7N4O3	Eubacterium_rectale	0
C24H29ClO4	Slackia_equolifaciens	0
C22H21N8O8PS4	Clostridium_perfringens_E_str._JGS1987	0
C4H11N5	Desulfovibrionaceae	0
C22H31ClN4O7S2	Lactobacillus_reuteri_CF48-3A_BEI_HM-102	0
C24H26BrN3O3	Lactobacillus_plantarum_Species_1578	0
C23H27N3O7	Lactobacillus_paracasei_Species_1578	0
C17H20N4S	Pseudoflavonifractor_capillosus_ATCC_29799	0
C21H26BrNO3	Pectobacterium_wasabiae_WPP163	0
C29H32O13	Bifidobacterium_dentium_ATCC_27679	0
C23H28ClN	Corynebacterium_resistens_DSM_45100	0
C52H98N16O13	Clostridium_sporogenes_ATCC15579	0
C4H7NaO2	Anaerococcus_hydrogenalis_DSM7454	0
C36H60N2O8S	Fusobacterium_nucleatum_subsp._polymorphum_ATCC_10953	0
C24H28N2O3	Akkermansia	0
C8H15N7O2S3	Methanobrevibacter	0
C32H37NO8	Bifidobacterium_bifidum_Species_1678	0
C21H34O5	Enterobacter	0
C33H40N2O9	Veillonella_sp._oral_taxon_158	0
C27H44O	Porphyromonas_uenonis_60-3	0
C19H16ClFN3NaO5S	Clostridium_ramosum_DSM1402	0
C19H15ClN2O4	Ruminococcus_sp._SR1/5	0
C13H17N5O8S2	Anaerococcus_hydrogenalis_DSM7454	0
C20H18NO4+	Subdoligranulum_Genus	0
C6H12NNaO3S	Sutterella_sp.	0
C27H29NO11	Alloprevotella	0
C20H25ClN2O5	Mucispirillum	0
C16H16N2O3S	Eubacterium_ramulus	0
C42H72O13	Clostridium_butyricum_E4	0
C21H28F3N3O7	Lawsonia	0
C21H27ClN2S2	Desulfurispirillum_indicum_S5	0
C15H27N3O9P2	Dorea_longicatena	0
C22H26N2O4S	Moryella	0
C24H32O4	Capnocytophaga_gingivalis_ATCC_33624	0
C10H11NO3	Enterorhabdus	0
C19H20N2O3S	Corynebacterium_resistens_DSM_45100	0
C6H9N3O3	Lactobacillaceae	0
C17H19N5	Listeria_welshimeri	0
C20H25N5O7S2	Burkholderia_vietnamiensis_G4	0
C26H31Cl3F3NO	Clostridium_botulinum_C_str._Eklund	0
C16H22O4	Bifidobacterium_bifidum_NCIMB_41171	0
C12H4Cl2F6N4OS	Alphaproteobacteria	0
C21H27ClN2S2	Dickeya_zeae_Ech1591	0
C23H27FN4O2	Hippea_maritima_DSM_10411	0
C27H30O16	Klebsiella_pneumoniae_subsp._ozaenae	0
C14H10Cl4	Klebsiella_pneumoniae_subsp._rhinoscleromatis	0
C18H19N3O5S	Aerococcus	0
C15H14ClN3O4S	Ruminococcus_torques	0
C15H14ClN3O4S	Collinsella_intestinalis_DSM13280	0
C21H34ClN3O5S	Bacillales	0
C11H14N4O2	Alistipes_indistinctus	0
C19H27N5O4	Alcaligenaceae	0
C19H15NO6	Helicobacter_pylori	0
C13H6Cl6O2	Vibrio_cholerae_Species_662	0
C11H11N5	Lachnoclostridium	0
C21H27ClN2S2	Bifidobacterium_Genus	0
C31H33F2N4O11P	Bacteroides_vulgatus	0
C19H26I3N3O9	Parabacteroides_merdae	0
C18H20ClF3N2S	Paenalcaligenes_genus	0
C18H35ClN2O6S	Sutterella	0
C22H26N2O2	Clostridium_difficile_120	0
C21H20O12	Roseburia_faecis	0
C18H36N4O11	Burkholderiales_Order	0
C28H28ClNO4S	Streptococcus_pyogenes	0
C8H6ClF3N2OS	Lacrimispora_saccharolytica	0
C11H15N5O5	Streptococcaceae	0
C43H51N3O11	Bacilli_Class	0
C22H18N2	Christensenellaceae	0
C23H26ClN	Odoribacter_splanchnicus	0
C14H14Cl2N2O	Bacteroides_vulgatus	0
C22H24Cl2N2O8	Lactonifactor_longoviformis	0
C21H27N5O4S	Clostridium_hiranonis_DSM_13275	0
C21H26ClN3OS	Oscillospira	0
C16H15F2N3O4S	Lawsonia	0
C13H17N3O2	Acinetobacter_baumannii_TCDC-AB0715	0
C20H25ClN2O5	Desulfurispirillum_indicum_S5	0
C12H4Cl4O2	Microbacterium	0
C23H34O5	Capnocytophaga	0
C26H28ClNO	Pseudomonas_putida	0
C8H5F3N2OS	Olsenella	0
C14H19NO2	Agrobacterium_tumefaciens_F2	0
C21H34O5	Eubacterium_ramulus	0
C27H37FO6	Oscillibacter	0
C12H14N4O2S	Staphylococcus_aureus	0
C23H34O5	Vibrio_furnissii_CIP_102972	0
C16H20FN3O4	Subdoligranulum_variabile_DSM15176	0
C27H37FO6	Escherichia_coli_IAI1	0
C26H32F2O7	Holdemania_sp.	0
C12H20N2O3S	Clostridium_perfringens_Species_1485	0
C14H14N8O4S3	Butyrivibrio_proteoclasticus	0
C6H8N4O4	Atopostipes	0
C26H41Br2NO4	Aeromonas_caviae_Ae398	0
C9H14ClNO3	Neisseriaceae	0
C18H27NO3	Anaerotruncus_colihominis_DSM17241	0
C11H8O2	Clostridiales_incertae_sedis	0
C28H34Cl2F2N2O	Odoribacter	0
C27H36N2O4	Bacteroides_uniformis	0
C23H32O3	Xenorhabdus_nematophila_ATCC_19061	0
C22H28FN3O6S	Moryella	0
C23H26N2O5S	Gemella_genus	0
C15H23N3O2	Lactobacillus_rhamnosus_Species_1578	0
C18H14Cl4N2O	Alistipes	0
C19H18Cl2N2O4	Serratia_proteamaculans_568	0
C21H25ClN2O3	Enterobacter_cloacae_EcWSU1	0
C28H41N3O3	Actinomyces_sp._oral_taxon_17_	0
C26H33NO6	Amphibacillus	0
C23H20N2O3S	Bacteroides_fragilis	0
Cr+6	Veillonella_sp._6_1_27	0
C12H17N3O4S	Lactococcus_garvieae_Lg2	0
C18H20FN5O4	Enterobacter_cancerogenus_ATCC35316	0
C19H12O6	Lactobacillus_johnsonii_NCC_533	0
C43H74N2O14	Mycoplasma	0
C15H11N2NaO2	Desulfovibrionaceae	0
C13H9NOSe	Bifidobacterium_longum_subsp._Infantis_CCUG52486	0
C10H11F3N2O5	Oscillospira	0
C16H13Cl3N2OS	Pseudomonas_putida	0
C27H37FO6	Veillonella	0
C23H34O5	Eggerthella_lenta	0
C24H30ClNO4	Providencia_stuartii_ATCC25827	0
C36H61NaO11	Vibrio	0
C25H30N2O5	Raphidiopsis_brookii_D9	0
C20H25ClN2O5	Pseudomonadaceae	0
C16H15N2NaO6S2	Ruminococcus_sp.	0
C26H32F2O7	Brevundimonas	0
C14H8Cl4	Clostridium_ramosum_DSM1402	0
C16H21NO2	Clostridium	0
C8H10ClN5O3S	Clostridium_novyi_NT	0
C20H24ClNS	Faecalibacterium_cf._prausnitzii_KLE1255	0
C15H12O4	Rhodospirillaceae	0
C8H11NO5S	Clostridium_leptum	0
C24H26ClFN4O	Clostridium_bolteae_ATCCBAA-613	0
C9H4Cl3IO	Prevotella	0
C22H25N5O2	Bacteroides_pectinophilus_ATCC43243	0
C14H24Cl2N2O3	Johnsonella	0
C21H22ClN	Dickeya_zeae_Ech1591	0
C23H27N5O7S	Bacteroides_sp._Species_816	0
C44H69NO12	Intestinibacter_genus	0
C25H28N6O	Citrobacter_freundii	0
C10H13N5O4S	Enterobacter_sp._638	0
C7H10ClN3O3	Candidatus_Saccharimonas	0
C8H9FN2O3	Bacteroides_vulgatus_ATCC8482	0
C14H19NO2	Corynebacterium_lipophiloflavum_DSM_44291	0
C18H27N3O6S	Clostridium_bartlettii_DSM_16795	0
C37H67NO13	Erwinia_billingiae_Eb661	0
C6H10N6O	Butyricimonas	0
C23H30O3	Bacteroides_vulgatus_ATCC8482	0
C6H6N4O4	Spirochaetes	0
C12H19Cl3O8	Veillonellaceae_family	0
C11H15NO2	Eubacterium_rectale	0
C24H29N5O8S	Fusobacterium	0
C14H21N3O3S	Coriobacteriaceae	0
C22H32O3	Dorea_formicigenerans_ATCC27755	0
C26H33NO6	Peptostreptococcus_stomatis_DSM_17678	0
C32H41NO2	Coprococcus	0
C21H27N5O4S	Enterobacter_cloacae_EcWSU1	0
C6H13NO3S	Bacteroides_uniformis	0
C46H77NO17	Intestinibacter_genus	0
C32H41NO2	Bacilli_Class	0
C22H26N2O2	Acidobacteria	0
C4H8O2	Clostridioides_difficile	0
C29H33ClN2O2	Planococcaceae	0
C21H22O9	Alkaliphilus_metalliredigens_QYMF	0
C16H16Cl3N	Ruminococcus_gnavus_ATCC29149	0
C19H22N2O	Bacteroides_ovatus_ATCC8483	0
C44H69NO12	Deltaproteobacteria	0
C22H24ClFN4O3	Pseudomonas_aeruginosa	0
C23H21F7N4O3	Bacteroides_dorei_DSM17855	0
C21H27N3O7S	Bacteroides_caccae_ATCC43185	0
C22H32ClNO3	Streptococcus_thermophilus_JIM_8232	0
C27H23N5O4	Bifidobacterium_sp.	0
C21H29NO4S	Rahnella_sp._Y9602	0
C25H28N6O	Escherichia_coli_Nissle_1917	0
C11H15N5O4	Staphylococcus_aureus_subsp._aureus_MRSA177	0
C35H35NO12	Clostridium_spiroforme_DSM1552	0
C6H12NNaO3S	Bifidobacterium_breve	0
C18H22O2	Megasphaera_elsdenii_DSM_20460	0
C14H10Cl4	Catabacteriaceae	0
C22H25N3O7S	Veillonella_sp._oral_taxon_158	0
C12H7Cl3O2	Lactobacillus	0
C26H29NO	Alistipes	0
C43H51N3O11	Bacteroidales	0
C12H21N5O2S2	Oscillibacter	0
C23H29N3O2S2	Bifidobacterium_dentium_ATCC_27679	0
C21H20O9	Gilliamella_apicola	0
C66H103N17O16S	Clostridium_symbiosum_ATCC1494_	0
C75H70N6O6	Lactobacillus_brevis	0
Cl2Hg	Burkholderiales_Order	0
C28H32O15	Lactobacillaceae	0
C4HF9O3S	Parabacteroides_distasonis_ATCC8503	0
C18H18O2	Helicobacter_pylori	0
C9H10N2O3S2	Mucispirillum_schaedleri	0
C22H28N4O6	Corynebacterium_Genus	0
C4H8O2	Streptococcus_parasanguinis_ATCC_15912	0
C22H19N3O4	Pantoea_sp._At-9b	0
C27H44O2	Ruminococcus_sp._SR1/5	0
C22H24N2O8	Coprobacter	0
C26H39NO10	Sutterella_sp.	0
C12H12N2O3	Vibrio_cholerae_Species_662	0
C19H26I3N3O9	Bacteroides_fragilis_T(B)9	0
C26H39NO10	Neisseria_bacilliformis_ATCC_BAA-1200	0
C14H6O8	Odoribacter	0
C20H22ClN	Fusobacteria	0
C19H17ClFN3O5S	Mollicutes	0
C35H36ClNO3S	Microbacterium	0
C35H38Cl2N8O4	Eubacterium_rectale	0
C20H24ClNS	Enterococcus_faecalis_V583	0
C21H26N2O7	Proteus_penneri_ATCC35198	0
C38H72N2O12	Pretovella_copri_DSM18205	0
C16H16N2O3S	Clostridioides_difficile	0
C18H20O2	Streptococcaceae	0
C39H54N6O8S	Clostridium_botulinum_BKT015925	0
C21H45N3	Klebsiella_pneumoniae_342	0
C20H28O6	Firmicutes	0
C9H9N3O2	Ruminococcus	0
C42H38O20	Coprococcus	0
C22H26ClN3O4S	Spirochaetes	0
C20H25ClN2O5	Eubacterium_eligens	0
C17H16F6N2O	Peptostreptococcus	0
C24H30ClNO4	Fusobacterium	0
C22H23ClN6O	Listeria_welshimeri	0
C24H27NO5S	Planctomycetia	0
C22H18N2	Akkermansia_muciniphila_ATCC_BAA-835	0
C16H25ClN4O2	Anaerotruncus_colihominis_DSM17241	0
C19H22ClN	Campylobacter_hominis_ATCC_BAA-381	0
C70H76N10O16	Lactobacillales_Order	0
C10H12FN5O4	Mycoplasma_hyorhinis	0
C19H16ClNO4	Butyricimonas	0
C18H34Cl2N2O5S	Clostridium_perfringens_E_str._JGS1987	0
C10H11ClFN5O3	Bifidobacteriaceae	0
C14H10F3NO2	Bifidobacterium_adolescentis	0
C14H14ClN3	Bacteroides_fragilis_HMW610	0
C24H21F2NO3	Shigella_flexneri	0
C23H26N5NaO7S	Xenorhabdus_bovienii_SS-2004	0
C17H19N5	Oscillibacter	0
C22H31ClN4O7S2	Bifidobacterium_adolescentis_L2-32	0
C22H29FO5	Clostridium_perfringens_CPE_str._F4969	0
C42H78N2O14	Blautia_coccoides	0
C16H24N2	Brevundimonas	0
C42H38O20	Bacillus_cereus_SJ1	0
C23H36N4O10S2	Bacteroides_fragilis_HMW615	0
C22H32O3	Salmonella_enterica_subsp._enterica_serovar_Typhimurium_Subspecies	0
C24H35ClN2O	Pseudomonas_aeruginosa	0
C23H32N2O5	Streptococcus_parasanguinis	0
C43H58N4O12	Bifidobacterium_longum_subsp._infantis	0
C22H23ClN2O8	Eubacterium_limosum	0
C22H26N2O4S	Brachyspira_pilosicoli_95/1000	0
C17H21ClFN3O4	Akkermansia_muciniphila_Species_239934	0
C21H34ClN3O5S	Eubacterium_limosum_KIST612	0
C17H17Cl2N	Clostridium_sporogenes	0
C7H15Cl2N2O2P	Bacteroides_sp._Species_816	0
C23H31NO3	Providencia_alcalifaciens_DSM30120	0
C41H64O13	Agrobacterium_tumefaciens_F2	0
C43H65N5O10	Streptococcus_mutans	0
C10H20N2S4	Paraprevotella	0
C13H8O4	Clostridium_perfringens_Species_1485	0
As	Alphaproteobacteria	0
C21H28O2	Parabacteroides_distasonis	0
C17H21ClN2S	Sutterella	0
Cr	Clostridium_scindens	0
C17H17ClN6O3	Lactobacillus_plantarum_Species_1578	0
C21H27N3O7S	Listeria_seeligeri_FSL_N1-067	0
C3H7O4P	Gardnerella	0
C9H14ClNO3	Slackia_exigua_ATCC_700122	0
C43H65N5O10	Eggerthella_lenta	0
C20H35AuO9PS	Enterobacter_cloacae_subsp._cloacae_NCTC_9394	0
C13H8O4	Bacillus	0
C12H15NO3	Lacrimispora_sphenoides_Species_n.a.	0
C12H22O11	Lactonifactor	0
C33H40N2O9	Bacteroides_thetaiotaomicron_VPI-5482	0
C19H23Cl2N5O	Bifidobacterium_bifidum_Species_1678	0
C12H19BrN2O2	Granulicatella_elegans_ATCC_700633	0
C26H27NO9	Akkermansia_muciniphila_Species_239934	0
C15H16O2	Pseudoflavonifractor_capillosus_ATCC_29799	0
C21H20ClNO5	Escherichia_coli_IAI1	0
C7H15Cl2N2O2P	Trichococcus	0
Cl2Hg	Butyricicoccus	0
C15H10O5	Bifidobacterium_breve_DSM20213	0
C23H27Cl2N3O2	Enterobacter_cloacae_subsp._cloacae_ATCC_13047	0
C6H10N6O	Escherichia_coli_IAI1	0
C14H18N4O3	Listeria_welshimeri	0
C8H9NO2	Faecalibacterium_prausnitzii	0
C11H12Cl2N2O5	Lactobacillus_johnsonii_Species_1578	0
C13H18Cl2N2O2	Edwardsiella_ictaluri_93-146	0
C20H18ClNO6	Propionibacterium_acnes_SK182B-JCVI	0
C21H27N3O7S	Providencia_stuartii_ATCC25827	0
C18H19Cl2NS	Sutterella	0
C6H10N6O	Planococcaceae	0
C13H22N4O3S	Desulfovibrio_desulfuricans	0
C16H17N2NaO4S	Escherichia_coli_BL21(DE3)	0
C3H7O4P	Deferribacter_desulfuricans_SSM1	0
C25H34O6	Clostridioides_difficile	0
C46H62N4O11	Lactobacillus_sakei_subsp._sakei_23K	0
C12H9F3N2O2	Enterorhabdus	0
C29H36O15	Corynebacterium_pseudogenitalium_ATCC_33035	0
C16H16ClN3O4	Akkermansia	0
C14H19N5O4	Salmonella_enterica_subsp._enterica_serovar_Dublin_str._SD3246	0
C4H4KNO4S	Veillonella_sp._6_1_27	0
C26H33NO9	Bifidobacterium_breve	0
C27H29N5O6S	Anaerotruncus_colihominis_DSM17241	0
C19H20ClN3	Peptostreptococcus	0
C26H41Br2NO4	Lactobacillus_reuteri	0
C7H6O5	Photorhabdus_luminescens_subsp._laumondii_TTO1	0
C20H24ClNS	Veillonellaceae_family	0
C29H35NO2	Eubacterium_ventriosum_ATCC27560	0
C31H33F2N4O11P	Eubacterium_limosum_KIST612	0
C19H20ClN3	Lactobacillus_ruminis_SPM0211	0
C17H13ClFN3O	Cetobacterium	0
C18H19NOS	Bacteroides_fragilis_HMW615	0
C9H7N7O2S	Bifidobacterium_breve	0
C18H20O2	Aeromonas	0
C23H29N3O2S2	Chromatiaceae	0
C8H15N7O2S3	Listeria_grayi_DSM_20601	0
C27H29NO10	Vibrio_furnissii_CIP_102972	0
C12H13NO2	Victivallis_vadensis_ATCC_BAA-548	0
C21H26N2O7	Ruminococcus_gnavus_ATCC29149	0
C14H9N4NaO5	Eggerthella_lenta	0
C13H9NOSe	Raoultella_terrigena	0
C44H76N4O10S2	Parabacteroides_distasonis_ATCC8503	0
C10H12FN5O4	Clostridium_perfringens_CPE_str._F4969	0
C20H22N8O6S2	Clostridium_leptum	0
C20H24ClNS	Klebsiella_pneumoniae	0
C22H25N3O7S	Alcaligenaceae	0
C12H20N2O3S	Cetobacterium_somerae	0
C24H30ClNO4	Microbacterium	0
C28H34Cl2F2N2O	Morganella	0
C22H14Cl2I2N2O2	Bacteroidaceae	0
C18H14Cl4N4O4	Eubacterium_limosum_KIST612	0
C17H17ClF6N2O	Tenericutes	0
C16H15N5O7S2	Lactobacillus_fermentum_CECT_5716	0
C18H29N3O5S	Rhodospirillaceae	0
C16H20FN3O4	Lactobacillus_delbrueckii_subsp._bulgaricus	0
C25H43NO18	Salmonella_enterica_subsp._enterica_serovar_Dublin_str._SD3246	0
C11H13BrN2O5	Helicobacter_pylori	0
C22H28FN3O6S	Clostridium_sp._7_2_43FAA	0
C4H8O2	Mucispirillum_schaedleri	0
C20H23N5O6S	Sutterella	0
C13H18ClN3O4S2	Parabacteroides_Genus	0
C4H8O2	Eubacterium	0
C15H10O5	Deltaproteobacteria	0
C9H7N7O2S	Clostridium_scindens	0
C14H12FNO3	Corynebacterium_resistens_DSM_45100	0
C32H40ClNO4	Neisseria_bacilliformis_ATCC_BAA-1200	0
C18H25Cl2N9O4S3	Roseburia_intestinalis_L1-82	0
C25H29Cl3N2	Lactobacillus_mucosae	0
C18H19Cl2NO4	Dickeya_dadantii_3937	0
C12H19BrN2O2	Intestinibacter_genus	0
C9H9HgNaO2S	Lachnoclostridium	0
C23H34O5	Lactobacillus_johnsonii_Species_1578	0
C19H19N7O6	Acetobacter	0
C25H29N3O2	Bacteroides_vulgatus	0
C18H20N3NaO3S	Raoultella_terrigena	0
C12H4Cl4O	Micrococcaceae	0
C19H35NO2	Bacteroides_clarus_YIT_12056	0
C41H76N2O15	Klebsiella_pneumoniae	0
C19H24N2O6	Bacteroides_fragilis_HMW615	0
C11H14N4O2	Helicobacter_pylori	0
C8H6ClF3N2OS	Pseudomonas_stutzeri_DSM_4166	0
C17H20FN3O3	Shigella	0
C19H26I3N3O9	Lactococcus_garvieae	0
C27H44O2	Roseburia_intestinalis_L1-82	0
C27H30ClNO10	Coriobacterium_glomerans_PW2	0
C23H26N2O5S	Mucispirillum	0
C15H10O2	Enterobacter_cloacae	0
C20H24ClNS	Rhodospirillaceae	0
C19H23Cl2N5O	Listeria_grayi_DSM_20601	0
C43H65FN6O10	Salmonella_bongori_NCTC_12419	0
C20H18NO4+	Streptococcaceae	0
C9H11NO4	Bacteroides_vulgatus	0
C20H22N8O5	Helicobacter_pylori	0
C18H29N3O5S	Fusobacterium_nucleatum_subsp._vincentii_4_1_13	0
C16H15N5O7S2	Holdemania_sp.	0
C29H34Cl2N2O2	Slackia_isoflavoniconvertens	0
C9H18NO2	Moryella	0
C6H12NNaO3S	Ruminococcus_sp._SR1/5	0
C21H34ClN3O5S	Photorhabdus_luminescens_subsp._laumondii_TTO1	0
C17H18F3N3O3	Photorhabdus_luminescens_subsp._laumondii_TTO1	0
C21H26Cl2F3N3S	Veillonella_parvula	0
C9H20N2O2	Providencia_rettgeri_DSM1131	0
C80H106Cl2N11O27P	Aeromonas	0
C12H9F3N2O2	Chromatiaceae	0
C9H14ClNO3	Bifidobacterium_dentium_Species_1678	0
C32H55BrN4O	Peptostreptococcaceae	0
C9H11NO4	Eubacterium_ramulus	0
C23H23NO4S	Methanobrevibacter	0
C19H18Cl2N2O4	Acinetobacter_haemolyticus_ATCC_19194	0
C41H64O13	Lactococcus_garvieae_Lg2	0
C21H20O6	Roseburia_intestinalis_L1-82	0
C20H21N	Clostridium_botulinum_C_str._Eklund	0
C21H27N5O9S2	Faecalibacterium	0
C16H13N3O3	Brevundimonas	0
C43H65FN6O10	Mollicutes	0
C23H26ClN	Lactobacillales_Order	0
C13H17N5O8S2	Corynebacterium_Genus	0
C18H20FN5O4	Raoultella_terrigena	0
C22H31ClN4O7S2	Ruminococcus_bromii	0
C17H15N5O	Bacteroides_xylanisolvens	0
C18H20ClF3N2S	Xenorhabdus_bovienii_SS-2004	0
C22H27FN4O2	Bacteroides_eggerthii_DSM20697	0
C46H54N6O8S2	Butyrivibrio_fibrisolvens	0
C29H35NO8	Caulobacterales_order	0
C17H21ClN2S	Candida_albicans	0
C20H25ClN2O5	Parasutterella	0
C16H19N3O4S	Escherichia_coli	0
C22H25NO6	Paenibacillaceae	0
C29H30N6O6	Paenibacillaceae	0
C22H23N3O4	Clostridium_asparagiforme_DSM15981	0
C21H29NO4S	Morganella_morganii	0
C42H78N2O14	Pseudomonas_aeruginosa_NCGM2.S1	0
C22H24Cl2N2O8	Lactobacillus_plantarum_Species_1578	0
C18H30ClNO3	Citrobacter_koseri_ATCC_BAA-895	0
C9H5ClINO	Serratia_marcescens	0
C19H26I3N3O9	Bacillus_cereus_Species_1386	0
C26H28Cl2N4O4	Bacteroidetes	0
C18H35ClN2O6S	Klebsiella_oxytoca	0
C22H24ClN3O5	Klebsiella_oxytoca_KCTC_1686	0
C21H20O12	Alcaligenes	0
C20H20N6O9S	Eubacterium_rectale_ATCC33656	0
C21H27N3O7S	Klebsiella_oxytoca	0
C38H84N10O34S5	Bacteroides_fragilis_T(B)9	0
C11H10N4O4	Dickeya_zeae_Ech1591	0
C26H27NO9	Lactococcus_garvieae	0
C31H33F2N4O11P	Alphaproteobacteria	0
C7H11N3O3	Snodgrassella_alvi	0
C24H34N2O5	Shigella	0
C8H15N3O7	Bacteroides	0
C20H23ClN2O4	Mycoplasma_hyorhinis	0
C18H18O2	Lactobacillus_mucosae	0
C14H12FNO3	Veillonella	0
C21H22O9	Ruminococcus_bromii	0
C21H41N5O11	Pretovella_copri_DSM18205	0
C12H9F3N2O2	Dickeya_dadantii_3937	0
C10H12N4O3S	Acidobacteria	0
C13H22N4O3S	Corynebacterium_jeikeium_ATCC_43734	0
C13H21ClN2O	Candidatus_Saccharimonas	0
C23H21ClO3	Rothia_mucilaginosa_DY-18	0
C22H32ClNO3	Bifidobacteriales	0
C18H36N4O11	Xenorhabdus_nematophila_ATCC_19061	0
C12H19BrN2O2	Clostridium_perfringens_CPE_str._F4969	0
C27H44O	Snodgrassella_alvi	0
C21H20O12	Escherichia_coli_Nissle_1917	0
C21H34ClN3O5S	Bifidobacterium_longum_(Bifidobacterium_infantis,_Bifidobacterium_suis)	0
C16H14F3N5O	Parabacteroides_distasonis	0
C4H8O2	Klebsiella_pneumoniae_subsp._rhinoscleromatis	0
C26H32F2O7	Pseudomonas_putida	0
C5H9Cl2N3O2	Sutterella_sp.	0
C48H72O14	Clostridium_botulinum_C_str._Eklund	0
C21H26ClN3OS	Coriobacteriia	0
C18H32O2	Clostridium_botulinum_BKT015925	0
C18H14Cl4N2O	Butyricicoccus	0
C18H37N5O9	Coprococcus_comes_ATCC27758	0
C16H16N5NaO7S2	Paenibacillaceae	0
C8H10O2	Slackia_isoflavoniconvertens	0
C18H19Cl2NO4	Bacteroides	0
C21H28F3N3O7	Mollicutes	0
C14H8Cl4	Shigella	0
C42H70O12	Klebsiella_pneumoniae_subsp._ozaenae	0
C23H26ClN	Peptostreptococcus_stomatis_DSM_17678	0
C9H5Cl2NO	Collinsella_intestinalis_DSM13280	0
C23H26N2O5S	Citrobacter_koseri_ATCC_BAA-895	0
C60H125N15O25S	Parabacteroides_johnsonii_DSM18315	0
C14H12ClNO2	Clostridium_clariflavum_DSM_19732	0
C16H19N3O5S	Corynebacterium_pseudogenitalium_ATCC_33035	0
C27H29N5O6S	Weissella_cibaria_KACC_11862	0
C16H20FN3O4	Gammaproteobacteria	0
C18H20N2O6	Nitrospira	0
C20H28O6	Porphyromonas_gingivalis	0
C34H57BrN2O4	Porphyromonas_gingivalis	0
C14H9N4NaO5	Lactococcus_garvieae	0
C13H16N2O8S	Proteus_penneri_ATCC35198	0
C8H10ClN5O3S	Verrucomicrobiaceae	0
C26H32F2O7	Odoribacter_splanchnicus	0
C20H18NO4+	Blautia_hansenii_DSM20583	0
C16H14O3	Clostridia	0
C35H36ClNO3S	Lactobacillus_brevis_subsp._gravesensis_ATCC_27305	0
C23H32ClNO2	Serratia_proteamaculans_568	0
C19H24N6O5S2	Bifidobacterium_adolescentis_L2-32	0
C18H19N3O5S	Plesiomonas_shigelloides	0
C19H24Cl2N2	Bacteroides_WH2	0
C19H24N2O6	Fusobacterium_necrophorum_D12	0
C18H36N4O11	Oxalobacteraceae	0
C21H26BrNO3	Staphylococcus_aureus_subsp._aureus_MRSA177	0
C20H31NO	Bifidobacterium_adolescentis	0
C27H29NO11	Bifidobacterium_dentium_Species_1678	0
C18H19Cl2NO4	Bifidobacterium_dentium_ATCC_27679	0
C19H12O8	Bifidobacterium_adolescentis	0
C17H20ClF2N3O3	Phascolarctobacterium	0
C21H20O12	Tenericutes	0
C48H48N4O6S2	Enterobacter	0
C12H19N3O	Rothia_mucilaginosa_DY-18	0
C27H44O2	Bacteroides_uniformis_ATCC8492	0
C13H18Cl2N2O2	Coriobacterium_glomerans_PW2	0
C23H21F7N4O3	Dickeya_dadantii_Ech586	0
C12H13NO2	Bacteroides_fragilis	0
C9H9HgNaO2S	Ruminococcus_lactaris_ATCC29176	0
C13H18Cl2N2O2	Dorea_longicatena	0
C22H25ClN2O8	Lactobacillus_amylolyticus_DSM_11664	0
C16H15N2NaO6S2	Hippea_maritima_DSM_10411	0
C14H14O3	Lacrimispora_saccharolytica	0
C14H14ClN3	Campylobacter_gracilis_RM3268	0
C23H27N3O7	Bacteroides_fragilis_T(B)9	0
C16H13Cl3N2OS	Faecalibacterium_cf._prausnitzii_KLE1255	0
C9H18N6	Pectobacterium_atrosepticum_SCRI1043	0
C17H20ClF2N3O3	Verrucomicrobiaceae	0
C16H24N2	Bifidobacterium_dentium_Species_1678	0
C22H26ClN7O2S	Parabacteroides_distasonis	0
C9H9HgNaO2S	Eggerthella_sp._Species_84111	0
C21H20O12	Slackia_equolifaciens	0
C15H22FN3O6	Veillonella_parvula	0
C13H8O4	Citrobacter_koseri_ATCC_BAA-895	0
C21H26Cl2F3N3S	Bifidobacterium_sp.	0
C19H26I3N3O9	Desulfovibrionaceae	0
C14H14N8O4S3	Citrobacter_rodentium_ICC168	0
C22H18N2	Gardnerella	0
C27H42ClNO2	Ruminococcus_lactaris_ATCC29176	0
C17H18F3NO	Raoultella_terrigena	0
C22H27NO2	Desulfotalea_psychrophila_LSv54	0
C26H41Br2NO4	Bacteroidia	0
C32H37NO8	Enterococcus_casseliflavus_EC1_	0
C28H31BrN2O2	Slackia_isoflavoniconvertens	0
C20H15F3N4O3	Roseburia_hominis	0
C8H15N7O2S3	Clostridium_clariflavum_DSM_19732	0
C12H21N2O3PS	Chloro铿俥xi	0
C7H15Cl2N2O2P	Edwardsiella_tarda_ATCC23685	0
C22H29N3O6S	Bacillus_cereus_SJ1	0
C19H18N3NaO5S	Lactobacillaceae	0
C26H39NO10	Streptococcus_pyogenes	0
C27H44O2	Lactobacillus_murinus	0
C21H27N5O4S	Prevotella_oris_Species_838	0
C12H22O11	Clostridium_botulinum_D_str._1873	0
C24H32O4	Blautia_luti_DSM14534	0
C19H17NOS	Faecalibacterium_prausnitzii	0
C23H32O3	Firmicutes	0
C14H10O3	Citrobacter_sp._30_2	0
C4HF9O3S	Providencia_stuartii_ATCC25827	0
C21H34ClN3O5S	Bacteroides_fragilis_NCTC_9343	0
C16H18ClNO6S2	Pseudomonas_putida	0
C14H12O3	Coprococcus_comes_ATCC27758	0
C27H29NO11	Ruminococcus_sp.	0
C16H15F2N3O4S	Citrobacter_amalonaticus	0
C41H76N2O15	Pseudomonas_aeruginosa	0
C22H28Cl2F3N3OS	Ruminococcus_lactaris_ATCC29176	0
C12H9F3N2O2	Bacteroides_fragilis	0
C15H23N3O4S	Ruminococcus_lactaris_ATCC29176	0
C16H18N4O3S	Streptococcus_agalactiae	0
C3H6N6	Pseudomonas	0
C17H20Cl2N2S	Akkermansia_muciniphila_ATCC_BAA-835	0
C21H20O12	Lactobacillus_amylolyticus_DSM_11664	0
C11H12ClNO3S	Bacteroides_fragilis_HMW610	0
C21H20O6	Clostridium_scindens	0
C34H57BrN2O4	Eubacterium	0
C20H31NO	Verrucomicrobiaceae	0
C28H32O15	Coriobacteriaceae	0
C31H33N3O6S	Weissella_cibaria_KACC_11862	0
C21H24FN3O4	Odoribacter	0
C23H36N2O2	Lactobacillus_amylolyticus_DSM_11664	0
C17H17Cl2N	Lactobacillus_sp.	0
C10H12O	Odoribacter_splanchnicus	0
C18H15NO8S2	Collinsella_intestinalis_DSM13280	0
C7H15Cl2N2O2P	Rahnella_aquatilis_CIP_78.65	0
C17H14F3N3O2S	Corynebacterium_Genus	0
C26H39NO10	Photorhabdus_luminescens_subsp._laumondii_TTO1	0
C23H32N6O4S	Lactobacillus_johnsonii_Species_1578	0
C27H29NO11	Salmonella_enterica_subsp._enterica_serovar_Dublin_str._SD3246	0
C16H15N5O7S2	Slackia_equolifaciens	0
C16H16N3NaO7S2	Prevotella	0
C16H17N3O7S2	Lactobacillus_brevis	0
C24H30Cl2N2O3	Pectobacterium_atrosepticum_SCRI1043	0
C5H9Cl2N3O2	Eubacterium_limosum	0
C22H25N5O2	Butyrivibrio_fibrisolvens	0
C22H26ClN7O2S	Catabacteriaceae	0
C19H20ClNO4	Lactobacillus_delbrueckii_subsp._lactis_DSM_20072	0
C18H20N2O6	Citrobacter_farmeri	0
C17H21ClFN3O4	Ruminococcus_sp.	0
C22H19NO4	Burkholderia_vietnamiensis_G4	0
C29H31N7O	Edwardsiella_tarda_ATCC23685	0
C8H11NO5S	Providencia_alcalifaciens_DSM30120	0
C22H28N4O6	Bifidobacterium_ruminantium	0
C40H50N4O6S2	Bacteroides_caccae	0
C24H32O4	Fusobacterium_necrophorum_D12	0
C31H33N3O6S	Enterorhabdus	0
C13H17N5O8S2	Bacteroides_thetaiotaomicron_VPI-5482	0
C12H4Cl4O2	Enterobacter_lignolyticus_SCF1	0
C24H28N2O3	Enterococcus_faecalis_V583	0
C47H64N4O12	Burkholderia_vietnamiensis_G4	0
C22H29FO5	Bifidobacterium_longum_(Bifidobacterium_infantis,_Bifidobacterium_suis)	0
C24H29N5O8S	Bifidobacterium_adolescentis_ATCC_15703	0
C14H13N5O5S2	Salmonella_enterica_subsp._enterica_serovar_Typhimurium_Subspecies	0
C18H34Cl2N2O5S	Klebsiella_pneumoniae_342	0
C18H29N3O5S	Yersinia_enterocolitica_subsp._enterocolitica_8081	0
C23H31NO3	Alteromonadales_Order	0
C23H21ClO3	Pseudoflavonifractor_capillosus_ATCC_29799	0
C28H31FN4O	Collinsella	0
C20H17F2N3O3	Staphylococcus	0
C42H38O20	Deferribacteres_phylum	0
C14H19NO2	Helicobacter_mustelae_12198	0
C88H100Cl2N10O28	Collinsella	0
C17H36N4O14S	Collinsella_stercoris_DSM_13279	0
C8H5F3N2OS	Klebsiella_pneumoniae_subsp._ozaenae	0
C19H18Cl2N2O4	Rheinheimera_sp._A13L	0
C25H28N6O	Staphylococcaceae	0
C24H42O21	Pseudomonas_aeruginosa_NCGM2.S1	0
C19H25F3N2O6	Clostridium_carboxidivorans_P7	0
C12H24N2O4	Clostridiaceae	0
C23H34O5	Mucispirillum	0
C6H6N4O4	Alkaliphilus_oremlandii_OhILAs	0
C21H22Cl2N4OS	Bacteroides_uniformis_ATCC8492	0
C17H19N5	Clostridium_botulinum_C_str._Eklund	0
C11H10N4O4	Enterobacter_lignolyticus_SCF1	0
C14H13N8NaO4S3	Clostridium_botulinum_BKT015925	0
C33H38N4O6	Corynebacterium_striatum_ATCC_6940	0
C47H51NO14	Bifidobacterium_pseudocatenulatum_DSM_20438	0
Cd	Oxalobacteraceae	0
C40H50N4O6S2	Victivallis_vadensis_ATCC_BAA-548	0
C4H8Cl3O4P	Clostridium_beijerinckii_NCIMB_8052	0
C22H27FN4O2	Roseburia_faecis	0
C8H6N4O5	Proteobacteria	0
C42H72O13	Fusobacterium_nucleatum_subsp._vincentii_4_1_13	0
C17H20Cl2N2S	Enterobacter_cloacae_EcWSU1	0
C25H37NO4	Lactobacillus_acidophilus_ATCC_4796	0
C12H10N2O5	Desulfovibrio	0
C24H31N3O	Collinsella_aerofaciens_ATCC25986	0
C41H67NO15	Peptoniphilus_sp._oral_taxon_375	0
C66H75Cl2N9O24	Fusobacteria	0
C14H15N3O5	Deltaproteobacteria	0
C14H12FNO3	Roseburia_faecis	0
C16H16ClN3O4	Enterobacter_cloacae_subsp._cloacae_NCTC_9394	0
C22H17ClN2	Acidovorax	0
C41H67NO15	Bacteroides_fragilis_T(B)9	0
C4H4FN3O	Salmonella	0
C20H26O6	Clostridium_bolteae_ATCCBAA-613	0
C31H33N3O6S	Cyanobacteria	0
C13H22N4O3S	Bacteroides_pectinophilus_ATCC43243	0
C15H27N3O9P2	Styrax_aureus	0
C12H22O11	Photorhabdus_luminescens_subsp._laumondii_TTO1	0
C5H4N4S	Akkermansia_muciniphila_ATCC_BAA-835	0
C23H27Cl2N3O2	Enterobacter_cloacae_subsp._cloacae_NCTC_9394	0
C11H13BrN2O6	Citrobacter_rodentium_ICC168	0
C20H31NO	Shigella	0
C32H41NO2	Staphylococcaceae	0
C14H8Cl4	Pseudogulbenkiania_sp._NH8B	0
C8H8N2O3S	Atopostipes	0
C18H18O2	Alistipes_indistinctus	0
C19H16ClFN3NaO5S	Clostridium_bartlettii_DSM_16795	0
C48H72O14	Roseburia_intestinalis_L1-82	0
C18H35ClN2O6S	Eubacteriaceae	0
C14H10F3NO2	Clostridioides_difficile	0
C27H42ClNO2	Pseudoflavonifractor_capillosus_ATCC_29799	0
C14H6O8	Parasutterella	0
C38H84N10O34S5	Clostridium_sporogenes_ATCC15579	0
C10H12ClN5O3	Lactobacillaceae	0
C21H23NO4S	Collinsella_intestinalis_DSM13280	0
C19H21ClF3NO2	Enterococcus_faecalis_V583	0
C13H8O4	Parabacteroides_merdae_ATCC43184	0
C7H5NO3S	Pantoea_sp._At-9b	0
C22H26ClN7O2S	Arthrobacter	0
C22H24ClFN4O3	Klebsiella	0
C14H16N4	Lactobacillus_sp.	0
C19H24N2O6	Lactobacillus_animalis	0
C11H16N4O4	Ruminococcaceae_Family	0
C17H20Cl2N2S	Fusobacterium_necrophorum_D12	0
C12H19BrN2O2	Raoultella_planticola	0
C66H75Cl2N9O24	Dermacoccus_sp._Ellin185	0
C24H28N2O3	Slackia_heliotrinireducens_DSM_20476	0
C21H23NO4S	Citrobacter_youngae_ATCC_29220	0
C19H12O8	Clostridium_botulinum_BKT015925	0
C9H11IN2O5	Coprococcus_comes	0
C12H13ClN4	Pseudomonas	0
C19H21Cl2N3	Mycoplasma_hyorhinis	0
C14H12FNO3	Peptostreptococcaceae	0
C21H28ClN3O7S	Deferribacter_desulfuricans_SSM1	0
C21H45N3	Bacteroides_vulgatus	0
C11H12I3NO2	Dorea_longicatena	0
C20H22N8O6S2	Cetobacterium_somerae	0
C21H23NO4S	Amphibacillus	0
C33H40N2O9	Slackia_heliotrinireducens_DSM_20476	0
C12H21N2O3PS	Bifidobacterium_longum_subsp._infantis	0
C38H69NO13	Desulfotalea_psychrophila_LSv54	0
C3H7O4P	Staphylococcaceae	0
C26H41Br2NO4	Desulfovibrionaceae	0
C15H14N2Na2O6S2	Prevotellaceae	0
C24H36O5	Coriobacteriia	0
C4H4N6O	Citrobacter_freundii	0
C22H19N4NaO8S2	Escherichia_coli	0
C11H12Cl2N2O5	Gilliamella_apicola	0
C12H11N2NaO3	Oscillibacter	0
C20H28Cl3N3O3	Paenibacillaceae	0
C10H12ClN5O3	Bacteroidia	0
C15H14ClN3O4S	Lactobacillus_acidophilus	0
C9H18N6	Alloprevotella	0
C23H31NO7	Burkholderiales_Order	0
C8Cl4N2	Aggregatibacter_genus	0
C10H19O6PS2	Lactobacillus_delbrueckii_subsp._bulgaricus	0
C19H23Cl2N5O	Desulfovibrio_desulfuricans	0
C7H15Cl2N2O2P	Bacteroides_thetaiotaomicron	0
C22H28FN3O6S	Dorea_longicatena	0
C23H27N3O7	Bifidobacteriaceae	0
C9H10N2O3S2	Helicobacter_pylori	0
C12H13NO2	Eubacterium_limosum	0
C27H29NO10	Streptococcus_parasanguinis_ATCC_15912	0
C16H17N3O5S	Clostridia	0
C26H28Cl2N4O4	Roseburia_faecis	0
Ni	Clostridium_perfringens_CPE_str._F4969	0
C13H6Cl6O2	Ruminococcus_sp._SR1/5	0
C8H9FN2O3	Bifidobacteriales	0
C27H44O2	Escherichia_coli_TW10509	0
C16H15N5O7S2	Ruminococcus_sp._5_1_39BFAA	0
C12H21N	Granulicatella_elegans_ATCC_700633	0
C23H26N5NaO7S	Listeria_seeligeri_FSL_N1-067	0
C9H11F2N3O4	Helicobacter_mustelae_12198	0
C24H21F2NO3	Fusobacteria	0
C18H16Cl3N3O3S	Enterobacter_cloacae	0
C8H9FN2O3	Snodgrassella_alvi	0
C41H76N2O15	Collinsella	0
C30H41N3O10S2	Lactobacillus_animalis	0
C9H11Cl3NO3PS	Fusobacterium_necrophorum_D12	0
C6H8N2O2S	Pseudomonas_stutzeri_DSM_4166	0
C18H14F4N2O4S	Ruminococcus_sp._SR1/5	0
C13H6Cl6O2	Streptococcus_thermophilus	0
C18H33ClN2O5S	Fusobacterium_necrophorum_D12	0
C19H15NO6	Rahnella_sp._Y9602	0
C7H6O5	Bacteroides_vulgatus	0
C22H25ClN2O8	Enterorhabdus	0
C47H51NO14	Peptoniphilus_sp._oral_taxon_375	0
C14H24Cl2N2O3	Chryseobacterium	0
C21H25ClN2O3	Actinomyces_coleocanis_DSM_15436	0
C28H28ClNO4S	Campylobacter_hominis_ATCC_BAA-381	0
C24H36O5	Bacteroides_vulgatus	0
C12H24N2O4	Ruminococcaceae_Family	0
C21H28ClN3O7S	Salmonella	0
C19H12O6	Lactobacillus_sakei_subsp._sakei_23K	0
C19H16ClNO4	Bacteroides_acidifaciens	0
C11H14N4O2	Staphylococcus	0
C25H37NO4	Shewanella_putrefaciens_200	0
C21H33N3O5S	Bacteroides_thetaiotaomicron	0
C22H17N3O5	Pseudomonas_alcaligenes_Species_286	0
C19H16O4	Holdemanella	0
C22H21N8O8PS4	Klebsiella_oxytoca	0
C14H12O3	Ruminococcus_torques	0
C16H22O4	Bifidobacterium_bifidum_Species_1678	0
C17H24O10	Slackia_equolifaciens	0
C12H15Cl2NO5S	Candidatus_Odyssella	0
C17H16F6N2O	Methanobrevibacter	0
C22H26N2O2	Granulicatella_elegans_ATCC_700633	0
C10H7KN6O	Salmonella_enterica_subsp._arizonae_serovar_62:z4,z23:-_str._RSK2980	0
C29H34Cl2N2O2	Intestinibacter_genus	0
C27H33N3O6S	Allobaculum	0
C12H17N3O4S	Bifidobacterium_bifidum_Species_1678	0
C29H38N4O10	Bacteroides_dorei	0
C47H64N4O12	Olsenella	0
C10H7Cl2N3O	Bacteroides_thetaiotaomicron_VPI-5482	0
C29H31N7O	Prevotella	0
C21H26BrNO3	Streptococcus_pyogenes	0
C14H10O3	Acinetobacter	0
C42H38O20	Eubacterium_ramulus	0
C17H21ClFN3O4	Clostridium_botulinum_BKT015925	0
C21H26Cl2F3N3S	Planctomyces	0
C18H30ClNO3	Mycoplasma	0
C10H20N2S4	Rahnella_aquatilis_CIP_78.65	0
C12H15NO3	Enterobacter	0
C26H27NO9	Bacteroides_stercoris_ATCC43183	0
C15H16ClN3O5S	Vibrio_cholerae_Species_662	0
C24H28N2O3	Clostridiales_bacterium_Species_n.a.	0
C6HCl5O	Intestinimonas	0
C17H20Cl2N2S	Desulfurispirillum_indicum_S5	0
C27H37FO6	Escherichia	0
C17H17ClF6N2O	Bacteroides_acidifaciens	0
C23H32N6O4S	Desulfovibrionaceae	0
C29H27ClN2O14S	Butyrivibrio_proteoclasticus	0
C10H11NO3	Mycobacterium	0
C6H10N6O	Yersinia_enterocolitica_subsp._enterocolitica_8081	0
C12H4Cl4O2	Bacteroides_thetaiotaomicron	0
C18H19Cl2NS	Clostridiaceae	0
C18H18F3NO4	Clostridium_beijerinckii_NCIMB_8052	0
C40H50N4O6S2	Salmonella_bongori_NCTC_12419	0
C25H29N3O2	Clostridium_leptum	0
C10H7Cl2N3O	Klebsiella_pneumoniae	0
C15H14N4O	Clostridium_bolteae_ATCCBAA-613	0
C23H34O5	Veillonella_parvula	0
C18H20ClF3N2S	Klebsiella	0
C23H32N2O5	Paenalcaligenes_genus	0
C19H17ClN3NaO5S	Eggerthella_sp._Species_84111	0
C18H14F4N2O4S	Staphylococcus_aureus_subsp._aureus_MRSA177	0
C25H30ClNO5	Lactobacillus_acidophilus_ATCC_4796	0
C25H33Cl2N5O2	Clostridium_sticklandii_Species_186831	0
C25H31N9O10S2	Clostridium_hiranonis_DSM_13275	0
C18H36N4O11	Dickeya_dadantii_3937	0
C20H21N	Staphylococcus_aureus	0
C62H111N11O12	Pantoea_ananatis_LMG_5342	0
C24H32N2O9	Sutterella_sp.	0
C18H19Cl2NO4	Flavobacteria	0
C19H24N2O6	Enterobacter_cloacae_EcWSU1	0
C14H12Cl2NNaO3	Alteromonadales_Order	0
C10H12N4O3S	Eubacterium_ventriosum_ATCC27560	0
C18H18ClNOS	Bacteroides_fragilis_NCTC_9343	0
C19H28Cl2N6O6S2	Clostridium_bolteae_ATCCBAA-613	0
C13H9NOSe	Morganella_morganii	0
C27H44O	Caulobacteraceae	0
C14H10O3	Bacteroides_dorei	0
C14H14ClN3	Erwinia_amylovora_ATCC_49946	0
C22H29FO5	Comamonas	0
C20H22N8O6S2	Porphyromonas	0
C30H40Cl2N4	Corynebacterium_striatum_ATCC_6940	0
C23H27FN4O3	Planctomyces	0
C22H19N3O4	Atopostipes	0
C43H65FN6O10	Vibrio	0
C6H13NO3S	Deferribacter_desulfuricans_SSM1	0
C18H14F4N2O4S	Bacteroides_xylanisolvens	0
C15H20N2O2	Coriobacterium_glomerans_PW2	0
C13H17N5O8S2	Bacteroides_caccae_ATCC43185	0
C10H15N	Shigella_flexneri	0
C13H17N5O8S2	Phascolarctobacterium	0
C13H21ClN2O	Acidovorax	0
C22H22N6O5S2	Butyrivibrio	0
C19H15ClN2O4	Coprococcus_comes	0
C17H18F3N3O3	Serratia_marcescens	0
C23H29N3O2S2	Bifidobacterium_adolescentis_ATCC_15703	0
C19H17NOS	Vibrio_furnissii_CIP_102972	0
C11H14N4O2	Bacteroides_fragilis_NCTC_9343	0
C10H7Cl2N3O	Bifidobacterium_sp.	0
C18H17NO5	Candida_albicans	0
C12H17NO3	Lawsonia	0
C12H19N3O	Styrax_aureus	0
C15H17FN4O3	Blautia_obeum	0
C12H19N3O	Lactobacillus_delbrueckii_subsp._bulgaricus	0
C8H9NO2	Deltaproteobacteria	0
C23H32ClNO2	Dickeya_dadantii_3937	0
C20H21N	Burkholderia_mallei_ATCC_23344	0
C25H37NO4	Chloro铿俥xi	0
Mn+2	Bifidobacterium_adolescentis	0
C11H11N5	Sporosarcina	0
C12H19Cl3O8	Lactobacillus_mucosae	0
C10H13N5O4S	Butyricicoccus	0
Ni	Lactonifactor	0
C7H11N3O3	Clostridiales	0
C11H12ClNO3S	Mycoplasma_hyorhinis	0
C15H16N2O6S2	Faecalibacterium	0
C21H26BrNO3	Plesiomonas_shigelloides	0
C27H30O16	Streptococcus_sanguinis_species_1301	0
C25H22N4O8	Escherichia_coli_Nissle_1917	0
C20H28O6	Helicobacter_mustelae_12198	0
C17H17ClF6N2O	Bifidobacteriales	0
C4H4N6O	Holdemanella	0
C11H12N2S	Streptococcus_mutans	0
C8H11NO5S	Caulobacterales_order	0
C16H25ClN4O2	Cetobacterium_somerae	0
C28H44ClNO2	Phascolarctobacterium	0
C12H17NO3	Clostridium_sp._7_2_43FAA	0
C10H13N5O5	Streptococcus_mutans	0
C18H22O2	Enterobacter_lignolyticus_SCF1	0
C15H10O2	Deltaproteobacteria	0
C11H12N2S	Bifidobacterium_dentium_ATCC_27679	0
C42H72O13	Pseudomonas_stutzeri_DSM_4166	0
C8H6ClF3N2OS	Acidobacteria	0
C47H51NO14	Sporosarcina	0
C38H84N10O34S5	Sporosarcina	0
C15H18N4O5	Eubacterium_eligens	0
C10H17N	Propionibacterium_acnes_SK182B-JCVI	0
C15H14ClN3O4S	Vibrio_cholerae_Species_662	0
C26H33NO6	Citrobacter_freundii	0
C48H72O14	Clostridium_butyricum_E4	0
C22H17N3O5	Paenibacillaceae	0
C6H8N2O8	Clostridium_symbiosum_ATCC1494_	0
C21H20Cl2O3	Clostridium_sp._7_2_43FAA	0
C21H23N3OS	Enterorhabdus	0
C20H16Cl3N3O4S	Dorea_formicigenerans_ATCC27755	0
C17H36N4O14S	Parabacteroides_merdae	0
C20H23N5O6S	Lachnospiraceae_Family	0
C37H48N6O5S2	Lactobacillus_brevis	0
C12H15NO3	Pseudomonas_fluorescens_Species_286	0
C48H56N6O8S2	Streptococcus_thermophilus	0
C22H24ClFN4O3	Actinomyces_sp._oral_taxon_17_	0
C30H40Cl2N4	Eubacterium_rectale_ATCC33656	0
C40H50N4O6S2	Bifidobacterium_longum_subsp._Infantis_CCUG52486	0
C26H30ClN3O6	Pseudogulbenkiania_sp._NH8B	0
C25H33Cl2N5O2	Bacteroides_stercoris_ATCC43183	0
C12H13ClN4	Propionibacterium_acnes_SK182B-JCVI	0
C22H28N4O6	Lactobacillus_gasseri_JV-V03	0
C20H28O6	Capnocytophaga	0
C14H26Cl2N2O7	Bacillus_cereus_Species_1386	0
C19H18ClF2N3O3	Bifidobacterium_longum_subsp._infantis	0
C32H55BrN4O	Planctomyces	0
C21H20O9	Citrobacter_koseri_ATCC_BAA-895	0
C39H54N6O8S	Lactobacillus_fermentum_CECT_5716	0
C21H23BrFNO2	Staphylococcus_aureus_subsp._aureus_MRSA177	0
C24H30O3	Streptococcus_agalactiae	0
C25H31N9O10S2	Clostridium_scindens	0
C17H13ClFN3O	Escherichia_coli_TW10509	0
C21H20Cl2O3	Candidatus_Saccharimonas	0
C27H28N2O7	Mucispirillum_schaedleri	0
C24H29ClO4	Enterobacter_sp._638	0
C12H19Cl3O8	Arthromitus	0
C17H15N5O	Bifidobacterium_adolescentis	0
C14H11Cl2NO2	Bacteroides_uniformis_ATCC8492	0
C32H55BrN4O	Lactonifactor_longoviformis	0
C14H21N3O3S	Holdemania_sp.	0
C34H48Na2O7	Corynebacterium_striatum_ATCC_6940	0
C11H12Cl2N2O5	Bacteroides	0
C12H13ClN4	Bacteroides_fragilis_DS-208	0
C8H15N7O2S3	Campylobacter	0
C8H12N4O5	Parabacteroides_distasonis	0
C8H15N3O7	Lactobacillus_jensenii_1153	0
C14H13N5O5S2	Escherichia_coli_Nissle_1917	0
C19H25ClN2S	Staphylococcus_epidermidis_W23144	0
C29H33ClN2O2	Bifidobacterium_breve	0
C25H33Cl2N5O2	Eubacterium_plexicaudatum	0
C11H8O2	Bifidobacterium_longum_subsp._infantis	0
C18H34Cl2N2O5S	Corynebacterium_resistens_DSM_45100	0
C46H54N6O8S2	Lactobacillus_paracasei_Species_1578	0
C21H23NO4S	Comamonas	0
C15H14O3	anaerobic_bacterium_'strain_7'	0
C11H15NO2	Bifidobacterium_dentium_ATCC_27679	0
C14H28ClNO6	Eubacterium_ramulus	0
C9H12N2O4S	Klebsiella_pneumoniae_342	0
C75H70N6O6	Coriobacteriales	0
C18H33ClN2O5S	Streptococcus_parasanguinis	0
C46H77NO17	Verrucomicrobia_Phylum	0
C16H16Cl3N	Capnocytophaga_gingivalis_ATCC_33624	0
C28H31BrN2O2	Escherichia_coli_ED1a	0
C10H11F3N2O5	Parabacteroides_johnsonii_DSM18315	0
C9H10N2O3S2	Clostridium_sporogenes	0
C16H20FN3O4	Eubacterium_hallii_DSM3353	0
C10H12N4O5S	Eubacterium_limosum_KIST612	0
C19H17N3O4S2	Faecalibacterium_prausnitzii	0
C24H30ClNO4	Parabacteroides_distasonis	0
C43H65FN6O10	Gemmatimonadetes	0
C7H11N3O3	Helicobacter_mustelae_12198	0
C8H6N4O5	Odoribacter	0
C29H38N4O10	Chryseobacterium	0
C11H12ClNO3S	Slackia_isoflavoniconvertens	0
C22H25N5O2	Veillonella	0
C19H22N2O	Anaerotruncus_colihominis_DSM17241	0
C27H30ClNO10	Alistipes_indistinctus	0
C17H15N5O	Peptostreptococcaceae	0
C21H29NO4S	Bacteroides_ovatus_ATCC8483	0
C43H58N4O12	Clostridium_bolteae_ATCCBAA-613	0
C12H4Cl2F6N4OS	Aeromonas_caviae_Ae398	0
C18H29N3O5S	Parabacteroides_merdae_ATCC43184	0
C18H27N3O6S	Enterocloster_bolteae	0
C19H26I3N3O9	Arthromitus	0
C11H16N4O4	Amphibacillus	0
C22H32O3	Propionibacterium_acnes_SK182B-JCVI	0
C14H9I3O4	Erwinia_amylovora_ATCC_49946	0
C19H26I3N3O9	Ruminococcus_lactaris_ATCC29176	0
C14H13N8NaO4S3	Pseudomonas_alcaligenes_Species_286	0
C42H88N14O36S3	Clostridium_sp._7_2_43FAA	0
C20H12	Bifidobacterium_adolescentis_L2-32	0
C18H18ClNOS	Vibrio_furnissii_CIP_102972	0
C15H14ClN3O4S3	Listeria_grayi_DSM_20601	0
C20H16Cl3N3O4S	Ruminococcus_sp.	0
C12H19N3O	Escherichia_coli_ATCC_25922	0
C10H19O6PS2	Butyricimonas	0
C22H31ClN4O7S2	Prevotella_oris_C735	0
C21H25N5O8S2	Citrobacter_koseri_ATCC_BAA-895	0
C25H22N4O8	Lactococcus_garvieae	0
C12H11N2NaO3	Enterococcus	0
C24H28N2O5	Raoultella_planticola	0
C12H20N2O3S	Bacteroides_vulgatus	0
C18H22Cl2N2	Enterobacter_cloacae_subsp._cloacae_ATCC_13047	0
C14H10O3	Agrobacterium_tumefaciens_F2	0
C14H9I3O4	Mucispirillum_schaedleri	0
C18H36N4O11	Paenibacillaceae	0
C10H11ClFN5O3	Bacteroidales	0
C21H25N5O8S2	Moryella	0
C29H36O15	Phascolarctobacterium	0
C17H16ClN3O	Gammaproteobacteria	0
C27H32N2O4S3	Blautia_obeum	0
C19H36ClNO2	Deferribacteres_phylum	0
C25H22N4O8	Pantoea_sp._At-9b	0
C27H29NO10	Lactobacillus_sp.	0
C19H18Cl3N3O3S	Clostridium_hathewayi_DSM13479	0
C23H27FN4O3	Streptococcus_parasanguinis	0
C26H33NO9	Clostridium_botulinum_C_str._Eklund	0
C4H8O2	Bacteroides_fragilis_T(B)9	0
C43H74N2O14	Bacillus_coahuilensis_m4-4	0
C24H29N5O8S	Staphylococcus	0
C75H70N6O6	Eggerthella_sp._Species_84111	0
C22H29FO4	Listeria_seeligeri_FSL_N1-067	0
C23H20F2N2O4	Pretovella_copri_DSM18205	0
C19H18Cl2N2O4	Citrobacter	0
C23H36N4O10S2	Klebsiella	0
C13H12F2N6O	Shigella_flexneri	0
C16H21NO2	Porphyromonas_uenonis_60-3	0
C15H10O2	Bifidobacteriaceae	0
C16H14F3N3O2S	Photorhabdus_luminescens_subsp._laumondii_TTO1	0
C14H9N4NaO5	Corynebacterium_pseudogenitalium_ATCC_33035	0
C6H9N3O3	Ruminococcus_lactaris_ATCC29176	0
C22H19N4NaO8S2	Subdoligranulum_variabile_DSM15176	0
C22H28N4O6	Butyricicoccus	0
C15H22O5	Bifidobacteriales	0
C20H35AuO9PS	Bacteroidetes	0
C22H26ClN3O4S	Slackia_isoflavoniconvertens	0
C19H15ClN2O4	Slackia_isoflavoniconvertens	0
C22H19N3O4	Edwardsiella_ictaluri_93-146	0
C19H27NO3	Vibrio	0
C41H64O13	Klebsiella_pneumoniae_342	0
C17H18F3N3O3	Sporosarcina	0
C15H11N2NaO2	Clostridium_botulinum_A3	0
C18H20ClF3N2S	Rothia_mucilaginosa_DY-18	0
C16H16N5NaO7S2	Subdoligranulum_Genus	0
C23H45N5O14	Blautia_hansenii_DSM20583	0
C24H28N2O3	Acinetobacter	0
C9H18N6	Lactobacillus_ultunensis_DSM_16047	0
C21H28F3N3O7	Capnocytophaga_gingivalis_ATCC_33624	0
C22H19ClO3	Shewanella_frigidimarina_NCIMB_400	0
C23H32N2O5	Clostridium_perfringens_E_str._JGS1987	0
C15H10O5	Bacteroides_fragilis_3397	0
C20H22N8O6S2	Lactobacillus_sp.	0
C20H25N5O7S2	Paenalcaligenes_genus	0
C6HCl5O	Clostridium_beijerinckii_NCIMB_8052	0
C15H10O2	Salmonella_bongori_NCTC_12419	0
C25H27N9O8S2	Alkaliphilus_oremlandii_OhILAs	0
C7H7NO3	Enterococcus_hirae	0
C15H17FN4O3	Lactobacillaceae	0
C21H39N7O12	Bacteroidetes	0
C16H22O4	Bacteroides_pectinophilus_ATCC43243	0
C19H20ClN3	Bacteroides_caccae	0
C44H69NO12	Alphaproteobacteria	0
C27H30O16	Pseudomonas_aeruginosa	0
C46H58N4O9	Plesiomonas_shigelloides	0
C20H16N2O4	Clostridium_carboxidivorans_P7	0
C8H11NO5S	Shigella	0
C42H38O20	Amphibacillus	0
C27H28N2O7	Roseburia_intestinalis_L1-82	0
C17H20Cl2N2S	Lactococcus_garvieae	0
C43H65FN6O10	Coprococcus	0
C19H18N3NaO5S	Oxalobacteraceae	0
C18H37N5O9	Salmonella_enterica_subsp._enterica_serovar_Dublin_str._SD3246	0
C4HF9O3S	Helicobacter_pylori	0
C12H21N5O2S2	Cetobacterium	0
C19H17ClN3NaO5S	Alteromonadales_Order	0
C16H17N2NaO4S	Pectobacterium_atrosepticum_SCRI1043	0
C19H24N2S	Lactobacillus_jensenii_1153	0
C28H38N6O11S	Clostridium_sporogenes_ATCC15579	0
C9H11F2N3O4	Rahnella_aquatilis_CIP_78.65	0
C11H16N4O4	Roseburia_intestinalis_L1-82	0
C10H19O6PS2	Lactobacillus_sp.	0
C12H21N5O2S2	Bacillus	0
C23H36N4O10S2	Atopostipes	0
C19H21ClF3NO2	Clostridiales_incertae_sedis	0
C22H29N3O6S	Megasphaera_elsdenii_DSM_20460	0
C18H18F3NO4	Clostridium_botulinum_A3	0
C18H20N3NaO3S	Butyricimonas	0
C9H11F2N3O4	Clostridium_butyricum	0
C26H28Cl2N4O4	Moryella	0
C21H20O12	Escherichia_coli_TW10509	0
C33H38N4O6	Streptococcus_dysgalactiae_subsp._dysgalactiae_ATCC_27957	0
C13H8Cl2N2O4	Legionella	0
C22H26ClN7O2S	Coriobacterium_glomerans_PW2	0
C44H69NO12	Bacteroides_stercoris_ATCC43183	0
C18H27NO3	Victivallis_vadensis_ATCC_BAA-548	0
C19H18N3NaO5S	Lactonifactor_longoviformis	0
C10H12N4O3S	Clostridium_scindens_ATCC35704	0
C47H51NO14	Oscillibacter_sp.	0
C7H15Cl2N2O2P	Enterorhabdus	0
C21H32N2O	Christensenellaceae	0
C15H12O4	Erwinia_amylovora_ATCC_49946	0
C32H41NO2	Bacteroides_eggerthii_DSM20697	0
C23H26N5NaO7S	Pseudomonas_aeruginosa_NCGM2.S1	0
C19H24ClN3O	Pseudomonas_stutzeri_DSM_4166	0
C19H15NO6	Burkholderiales_Order	0
C16H19N3O4S	Collinsella_intestinalis_DSM13280	0
C5H9Cl2N3O2	Collinsella_stercoris_DSM_13279	0
C24H26BrN3O3	Slackia_exigua_ATCC_700122	0
C28H32ClN3O8S	Bacteroides_clarus_YIT_12056	0
C20H22N8O5	Citrobacter_koseri_ATCC_BAA-895	0
C24H35ClN2O	Blautia_producta	0
C19H26I3N3O9	Lactobacillus_sakei_subsp._sakei_23K	0
C22H25ClN2O8	Listeria_welshimeri	0
C25H30N2O5	Serratia_odorifera_DSM_4582	0
C16H22O4	Parabacteroides_johnsonii	0
C12H19BrN2O2	Eubacterium_plexicaudatum	0
C22H27Cl3N2OS	Porphyromonadaceae	0
C38H69NO13	Acinetobacter_haemolyticus_ATCC_19194	0
C27H30ClNO11	Citrobacter_youngae_ATCC_29220	0
C12H4Cl4O	Moryella	0
C22H23ClN6O	Lactobacillus_johnsonii_Species_1578	0
C22H29FO4	Faecalibacterium	0
C27H30ClNO10	Clostridium_botulinum_BKT015925	0
C20H25ClN2O5	Vibrio	0
C19H18N3NaO5S	Bifidobacterium_pseudocatenulatum_DSM_20438	0
C11H12ClNO3S	Rhodospirillaceae	0
C14H26Cl2N2O7	Lactobacillus_paracasei_Species_1578	0
C15H14O3	Bacteroides_thetaiotaomicron	0
C22H26ClN3O4S	Bilophila	0
C41H67NO15	Corynebacterium_striatum_ATCC_6940	0
C18H14F3N3O4S	Clostridium_botulinum_D_str._1873	0
C19H27N5O4	Peptostreptococcus_stomatis_DSM_17678	0
C16H25ClN4O2	Staphylococcus_aureus_subsp._aureus_MRSA177	0
C4HF9O3S	Streptococcus_parasanguinis_ATCC_15912	0
C13H12Cl2O4	Planctomycetia	0
C24H31NO8	Deferribacter_desulfuricans_SSM1	0
C11H15N5O4	Salmonella_enterica_subsp._enterica_serovar_Dublin_str._SD3246	0
C17H14F3N3O2S	Bifidobacterium_bifidum_NCIMB_41171	0
C21H23N3OS	Blautia_obeum	0
C15H14ClN3O4S3	Dorea_formicigenerans	0
C21H20O6	Slackia_isoflavoniconvertens	0
C31H33F2N4O11P	Capnocytophaga_gingivalis_ATCC_33624	0
C88H97Cl2N9O33	Weissella_cibaria_KACC_11862	0
C22H27FN4O2	Lactobacillus_johnsonii_NCC_533	0
C41H64O13	Salmonella_enterica_subsp._enterica_serovar_Dublin_str._SD3246	0
C10H12N2O5S	Butyrivibrio_fibrisolvens	0
C14H21N3O3S	Enterocloster_bolteae	0
C18H35ClN2O6S	Mycoplasma	0
C28H44ClNO3S	Fusobacterium	0
C48H72O14	Clostridiales	0
C21H20O12	Alteromonadales_Order	0
C15H10O2	Ruminococcus_sp._5_1_39BFAA	0
C15H23N3O4S	Eggerthella_sp._Species_84111	0
C66H103N17O16S	Bifidobacterium_pseudocatenulatum_DSM_20438	0
C24H30O3	Fusobacterium_nucleatum_subsp._vincentii_4_1_13	0
C9H11IN2O5	Escherichia	0
C29H35NO8	Barnesiella	0
C23H32ClNO2	Megasphaera_elsdenii_DSM_20460	0
C23H21ClO3	Roseburia_hominis	0
C25H37NO4	Edwardsiella_ictaluri_93-146	0
C15H16O2	Holdemania	0
C41H64O13	Pectobacterium_atrosepticum_SCRI1043	0
C21H20ClNO5	Lactobacillus_delbrueckii_subsp._bulgaricus	0
C22H31ClN4O7S2	Dialister	0
C15H22O5	Porphyromonas_uenonis_60-3	0
C23H32N2O5	Prevotella_oris_Species_838	0
C42H70O12	Alphaproteobacteria	0
C41H64O14	Odoribacter	0
C30H41N3O10S2	Clostridium_scindens	0
C42H78N2O14	Enterococcus_faecalis_(Streptococcus_faecalis)	0
C8H15N3O7	Veillonella_dispar_ATCC_17748	0
C21H20O6	Alistipes_indistinctus	0
C29H30N6O6	Bifidobacterium_adolescentis_L2-32	0
C46H58N4O9	anaerobic_bacterium_'strain_7'	0
C21H20O10	Coprococcus_comes_ATCC27758	0
C19H16O4	Clostridium_novyi_NT	0
C43H58N4O12	Bacteroides_intestinalis_DSM17393	0
C12H4Cl4O2	Olsenella	0
C12H21N	Clostridiales_incertae_sedis	0
C8H11NO5S	Serratia_proteamaculans_568	0
C5H14NO+	Comamonas	0
C4H4KNO4S	Capnocytophaga_gingivalis_ATCC_33624	0
C21H20O6	Neisseria_elongata_subsp._glycolytica_ATCC_29315	0
C10H15N	Gemella_genus	0
C20H25N5O7S2	Phascolarctobacterium	0
C16H14F3N5O	Eggerthella_sp._Species_84111	0
C19H26I3N3O9	Rikenellaceae	0
C24H29ClO4	Enterobacter_lignolyticus_SCF1	0
C8H10ClN5O3S	Butyricicoccus	0
C48H56N6O8S2	Bifidobacterium_bifidum_NCIMB_41171	0
C18H17NO5	Dermacoccus_sp._Ellin185	0
C13H20N6O4	Capnocytophaga_gingivalis_ATCC_33624	0
C23H31NO3	Lactobacillus_johnsonii_Species_1578	0
C31H33N3O6S	Pantoea_ananatis_LMG_5342	0
C16H16ClN3O4	Morganella	0
C4H8Cl3O4P	Holdemania_sp.	0
C16H21NO2	Lactobacillus_acidophilus	0
C19H17N3O4S2	Campylobacter_hominis_ATCC_BAA-381	0
C4H3FN2O2	Campylobacter	0
C16H17N2NaO4S	Lactobacillus_brevis	0
C7H15Cl2N2O2P	Staphylococcus_aureus_subsp._aureus_MRSA177	0
C15H16N7NaO5S3	Lactobacillus_ultunensis_DSM_16047	0
C22H23ClN2O8	Parabacteroides_johnsonii_DSM18315	0
C23H27Cl2N3O2	Clostridium_hiranonis_DSM_13275	0
C19H36ClNO2	Campylobacter_gracilis_RM3268	0
C20H12	Clostridium_perfringens_E_str._JGS1987	0
C23H39NO4	Arthrobacter	0
C16H14F3N5O	Bacillus	0
C27H28N2O7	Mollicutes	0
C14H14N8O4S3	Alcaligenes	0
C46H58N4O9	Bacteroides_fragilis_T(B)9	0
C27H30O16	Lactobacillus_reuteri	0
C29H33ClN2O2	Lacrimispora_sphenoides_Species_n.a.	0
C4H4KNO4S	Desulfurispirillum_indicum_S5	0
C16H16Cl3N	Rhodospirillaceae	0
C41H64O13	Ruminococcus_lactaris_ATCC29176	0
C34H57BrN2O4	Edwardsiella_tarda_ATCC23685	0
C23H30O3	Olsenella	0
C23H27Cl2N3O2	Aggregatibacter_genus	0
C14H10F3NO2	Anaerostipes	0
C22H29FO4	Ruminococcus_sp._5_1_39BFAA	0
C28H38N6O11S	Bacteroides_finegoldii_DSM17565	0
C15H11N2NaO2	Oscillibacter	0
C11H10N4O4	Lactobacillus_sakei_subsp._sakei_23K	0
C3H7O4P	Streptococcus_agalactiae	0
C25H28N6O	Corynebacterium_lipophiloflavum_DSM_44291	0
C8H15N3O7	Candidatus_Saccharimonas	0
C22H27FN4O2	Arthrobacter	0
C13H18Cl2N2O2	Blautia_obeum	0
C27H32N2O4S3	Escherichia_coli	0
C26H41Br2NO4	Desulfotalea_psychrophila_LSv54	0
C14H12FNO3	Akkermansia_muciniphila_ATCC_BAA-835	0
C23H34O5	Pseudomonas_syringae_pv._morsprunorum_str._M302280	0
C75H70N6O6	Photorhabdus_luminescens_subsp._laumondii_TTO1	0
C12H10N2O5	Ruminococcus_gnavus	0
C10H12O	Bacillales	0
C14H16N2O2	Actinomyces_sp._oral_taxon_17_	0
C18H14F3N3O4S	Lactobacillus_amylolyticus_DSM_11664	0
C14H10O3	Slackia_heliotrinireducens_DSM_20476	0
C27H28N2O7	Planococcaceae	0
C18H25Cl2N9O4S3	Citrobacter_farmeri	0
C24H26BrN3O3	Enterobacter_aerogenes_KCTC_2190	0
C28H41N3O3	Pseudogulbenkiania_sp._NH8B	0
C10H17N	Pseudomonas_putida	0
C25H30ClI2NO3	Mycoplasma_hyorhinis	0
C18H14F4N2O4S	Klebsiella	0
C23H45N5O14	Clostridium_asparagiforme_DSM15981	0
C12H21N5O2S2	Veillonella_parvula	0
C52H98N16O13	Bacilli_Class	0
C29H33ClN2O2	Bacteroides_thetaiotaomicron	0
C22H23ClN6O	Klebsiella_pneumoniae	0
C5H9Cl2N3O2	Streptococcus_thermophilus	0
C24H29N5O8S	Coprococcus_comes	0
C31H35N2NaO11	Planctomyces	0
C18H15NO3	Slackia_heliotrinireducens_DSM_20476	0
C19H20ClNO4	Dehalobacterium_n.a.	0
C22H17ClN2	Bacillales	0
C22H23N3O4	Staphylococcus_aureus	0
C29H34Cl2N2O2	Dickeya_dadantii_3937	0
C17H13ClFN3O	Bacteroides_intestinalis_DSM17393	0
C35H35NO12	Ruminococcus_sp._SR1/5	0
C52H98N16O13	Bacteroides_caccae	0
C21H20O12	Enterocloster_bolteae	0
C18H30ClNO3	Listeria_seeligeri_FSL_N1-067	0
C8H5F3N2OS	Cyanobacteria	0
C14H19N5O4	Deltaproteobacteria	0
C19H24N6O5S2	Cetobacterium	0
C9H7N7O2S	Yersinia_enterocolitica_subsp._enterocolitica_8081	0
C17H18F3NO	Anaerotruncus_colihominis_DSM17241	0
C26H35NO7	Caulobacteraceae	0
C14H6O8	Roseburia_intestinalis_L1-82	0
C4H7NaO2	Ruminococcus_torques_ATCC27756	0
C25H33Cl2N5O2	Erwinia_billingiae_Eb661	0
C18H22Cl2N2	Bacteroides_vulgatus	0
C26H33NO9	Raphidiopsis_brookii_D9	0
C24H26BrN3O3	Proteus_penneri_ATCC35198	0
C15H14N2Na2O6S2	Aeromonas	0
C14H6O8	Citrobacter_freundii	0
C66H76Cl3N9O24	Neisseria_mucosa_ATCC_25996	0
C12H10F3N3O4	Parabacteroides_distasonis	0
C21H29NO	Enterobacter_sp._638	0
C4H8Cl3O4P	Mollicutes	0
C16H24N2	Dorea_longicatena	0
C19H25F3N2O6	Bacteroides_fragilis	0
C14H12O3	Planctomyces	0
C10H13N5O5	Desulfurispirillum_indicum_S5	0
C8H8N2O3S	Desulfovibrio_alaskensis_G20	0
C16H16ClN3O4	Acetobacter	0
C22H26N2O2	Rothia_mucilaginosa_DY-18	0
C24H26ClFN4O	Proteobacteria	0
C21H23N3OS	Dehalobacterium_n.a.	0
C25H29Cl3N2	Bifidobacterium_pseudocatenulatum_DSM_20438	0
C22H28Cl2F3N3OS	Klebsiella_pneumoniae_342	0
C33H40N2O9	Burkholderiales_Order	0
C25H29N3O2	Klebsiella_pneumoniae	0
C21H22Cl2N4OS	Clostridium_bartlettii_DSM_16795	0
C9H18NO2	Ruminococcus_gnavus	0
C23H20F2N2O4	Lactobacillus_mucosae	0
C21H27N5O4S	Neisseria_bacilliformis_ATCC_BAA-1200	0
C19H35NO2	Proteus_penneri_ATCC35198	0
C16H18ClNO6S2	Morganella_morganii	0
C18H15NO8S2	Megasphaera_elsdenii_DSM_20460	0
C19H16ClNO4	Pseudomonadaceae	0
C16H21NO2	Holdemania	0
C20H25ClN2O5	Photorhabdus_luminescens_subsp._laumondii_TTO1	0
C22H23ClN2O8	Providencia_alcalifaciens_DSM30120	0
C22H18N2	Escherichia_coli_TW10509	0
C22H23N3O4	Bifidobacterium_adolescentis_L2-32	0
C13H21ClN2O	Clostridiaceae	0
C17H17ClO6	Clostridium	0
C13H8O4	Acidobacteria	0
C9H9N3O2	Shigella_flexneri	0
C20H16N2O4	Odoribacter	0
C27H38N2O4	Coriobacterium_glomerans_PW2	0
C20H25ClN2O5	Mycoplasma	0
C14H12ClNO2	Capnocytophaga_gingivalis_ATCC_33624	0
C22H24Cl2N2O8	Bacteroides_acidifaciens	0
C14H12ClNO2	Veillonellaceae_family	0
C18H20O2	Clostridium_bolteae_ATCCBAA-613	0
C20H28O6	Coprococcus	0
C14H16N2O2	Lacrimispora_saccharolytica	0
C14H13N5O5S2	Styrax_aureus	0
C10H12FN5O4	Eubacterium_eligens	0
C18H32O2	Parabacteroides_distasonis_ATCC8503	0
C21H25N5O8S2	Bacteroides_fragilis_T(B)9	0
C24H35ClN2O	Clostridium_spiroforme_DSM1552	0
C18H19Cl2NO4	Cetobacterium	0
C53H90O22	Staphylococcus_epidermidis_W23144	0
C15H14O3	Listeria_welshimeri	0
C15H16O2	Vibrio_cholerae_Species_662	0
C19H27NO3	Staphylococcus_aureus	0
C42H88N14O36S3	Ruminococcaceae_Family	0
C54H92O23	Citrobacter_koseri_ATCC_BAA-895	0
C21H20Cl2O3	Pseudoflavonifractor_capillosus_ATCC_29799	0
C18H37N5O9	Acetobacter	0
C22H26N2O2	Pseudomonas_stutzeri_DSM_4166	0
C10H7Cl2N3O	Lactobacillus_amylolyticus_DSM_11664	0
C18H35ClN2O6S	Streptococcus_thermophilus	0
C6H8N2O2S	Ruminococcus_sp._SR1/5	0
C22H25Cl2N3O	Escherichia_coli	0
C11H8O2	Lactobacillus_sp.	0
C25H29I2NO3	Pseudomonas_aeruginosa	0
C21H26N2O7	Aggregatibacter_genus	0
C31H47NaO6	Sporosarcina	0
C46H54N6O8S2	Citrobacter_freundii	0
C21H20Cl2O3	Styrax_aureus	0
C20H16N2O4	Porphyromonas_gingivalis	0
C27H37FO6	Bacteroides_stercoris	0
C27H23N5O4	Dickeya_dadantii_3937	0
C15H20N2O2	Desulfovibrio_alaskensis_G20	0
C9H4Cl3IO	Bifidobacterium_longum_subsp._Infantis_CCUG52486	0
C4H4N6O	Collinsella	0
Cr+6	Collinsella_aerofaciens_Species_102106	0
C20H22N8O6S2	Bifidobacterium_breve_DSM20213	0
C24H30O3	Escherichia	0
C3H7O4P	Erwinia_billingiae_Eb661	0
C10H20N2S4	Lactobacillus_reuteri_CF48-3A_BEI_HM-102	0
C15H12N2O2	Pseudomonas_aeruginosa_NCGM2.S1	0
C62H111N11O12	Clostridium_botulinum_D_str._1873	0
C15H11I4NO4	Bacteroides	0
As	Comamonas	0
C13H12N2O5S	Streptococcus_thermophilus	0
C12H19N3O	Bacteroides_vulgatus	0
C14H10F3NO2	Coriobacteriales	0
C30H40Cl2N4	Alistipes_indistinctus	0
C19H25ClN2S	Moryella	0
C22H25N3O7S	Clostridiales	0
C8H6N4O5	Fusobacterium_nucleatum_subsp._vincentii_4_1_13	0
C14H12FNO3	Enterobacter_cloacae_EcWSU1	0
C23H20N2O3S	Bacilli_Class	0
C20H22N5NaO6S	Desulfovibrio_alaskensis_G20	0
C19H18N3NaO5S	Paenibacillaceae	0
C19H22ClN	Alloprevotella	0
C16H14O3	Faecalibacterium_cf._prausnitzii_KLE1255	0
C10H12FN5O4	Bacteroides_ovatus	0
C18H16Cl3N3O4	Clostridiales	0
C19H17ClFN3O5S	Desulfotalea_psychrophila_LSv54	0
C3H9NO5P+	Blautia_producta	0
C48H48N4O6S2	Eubacterium_ramulus	0
C14H15N3O5	Coriobacteriia	0
C22H25Cl2N3O	Blautia_obeum	0
Mn+2	Parabacteroides_merdae	0
C18H22O2	Parabacteroides_johnsonii	0
C16H14F3N5O	Lactobacillus_amylolyticus_DSM_11664	0
C21H26Cl2F3N3S	Pectobacterium_wasabiae_WPP163	0
C66H75Cl2N9O24	Eubacterium_hallii_DSM3353	0
C17H20N4S	Corynebacterium_lipophiloflavum_DSM_44291	0
C19H23Cl2N5O	Clostridium_novyi_NT	0
C14H10F3NO2	Clostridium_leptum	0
C26H30ClN3O6	Pectobacterium_wasabiae_WPP163	0
C8H10ClN5O3S	Nitrospira	0
C21H22O9	Lachnoclostridium	0
Ag	Lactobacillus_ruminis_SPM0211	0
C18H18N8O7S3	Hippea_maritima_DSM_10411	0
C17H25N3O5S	Bifidobacterium_bifidum_Species_1678	0
C21H29NO	Lacrimispora_sphenoides_Species_n.a.	0
C28H31FN4O	Jeotgalicoccus	0
C19H16ClFN3NaO5S	Providencia_alcalifaciens_DSM30120	0
C12H10F3N3O4	Weissella_cibaria_KACC_11862	0
C24H31FO6	Cyanobacteria	0
C19H18N3NaO5S	Lactobacillus_brevis_subsp._gravesensis_ATCC_27305	0
C14H18N2O5	Lachnoclostridium	0
C10H12ClN5O3	Enterococcus_faecalis_(Streptococcus_faecalis)	0
C46H77NO17	Dickeya_zeae_Ech1591	0
C22H32O3	Aggregatibacter_genus	0
C9H9Cl2N3	Eggerthella_sp._Species_84111	0
C43H51N3O11	Blautia_coccoides	0
C16H13N3O3	Xanthomonas_campestris_pv._vesicatoria_str._85-10	0
C8H5F3N2OS	Lawsonia	0
C21H28F3N3O7	Lacrimispora_sphenoides_Species_n.a.	0
C4H8Cl3O4P	Bifidobacterium_ruminantium	0
C23H32N6O4S	Sporosarcina	0
C22H27FN4O2	Prevotella	0
C16H14O3	Listeria_seeligeri_FSL_N1-067	0
C19H28Cl2N6O6S2	Lactonifactor_longoviformis	0
C17H20Cl2N2S	Acetobacter	0
C12H10F3N3O4	Streptococcus_pyogenes	0
C21H41N5O11	Lactobacillus_plantarum_Species_1578	0
C24H42O21	Edwardsiella_ictaluri_93-146	0
C25H31NO6	Lactobacillus_paracasei_Species_1578	0
C10H19O6PS2	Raoultella_planticola	0
C24H21F2NO3	Lactonifactor_longoviformis	0
C19H21Cl2N3	Enterococcus	0
C16H18N2O4S	Chryseobacterium	0
C19H28N2O4	Anaerococcus_hydrogenalis_DSM7454	0
C26H39NO10	Bacteroides_WH2	0
C17H25N3O5S	Olsenella_uli_DSM_7084	0
C18H29N3O5S	Burkholderia_vietnamiensis_G4	0
C16H16Cl3N	Faecalibacterium	0
C20H23N5O6S	Alteromonadales_Order	0
C28H31BrN2O2	Pseudomonas_putida	0
C21H22O9	Ruminococcus_flavefaciens_FD-1	0
C31H33F2N4O11P	Serratia_proteamaculans_568	0
C15H10O5	Clostridium	0
C9H11Cl3NO3PS	Anaerotruncus_colihominis_DSM17241	0
C9H7N7O2S	Bacteroidetes	0
C20H22N4O10S	Vibrio_furnissii_CIP_102972	0
C7H11ClN2O2S	Chromatiaceae	0
C21H22Cl2N4OS	Clostridium_scindens	0
C6H8N2O8	Sphingomonas	0
C23H29N3O2S2	Arthrobacter	0
C10H16N6S	Ruminococcus_sp.	0
C26H41Br2NO4	Caulobacterales_order	0
C17H15N5O	Enterococcus_faecalis_V583	0
C14H19N5O4	Faecalibacterium_prausnitzii	0
C17H20N4S	Enterobacter_asburiae_LF7a	0
C9H7N7O2S	Bifidobacterium_adolescentis_L2-32	0
C19H20N2O3S	Jeotgalicoccus	0
C28H32ClN3O8S	Oxalobacteraceae	0
C19H24ClN3O	Clostridium_novyi_NT	0
C12H17N3O4S	Xenorhabdus_nematophila_ATCC_19061	0
C22H25NO6	Cetobacterium_somerae	0
C19H27N5O4	Enterococcus_hirae	0
C32H41NO2	Lactobacillus_johnsonii_NCC_533	0
C32H40ClNO4	Collinsella	0
C10H12ClN5O3	Eubacterium_rectale_ATCC33656	0
C16H13Cl3N2OS	Neisseriaceae	0
C18H36N4O11	Bacillus_coahuilensis_m4-4	0
C22H28FN3O6S	Akkermansia	0
C19H22N2O	Clostridium_perfringens_Species_1485	0
C21H20ClNO5	Lactobacillus_mucosae	0
C16H18N4O3S	Plautia_stali_symbiont	0
C25H27N9O8S2	Blautia_luti_DSM14534	0
C7H11N3O3	Xanthomonas_campestris_pv._vesicatoria_str._85-10	0
C29H34Cl2N2O2	Rothia_mucilaginosa_DY-18	0
C14H9ClF3NO2	Streptococcus_infantarius_subsp._infantarius_CJ18	0
C22H25NO6	Nitrospira	0
C15H16N7NaO5S3	Erwinia_billingiae_Eb661	0
C20H22N4O10S	Candidatus_Saccharimonas	0
C19H20N2O3S	Deferribacter_desulfuricans_SSM1	0
C20H23ClN2O4	Lactobacillaceae	0
C14H12Cl2NNaO3	Staphylococcus_epidermidis_W23144	0
C12H4Cl4O2	Bacteroides_vulgatus	0
C15H14ClN3O4S	Bifidobacteriales	0
C17H20N4S	Caulobacteraceae	0
C12H4Cl4O2	Ruminococcus_sp._5_1_39BFAA	0
C25H38O5	Coprobacter	0
C29H32O13	Eubacterium_ramulus	0
C14H12ClNO2	Klebsiella_pneumoniae_subsp._rhinoscleromatis	0
C9H9HgNaO2S	Eubacterium_limosum	0
C19H12O8	Coriobacteriia	0
C11H12Cl2N2O5	Klebsiella_oxytoca	0
C44H76N4O10S2	Mycobacterium	0
C17H20FN3O3	Clostridium_sporogenes_ATCC15579	0
C20H24ClNS	Lawsonia	0
C4H8O2	Parabacteroides_merdae_ATCC43184	0
C12H14N4O2S	Fusobacteria	0
C21H27N3O7S	Prevotella	0
C19H36ClNO2	Shewanella_putrefaciens_200	0
C33H40N2O9	Cetobacterium	0
C27H42ClNO2	Ruminococcus_sp._SR1/5	0
C30H41N3O10S2	Clostridiaceae	0
C22H25ClN2O8	Alistipes_indistinctus	0
C8H14ClN5	Lactobacillus_johnsonii_NCC_533	0
C16H17N5O7S2	Eubacterium	0
C16H16Cl3N	Clostridium_sporogenes	0
C18H16Cl3N3O3S	Clostridium_botulinum_E1	0
C13H17N5O8S2	Rahnella_sp._Y9602	0
C88H100Cl2N10O28	Eubacterium_biforme_DSM3989	0
C7H10ClN3O3	Bacteroides_dorei_DSM17855	0
C22H17ClN2	Blautia_producta	0
C20H18ClNO6	Roseburia_faecis	0
C17H20N4S	Planococcaceae	0
C14H18N4O3	Clostridium	0
C16H17N3O7S2	Bacteroides_cellulosilyticus_DSM14838	0
C20H40N6O8S	Citrobacter_freundii	0
C16H14O3	Blautia_luti_DSM14534	0
C18H19NOS	Moryella	0
C21H27N5O4S	Peptostreptococcus	0
C23H32ClNO2	Desulfovibrio_desulfuricans	0
C3H9NO5P+	Plautia_stali_symbiont	0
C25H43NO18	Eubacterium_limosum_KIST612	0
C19H22N2O	Bacteroides_xylanisolvens	0
C38H72N2O12	Bifidobacteriales	0
C17H21F2N3O3	Oscillibacter	0
C22H28FN3O6S	Pseudomonas_aeruginosa_NCGM2.S1	0
C20H16N2O4	Faecalibacterium	0
C46H54N6O8S2	Clostridium_scindens	0
C25H29I2NO3	Staphylococcus_aureus_subsp._aureus_MRSA177	0
C16H18ClNO6S2	Bifidobacterium_longum_(Bifidobacterium_infantis,_Bifidobacterium_suis)	0
C16H13N3O3	Alkaliphilus_metalliredigens_QYMF	0
C23H28ClN	Parasutterella	0
C28H29F2N3O	anaerobic_bacterium_'strain_7'	0
C9H11FN2O5	Mollicutes	0
C22H32N2O5S	Bacteroides_clarus_YIT_12056	0
C14H14O3	Blautia_Genus	0
C7H5NO3S	Methanobrevibacter	0
C9H14ClNO3	Blautia_Genus	0
C22H32O3	Clostridium_asparagiforme_DSM15981	0
C19H24ClN3O	Bifidobacterium_sp.	0
C21H22ClN	Bacteroides_vulgatus_ATCC8482	0
C23H31NO3	Alcaligenes	0
C12H15Cl2NO5S	Sporosarcina	0
C29H33ClN2O2	Rothia_mucilaginosa_DY-18	0
C15H16ClN3O5S	Escherichia_coli_BL21(DE3)	0
C9H4Cl3IO	Alkaliphilus_metalliredigens_QYMF	0
C14H12ClNO2	Dorea_formicigenerans_ATCC27755	0
Hg	Lactobacillus_gasseri_JV-V03	0
C18H14Cl4N4O4	Bifidobacterium_longum_(Bifidobacterium_infantis,_Bifidobacterium_suis)	0
C13H20N6O4	Streptococcus	0
C20H22N8O6S2	Veillonellaceae_family	0
C46H77NO17	Styrax_aureus	0
C17H17ClF6N2O	Bacteroides_WH2	0
C11H16N4O4	Shigella_flexneri	0
C20H23ClN2O4	Alkaliphilus_oremlandii_OhILAs	0
C21H27N5O9S2	Dorea_formicigenerans	0
C20H28Cl3N3O3	Enterobacteriaceae	0
C16H15N4NaO8S	Clostridiales_bacterium_Species_n.a.	0
C19H16ClFN3NaO5S	Escherichia_coli_TW10509	0
C9H20N2O2	Paenalcaligenes_genus	0
C26H32F2O7	Escherichia_coli_IAI1	0
C52H98N16O13	Deferribacteres_phylum	0
C12H21N2O3PS	Enterobacter_cloacae_subsp._cloacae_ATCC_13047	0
C6H10N6O	Bacteroides_stercoris_ATCC43183	0
C24H30Cl2N2O3	Porphyromonas_gingivalis	0
C18H14N4O5S	Listeria_welshimeri	0
C26H28Cl2F2N2	Planctomyces	0
C16H17N2NaO4S	Porphyromonas	0
C23H27Cl2N3O2	Veillonella_sp._6_1_27	0
C11H15N5O5	Streptococcus_parasanguinis_ATCC_15912	0
C24H26N2O4	Pectobacterium_atrosepticum_SCRI1043	0
C24H32N2O9	Actinomyces_sp._oral_taxon_17_	0
C22H23ClN2O8	Enterobacter_cloacae_subsp._cloacae_NCTC_9394	0
C14H16N4	Fusobacterium_nucleatum_subsp._vincentii_4_1_13	0
C15H20O6	Clostridium_spiroforme_DSM1552	0
C24H29N5O8S	Chryseobacterium	0
C29H27ClN2O14S	Clostridium_botulinum_A3	0
C8H11NO5S	Parabacteroides_merdae	0
C31H35N2NaO11	Lactococcus_garvieae	0
C19H22FN3O4	Clostridium_perfringens_CPE_str._F4969	0
C18H20FN5O4	Intestinibacter_genus	0
C33H40N2O9	Lachnospiraceae_Family	0
C24H29ClO4	Veillonella_sp._oral_taxon_158	0
C11H13BrN2O5	Intestinimonas	0
C18H18ClNOS	Lactobacillus_sp.	0
C14H10O3	Blautia_luti_DSM14534	0
C12H7Cl3O2	Campylobacter_gracilis_RM3268	0
C16H13Cl3N2OS	Pseudomonas_aeruginosa_NCGM2.S1	0
C23H28ClN3O7	Paraprevotella	0
C24H26ClFN4O	Klebsiella_pneumoniae	0
C23H20N2O3S	Dermacoccus_sp._Ellin185	0
C4HF9O3S	Streptococcus_agalactiae	0
C19H28N2O4	Olsenella_uli_DSM_7084	0
C23H36N2O2	Mycobacterium	0
C19H24ClN3O	Pretovella_copri_DSM18205	0
C24H28N2O3	Lactobacillus_gasseri_JV-V03	0
C8H8N2O3S	Clostridium_perfringens_E_str._JGS1987	0
C48H48N4O6S2	Enterobacteriaceae	0
C26H28N2	Parabacteroides_merdae	0
C22H14Cl2I2N2O2	Alcaligenaceae	0
C24H26BrN3O3	Bifidobacterium_breve	0
C12H9F3N2O2	Bacteroides_dorei	0
C43H65N5O10	Dehalobacterium_n.a.	0
C16H18N4O3S	Rhodospirillaceae	0
C20H15F3N4O3	Bacteroidia	0
C26H28Cl2N4O4	Citrobacter_rodentium_ICC168	0
C22H28FN3O6S	Serratia_sp._AS12	0
C20H15F3N4O3	Verrucomicrobiaceae	0
C17H18F3N3O3	Bacteroides_xylanisolvens	0
C12H17N3O4S	Porphyromonas	0
C21H25N5O8S2	Pseudomonas_stutzeri_DSM_4166	0
C27H22Cl2N4	Edwardsiella_ictaluri_93-146	0
C8H5F3N2OS	Collinsella_stercoris_DSM_13279	0
C34H57BrN2O4	Peptostreptococcus_stomatis_DSM_17678	0
C23H36N2O2	Clostridium_clariflavum_DSM_19732	0
C16H16N3NaO7S2	Dialister	0
C17H17ClN6O3	Chloro铿俥xi	0
C3H7O4P	Bacillus	0
C21H23N2NaO6S	Deferribacter_desulfuricans_SSM1	0
C19H24N6O5S2	Akkermansia_muciniphila_Species_239934	0
C16H16N4O8S	Eubacterium_plexicaudatum	0
C23H20N2O3S	Klebsiella_pneumoniae_342	0
C11H10N4O4	Anaerotruncus	0
C18H20FN5O4	Planctomyces	0
C21H23NO4S	Micrococcaceae	0
C23H39NO4	Lactobacillus_acidophilus	0
C17H15N5O	Deferribacter_desulfuricans_SSM1	0
C47H51NO14	Klebsiella_pneumoniae_342	0
C14H11Cl2NO2	Lactobacillus_mucosae	0
C22H30Cl2N10	Veillonellaceae_family	0
C33H30N4O2	Gammaproteobacteria	0
C20H22ClN	Olsenella_uli_DSM_7084	0
C66H103N17O16S	Enterobacter_cloacae_subsp._cloacae_ATCC_13047	0
C23H31NO7	Escherichia_coli_TW10509	0
C24H29N5O8S	Lactobacillus_amylolyticus_DSM_11664	0
C19H25ClN2S	Clostridium_novyi_NT	0
C18H18ClNOS	Candidatus_Saccharimonas	0
C23H27Cl2N3O2	Lactobacillus_sp.	0
C22H19N4NaO8S2	Plesiomonas_shigelloides	0
C26H27N5O2	Odoribacter_splanchnicus	0
C17H19N3O3S	Jeotgalicoccus	0
C42H69NO15	Collinsella_aerofaciens_ATCC25986	0
C21H34O5	Klebsiella	0
C9H11Cl3NO3PS	Sporosarcina	0
C12H13ClN4	Johnsonella	0
C37H67NO13	Clostridium_sporogenes_ATCC15579	0
C17H18FN3O3S	Citrobacter_rodentium_ICC168	0
C10H12O	Clostridium_butyricum_E4	0
C17H18FN3O3	Morganella_morganii	0
C22H27NO2	Bifidobacterium_breve	0
C12H24N2O4	Streptococcus_agalactiae	0
C19H22F2N4O3	Eubacterium_plexicaudatum	0
C17H20ClF2N3O3	Rahnella_aquatilis_CIP_78.65	0
C19H24N2O6	Parabacteroides_merdae	0
C18H16Cl3N3O4	Bifidobacterium_pseudocatenulatum_DSM_20438	0
C21H23BrFNO2	Streptococcus_dysgalactiae_subsp._dysgalactiae_ATCC_27957	0
C22H29N3O6S	Chromatiaceae	0
C29H27ClN2O14S	Butyricicoccus	0
C66H75Cl2N9O24	Providencia_stuartii_ATCC25827	0
C22H32N6O12S2	Bacteroides_uniformis	0
C16H19N3O4S	Bacteroides_ovatus	0
C19H20ClNO4	Corynebacterium_striatum_ATCC_6940	0
C17H18FN3O3	Eubacterium_rectale	0
C19H22F2N4O3	Gordonibacter	0
C24H31NO8	Oscillibacter_sp.	0
C18H32O2	Eubacterium_ramulus	0
C30H41N3O10S2	Johnsonella	0
C10H12FN5O4	Xenorhabdus_bovienii_SS-2004	0
C8H12N4O5	Ruminococcus_sp.	0
C27H34I2N4	Acinetobacter_baumannii_TCDC-AB0715	0
C16H19N3O4S	Clostridium_spiroforme_DSM1552	0
C6HCl5O	Coriobacteriia	0
C15H14N2Na2O6S2	Clostridium_butyricum_E4	0
C23H20N2O3S	Cronobacter_sakazakii	0
C46H54N6O8S2	Faecalibacterium_prausnitzii	0
C22H24N2O8	Lactobacillus_amylolyticus_DSM_11664	0
C22H29N3O6S	Rahnella_sp._Y9602	0
C8H6ClF3N2OS	Trichococcus	0
C10H7Cl2N3O	anaerobic_bacterium_'strain_7'	0
C17H20N4S	Akkermansia_muciniphila_ATCC_BAA-835	0
C17H18FN3O3S	Corynebacterium_pseudogenitalium_ATCC_33035	0
C95H146O28	Prevotella_copri	0
C19H21NO4	Clostridium_clariflavum_DSM_19732	0
C28H32ClN3O8S	Coprobacter	0
C4H8O2	Lactobacillus_jensenii_1153	0
C21H23ClFNO2	Bacteroides_dorei	0
C35H36ClNO3S	Dialister	0
C15H14N4O6S2	Bifidobacterium_breve	0
C9H14ClNO3	Shewanella_frigidimarina_NCIMB_400	0
C20H31NO	Alphaproteobacteria	0
C13H20N6O4	Lactobacillus_johnsonii_Species_1578	0
C41H67NO15	Bacteroides_fragilis_DS-208	0
C15H22FN3O6	Rheinheimera_sp._A13L	0
C26H28Cl2N4O4	Marvinbryantia_formatexigens_DSM_14469	0
C12H12N2O3	Morganella_morganii	0
C9H11Cl3NO3PS	Escherichia_coli_TW10509	0
C14H15N3O5	Veillonella_dispar_ATCC_17748	0
C25H27N9O8S2	Coprococcus	0
C12H10F3N3O4	Pretovella_copri_DSM18205	0
C75H70N6O6	Bacteroides_uniformis_ATCC8492	0
C16H25N3O7S	Holdemania	0
C28H34Cl2F2N2O	Streptococcus_sanguinis_species_1301	0
C16H18ClNO6S2	Legionella	0
C28H44ClNO3S	Dickeya_dadantii_Ech586	0
C16H14O3	Tannerella	0
C12H22O11	Xenorhabdus_bovienii_SS-2004	0
C44H69NO12	Serratia_proteamaculans_568	0
C29H35NO2	Veillonella_sp._oral_taxon_158	0
C15H12N2O2	Ruminococcus_sp.	0
C24H31N3O	Saccharibacteria	0
C48H56N6O8S2	Bifidobacterium_Genus	0
C44H69NO12	Bacillus	0
C19H16ClFN3NaO5S	Eubacterium_ventriosum_ATCC27560	0
C19H22FN3O4	Parasutterella	0
C8H9N3O4	Adlercreutzia_equolifaciens	0
C19H16ClNO4	Clostridium_spiroforme_DSM1552	0
C14H12FNO3	Lactobacillus_ultunensis_DSM_16047	0
C19H18N3NaO5S	Candidatus_Odyssella	0
C23H26ClN	Arthrobacter	0
C8H8N2O3S	Neisseria_mucosa_ATCC_25996	0
C16H16ClN3O4	Streptococcus_thermophilus_JIM_8232	0
C22H14Cl2I2N2O2	Lactobacillus_vaginalis_ATCC_49540	0
C25H30ClNO5	Chromatiaceae	0
C18H27N3O6S	Clostridium_sporogenes	0
C29H35NO2	Enterococcus_hirae	0
C38H72N2O12	Ruminococcus_lactaris_ATCC29176	0
C22H23ClN6O	Peptostreptococcaceae	0
C8H10ClN5O3S	Vibrio_furnissii_CIP_102972	0
C13H12F2N6O	Bacillus	0
C5H4N4S	Ruminococcus_bromii	0
C18H30ClNO3	Helicobacter_mustelae_12198	0
C20H21ClO4	Clostridium_hiranonis_DSM_13275	0
C23H45N5O14	Chromatiaceae	0
C20H23ClN2O4	Porphyromonas_gingivalis	0
C16H18N2O4S	Desulfovibrionaceae	0
C10H12N2O5S	Clostridiaceae	0
As	Caulobacteraceae	0
C18H20N2O6	Olsenella_uli_DSM_7084	0
C13H8O4	Fusobacteria	0
C10H17N	Lactobacillus_acidophilus_ATCC_4796	0
C18H15NO8S2	Pseudomonas_alcaligenes_Species_286	0
C16H22O4	Anaerococcus_hydrogenalis_DSM7454	0
C15H27N3O9P2	Porphyromonadaceae	0
Cd	Clostridium_perfringens_Species_1485	0
C18H16Cl3N3O3S	Bacteroides_uniformis_ATCC8492	0
C14H14Cl2N2O	Citrobacter_sp._30_2	0
C16H16Cl3N	Prevotella_oris_Species_838	0
C19H24N2O6	Eggerthella_sp._Species_84111	0
C18H18O2	Klebsiella_pneumoniae_subsp._ozaenae	0
C17H17ClN6O3	Xanthomonas_campestris_pv._vesicatoria_str._85-10	0
C22H19N4NaO8S2	Shewanella_frigidimarina_NCIMB_400	0
C7H15Cl2N2O2P	Streptococcus_thermophilus_JIM_8232	0
C17H17ClN6O3	Bacteroides_sp._Species_816	0
C14H18N4O3	Parabacteroides_merdae_ATCC43184	0
C21H30O5	Veillonellaceae_family	0
C25H34O6	Brachyspira_pilosicoli_95/1000	0
C18H14F3N3O4S	Bifidobacterium_dentium_Species_1678	0
C16H16N2O3S	Slackia_isoflavoniconvertens	0
C12H15Cl2NO5S	Enterobacter_aerogenes_KCTC_2190	0
C23H27N5O7S	Adlercreutzia_equolifaciens	0
C15H22FN3O6	Lactonifactor	0
C18H19N3O5S	Clostridium_butyricum	0
C21H32N2O	Sutterella_sp.	0
C15H14N2Na2O6S2	Clostridium_symbiosum_ATCC1494_	0
C33H30N4O2	Clostridium_bolteae_ATCCBAA-613	0
C21H26N2O7	Desulfotalea_psychrophila_LSv54	0
C15H16N7NaO5S3	Eubacterium	0
C26H28ClNO	Escherichia_coli_TW10509	0
C17H24O10	Bacteroidales	0
C17H15N5O	Microbacterium	0
C21H30O5	Neisseria_mucosa_ATCC_25996	0
C14H14ClN3	Coprococcus_comes_ATCC27758	0
C26H28Cl2N4O4	Bacteroides_sp._Species_816	0
C17H21NO3	Bifidobacterium_bifidum_NCIMB_41171	0
C14H11Cl2NO2	Ruminococcus_sp._SR1/5	0
C21H27N5O9S2	Eubacterium_hallii_DSM3353	0
C25H31NO6	Clostridia	0
C10H20N2S4	Bacteroides_xylanisolvens	0
C14H19N5O4	Porphyromonas_uenonis_60-3	0
C48H48N4O6S2	Ruminococcus_gnavus	0
C27H29NO11	Pseudoflavonifractor_capillosus_ATCC_29799	0
C6H6N4O4	Cetobacterium_somerae	0
C14H18N4O3	Catabacteriaceae	0
C19H18Cl2N3NaO6S	Capnocytophaga	0
C19H21FN2O4	Coprococcus	0
C24H29N5O3	Clostridium_beijerinckii_NCIMB_8052	0
C32H40ClNO4	Xenorhabdus_bovienii_SS-2004	0
C15H18N4O5	Rothia_mucilaginosa_DY-18	0
C13H17N5O8S2	Parabacteroides_distasonis	0
C4H7NaO2	Proteus_penneri_ATCC35198	0
C15H14N4O	Oscillospira	0
C27H23N5O4	Methanobrevibacter	0
C20H21N7O6S2	Gilliamella_apicola	0
C54H92O23	Campylobacter	0
C38H84N10O34S5	Listeria_welshimeri	0
C14H9N4NaO5	Alteromonadales_Order	0
C17H18F3NO	Fusobacterium_necrophorum_D12	0
C15H16N7NaO5S3	Neisseriaceae	0
C12H17NO3	Capnocytophaga_gingivalis_ATCC_33624	0
Cr	Ruminococcus_sp._SR1/5	0
C22H32N2O5S	Tenericutes	0
C21H29NO	Dorea	0
C42H70O12	Arthrobacter	0
C16H16Cl3N	Desulfovibrio_desulfuricans	0
C17H20ClNO3	Clostridium_carboxidivorans_P7	0
C22H26N2O4S	Candidatus_Odyssella	0
C18H18N8O7S3	Enterobacter_cloacae_EcWSU1	0
C11H14N4O2	Gammaproteobacteria	0
C20H28O	Bifidobacterium_dentium_ATCC_27679	0
C21H34ClN3O5S	Ruminococcus_bromii	0
C8H9NO2	Enterobacter_cloacae_EcWSU1	0
C13H17N3O2	Gardnerella	0
C27H38N2O4	Bacteroides_fragilis_DS-208	0
C14H10F3NO2	Rahnella_aquatilis_CIP_78.65	0
C11H12ClNO3S	Butyrivibrio	0
C27H44O2	Bacteroides_caccae	0
C4H4KNO4S	Clostridium_perfringens_E_str._JGS1987	0
C34H57BrN2O4	Clostridium_sporogenes_ATCC15579	0
C21H41N5O11	Veillonella_parvula	0
C29H30N6O6	Bifidobacterium_adolescentis_ATCC_15703	0
C16H18ClNO6S2	Corynebacterium_Genus	0
C24H28N2O5	Bacteroides_sp._Species_816	0
C23H28ClN3O7	Ruminococcus_torques_ATCC27756	0
C7H6O5	Bifidobacterium_breve	0
C21H20O9	Dickeya_zeae_Ech1591	0
C9H14ClNO3	Citrobacter_amalonaticus	0
C27H22Cl2N4	Morganella_morganii	0
C15H10O7	Bacteroides_pectinophilus_ATCC43243	0
C35H36ClNO3S	Megasphaera_elsdenii_DSM_20460	0
C17H24O10	Bifidobacterium_ruminantium	0
C14H9I3O4	Desulfovibrio_alaskensis_G20	0
C28H31BrN2O2	Paenibacillaceae	0
C22H26ClN3O4S	Parabacteroides_distasonis_ATCC8503	0
C19H24N6O5S2	Tannerella	0
C19H20ClNO4	Alteromonadales_Order	0
C43H74N2O14	Bacteroidia	0
C42H70O12	Burkholderia_vietnamiensis_G4	0
C29H31N7O	Bacteroides_WH2	0
C27H29NO11	Flavobacteria	0
C19H34Cl2N2O2	Brevundimonas	0
C24H32O4	Streptococcus_parasanguinis	0
C20H18NO4+	Salmonella_enterica_subsp._enterica_serovar_Typhimurium_Subspecies	0
C21H22Cl2N4OS	Bifidobacterium_breve_DSM20213	0
C18H17NO5	Pseudogulbenkiania_sp._NH8B	0
C14H9N4NaO5	Propionibacterium_acnes_SK182B-JCVI	0
C23H26ClN	Prevotellaceae	0
C29H31F2N3O	Corynebacterium_jeikeium_ATCC_43734	0
C23H27Cl2N3O2	Peptostreptococcus_stomatis_DSM_17678	0
C15H14N4O6S2	Coriobacterium_glomerans_PW2	0
C21H34ClN3O5S	Enterobacter_cloacae_EcWSU1	0
C23H31NO3	Salmonella_enterica_subsp._arizonae_serovar_62:z4,z23:-_str._RSK2980	0
C22H28FN3O6S	Ruminococcus	0
C21H22Cl2N2O8	Bacteroides_fragilis_HMW615	0
C47H64N4O12	Helicobacter_mustelae_12198	0
C29H31F2N3O	Ruminococcus_bromii	0
C9H10N2O3S2	Clostridium_sticklandii_Species_186831	0
C19H35NO2	Bacteroides_xylanisolvens	0
C15H16ClN3O5S	Staphylococcus	0
C25H34O6	Listeria_seeligeri_FSL_N1-067	0
C19H26I3N3O9	Pectobacterium_atrosepticum_SCRI1043	0
C10H19O6PS2	Alcaligenaceae	0
C26H27N5O2	Clostridium_botulinum_C_str._Eklund	0
C27H29NO10	Aerococcus	0
C15H23N3O4S	Bacteroides_sp._Species_816	0
C19H15NO6	Vibrio_cholerae_Species_662	0
C47H51NO14	Ruminococcus	0
C21H28ClN3O7S	Ruminococcus_lactaris_ATCC29176	0
C12H15Cl2NO5S	Proteus_penneri_ATCC35198	0
C38H72N2O12	Clostridium_hiranonis_DSM_13275	0
C4H7NaO2	Planctomyces	0
C23H36N2O2	Victivallis_vadensis_ATCC_BAA-548	0
C70H76N10O16	Rheinheimera_sp._A13L	0
C20H17F2N3O3	Citrobacter_freundii	0
C32H52Br2N4O4	Raphidiopsis_brookii_D9	0
C24H21F2NO3	Sporosarcina	0
C17H17Cl2N	Faecalibacterium	0
C24H21F2NO3	Porphyromonas_gingivalis	0
C16H16N5NaO7S2	Lactobacillus_sakei_subsp._sakei_23K	0
C18H37N5O9	Klebsiella_pneumoniae_342	0
C12H21N2O3PS	Proteobacteria	0
C20H23ClN2O4	Gilliamella_apicola	0
C22H32N2O5S	Jeotgalicoccus	0
C23H36N4O10S2	Moryella	0
C29H33ClN2O2	Eubacterium_hallii_DSM3353	0
C22H24ClN3O5	Deltaproteobacteria	0
C21H26Cl2F3N3S	Sphingomonas	0
C9H13N3O5	Clostridium_butyricum_E4	0
C25H37NO4	Enterococcus_faecalis_V583	0
C18H19N3O5S	Candidatus_Saccharimonas	0
C15H12O4	Escherichia_albertii_TW07627	0
C4H3FN2O2	Actinomyces_sp._oral_taxon_17_	0
C20H20N6O9S	Cronobacter_sakazakii	0
C20H28O	Ruminococcus_gnavus_ATCC29149	0
C25H29I2NO3	Enterococcus	0
C14H28ClNO6	Salmonella_enterica_subsp._arizonae_serovar_62:z4,z23:-_str._RSK2980	0
C20H26O6	Desulfurispirillum_indicum_S5	0
C38H84N10O34S5	Deferribacteres_phylum	0
C22H45N5O14	Turicibacter	0
C16H15N2NaO6S2	Olsenella	0
C17H19N5	Citrobacter_sp._30_2	0
C18H14Cl4N4O4	Dickeya_dadantii_Ech703	0
C20H17F2N3O3	Acidovorax	0
C23H34O5	Bacteroidetes	0
C23H26ClN	Lactobacillus_murinus	0
C26H32F2O7	Clostridium_botulinum_BKT015925	0
C23H27FN4O2	Listeria_seeligeri_FSL_N1-067	0
C11H15NO2	Planctomyces	0
C8H15N3O7	Eubacterium_limosum_KIST612	0
C47H51NO14	Vibrio_cholerae_Species_662	0
C20H15F3N4O3	Streptococcus_mutans	0
C6HCl5O	Peptostreptococcus	0
C3H7O4P	Fusobacterium_necrophorum_D12	0
C22H32N2O5S	Corynebacterium_pseudogenitalium_ATCC_33035	0
C5H4N4S	Enterococcus_faecium_(Streptococcus_faecium)	0
C42H88N14O36S3	Fusobacterium_necrophorum_D12	0
C13H12F2N6O	Slackia_exigua_ATCC_700122	0
C28H41N3O3	Bifidobacterium_longum_subsp._infantis	0
C22H32O3	Citrobacter_amalonaticus	0
C18H22Cl2N2	Escherichia_coli_ATCC_25922	0
C17H24O10	Klebsiella_oxytoca	0
C16H15F2N3O4S	Enterobacter_asburiae_LF7a	0
C15H22O5	Neisseria_mucosa_ATCC_25996	0
C18H17NO5	Actinomyces_coleocanis_DSM_15436	0
C24H29N5O8S	Blautia_obeum	0
C6H6N6O2	Coprococcus	0
C29H31F2N3O	Mollicutes	0
C18H20N2O6	Dehalobacterium_n.a.	0
C24H29N5O3	Lactobacillaceae	0
C25H38O5	Hippea_maritima_DSM_10411	0
C6HCl5O	Ruminococcus_torques_ATCC27756	0
C22H31ClN4O7S2	Lactobacillus_johnsonii_NCC_533	0
C18H35ClN2O6S	Akkermansia_muciniphila_ATCC_BAA-835	0
C13H9NOSe	Ruminococcus	0
C26H39NO10	Akkermansia_muciniphila_Species_239934	0
C16H19N3O5S	Lactobacillus_mucosae	0
C26H28Cl2N4O4	Bacillus	0
C15H10O7	Lactobacillus_brevis_subsp._gravesensis_ATCC_27305	0
C24H28N2O3	Verrucomicrobia_Phylum	0
C19H24N6O5S2	Lacrimispora_sphenoides_Species_n.a.	0
C11H12N2O2S	Bacteroides_acidifaciens	0
C22H19N3O4	Olsenella	0
C20H18ClNO6	Bacteroides_WH2	0
C23H32N2O5	Acidovorax	0
C18H15NO3	Staphylococcus_aureus_subsp._aureus_MRSA177	0
C21H22Cl2N2O8	Paenibacillaceae	0
C7H11N3O3	Subdoligranulum_variabile_DSM15176	0
C6H12NNaO3S	Burkholderiales_Order	0
C22H26N2O4S	Holdemanella	0
C21H22O9	Bacteroides_eggerthii	0
C6H12NNaO3S	Mucispirillum_schaedleri	0
C15H22O5	Bifidobacterium_adolescentis	0
C28H34Cl2F2N2O	Blautia_Genus	0
C42H88N14O36S3	Barnesiella_intestinihominis	0
C18H19N3O5S	Clostridium_novyi_NT	0
C11H10N4O4	Pectobacterium_atrosepticum_SCRI1043	0
C18H18O2	Bifidobacterium_bifidum_NCIMB_41171	0
C16H17N3O7S2	Proteobacteria	0
C23H29N3O2S2	Bacteroidetes	0
C20H35AuO9PS	Rothia_mucilaginosa_DY-18	0
C14H26Cl2N2O7	Lactobacillaceae	0
C17H21ClFN3O4	Pseudomonas_putida	0
C16H15N5O7S2	Eubacterium_ventriosum_ATCC27560	0
C23H27FN4O2	Corynebacterium_resistens_DSM_45100	0
C27H30ClNO11	Bacteroides_caccae	0
C19H17ClN3NaO5S	Clostridium_beijerinckii_NCIMB_8052	0
C23H26ClN	Lacrimispora_sphenoides_Species_n.a.	0
C14H9N4NaO5	Butyrivibrio_fibrisolvens	0
C16H13Cl3N2OS	Bacteroides_fragilis_3397	0
C11H16N4O4	Bacteroides_ovatus_ATCC8483	0
C11H8O2	Plautia_stali_symbiont	0
C9H8N4O5	Bacteroides_caccae_ATCC43185	0
C26H32F2O7	Lactobacillus_fermentum_CECT_5716	0
C18H18O2	Desulfovibrio_alaskensis_G20	0
C21H27ClN2S2	Lactobacillus_plantarum_Species_1578	0
C21H26ClN3OS	Parabacteroides_johnsonii_DSM18315	0
C8H7N3O5	Lactobacillus_johnsonii_NCC_533	0
C13H12Cl2O4	Anaerococcus_hydrogenalis_DSM7454	0
C19H16ClNO4	Neisseria_mucosa_ATCC_25996	0
C9H5ClINO	Lactococcus_garvieae	0
C22H26ClN7O2S	Streptococcus_thermophilus	0
C6H6N4O4	Mucispirillum	0
C15H10O4	Proteus_n.a.	0
C9H11NO4	Providencia_alcalifaciens_DSM30120	0
C8H9N3O4	Paenalcaligenes_genus	0
C22H24Cl2N2O8	Enterococcus_faecium_(Streptococcus_faecium)	0
C10H20N2S4	Lacrimispora_saccharolytica	0
C24H21F2NO3	Bacteroides_vulgatus_ATCC8482	0
C28H34Cl2F2N2O	Listeria_welshimeri	0
C43H58N4O12	Bacteroides_ovatus_ATCC8483	0
C29H30N6O6	Methanobrevibacter	0
C9H5Cl2NO	Klebsiella_pneumoniae_342	0
Cd	Cronobacter_sakazakii	0
C3H6N6	Bifidobacterium_bifidum_Species_1678	0
C21H33N3O5S	Gammaproteobacteria	0
C19H18Cl3N3O3S	Anaerotruncus_colihominis_DSM17241	0
C15H20N2O2	Alkaliphilus_metalliredigens_QYMF	0
C14H13N5O5S2	Vibrio	0
C19H35NO2	Bifidobacterium_ruminantium	0
C20H23ClN2O4	Faecalibacterium_cf._prausnitzii_KLE1255	0
C15H14N4O	Klebsiella_pneumoniae_342	0
C16H20FN3O4	Comamonas	0
C18H18ClNOS	Bacteroides_dorei_DSM17855	0
C13H12F2N6O	Pseudomonas_alcaligenes_Species_286	0
C27H29N5O6S	Faecalibacterium_prausnitzii	0
C23H29N3O2S2	Enterobacter_cloacae_subsp._cloacae_ATCC_13047	0
C19H36ClNO2	Coriobacteriaceae	0
C12H9F3N2O2	Dickeya_zeae_Ech1591	0
C24H24ClN3O6S	Subdoligranulum_Genus	0
C6H6N4O4	Bacillus_cereus_SJ1	0
C6H9N3O3	Bacteroides_cellulosilyticus_DSM14838	0
C19H27N5O4	Lactobacillus_paracasei_Species_1578	0
C24H26N2O4	Lactobacillales_Order	0
C11H12N2S	Verrucomicrobia_Phylum	0
C19H15NO6	Blautia_coccoides	0
C13H21ClN2O	Veillonellaceae_family	0
C24H28N2O4S2	Pseudomonas_alcaligenes_Species_286	0
C26H28Cl2F2N2	Providencia_alcalifaciens_DSM30120	0
C23H31Cl2NO3	Roseburia_faecis	0
C29H38N4O10	Johnsonella	0
C33H44BrN5O8S	Parabacteroides_distasonis	0
C12H4Cl4O2	Citrobacter_rodentium_ICC168	0
C15H12O4	Staphylococcus_aureus_subsp._aureus_MRSA177	0
C48H56N6O8S2	Actinobacteria	0
C16H16ClN3O4	Edwardsiella_tarda_ATCC23685	0
C11H12Cl2N2O5	Enterobacteriaceae	0
C9H11F2N3O4	Clostridium_asparagiforme_DSM15981	0
C35H36ClNO3S	Streptococcus	0
C22H29N3O6S	Klebsiella	0
C10H17N	Tenericutes	0
C17H20ClF2N3O3	Pseudomonadaceae	0
C9H20N2O2	Collinsella_stercoris_DSM_13279	0
C20H22ClN	Planctomycetia	0
C17H16ClN3O	Clostridium_butyricum_E4	0
C46H77NO17	Citrobacter_freundii	0
C25H33Cl2N5O2	Pretovella_copri_DSM18205	0
C19H22N2O	Rahnella_sp._Y9602	0
C5H9Cl2N3O2	Proteus_n.a.	0
C12H15NO3	Mycobacterium	0
ClO-	Acidobacteria	0
C19H15NO6	Desulfurispirillum_indicum_S5	0
C21H22Cl2N4OS	Eubacterium_plexicaudatum	0
C19H18Cl2N3NaO6S	Bacteroides_ovatus_ATCC8483	0
C16H24N2	Bifidobacterium_bifidum_Species_1678	0
C29H33ClN2O2	Alloprevotella	0
C18H18F3NO4	Clostridium_butyricum_E4	0
C20H21N7O6S2	Shewanella_frigidimarina_NCIMB_400	0
C11H15N5O4	Bacteroides_intestinalis_DSM17393	0
C14H9N4NaO5	Plautia_stali_symbiont	0
C15H12O4	Lactonifactor	0
C19H36ClNO2	Prevotellaceae	0
C29H38N4O10	Barnesiella	0
C14H18N2O5	Alkaliphilus_oremlandii_OhILAs	0
C18H17NO5	Bacteroides_ovatus_ATCC8483	0
C19H24N2O6	Clostridium_hathewayi_DSM13479	0
C17H17ClN6O3	Clostridiales_bacterium_Species_n.a.	0
C26H35NO7	Staphylococcus_epidermidis_W23144	0
C10H12FN5O4	Enterorhabdus	0
C18H16Cl3N3O4	Klebsiella_oxytoca	0
C14H19NO2	Clostridium_symbiosum_ATCC1494_	0
C15H12N2O2	Clostridium_leptum	0
C12H15NO3	Bifidobacterium_breve_DSM20213	0
C26H41Br2NO4	Ruminococcus_gnavus	0
C24H26ClFN4O	Bacteroides_thetaiotaomicron_VPI-5482	0
C26H58Cl2N10	Proteus_n.a.	0
C22H45N5O14	Fusobacterium_nucleatum_subsp._polymorphum_ATCC_10953	0
C15H14ClN3O4S3	Bifidobacterium_dentium_Species_1678	0
C5H14NO+	Raoultella_terrigena	0
C15H27N3O9P2	Blautia_hansenii_DSM20583	0
C17H20ClNO3	Bacilli_Class	0
C15H14O3	Oscillibacter_sp.	0
C14H15N3O5	Enterobacter_cloacae_subsp._cloacae_ATCC_13047	0
C12H17N3O4S	Klebsiella_pneumoniae	0
C20H28O6	Mollicutes	0
C20H21ClO4	Coriobacteriia	0
C22H30Cl2N10	Staphylococcus_aureus_subsp._aureus_MRSA177	0
C15H16N7NaO5S3	Raoultella_planticola	0
C12H4Cl4O2	Bifidobacterium_breve_DSM20213	0
C11H15N5O5	Plautia_stali_symbiont	0
C10H15N	Candida_albicans	0
C12H13ClN4	Bacillus	0
C16H24N2	Clostridium_novyi_NT	0
C25H33Cl2N5O2	Alphaproteobacteria	0
C23H36Cl3N3O3	Streptococcus_parasanguinis	0
C22H25N3O7S	Methanobrevibacter	0
Pb	Lactobacillus_delbrueckii_subsp._bulgaricus	0
C12H7Cl3O2	Enterobacter_aerogenes_KCTC_2190	0
C17H17ClF6N2O	Pseudomonas_aeruginosa	0
C18H30ClNO3	Parabacteroides_merdae	0
C9H11F2N3O4	Agrobacterium_tumefaciens_F2	0
C66H75Cl2N9O24	Klebsiella_pneumoniae_subsp._ozaenae	0
C7H10ClN3O3	Raoultella_terrigena	0
C16H13Cl3N2OS	Lactobacillus_sp.	0
C22H24N2O8	Verrucomicrobia_Phylum	0
C14H16N2O2	Phascolarctobacterium	0
C16H25ClN4O2	Sutterella	0
C25H29I2NO3	Deltaproteobacteria	0
C25H31N3O6	Alistipes_indistinctus	0
C29H31N7O	Tannerella	0
C22H29FO5	Granulicatella_elegans_ATCC_700633	0
C20H21ClO4	Collinsella_stercoris_DSM_13279	0
C6H12NNaO3S	Candidatus_Saccharimonas	0
C22H17N3O5	Parabacteroides_distasonis	0
C19H20N2O3S	Staphylococcus_aureus	0
C7H7NO3	Bacteroides_vulgatus_ATCC8482	0
C37H48N6O5S2	Bacteroides_ovatus	0
C20H22ClN	Erwinia_amylovora_ATCC_49946	0
C66H103N17O16S	Enterobacter_asburiae_LF7a	0
C24H32O4	Bacteroides_sp._Species_816	0
C25H29Cl3N2	Bacteroides	0
C8Cl4N2	Collinsella_aerofaciens_ATCC25986	0
C34H57BrN2O4	Streptococcus_mutans	0
C12H14N4O2S	Hyphomicrobium	0
C11H15N5O4	Dickeya_dadantii_Ech703	0
C28H31FN4O	Coprococcus	0
C25H22N4O8	Caulobacteraceae	0
C12H17NO3	Lactococcus_garvieae	0
C15H18N4O5	Shigella	0
C28H28ClNO4S	Mycoplasma	0
C9H8N4O5	Intestinibacter_genus	0
C24H26ClFN4O	Alkaliphilus_metalliredigens_QYMF	0
C24H42O21	Styrax_aureus	0
C27H32N2O4S3	Campylobacter	0
C4H8O2	Prevotellaceae	0
C17H19NO3	Lactococcus_garvieae_Lg2	0
C15H16ClN3O5S	Streptococcus	0
C16H16ClN3O4	Planctomyces	0
C24H42O21	Collinsella	0
C9H18N6	Roseburia	0
C35H38Cl2N8O4	Porphyromonas_gingivalis	0
C27H32N2O4S3	Roseburia	0
C26H28Cl2N4O4	Proteus_penneri_ATCC35198	0
C20H21NO4	Desulfurispirillum_indicum_S5	0
C17H19NO3	Porphyromonadaceae	0
C34H57BrN2O4	Erwinia_tasmaniensis_Et1/99	0
C9H10N2O3S2	Clostridiales_incertae_sedis	0
C25H22N4O8	Lactobacillus_reuteri_CF48-3A_BEI_HM-102	0
C19H34Cl2N2O2	Klebsiella_pneumoniae	0
C15H21N3O3S	Rikenellaceae	0
C22H32N6O12S2	Citrobacter	0
C17H20ClNO3	Cronobacter_turicensis_z3032	0
C20H28O6	Collinsella_aerofaciens_ATCC25986	0
C13H12N2O5S	Coprococcus	0
C4H8Cl3O4P	Butyrivibrio_fibrisolvens	0
C15H16N7NaO5S3	Capnocytophaga	0
C17H21ClFN3O4	Clostridium_butyricum	0
C42H69NO15	Edwardsiella_tarda_ATCC23685	0
C22H26F3N3OS	Vibrio	0
C17H19NO3	Escherichia_coli	0
C21H34O5	Lactobacillus_animalis	0
C46H54N6O8S2	Enterobacter_aerogenes_KCTC_2190	0
C14H12Cl2NNaO3	Intestinimonas	0
C29H36O15	Faecalibacterium_cf._prausnitzii_KLE1255	0
C13H20N6O4	Barnesiella_intestinihominis	0
C14H16N2O2	Collinsella_stercoris_DSM_13279	0
C9H8N4O5	Eubacterium	0
C22H24N2O8	Neisseria_mucosa_ATCC_25996	0
C35H35NO12	Amphibacillus	0
C8H15N3O7	Coriobacteriales	0
C14H18N4O3	Barnesiella	0
C16H16N2O3S	Citrobacter_farmeri	0
C43H65FN6O10	Vibrio_furnissii_CIP_102972	0
C6H6N4O4	Eubacterium_rectale_ATCC33656	0
C3H6N6	Streptococcus_mutans	0
C4H8O2	Bacteroidaceae	0
C22H25ClN2O8	Slackia_isoflavoniconvertens	0
C28H41N3O3	Mycoplasma	0
C12H22O11	Rothia_mucilaginosa_DY-18	0
C18H27NO3	Morganella	0
C18H22Cl2N2	Bacteroides_eggerthii_DSM20697	0
C25H37NO4	Clostridium_cocleatum	0
C7H15Cl2N2O2P	Desulfurispirillum_indicum_S5	0
C22H19ClO3	Moryella	0
C17H21ClN2S	Planctomycetia	0
C27H37FO6	Escherichia_coli_ATCC_25922	0
C8H10ClN5O3S	Lachnoclostridium	0
C12H17N3O4S	Porphyromonadaceae	0
C43H65N5O10	Bacteroides_fragilis_3397	0
Cr+6	Hippea_maritima_DSM_10411	0
C28H44ClNO3S	Dorea_formicigenerans	0
C27H30ClNO10	Acidovorax	0
C10H12ClN5O3	Corynebacterium_Genus	0
C38H84N10O34S5	Eubacterium_limosum_KIST612	0
C18H18O2	Intestinibacter_genus	0
C20H21ClO4	Butyrivibrio	0
C18H20N2O6	Xenorhabdus_nematophila_ATCC_19061	0
C39H54N6O8S	Peptostreptococcus	0
C21H26BrNO3	Cronobacter_turicensis_z3032	0
C22H23N3O4	Phascolarctobacterium	0
C7H6O5	Clostridium_spiroforme_DSM1552	0
C17H18F3N3O3	Lactobacillus_acidophilus_ATCC_4796	0
C19H35NO2	Xenorhabdus_bovienii_SS-2004	0
C29H33ClN2O2	Holdemania	0
C19H16ClF3N4O3	Coriobacteriia	0
C8H10O2	Streptococcus_infantarius_subsp._infantarius_CJ18	0
C17H25N3O5S	Acinetobacter_haemolyticus_ATCC_19194	0
Mn+2	Listeria_welshimeri	0
C9H7N7O2S	Blautia_coccoides	0
C26H33NO6	Lactonifactor	0
C12H15NO3	anaerobic_bacterium_'strain_7'	0
C22H27NO2	Escherichia_coli_TW10509	0
C80H106Cl2N11O27P	Enterobacter_sp._638	0
C15H14N4O6S2	Lactococcus_garvieae	0
C11H12Cl2N2O5	Shigella_flexneri	0
C29H30N6O6	Sutterella_sp.	0
C22H28N4O6	Providencia_stuartii_ATCC25827	0
C17H21ClFN3O4	Clostridium_botulinum_A3	0
C4HF9O3S	Bacteroides_dorei_DSM17855	0
C17H19KN2O5S	Bifidobacterium_breve_DSM20213	0
C34H57BrN2O4	Bacteroides_ovatus	0
C10H13N5O5	Sporosarcina	0
C13H17ClN4O6	Christensenellaceae	0
C8H11NO5S	Staphylococcus_epidermidis_W23144	0
C26H31Cl3F3NO	Blautia_producta	0
C20H22N4O10S	Actinobacteria	0
C23H21ClO3	Faecalibacterium_prausnitzii	0
C12H8O4	Hippea_maritima_DSM_10411	0
C8H13N3O4S	Clostridium_scindens	0
C25H30ClNO5	Bacteroides_fragilis	0
C15H14N4O	Parabacteroides_merdae	0
C19H22FN3O4	Dorea	0
C10H12ClN5O3	Klebsiella_oxytoca	0
C28H32O15	Fusobacterium_nucleatum_subsp._polymorphum_ATCC_10953	0
C18H36N4O11	Prevotella_oris_Species_838	0
C11H8O2	Akkermansia	0
C17H17ClO6	Ruminococcus_lactaris_ATCC29176	0
C29H35NO8	Clostridium_carboxidivorans_P7	0
C23H31NO7	Bifidobacterium_longum_(Bifidobacterium_infantis,_Bifidobacterium_suis)	0
C22H26ClN3O4S	Klebsiella_pneumoniae	0
C7H5NO3S	Burkholderiales_Order	0
C12H15N3O2S	Clostridium_botulinum_D_str._1873	0
C22H26N2O4S	Lactobacillus_brevis	0
C11H16N4O4	Coriobacteriales	0
C22H24ClFN4O3	Clostridium_botulinum_BKT015925	0
C17H20ClNO3	Clostridium_symbiosum_ATCC1494_	0
C29H39N5O8	Eggerthella_lenta	0
C10H7Cl2N3O	Butyricimonas	0
C14H10O3	Johnsonella	0
C12H4Cl4O2	Erysipelotrichaceae	0
C15H14O3	Lactobacillus_brevis	0
C20H28O	Staphylococcus	0
C9H20N2O2	Fusobacteria	0
C19H18Cl3N3O3S	Candidatus_Saccharimonas	0
C10H13N5O4S	Parabacteroides_distasonis	0
C29H35NO8	Eubacterium_limosum	0
C17H20FN3O3	Aerococcus	0
C41H64O13	Coprococcus_comes	0
C13H6Cl6O2	Coprobacter	0
C13H8Cl2N2O4	Corynebacterium_striatum_ATCC_6940	0
C4H8O2	Lachnoclostridium	0
C18H27NO3	Alphaproteobacteria	0
C14H9ClF3NO2	Clostridium_ramosum_DSM1402	0
C4H3FN2O2	Peptostreptococcaceae	0
C22H19N4NaO8S2	Klebsiella_pneumoniae_subsp._rhinoscleromatis	0
C23H28N2O5S	Granulicatella_elegans_ATCC_700633	0
C11H11N5	Bacteroides	0
C22H25Cl2N3O	Bacteroides_uniformis_ATCC8492	0
C22H25Cl2N3O	Corynebacterium_Genus	0
C21H28F3N3O7	Cetobacterium	0
C16H16N3NaO7S2	Mycobacterium	0
C18H18ClNOS	Aggregatibacter_genus	0
C13H16N2O8S	Serratia_odorifera_DSM_4582	0
C20H40N6O8S	Proteus_penneri_ATCC35198	0
C9H13N3O5	Enterobacter_cancerogenus_ATCC35316	0
C28H31BrN2O2	Ruminococcus_sp.	0
C8H15N3O7	Lactobacillus_ultunensis_DSM_16047	0
C14H6O8	Enterobacteriaceae	0
C10H11F3N2O5	Bacteroides_eggerthii	0
C28H38N6O11S	Brachyspira_pilosicoli_95/1000	0
C26H31Cl3F3NO	Bacteroides_fragilis_DS-208	0
C13H18Cl2N2O2	Oscillibacter	0
C21H22ClN	Bifidobacterium_bifidum_NCIMB_41171	0
C14H12FNO3	Dickeya_dadantii_3937	0
C14H8Cl4	Salmonella_typhimurium_LT2	0
C10H19O6PS2	Cetobacterium_somerae	0
C27H33N3O6S	Citrobacter_rodentium_ICC168	0
C22H25N3O7S	Jeotgalicoccus	0
C15H22FN3O6	Lactobacillus_ruminis_SPM0211	0
C7H7NO3	Acidovorax	0
C6H10N6O	Prevotella_oris_C735	0
C23H39NO4	Snodgrassella_alvi	0
C19H25ClN2S	Blautia_obeum	0
C14H9ClF3NO2	Xenorhabdus_bovienii_SS-2004	0
C28H28ClNO4S	Alphaproteobacteria	0
C16H17N3O7S2	Gammaproteobacteria	0
C10H11ClFN5O3	Marvinbryantia_formatexigens_DSM_14469	0
C23H32N6O4S	Gemmatimonadetes	0
C17H16F6N2O	Bifidobacterium_longum_(Bifidobacterium_infantis,_Bifidobacterium_suis)	0
C32H55BrN4O	Gemmatimonadetes	0
C22H25N3O7S	Clostridium_botulinum_C_str._Eklund	0
C17H18FN3O3S	Escherichia_coli	0
C22H45N5O14	Clostridium_scindens_ATCC35704	0
C17H21F2N3O3	Megasphaera_elsdenii_DSM_20460	0
C28H31FN4O	Clostridia	0
C21H39N7O12	Prevotella	0
C12H19BrN2O2	Clostridium_ramosum_DSM1402	0
C11H12Cl2N2O5	Campylobacter_hominis_ATCC_BAA-381	0
C23H27Cl2N3O2	Legionella	0
C27H33NO3	Escherichia_albertii_TW07627	0
C88H100Cl2N10O28	Streptococcus_thermophilus	0
C9H13N3O5	Oscillibacter	0
C11H12I3NO2	Ruminococcus_bromii	0
C4HF9O3S	Lactobacillus_fermentum_CECT_5716	0
C46H54N6O8S2	Rikenellaceae	0
C16H15N4NaO8S	Weissella_cibaria_KACC_11862	0
C22H28Cl2F3N3OS	Lactobacillus_paracasei_Species_1578	0
Ni	Bifidobacterium_bifidum_NCIMB_41171	0
C23H26N2O5S	Plautia_stali_symbiont	0
C29H30N6O6	Pseudomonas_alcaligenes_Species_286	0
C6H10N6O	Dickeya_zeae_Ech1591	0
C13H16N2O8S	Lawsonia	0
C18H18F3NO4	Shigella_flexneri	0
C25H29N3O2	Cronobacter_sakazakii	0
C15H16N7NaO5S3	Bacteroides_fragilis_HMW610	0
C23H20F2N2O4	Burkholderia_mallei_ATCC_23344	0
C19H18ClF2N3O3	Lachnoclostridium	0
C6H12NNaO3S	Lacrimispora_sphenoides_Species_n.a.	0
C16H20FN3O4	Serratia_sp._AS12	0
C15H12N2O2	Bacteroides_vulgatus	0
C10H11ClFN5O3	Ruminococcus_torques	0
C27H29N5O6S	Aggregatibacter_genus	0
C22H27FN4O2	Bacteroides_thetaiotaomicron	0
C18H20N2O6	Lactococcus_garvieae	0
C6H8N2O8	Bacteroides_uniformis	0
C18H15NO8S2	Dickeya_dadantii_Ech586	0
C27H29N5O6S	Actinomyces_sp._oral_taxon_17_	0
C8H6ClF3N2OS	Fusobacterium_nucleatum_subsp._vincentii_4_1_13	0
C21H20Cl2O3	Clostridium_bolteae_ATCCBAA-613	0
C10H13N3O5S	Blautia_producta	0
C26H32F2O7	Clostridium_bartlettii_DSM_16795	0
C11H15NO2	Candidatus_Odyssella	0
C17H17Cl2N	Enterobacter_cloacae_subsp._cloacae_ATCC_13047	0
C26H28Cl2F2N2	Citrobacter_rodentium_ICC168	0
C28H38N6O11S	Bacteroides_fragilis_3397	0
C17H18FN3O3S	Eubacterium_plexicaudatum	0
C23H28ClN	Dorea	0
C13H20N6O4	Burkholderia_vietnamiensis_G4	0
C21H20O9	Butyricicoccus	0
C11H12Cl2N2O5	Salmonella_enterica_subsp._enterica_serovar_Dublin_str._SD3246	0
C4H8Cl3O4P	Erysipelatoclostridium_ramosum	0
C19H27NO3	Acinetobacter_haemolyticus_ATCC_19194	0
C20H40N6O8S	Edwardsiella_ictaluri_93-146	0
C22H24N2O8	Enterocloster_bolteae	0
C19H28Cl2N6O6S2	Plesiomonas_shigelloides	0
C23H27NO5S	Enterobacteriaceae	0
C24H31NO8	Spirochaetes	0
C13H17N5O8S2	Eubacterium_ramulus	0
C32H55BrN4O	Salmonella_enterica_subsp._enterica_serovar_Dublin_str._SD3246	0
C17H19N3O3S	Slackia_exigua_ATCC_700122	0
C12H15Cl2NO5S	Faecalibacterium	0
Cl2Hg	Tannerella	0
C24H27NO5S	Roseburia	0
C24H36O5	Desulfotalea_psychrophila_LSv54	0
C19H16ClF3N4O3	Bacteroides_fragilis_HMW615	0
C48H48N4O6S2	Providencia_rettgeri_DSM1131	0
C18H19N3O5S	Veillonella_sp._6_1_27	0
C15H16O2	Corynebacterium_striatum_ATCC_6940	0
C24H31NO8	Streptococcus_parasanguinis_ATCC_15912	0
C21H20O9	Bacteroides_cellulosilyticus_DSM14838	0
C17H24O10	Enterobacteriaceae	0
C22H19NO4	Pectobacterium_wasabiae_WPP163	0
C36H60N2O8S	Clostridium_bartlettii_DSM_16795	0
C13H12Cl2O4	Ruminococcus_gnavus_ATCC29149	0
C17H18FN3O3S	Vibrio_cholerae_Species_662	0
C25H34O6	Eubacterium_limosum_KIST612	0
C9H5Cl2NO	Eggerthella_sp._Species_84111	0
C8H6N4O5	Oxalobacteraceae	0
C16H19N3O5S	Capnocytophaga	0
C20H31NO	Erysipelotrichaceae	0
C6H12NNaO3S	Escherichia_albertii_TW07627	0
C23H32N2O5	Salmonella_typhimurium_LT2	0
C12H22O11	Paenibacillaceae	0
C21H27N3O7S	Propionibacterium_acnes_SK182B-JCVI	0
C46H58N4O9	Arthromitus	0
C9H7N7O2S	Clostridium_ramosum_DSM1402	0
C19H12O6	Granulicatella_elegans_ATCC_700633	0
C4H3FN2O2	Bifidobacteriales	0
Cr	Lactobacillus_reuteri_CF48-3A_BEI_HM-102	0
C22H30Cl2N10	Salmonella_typhimurium_LT2	0
C38H72N2O12	Microbacterium	0
C95H146O28	Lactobacillus_murinus	0
C12H14N4O2S	Clostridium_perfringens_Species_1485	0
C18H19Cl2NO4	Blautia_coccoides	0
C7H6O5	Escherichia_coli_ATCC_25922	0
C66H75Cl2N9O24	Agrobacterium_tumefaciens_F2	0
C8H12N4O5	Bifidobacterium_adolescentis	0
C8H12N4O5	Staphylococcaceae	0
C25H31N3O6	Peptostreptococcus	0
C21H34O5	Christensenellaceae	0
C17H19N5	Mollicutes	0
C19H15ClN2O4	Nitrospira	0
C6H8N2O8	Lawsonia	0
C23H34O5	Acinetobacter_haemolyticus_ATCC_19194	0
C14H26Cl2N2O7	Bifidobacterium_adolescentis	0
C10H19O6PS2	Fusobacterium	0
C20H23ClN2O4	Peptostreptococcus	0
C24H21F2NO3	Akkermansia	0
C23H27NO5S	Mucispirillum	0
C22H25N5O2	Actinomyces_coleocanis_DSM_15436	0
C19H17NOS	Xenorhabdus_bovienii_SS-2004	0
C38H84N10O34S5	Gardnerella	0
C43H65FN6O10	Oscillibacter_sp.	0
C19H24N6O5S2	Olsenella	0
C22H30Cl2N10	Lactobacillus_johnsonii_Species_1578	0
C32H40ClNO4	Oxalobacteraceae	0
C32H41NO2	Desulfurispirillum_indicum_S5	0
C13H12Cl2O4	Pantoea_ananatis_LMG_5342	0
C19H24ClN3O	Mucispirillum_schaedleri	0
C15H23N3O2	Clostridium_ramosum_DSM1402	0
C3H6N6	Neisseriaceae	0
Cd	Moryella	0
C24H26BrN3O3	Escherichia	0
C14H6O8	Aerococcus	0
C20H35AuO9PS	Actinobacteria	0
C21H22O9	Enterorhabdus	0
C44H69NO12	Escherichia_coli	0
C10H12N4O5S	Burkholderiales_Order	0
C17H17ClF6N2O	Anaerotruncus_colihominis_DSM17241	0
C14H28ClNO6	Ruminococcus	0
C27H23N5O4	Pseudoflavonifractor_capillosus_ATCC_29799	0
C20H22ClN	Alcaligenes	0
C23H26N2O5S	Lactobacillus_delbrueckii_subsp._lactis_DSM_20072	0
C22H19N4NaO8S2	Bifidobacterium_longum_subsp._infantis	0
C21H28ClN3O7S	Lactobacillus_plantarum_Species_1578	0
C14H9ClF3NO2	Enterobacter_cloacae	0
C46H54N6O8S2	Clostridium_carboxidivorans_P7	0
C26H27N5O2	Capnocytophaga	0
C21H24FN3O4	Erysipelotrichaceae	0
C23H20F2N2O4	Enterocloster_bolteae	0
C16H18FN3O3	Pseudomonas_stutzeri_DSM_4166	0
C42H78N2O14	Saccharibacteria	0
C26H58Cl2N10	Intestinibacter_genus	0
C34H57BrN2O4	Lactococcus	0
C24H31NO8	Alistipes_indistinctus	0
C18H18O2	Clostridium_sp._7_2_43FAA	0
C24H21F2NO3	Actinobacteria	0
C11H15NO2	Clostridium_leptum	0
C62H111N11O12	Parabacteroides_merdae	0
C11H14N4O2	Klebsiella_pneumoniae_subsp._rhinoscleromatis	0
C14H24Cl2N2O3	Clostridium_botulinum_D_str._1873	0
C22H27FN4O2	Olsenella_uli_DSM_7084	0
C26H31Cl3F3NO	Clostridium_sp._7_2_43FAA	0
C15H10O2	Bifidobacterium_breve	0
C23H32N2O5	Clostridioides_difficile	0
C28H32ClN3O8S	Subdoligranulum_variabile_DSM15176	0
C18H17NO5	Turicibacter	0
C24H32N2O9	Lawsonia	0
C19H22FN3O4	Shigella	0
C9H8N4O5	Roseburia_intestinalis	0
C19H18Cl2N2O4	Bifidobacterium_sp.	0
C14H14ClN3	Clostridium_bartlettii_DSM_16795	0
C29H39N5O8	Bacteroides_fragilis_HMW615	0
C7H15Cl2N2O2P	Escherichia_coli	0
C27H34I2N4	Lactobacillus_delbrueckii_subsp._bulgaricus	0
C12H4Cl4O2	Bacilli_Class	0
C16H18N4O3S	Lawsonia	0
C24H30O3	Deferribacteres_phylum	0
C14H11Cl2NO2	Peptostreptococcus_stomatis_DSM_17678	0
C8H15N7O2S3	Pseudomonas_stutzeri_DSM_4166	0
C18H25Cl2N9O4S3	Pectobacterium_wasabiae_WPP163	0
C19H12O8	Lactobacillaceae	0
C17H17ClN6O3	Eubacterium_ventriosum_ATCC27560	0
C75H70N6O6	Helicobacter_pylori	0
C7H11N3O3	Amphibacillus	0
C18H20O2	Butyrivibrio_proteoclasticus	0
C26H35NO7	Dickeya_zeae_Ech1591	0
C14H9N4NaO5	Serratia_sp._AS12	0
C4H4KNO4S	Bacteroides_intestinalis_DSM17393	0
C20H24ClNS	Granulicatella_elegans_ATCC_700633	0
C22H17ClN2	Enterobacter	0
C8H12N4O5	Ruminococcus	0
C24H30Cl2N2O3	Escherichia_coli_ATCC_25922	0
C19H20N2O3S	Clostridium_scindens_ATCC35704	0
C20H23ClN2O4	Eggerthella_sp._Species_84111	0
C25H29Cl3N2	Bifidobacterium_breve	0
C19H24N2O6	Erysipelotrichaceae	0
C14H16N4	Acidovorax	0
C23H20N2O3S	Actinobacteria	0
C23H27Cl2N3O2	Serratia_sp._AS12	0
C22H24ClN3O5	Corynebacterium_Genus	0
C17H21ClN2S	Deferribacteres_phylum	0
C11H15NO2	Fusobacterium_nucleatum_subsp._vincentii_4_1_13	0
C22H26N2O2	Enterobacter_cloacae_subsp._cloacae_NCTC_9394	0
C19H18Cl2N3NaO6S	Lactococcus_garvieae	0
C19H28Cl2N6O6S2	Alistipes	0
C21H26BrNO3	Veillonella_sp._6_1_27	0
C53H90O22	Gardnerella	0
Cr+6	Blautia_Genus	0
C21H41N5O11	Bifidobacterium_adolescentis	0
C12H22O11	Lactobacillus_ultunensis_DSM_16047	0
C80H106Cl2N11O27P	Blautia_Genus	0
C15H22FN3O6	Pseudomonas	0
C9H5Cl2NO	Collinsella_aerofaciens_ATCC25986	0
C4H4FN3O	Clostridium_perfringens_CPE_str._F4969	0
C19H25F3N2O6	Rothia_mucilaginosa_DY-18	0
C33H38N4O6	Burkholderia_mallei_ATCC_23344	0
C17H17N7O8S4	Lachnospiraceae_Family	0
C17H17ClN6O3	Candidatus_Odyssella	0
C21H39N7O12	Bifidobacteriales	0
C19H27N5O4	Bifidobacterium_bifidum_NCIMB_41171	0
C29H34Cl2N2O2	Akkermansia_muciniphila_Species_239934	0
C17H18FN3O3S	Verrucomicrobia_Phylum	0
C22H25Cl2N3O	Bifidobacteriales	0
C19H24ClN3O	Collinsella	0
C12H10F3N3O4	Butyrivibrio_fibrisolvens	0
C18H14Cl4N2O	Bifidobacterium_longum_subsp._Infantis_CCUG52486	0
C19H24N2S	Neisseria_elongata_subsp._glycolytica_ATCC_29315	0
C20H28Cl3N3O3	Rahnella_sp._Y9602	0
C3H6N6	Pseudomonas_aeruginosa_NCGM2.S1	0
C23H32O3	Clostridium_botulinum_D_str._1873	0
C10H12ClN5O3	Lactobacillales_Order	0
C15H14O3	Lactobacillus_mucosae	0
C25H43NO18	Pseudomonas_aeruginosa_NCGM2.S1	0
C42H70O12	Klebsiella_oxytoca_KCTC_1686	0
C14H14O3	Clostridium_ramosum_DSM1402	0
C9H9HgNaO2S	anaerobic_bacterium_'strain_7'	0
C15H10O5	Enterococcus	0
C24H30O3	Dehalobacterium_n.a.	0
C16H17N3O7S2	Parasutterella	0
C53H90O22	Lactobacillaceae	0
C15H11N3O3	Blautia_producta	0
C18H19Cl2NS	Bifidobacterium_bifidum_NCIMB_41171	0
C10H13N3O5S	Streptococcus_thermophilus_JIM_8232	0
C47H51NO14	Lactococcus_garvieae_Lg2	0
C24H42O21	Enterorhabdus	0
C15H16N7NaO5S3	Burkholderiales_Order	0
C9H8N4O5	Acetobacter	0
C21H23BrFNO2	Enterobacter_asburiae_LF7a	0
C22H21N8O8PS4	Veillonella_sp._6_1_27	0
C20H21NO4	Erysipelotrichaceae	0
C7H11N3O3	Allobaculum	0
C17H20N4S	Eubacterium_biforme_DSM3989	0
C26H33NO9	Dorea_longicatena	0
C10H13N5O4S	Lactonifactor_longoviformis	0
C9H4Cl3IO	Holdemania	0
C4H3FN2O2	Salmonella_bongori_NCTC_12419	0
C17H16F6N2O	Roseburia_faecis	0
C14H21N3O3S	Lactobacillus_brevis_subsp._gravesensis_ATCC_27305	0
C7H14N2O2S	Eubacterium_biforme_DSM3989	0
C8H6ClF3N2OS	Roseburia_hominis	0
C17H20FN3O3	Victivallis_vadensis_ATCC_BAA-548	0
C18H15NO3	Bacteroides_caccae	0
C20H28O6	Bacillus_cereus_Species_1386	0
C22H32N6O12S2	Listeria_welshimeri	0
As	Alcaligenes	0
C11H16N4O4	Enterocloster_bolteae	0
C12H22O11	Bacillales	0
C13H9NOSe	Bacteroides_ovatus	0
C23H27N3O7	Clostridium_clariflavum_DSM_19732	0
C23H45N5O14	Bacteroides_thetaiotaomicron_VPI-5482	0
C23H34O5	Amphibacillus	0
C23H28ClN	Turicibacter	0
C29H35NO8	Enterococcus_hirae	0
C22H32N6O12S2	Fusobacterium	0
C35H38Cl2N8O4	Streptococcus_agalactiae	0
C18H36N4O11	Parabacteroides_johnsonii	0
C13H17ClN4O6	Bifidobacterium_dentium_ATCC_27679	0
C23H36N4O10S2	Agrobacterium_tumefaciens_F2	0
C18H18N8O7S3	Mycoplasma	0
C24H29ClO4	Lactobacillus_animalis	0
C26H32F2O7	Lactobacillus_reuteri_CF48-3A_BEI_HM-102	0
C17H18F3NO	Cetobacterium	0
C29H31F2N3O	Ruminococcus_torques_ATCC27756	0
C23H32O3	Arthromitus	0
C8H6ClF3N2OS	Bacteroides_ovatus	0
C7H14N2O2S	Veillonella_sp._oral_taxon_158	0
C15H27N3O9P2	Lactobacillus_murinus	0
C26H31Cl3F3NO	Shewanella_frigidimarina_NCIMB_400	0
C18H27N3O6S	Sporosarcina	0
C7H6O5	Campylobacter	0
C11H11N5	Lactobacillus_plantarum_Species_1578	0
C42H70O12	Megasphaera_elsdenii_DSM_20460	0
C30H41N3O10S2	Rahnella_sp._Y9602	0
C22H27Cl3N2OS	Roseburia_faecis	0
C12H20N2O3S	Raoultella_terrigena	0
C23H27N3O6	Serratia_marcescens	0
C15H22FN3O6	Shigella_flexneri	0
C10H11ClFN5O3	Clostridium_botulinum_A3	0
C28H44ClNO2	Bacteroides_dorei	0
C17H21ClFN3O4	Clostridium_botulinum_C_str._Eklund	0
C17H25N3O5S	Pectobacterium_atrosepticum_SCRI1043	0
C18H27N3O6S	Helicobacter_mustelae_12198	0
C26H29NO	Slackia_exigua_ATCC_700122	0
C22H28FN3O6S	Tannerella	0
C21H27N3O7S	Eubacterium_limosum_KIST612	0
C6HCl5O	Bacteroides_stercoris_ATCC43183	0
C22H29FO5	Prevotella	0
C18H14F4N2O4S	Lactobacillus_johnsonii_Species_1578	0
C8H9N3O4	Alloprevotella	0
C21H23N3OS	Cetobacterium	0
C27H38N2O4	Streptococcus_infantarius_subsp._infantarius_CJ18	0
C20H16N2O4	Campylobacter_gracilis_RM3268	0
C10H13N5O4S	Rikenellaceae	0
C16H16ClN3O4	Serratia_proteamaculans_568	0
C22H45N5O14	Morganella	0
C21H27ClN2S2	Clostridium_butyricum	0
C4H4KNO4S	Clostridium_carboxidivorans_P7	0
C12H19Cl3O8	Lactonifactor_longoviformis	0
C24H32N2O9	Bilophila	0
C22H32O3	Veillonella	0
C23H28ClN	Lactobacillus_mucosae	0
C17H17ClO6	Butyrivibrio_proteoclasticus	0
C22H25N3O7S	Gordonibacter	0
C19H26I3N3O9	Bacteroidaceae	0
C8H15N3O7	Oscillibacter_sp.	0
C15H11N2NaO2	Dickeya_dadantii_3937	0
C46H77NO17	Propionibacterium_acnes_SK182B-JCVI	0
C18H19Cl2NO4	Ruminococcus_sp._SR1/5	0
C18H20ClF3N2S	Pantoea_sp._At-9b	0
C23H36Cl3N3O3	Bacteroides_clarus_YIT_12056	0
C10H15N5	Fusobacterium_nucleatum_subsp._polymorphum_ATCC_10953	0
C9H11FN2O5	Gilliamella_apicola	0
C19H12O6	Cronobacter_turicensis_z3032	0
C23H45N5O14	Clostridium_botulinum_E1	0
C40H50N4O6S2	Slackia_equolifaciens	0
C10H17N	Desulfovibrionaceae	0
C28H41N3O3	Faecalibacterium	0
C48H48N4O6S2	Streptococcus_dysgalactiae_subsp._dysgalactiae_ATCC_27957	0
C4H4N6O	Akkermansia_muciniphila_ATCC_BAA-835	0
C11H14N4O2	Lactobacillus_vaginalis_ATCC_49540	0
C21H24FN3O4	Rahnella_sp._Y9602	0
C10H15N	Lactobacillus_fermentum_CECT_5716	0
C24H31NO8	Escherichia	0
C16H24N2	Victivallis_vadensis_ATCC_BAA-548	0
C13H17N3O2	Butyricimonas	0
C16H20FN3O4	Lachnoclostridium	0
C21H45N3	Citrobacter_amalonaticus	0
C16H22O4	Bacteroides_uniformis_ATCC8492	0
C33H30N4O2	Corynebacterium_pseudogenitalium_ATCC_33035	0
C16H16ClN3O4	Arthrobacter	0
C11H12N2O2S	Fusobacterium_necrophorum_D12	0
C4H7NaO2	Providencia_alcalifaciens_DSM30120	0
C27H33N3O6S	Yersinia_enterocolitica_subsp._enterocolitica_8081	0
C20H40N6O8S	Neisseria_elongata_subsp._glycolytica_ATCC_29315	0
C26H58Cl2N10	Streptococcus_sanguinis_species_1301	0
C15H10O2	Slackia_equolifaciens	0
C26H33NO6	Enterococcus_hirae	0
Mn+2	Clostridium_difficile_120	0
C17H17Cl2N	Salmonella_typhimurium_LT2	0
C7H6O5	Proteobacteria	0
C10H12FN5O4	Clostridium_scindens	0
C18H20ClF3N2S	Clostridioides_difficile	0
C38H84N10O34S5	Corynebacterium_lipophiloflavum_DSM_44291	0
C22H28FN3O6S	Prevotella_copri	0
C23H21F7N4O3	Dorea	0
C20H18N6Na2O9S	Clostridium_hiranonis_DSM_13275	0
C4H7NaO2	Bifidobacterium_bifidum_NCIMB_41171	0
C21H34ClN3O5S	Fusobacterium_nucleatum_subsp._vincentii_4_1_13	0
C13H18ClN3O4S2	Pectobacterium_wasabiae_WPP163	0
C13H17ClN4O6	Fusobacteria	0
C22H26N2O2	Prevotella	0
C21H22Cl2N2O8	Mycoplasma_hyorhinis	0
C16H14F3N5O	Gardnerella	0
C19H22N2O	Escherichia_coli	0
C38H84N10O34S5	Faecalibacterium_prausnitzii	0
C23H23NO4S	Ruminococcus_torques	0
C23H39NO4	Coprococcus_comes_ATCC27758	0
C16H17N2NaO4S	Bifidobacterium_dentium_Species_1678	0
C13H18ClN3O4S2	Shewanella_frigidimarina_NCIMB_400	0
C8H6ClF3N2OS	Edwardsiella_ictaluri_93-146	0
C12H10F3N3O4	Citrobacter_farmeri	0
C21H39N7O12	Johnsonella	0
C42H88N14O36S3	Mucispirillum_schaedleri	0
C19H27N5O4	Rheinheimera_sp._A13L	0
C17H25N3O5S	Clostridium_sp._7_2_43FAA	0
C12H24N2O4	Raoultella_terrigena	0
C17H17Cl2N	Paenibacillaceae	0
C22H23ClN2O2	Brevundimonas	0
C21H20Cl2O3	Porphyromonas_gingivalis	0
C23H27N5O7S	Rheinheimera_sp._A13L	0
C15H14ClN3O4S	Blautia_coccoides	0
C14H10F3NO2	Aggregatibacter_genus	0
C19H27NO3	Alloprevotella	0
C23H32N2O5	Bifidobacteriaceae	0
C9H18N6	Gilliamella_apicola	0
C22H21N8O8PS4	Eubacterium_rectale_ATCC33656	0
C32H40ClNO4	Clostridium_hathewayi_DSM13479	0
C27H29NO11	Collinsella_stercoris_DSM_13279	0
C29H31F2N3O	Bacteroides_finegoldii_DSM17565	0
C24H28N2O3	Clostridiales	0
C33H38N4O6	Proteobacteria	0
C16H16Cl3N	Flavobacteria	0
C28H32O15	Enterorhabdus	0
C16H15N5O7S2	Clostridium_hathewayi_DSM13479	0
C62H111N11O12	Lactococcus	0
C20H28O	Staphylococcaceae	0
C20H17F2N3O3	Bacteroides_WH2	0
C26H30ClN3O6	Intestinibacter_genus	0
C19H22N2O	Ruminococcus_torques_ATCC27756	0
C19H22F2N4O3	anaerobic_bacterium_'strain_7'	0
C19H16O4	Bifidobacteriaceae	0
C16H16ClN3O4	Erysipelatoclostridium_ramosum	0
C12H21N2O3PS	Edwardsiella_ictaluri_93-146	0
C19H18ClF2N3O3	Acinetobacter_baumannii_TCDC-AB0715	0
C47H64N4O12	Bacteroides_uniformis_ATCC8492	0
C6H6N4O4	Dickeya_dadantii_Ech586	0
C28H31BrN2O2	Pseudomonas_syringae_pv._morsprunorum_str._M302280	0
C17H17ClO6	Acidovorax	0
C21H33N3O5S	Turicibacter	0
C19H27N5O4	Caulobacterales_order	0
C31H33N3O6S	Bacteroides_uniformis	0
C11H12Cl2N2O5	Bifidobacteriaceae	0
C18H14F4N2O4S	Pectobacterium_wasabiae_WPP163	0
C7H6O5	Capnocytophaga	0
C23H45N5O14	Bifidobacterium_pseudocatenulatum_DSM_20438	0
C42H88N14O36S3	Gilliamella_apicola	0
C11H10N4O4	Serratia_marcescens	0
C15H10O2	Anaerotruncus_colihominis_DSM17241	0
C21H30O5	Clostridium_sporogenes_ATCC15579	0
C22H25N3O7S	Parabacteroides_Genus	0
C21H27N3O7S	Corynebacterium_jeikeium_ATCC_43734	0
C43H51N3O11	Escherichia_coli_TW10509	0
C19H24N2S	Bacteroides_cellulosilyticus_DSM14838	0
C19H34Cl2N2O2	Bacteroides_vulgatus_ATCC8482	0
C88H97Cl2N9O33	Eubacterium_ventriosum_ATCC27560	0
C24H28N2O5	Clostridium_symbiosum_ATCC1494_	0
C12H13NO2	Lactobacillus_sakei_subsp._sakei_23K	0
C12H4Cl4O	Listeria_seeligeri_FSL_N1-067	0
C35H36ClNO3S	Staphylococcus	0
C48H72O14	Lactobacillaceae	0
C23H27N3O7	Enterococcus_faecalis_V583	0
C17H19N5	Bacteroides_sp._Species_816	0
C36H60N2O8S	Ruminococcus_sp._SR1/5	0
C12H14N4O2S	Actinomyces_sp._oral_taxon_17_	0
C12H9F3N2O2	Bacteroidales	0
C27H30ClNO11	Bacteroides	0
C41H76N2O15	Alistipes_indistinctus	0
C12H17N3O4S	Butyrivibrio	0
C27H33N3O6S	Prevotella_oris_Species_838	0
C25H30ClNO5	Alteromonadales_Order	0
C23H26N5NaO7S	Pectobacterium_atrosepticum_SCRI1043	0
C18H14F4N2O4S	Staphylococcus_aureus	0
C3H9NO5P+	Bacteroides_fragilis	0
C15H22FN3O6	Phascolarctobacterium	0
C16H18N2O4S	Bacteroides_stercoris_ATCC43183	0
C18H20O2	Lachnoclostridium	0
C24H35ClN2O	Anaerostipes	0
C16H19N3O5S	Porphyromonas_uenonis_60-3	0
C23H23NO4S	Pseudomonas_fluorescens_Species_286	0
C24H30O3	Lacrimispora_saccharolytica	0
C38H84N10O34S5	Fusobacterium_nucleatum_subsp._vincentii_4_1_13	0
C26H27N5O2	Ruminococcus_gnavus	0
C8H9N3O4	Burkholderia_mallei_ATCC_23344	0
C21H29NO4S	Lacrimispora_saccharolytica	0
C21H45N3	Enterococcus_faecium_(Streptococcus_faecium)	0
C15H10O2	Eubacterium_limosum_KIST612	0
C22H25Cl2N3O	Bacteroides_fragilis_HMW615	0
C20H22N4O10S	Ruminococcus	0
C18H14F4N2O4S	Eggerthella_lenta	0
C14H12FNO3	Bifidobacterium_bifidum_NCIMB_41171	0
C17H15N5O	Parabacteroides_distasonis_ATCC8503	0
C6HCl5O	Clostridium_sticklandii_Species_186831	0
C54H92O23	Xanthomonas_campestris_pv._vesicatoria_str._85-10	0
C9H11FN2O5	Bacteroides_fragilis	0
C18H20FN5O4	Candidatus_Saccharimonas	0
C22H32N2O5S	Nitrospira	0
C35H36ClNO3S	Listeria_grayi_DSM_20601	0
C8H15N7O2S3	Shigella_flexneri	0
C28H44ClNO2	Peptostreptococcus_stomatis_DSM_17678	0
C22H28N4O6	Holdemanella	0
C24H24ClN3O6S	Slackia_heliotrinireducens_DSM_20476	0
C9H14ClNO3	Veillonellaceae_family	0
C24H29N5O8S	Megasphaera_elsdenii_DSM_20460	0
C19H18N3NaO5S	Bacteroides_thetaiotaomicron_VPI-5482	0
C21H28ClN3O7S	Escherichia_coli_IAI1	0
C17H18FN3O3S	Lactobacillus_mucosae	0
C23H26N2O5S	Desulfovibrio_alaskensis_G20	0
C12H12N2O3	Clostridium_difficile_120	0
C8H9N3O4	Escherichia_coli_BL21(DE3)	0
C19H20ClN3	Allobaculum	0
C20H22N4O10S	Eubacterium_limosum	0
C15H14ClN3O4S	Gammaproteobacteria	0
C16H15N5O7S2	Streptococcus_infantarius_subsp._infantarius_CJ18	0
C17H18FN3O3S	Cyanobacteria	0
C23H30O3	Serratia_marcescens	0
C28H44ClNO2	Dickeya_dadantii_Ech703	0
C35H36ClNO3S	Streptococcus_sanguinis_species_1301	0
C32H55BrN4O	Lactobacillus_delbrueckii_subsp._lactis_DSM_20072	0
C20H31NO	Klebsiella_pneumoniae	0
C24H29N5O3	Caulobacteraceae	0
C23H36Cl3N3O3	Micrococcaceae	0
C18H20ClF3N2S	Collinsella	0
C20H16N2O4	Streptococcus	0
C13H17N5O8S2	Eubacteriaceae	0
C13H6Cl6O2	Streptococcus_thermophilus_JIM_8232	0
C23H36N4O10S2	Bifidobacteriales	0
C17H16F6N2O	Bacteroides_eggerthii	0
C9H11IN2O5	Mycoplasma	0
C42H69NO15	Bacilli_Class	0
C70H76N10O16	Pseudomonas	0
C25H22N4O8	Escherichia_coli_ATCC_25922	0
C48H48N4O6S2	Helicobacter_pylori	0
C20H12	Lacrimispora_sphenoides_Species_n.a.	0
C21H26N2O7	Capnocytophaga_gingivalis_ATCC_33624	0
C19H17ClFN3O5S	Salmonella_enterica_subsp._enterica_serovar_Dublin_str._SD3246	0
C29H30N6O6	Enterobacter_cloacae_subsp._cloacae_ATCC_13047	0
C3H6N6	Parasutterella	0
C22H17N3O5	Fusobacteria	0
C34H48Na2O7	Edwardsiella_ictaluri_93-146	0
C23H31NO3	Klebsiella_pneumoniae_subsp._rhinoscleromatis	0
C7H7NO3	Clostridium_perfringens_Species_1485	0
C17H18F3N3O3	Corynebacterium_jeikeium_ATCC_43734	0
C21H27N5O9S2	Pediococcus	0
C23H29N3O2S2	Erwinia_billingiae_Eb661	0
C25H30ClNO5	Bifidobacterium_longum_subsp._infantis	0
C12H21N	Lawsonia	0
C4H8O2	Gammaproteobacteria	0
C19H34Cl2N2O2	Enterobacter_sp._638	0
C25H27N9O8S2	Bacteroides_fragilis_NCTC_9343	0
C18H19NOS	Pediococcus	0
C13H17ClN4O6	Burkholderia_mallei_ATCC_23344	0
C17H17ClO6	Clostridium_spiroforme_DSM1552	0
C17H24O10	Pseudomonas_syringae_pv._morsprunorum_str._M302280	0
C23H36Cl3N3O3	Eubacteriaceae	0
C8H6ClF3N2OS	Bacteroides_fragilis_NCTC_9343	0
C21H27N3O7S	Eubacteriaceae	0
C14H14O3	Veillonella_sp._6_1_27	0
C28H31FN4O	Propionibacterium_acnes_SK182B-JCVI	0
Ag	Comamonas	0
C12H20N2O3S	Weissella_cibaria_KACC_11862	0
C22H25NO6	Burkholderia_vietnamiensis_G4	0
C17H18FN3O3S	Lactonifactor_longoviformis	0
C32H37NO8	Bacteroides_dorei	0
C21H28O2	Serratia_sp._AS12	0
C10H12N4O3S	Lactobacillus_plantarum_Species_1578	0
C48H56N6O8S2	Alistipes	0
C21H27N3O7S	Lactobacillus_reuteri	0
C33H40N2O9	Bacilli_Class	0
C13H9NOSe	Shewanella_putrefaciens_200	0
C27H29N5O6S	Clostridium_botulinum_C_str._Eklund	0
C11H12I3NO2	Butyrivibrio_proteoclasticus	0
C13H12F2N6O	Veillonellaceae_family	0
C18H18N8O7S3	Clostridium_cocleatum	0
C11H15N5O4	Oxalobacteraceae	0
C35H38Cl2N8O4	Bifidobacterium_breve	0
C19H18N3NaO5S	Eubacterium_rectale_ATCC33656	0
C25H29I2NO3	Clostridium_clariflavum_DSM_19732	0
C20H23N5O6S	Pseudomonas_stutzeri_DSM_4166	0
C24H31FO6	Lacrimispora_sphenoides_Species_n.a.	0
C80H106Cl2N11O27P	Citrobacter_koseri_ATCC_BAA-895	0
C22H23ClN6O	Intestinibacter_genus	0
C24H26BrN3O3	Anaerostipes	0
C28H32ClN3O8S	Vibrio	0
C21H23NO4S	Rothia_mucilaginosa_DY-18	0
C27H42ClNO2	Eubacterium_plexicaudatum	0
C15H22FN3O6	Butyricicoccus	0
C32H41NO2	Faecalibacterium_cf._prausnitzii_KLE1255	0
C18H20N2O6	Corynebacterium_jeikeium_ATCC_43734	0
C15H11N2NaO2	Dorea	0
C19H27NO3	Salmonella_typhimurium_LT2	0
C16H19N3O4S	Mollicutes	0
C8H7N3O5	Neisseria_bacilliformis_ATCC_BAA-1200	0
C12H13ClN4	Sporosarcina	0
C31H35N2NaO11	Ruminococcus_bromii	0
C21H22O9	Clostridium_ramosum_DSM1402	0
C6H8N4O4	Alkaliphilus_metalliredigens_QYMF	0
C24H42O21	Mucispirillum	0
C17H17ClO6	Pseudomonas_alcaligenes_Species_286	0
C22H19N3O4	Bacteroides_sp._Species_816	0
C14H9I3O4	Eubacteriaceae	0
C15H23N3O2	Lacrimispora_sphenoides_Species_n.a.	0
C21H28ClN3O7S	Clostridium_botulinum_BKT015925	0
C17H20N4S	Lactococcus_garvieae_Lg2	0
C23H26N2O5S	Bacteroides_caccae_ATCC43185	0
C46H77NO17	Bacteroidales	0
C19H12O8	Escherichia_coli_TW10509	0
C4H7NaO2	Desulfovibrio_alaskensis_G20	0
C19H28N2O4	Eubacterium_hallii_DSM3353	0
C6H8N2O8	Slackia_exigua_ATCC_700122	0
C21H25N5O8S2	Streptococcaceae	0
C20H21N	Erwinia_amylovora_ATCC_49946	0
C27H44O2	Gammaproteobacteria	0
C46H58N4O9	Enterococcus_faecalis_V583	0
C22H23ClN2O8	Burkholderia_vietnamiensis_G4	0
C29H33ClN2O2	Parabacteroides_Genus	0
C22H29FO4	Eggerthella_sp._Species_84111	0
C28H38N12O6S	Collinsella_stercoris_DSM_13279	0
C25H27N9O8S2	Clostridium_butyricum	0
C13H17N5O8S2	Aggregatibacter_genus	0
C28H38N6O11S	Raoultella_planticola	0
C15H17FN4O3	Weissella_cibaria_KACC_11862	0
C19H34Cl2N2O2	Clostridium_beijerinckii_NCIMB_8052	0
C22H23ClN6O	Ruminococcus_sp._5_1_39BFAA	0
C23H36N2O2	Oxalobacteraceae	0
C80H106Cl2N11O27P	Streptococcus_parasanguinis	0
C10H20N2S4	Erwinia_tasmaniensis_Et1/99	0
C21H25N5O8S2	Alloprevotella	0
Cl2Hg	Gemella_genus	0
C22H26ClN3O4S	Rothia_mucilaginosa_DY-18	0
C22H23ClN2O2	Prevotella	0
C16H16N3NaO7S2	Rheinheimera_sp._A13L	0
C21H26N2O7	Peptostreptococcus_stomatis_DSM_17678	0
C18H33ClN2O5S	Marvinbryantia_formatexigens_DSM_14469	0
C6H9N3O3	Escherichia_coli_TW10509	0
C37H48N6O5S2	Bacteroides_stercoris	0
C20H40N6O8S	Enterobacter_cloacae	0
C22H27Cl3N2OS	Saccharibacteria	0
C19H17ClFN3O5S	Weissella_cibaria_KACC_11862	0
C26H32F2O7	Xenorhabdus_nematophila_ATCC_19061	0
C17H20ClF2N3O3	Lacrimispora_sphenoides_Species_n.a.	0
C34H48Na2O7	Lactobacillus_brevis_subsp._gravesensis_ATCC_27305	0
C46H77NO17	Clostridium	0
C8Cl4N2	Lactobacillus_plantarum_Species_1578	0
C26H31Cl3F3NO	Cronobacter_turicensis_z3032	0
C21H22O9	Moryella	0
C20H22ClN	Lactobacillus_johnsonii_NCC_533	0
C15H27N3O9P2	Lactobacillus_brevis	0
C13H16N2O8S	Granulicatella_elegans_ATCC_700633	0
C18H36N4O11	Cetobacterium_somerae	0
C21H29NO	Fusobacterium_necrophorum_D12	0
C25H22N4O8	Barnesiella	0
C9H8N4O5	Shigella_flexneri	0
C15H23N3O2	Enterobacter_cloacae	0
C12H4Cl4O	Eubacterium_hallii_DSM3353	0
C12H19Cl3O8	Klebsiella_oxytoca_KCTC_1686	0
C13H18Cl2N2O2	Dermacoccus_sp._Ellin185	0
C88H100Cl2N10O28	Blautia_Genus	0
C24H30ClNO4	Clostridium_perfringens_CPE_str._F4969	0
C14H18N4O3	Chryseobacterium	0
C22H32O3	Blautia_producta	0
C13H8O4	Bifidobacterium_ruminantium	0
C21H41N5O11	Eubacterium_limosum_KIST612	0
C10H15N5	Clostridium_symbiosum_ATCC1494_	0
C48H48N4O6S2	Pseudomonas_syringae_pv._morsprunorum_str._M302280	0
C21H20O9	Anaerotruncus_colihominis_DSM17241	0
C26H35NO7	Verrucomicrobia_Phylum	0
C24H28N2O3	Microbacterium	0
C19H22N2O	Lactobacillus_gasseri_JV-V03	0
C25H28N6O	Serratia_odorifera_DSM_4582	0
C62H111N11O12	Salmonella_bongori_NCTC_12419	0
C25H31N3O6	Bacteroides_pectinophilus_ATCC43243	0
C10H12FN5O4	Salmonella_enterica_subsp._enterica_serovar_Typhimurium_Subspecies	0
C10H11NO3	Peptostreptococcaceae	0
C11H15N5O5	Butyricicoccus	0
C39H54N6O8S	Actinobacteria	0
C19H28Cl2N6O6S2	Corynebacterium_jeikeium_ATCC_43734	0
C19H21Cl2N3	Lactococcus_garvieae	0
C26H28ClNO	Atopostipes	0
C22H30Cl2N10	Lactobacillus_amylolyticus_DSM_11664	0
C18H36N4O11	Lactobacillus_jensenii_1153	0
C18H35ClN2O6S	Gammaproteobacteria	0
C27H30ClNO10	Arthromitus	0
C19H23Cl2N5O	Coriobacteriales	0
C24H30O3	Veillonella_parvula	0
C11H11N5	Adlercreutzia_equolifaciens	0
C19H24N2S	Eubacterium_hallii_DSM3353	0
C27H33NO3	Ruminococcus_bromii	0
C22H28N4O6	Enterococcus_faecalis_(Streptococcus_faecalis)	0
C15H16N2O6S2	Acidobacteria	0
C13H17ClN4O6	Rhodospirillaceae	0
C9H18NO2	Enterobacter_asburiae_LF7a	0
C17H17N7O8S4	Oscillibacter_sp.	0
C12H19N3O	Pseudomonas_stutzeri_DSM_4166	0
C12H22O11	Veillonellaceae_family	0
C41H64O14	Firmicutes	0
C29H31N7O	Aeromonas_caviae_Ae398	0
C20H25ClN2O5	Bacteroides_fragilis	0
C19H16ClFN3NaO5S	Jeotgalicoccus	0
C26H22ClF3N2O3	Lactobacillus_jensenii_1153	0
C27H28N2O7	Bacteroides_ovatus	0
C8H9FN2O3	Citrobacter_farmeri	0
C14H8Cl4	Corynebacterium_striatum_ATCC_6940	0
C19H17N3O4S2	Flavobacteria	0
C10H17N	Caulobacteraceae	0
C12H21N2O3PS	Clostridium_difficile_120	0
C33H30N4O2	Lactobacillus	0
C11H12I3NO2	Ruminococcaceae_Family	0
C18H18F3NO4	Phascolarctobacterium	0
C22H32N2O5S	Rahnella_sp._Y9602	0
C13H22N4O3S	Lactobacillus_reuteri_CF48-3A_BEI_HM-102	0
C20H28O6	Roseburia	0
C19H21NO4	Lactococcus_garvieae	0
C7H11N3O3	Corynebacterium_pseudogenitalium_ATCC_33035	0
C8Cl4N2	Lactobacillus_delbrueckii_subsp._lactis_DSM_20072	0
C9H11NO4	Veillonella_parvula	0
C19H16ClNO4	Lactobacillus_sp.	0
C26H30ClN3O6	Pseudomonas_fluorescens_Species_286	0
C27H42ClNO2	Ruminococcus_sp.	0
C12H4Cl4O	Lactobacillus_jensenii_1153	0
C15H22FN3O6	Atopostipes	0
C14H9N4NaO5	Pseudomonas_aeruginosa	0
C24H28N2O4S2	Alkaliphilus_metalliredigens_QYMF	0
C32H52Br2N4O4	Dermacoccus_sp._Ellin185	0
C8H15N7O2S3	Escherichia_coli	0
C16H16N5NaO7S2	Enterococcus_hirae	0
ClO-	Akkermansia_muciniphila_Species_239934	0
C5H4N4S	Streptococcus_mutans	0
C25H27N9O8S2	Bacteroides_sp._Species_816	0
C18H20FN5O4	Klebsiella_pneumoniae_342	0
C13H17N3O2	Parabacteroides_Genus	0
C6HCl5O	Klebsiella	0
C21H29NO	Yersinia_enterocolitica_subsp._enterocolitica_8081	0
C19H21FN2O4	Alteromonadales_Order	0
C15H12N2O2	Helicobacter_mustelae_12198	0
C15H20N2O2	Salmonella_enterica_subsp._enterica_serovar_Dublin_str._SD3246	0
C9H10ClN5O2	Dickeya_zeae_Ech1591	0
C16H17N2NaO4S	Mycoplasma	0
C7H7NO3	Lactobacillus_plantarum_Species_1578	0
C21H23ClFNO2	Bacteroides_caccae_ATCC43185	0
C16H18ClNO6S2	Oscillospira	0
C17H20FN3O3	Lactobacillus_jensenii_1153	0
C24H36O5	Caulobacterales_order	0
C24H36O5	Alcaligenaceae	0
C21H45N3	Helicobacter_mustelae_12198	0
C18H22O2	Faecalibacterium	0
C15H14N2Na2O6S2	Eubacterium_limosum	0
C19H16O4	Coriobacteriaceae	0
C26H30ClN3O6	Enterococcus_faecalis_V583	0
C18H15NO3	Lactobacillus_ultunensis_DSM_16047	0
C21H23N3OS	Bacteroides_sp._Species_816	0
C21H22ClN	Bacteroides_ovatus	0
C15H11N3O3	Dorea_formicigenerans_ATCC27755	0
C6H6N4O4	Mycoplasma	0
C18H16Cl3N3O4	Mucispirillum_schaedleri	0
C6H8N4O4	Streptococcus_thermophilus	0
C19H21Cl2N3	Eubacterium	0
C10H13N5O4	Bifidobacterium_longum_subsp._infantis	0
C11H15N5O4	Vibrio_cholerae_Species_662	0
C18H15NO8S2	Pseudomonas_aeruginosa_NCGM2.S1	0
C17H17ClO6	Christensenellaceae	0
C19H36ClNO2	Bifidobacterium_breve_DSM20213	0
C9H10N2O3S2	Desulfurispirillum_indicum_S5	0
C16H19N3O5S	Flavobacteria	0
C35H36ClNO3S	Bacillales	0
C25H34O6	Blautia_Genus	0
C12H15N3O2S	Granulicatella_elegans_ATCC_700633	0
C23H32N6O4S	Dorea	0
C16H18N2O4S	Capnocytophaga_gingivalis_ATCC_33624	0
C19H18ClF2N3O3	Bacteroidales	0
C21H27N3O7S	Jeotgalicoccus	0
C23H20N2O3S	Chryseobacterium	0
C3H9NO5P+	Listeria_welshimeri	0
C18H20N3NaO3S	Enterobacter_cloacae_subsp._cloacae_NCTC_9394	0
C25H38O5	Butyrivibrio_proteoclasticus	0
C18H18O2	Clostridium_sporogenes	0
C27H29NO10	Bacteroides_dorei_DSM17855	0
C14H9I3O4	Victivallis_vadensis_ATCC_BAA-548	0
C20H25N5O7S2	Clostridia	0
C12H21N	Dickeya_dadantii_Ech703	0
C37H67NO13	Bacteroides_sp._Species_816	0
C29H27ClN2O14S	Arthrobacter	0
C31H35N2NaO11	Eubacterium_limosum_KIST612	0
C4H3FN2O2	Veillonella	0
C22H28N2O11	Citrobacter_rodentium_ICC168	0
C21H23N3OS	Lactobacillaceae	0
C24H31NO8	Veillonellaceae_family	0
C18H19Cl2NS	Staphylococcus_aureus_subsp._aureus_MRSA177	0
C10H11ClFN5O3	Eubacterium	0
C35H36ClNO3S	Dehalobacterium_n.a.	0
C26H28ClNO	Faecalibacterium_prausnitzii	0
C21H20Cl2O3	Paenalcaligenes_genus	0
C15H10O2	Bacteroides_fragilis_HMW615	0
C28H31FN4O	Akkermansia	0
C8H17NO5	Klebsiella_pneumoniae_subsp._ozaenae	0
C13H18ClN3O4S2	Bacteroides_fragilis_HMW615	0
C10H13N5O4S	Pantoea_ananatis_LMG_5342	0
C19H27N5O4	Eubacterium_hallii_DSM3353	0
C18H16Cl3N3O4	Blautia_Genus	0
C23H20F2N2O4	Pseudomonas_putida	0
C22H19N3O4	Bifidobacterium_Genus	0
C23H27Cl2N3O2	Capnocytophaga_gingivalis_ATCC_33624	0
C22H24Cl2N2O8	Klebsiella_pneumoniae_342	0
C66H103N17O16S	Sutterella_sp.	0
C41H64O14	Cetobacterium	0
C20H35AuO9PS	Bacteroides_fragilis_HMW615	0
C25H29N3O2	Firmicutes	0
C14H10Cl4	Klebsiella_pneumoniae_subsp._ozaenae	0
C21H26BrNO3	Coriobacteriaceae	0
C66H103N17O16S	Enterobacter_sp._638	0
C9H4Cl3IO	Moryella	0
C10H15N5	Ruminococcus_sp.	0
C19H34Cl2N2O2	Parasutterella	0
C19H17ClN3NaO5S	Helicobacter_pylori	0
C6H9N3O3	Lactobacillus_rhamnosus_Species_1578	0
C17H19NO3	Holdemania_sp.	0
C31H33N3O6S	Methanobrevibacter	0
C28H32O15	Ruminococcus_gnavus_ATCC29149	0
C24H42O21	Coprobacter	0
C25H31NO6	Bifidobacterium_sp.	0
C24H26BrN3O3	Butyrivibrio	0
C12H11N2NaO3	Lachnospiraceae_Family	0
C21H23ClFNO2	Actinomyces_coleocanis_DSM_15436	0
C28H38N6O11S	Planctomyces	0
C15H10O2	Eubacterium_rectale	0
C19H24ClN3O	Prevotella_oris_C735	0
C24H28N2O4S2	Bifidobacterium_breve_DSM20213	0
C25H28N8O2	Vibrio_cholerae_Species_662	0
C10H11ClFN5O3	Lactobacillus_acidophilus_ATCC_4796	0
C26H33NO6	Enterococcus_casseliflavus	0
C21H26ClN3OS	Helicobacter_pylori	0
C11H14N4O2	Porphyromonadaceae	0
C48H48N4O6S2	Serratia_sp._AS12	0
C25H29N3O2	Lactobacillus_animalis	0
C22H25N3O7S	Cronobacter_sakazakii	0
C21H23BrFNO2	Streptococcus_parasanguinis	0
C19H36ClNO2	Streptococcus_parasanguinis	0
C9H18N6	Citrobacter_youngae_ATCC_29220	0
C19H25ClN2S	Veillonellaceae_family	0
C20H23N5O6S	Blautia_luti_DSM14534	0
C8H8N2O3S	Acidobacteria	0
C8H13N3O4S	Lactobacillales_Order	0
C11H13BrN2O5	Alkaliphilus_oremlandii_OhILAs	0
C16H17N2NaO4S	Pseudomonas_syringae_pv._morsprunorum_str._M302280	0
C10H17N	Clostridiales_bacterium_Species_n.a.	0
C12H15N3O2S	Clostridiales_bacterium_Species_n.a.	0
C9H5ClINO	Faecalibacterium_cf._prausnitzii_KLE1255	0
C66H103N17O16S	Lactobacillus_brevis_subsp._gravesensis_ATCC_27305	0
C14H13N8NaO4S3	Acinetobacter	0
C80H106Cl2N11O27P	Capnocytophaga	0
C29H38N4O10	Comamonas	0
C16H18ClNO6S2	Eggerthella_lenta	0
C29H31N7O	Lactobacillus_acidophilus_ATCC_4796	0
C23H23NO4S	Oscillibacter_sp.	0
C7H7NO3	Mycobacterium	0
C16H14O3	Porphyromonas_gingivalis	0
C52H98N16O13	Porphyromonas	0
C9H5ClINO	Desulfotalea_psychrophila_LSv54	0
C46H62N4O11	Pseudomonas	0
C27H42ClNO2	Pseudomonas_fluorescens_Species_286	0
C21H39N7O12	Enterococcus_faecium_(Streptococcus_faecium)	0
C9H11NO4	Corynebacterium_jeikeium_ATCC_43734	0
C9H20N2O2	Streptococcus_thermophilus	0
C10H7KN6O	Parabacteroides_johnsonii	0
C21H20O9	Coriobacteriia	0
C21H41N5O11	Bacteroidaceae	0
C22H21N8O8PS4	Bacteroides_acidifaciens	0
C13H12N2O5S	Bacillus_coahuilensis_m4-4	0
C19H16ClFN3NaO5S	Lactobacillus_acidophilus_ATCC_4796	0
C27H29N5O6S	Sutterella	0
C20H22N4O10S	Clostridium_hiranonis_DSM_13275	0
C19H15ClN2O4	Sphingomonas	0
C6H6N6O2	Hippea_maritima_DSM_10411	0
C9H20N2O2	Dickeya_zeae_Ech1591	0
C14H11Cl2NO2	Cyanobacteria	0
C18H22Cl2N2	Dorea_longicatena	0
C13H12N2O5S	Agrobacterium_tumefaciens_F2	0
C9H8O4	Blautia_coccoides	0
C10H16N6S	Caulobacterales_order	0
C21H20O12	Actinomyces_coleocanis_DSM_15436	0
C25H38O5	Capnocytophaga_gingivalis_ATCC_33624	0
C24H28N2O4S2	Allobaculum	0
C15H14N4O	Chryseobacterium	0
C20H25ClN2O5	Cetobacterium	0
C8H6N4O5	Turicibacter	0
C23H26N5NaO7S	Slackia_exigua_ATCC_700122	0
C27H44O	Acidovorax	0
C23H32O3	Victivallis_vadensis_ATCC_BAA-548	0
C7H6O5	Pseudogulbenkiania_sp._NH8B	0
C13H17N5O8S2	Coprobacter	0
C12H21N5O2S2	Coriobacteriales	0
C14H13N8NaO4S3	Listeria_grayi_DSM_20601	0
C17H20N4S	Alistipes_indistinctus	0
C75H70N6O6	Providencia_alcalifaciens_DSM30120	0
C14H14Cl2N2O	Erwinia_billingiae_Eb661	0
C47H64N4O12	Cyanobacteria	0
C24H40N8O4	Clostridium_sporogenes	0
C31H33F2N4O11P	Streptococcus_parasanguinis_ATCC_15912	0
C11H15NO2	anaerobic_bacterium_'strain_7'	0
C14H12Cl2NNaO3	Desulfotalea_psychrophila_LSv54	0
C13H18Cl2N2O2	Rahnella_sp._Y9602	0
C8H9NO2	Turicibacter	0
C21H34O5	Enterococcus_hirae	0
C24H31FO6	Coriobacteriia	0
C18H19NOS	Fusobacterium_necrophorum_D12	0
C38H69NO13	Pantoea_ananatis_LMG_5342	0
C19H27N5O4	Ruminococcus_sp._SR1/5	0
C20H18NO4+	Pseudoflavonifractor_capillosus_ATCC_29799	0
C22H23N3O4	Proteobacteria	0
C16H15N5O7S2	Citrobacter_amalonaticus	0
C9H4Cl3IO	Eubacterium_ventriosum_ATCC27560	0
C11H12I3NO2	Corynebacterium_resistens_DSM_45100	0
C24H30O3	Bacilli_Class	0
C15H11N3O3	Pseudomonas_alcaligenes_Species_286	0
C24H29ClO4	Burkholderia_mallei_ATCC_23344	0
C9H10N2O3S2	Blautia_producta	0
C18H15NO3	Clostridium_beijerinckii_NCIMB_8052	0
C39H54N6O8S	Corynebacterium_Genus	0
C20H23N5O6S	Providencia_alcalifaciens_DSM30120	0
C12H14N4O2S	Enterococcus_faecalis_(Streptococcus_faecalis)	0
C16H18N4O3S	Dorea	0
C23H29N3O2S2	Bacteroides_caccae_ATCC43185	0
C21H25N5O8S2	Citrobacter_youngae_ATCC_29220	0
C12H13ClN4	Caulobacterales_order	0
C10H11NO3	Neisseria_mucosa_ATCC_25996	0
C43H65N5O10	Ruminococcus_gnavus_ATCC29149	0
C17H21F2N3O3	Bacteroides_fragilis_3397	0
C19H20ClNO4	Lacrimispora_saccharolytica	0
C24H29ClO4	Raphidiopsis_brookii_D9	0
C11H13BrN2O5	Lactobacillus_johnsonii_Species_1578	0
C6H13NO3S	Bifidobacterium_adolescentis	0
C15H14O3	Roseburia_intestinalis_L1-82	0
C10H19O6PS2	Enterobacter_aerogenes_KCTC_2190	0
C17H17ClF6N2O	Spirochaetes	0
C16H18ClNO6S2	Bacillales	0
C8H9NO2	Bacillus_cereus_Species_1386	0
C12H11N2NaO3	Bacteroides_acidifaciens	0
C26H28ClNO	Veillonella_dispar_ATCC_17748	0
C66H103N17O16S	Lactobacillus_delbrueckii_subsp._bulgaricus	0
C22H31ClN4O7S2	Intestinibacter_genus	0
C18H14F3N3O4S	Ruminococcus_gnavus_ATCC29149	0
C10H11F3N2O5	Jeotgalicoccus	0
C17H25N3O5S	Photorhabdus_luminescens_subsp._laumondii_TTO1	0
C14H10O3	Pseudomonas_alcaligenes_Species_286	0
C29H34Cl2N2O2	Deltaproteobacteria	0
C8H9N3O4	Pantoea_ananatis_LMG_5342	0
C24H40N8O4	Lactobacillus_brevis	0
C8H17NO5	Bacteroides_fragilis	0
C23H31NO3	Dickeya_dadantii_3937	0
C13H8O4	Enterococcus	0
C22H18N2	Alcaligenaceae	0
C18H20ClF3N2S	Collinsella_aerofaciens_ATCC25986	0
C26H41Br2NO4	Staphylococcaceae	0
C16H16N4O8S	Methanobrevibacter	0
C17H25N3O5S	Porphyromonas	0
C23H21F7N4O3	Collinsella_intestinalis_DSM13280	0
C41H64O13	Clostridium_leptum	0
C26H31Cl3F3NO	Erwinia_tasmaniensis_Et1/99	0
C29H30N6O6	Rothia_mucilaginosa_DY-18	0
C19H24N2S	Eubacterium_ventriosum_ATCC27560	0
C8H7N3O5	Enterococcus_casseliflavus	0
C21H28F3N3O7	Eubacterium_limosum	0
C27H29NO10	Blautia_hansenii_DSM20583	0
C16H15F2N3O4S	Serratia_proteamaculans_568	0
C13H12N2O5S	Klebsiella_pneumoniae_342	0
C19H21ClF3NO2	Bacteroides_uniformis_ATCC8492	0
C14H10Cl4	Butyrivibrio_proteoclasticus	0
C39H54N6O8S	Lactobacillus_plantarum_Species_1578	0
C28H38N12O6S	Erwinia_billingiae_Eb661	0
C19H17ClN3NaO5S	Parabacteroides_merdae_ATCC43184	0
C10H11ClFN5O3	Raphidiopsis_brookii_D9	0
C24H32N2O9	Capnocytophaga_gingivalis_ATCC_33624	0
C12H10F3N3O4	Clostridium_asparagiforme_DSM15981	0
C14H19N5O4	Nitrospira	0
C43H58N4O12	Helicobacter_mustelae_12198	0
C14H18N4O3	Mycobacterium	0
C12H7Cl3O2	Blautia_coccoides	0
C9H9N3O2	Coprococcus_comes	0
C25H31N9O10S2	Plesiomonas_shigelloides	0
C18H19Cl2NO4	Erwinia_tasmaniensis_Et1/99	0
C20H28O	Proteus_penneri_ATCC35198	0
C16H17N3O7S2	Lactobacillus_murinus	0
C15H22FN3O6	Pantoea_sp._At-9b	0
C31H35N2NaO11	Aeromonas_caviae_Ae398	0
C32H37NO8	Veillonella_sp._6_1_27	0
C23H29N3O2S2	Clostridium_botulinum_C_str._Eklund	0
C22H25NO6	Bifidobacterium_longum_subsp._Infantis_CCUG52486	0
C16H18ClNO6S2	Flavobacteria	0
C26H27NO9	Sporosarcina	0
C15H10O4	Bacteroides_ovatus_ATCC8483	0
C18H20N2O6	Cetobacterium_somerae	0
C17H17Cl2N	Dorea_formicigenerans_ATCC27755	0
C26H41Br2NO4	Lachnospiraceae_Family	0
C10H13N5O5	Clostridium	0
C16H18FN3O3	Capnocytophaga_gingivalis_ATCC_33624	0
C29H27ClN2O14S	Streptococcus_dysgalactiae_subsp._dysgalactiae_ATCC_27957	0
C4H8O2	Enterobacteriaceae	0
C22H24Cl2N2O8	Pseudomonas_alcaligenes_Species_286	0
C22H28N2O11	Collinsella_aerofaciens_ATCC25986	0
C16H21NO2	Escherichia_coli_ED1a	0
C19H17ClN3NaO5S	Pseudogulbenkiania_sp._NH8B	0
C9H11FN2O5	Bacteroides_acidifaciens	0
C14H11Cl2NO2	Vibrio_cholerae_Species_662	0
C22H19ClO3	Erysipelotrichaceae	0
C16H16ClN3O4	Agrobacterium_tumefaciens_F2	0
C41H64O14	Victivallis_vadensis_ATCC_BAA-548	0
C29H32O13	Eggerthella_sp._Species_84111	0
C29H36O15	Dorea_formicigenerans	0
C37H48N6O5S2	Ruminococcus_bromii	0
C16H16ClN3O4	Lactobacillus_delbrueckii_subsp._lactis_DSM_20072	0
C5H9Cl2N3O2	Enterobacter_cancerogenus_ATCC35316	0
C24H24ClN3O6S	Klebsiella_pneumoniae_342	0
C18H22Cl2N2	Anaerococcus_hydrogenalis_DSM7454	0
C6H8N2O8	Granulicatella_elegans_ATCC_700633	0
C12H14N4O2S	Neisseria_elongata_subsp._glycolytica_ATCC_29315	0
C21H39N7O12	Dorea_formicigenerans	0
C66H75Cl2N9O24	Neisseriaceae	0
C22H17ClN2	Barnesiella	0
C15H14N4O	Candida_albicans	0
C16H17N3O5S	Slackia_isoflavoniconvertens	0
C28H38N12O6S	Eubacterium_ventriosum_ATCC27560	0
C17H19N3O3S	Escherichia_coli_Nissle_1917	0
C18H22Cl2N2	Methanobrevibacter	0
C14H28ClNO6	Alteromonadales_Order	0
C22H24Cl2N2O8	Mucispirillum	0
C13H12Cl2O4	Blautia_Genus	0
C13H17N5O8S2	Bilophila	0
C29H38N4O10	Candida_albicans	0
C25H31N3O6	Edwardsiella_tarda_ATCC23685	0
C23H27Cl2N3O2	Coprococcus_comes	0
C24H34N2O5	Eubacterium_limosum_KIST612	0
C22H24ClN3O5	Enterobacter_cloacae_subsp._cloacae_NCTC_9394	0
C18H19N3O5S	Shewanella_putrefaciens_200	0
C9H11FN2O5	Megasphaera_elsdenii_DSM_20460	0
C6H12NNaO3S	Bifidobacterium_bifidum_Species_1678	0
C42H38O20	Parabacteroides_johnsonii	0
C17H19KN2O5S	Sporosarcina	0
C9H11FN2O5	Streptococcus_sanguinis_species_1301	0
C19H23Cl2N5O	Ruminococcus_sp._5_1_39BFAA	0
C24H30Cl2N2O3	Clostridium_hathewayi_DSM13479	0
C27H34I2N4	Weissella_cibaria_KACC_11862	0
C24H29N5O8S	Roseburia_intestinalis	0
C5H4N4S	Blautia_Genus	0
C18H17NO5	Clostridium_botulinum_A3	0
C8H6ClF3N2OS	Lactobacillus_plantarum_Species_1578	0
C22H25ClN2O8	Microbacterium	0
C11H8O2	Moryella	0
C7H14N2O2S	Lactobacillaceae	0
C18H15NO8S2	Flavobacteria	0
C27H23N5O4	Bifidobacterium_adolescentis_ATCC_15703	0
C19H17NOS	Collinsella_stercoris_DSM_13279	0
C20H18ClNO6	Bacteroides_ovatus	0
C17H18F3N3O3	Lactococcus_garvieae_Lg2	0
C21H20ClNO5	Actinomyces_sp._oral_taxon_17_	0
C43H58N4O12	Butyrivibrio	0
C6H10N6O	Catabacteriaceae	0
C23H27FN4O2	Candida_albicans	0
C60H125N15O25S	Escherichia	0
C23H39NO4	Rikenellaceae	0
C27H22Cl2N4	Blautia_coccoides	0
C32H37NO8	Bifidobacterium_dentium_ATCC_27679	0
C27H37FO6	Rothia_mucilaginosa_DY-18	0
C44H76N4O10S2	Bacteroides_fragilis_HMW615	0
C9H10N2O3S2	Klebsiella_oxytoca_KCTC_1686	0
C23H26FN3O2	Parabacteroides_Genus	0
C10H13N3O5S	Eubacterium_limosum_KIST612	0
C42H72O13	Streptococcaceae	0
C24H26N2O4	Enterococcus	0
C25H30ClI2NO3	Clostridium_difficile_120	0
C22H18N2	Serratia_odorifera_DSM_4582	0
C15H18N4O5	Mucispirillum	0
C16H16N3NaO7S2	Candidatus_Saccharimonas	0
C4H7NaO2	Serratia_proteamaculans_568	0
Ag	Amphibacillus	0
C17H19N3O3S	Tannerella	0
C25H28N8O2	Enterobacter_sp._638	0
C22H24Cl2N2O8	Proteobacteria	0
C16H13N3O3	Odoribacter_splanchnicus	0
C24H29N5O3	Bifidobacterium_breve	0
C47H51NO14	Blautia_hansenii_DSM20583	0
C29H39N5O8	Enterococcus_casseliflavus_EC1_	0
C46H77NO17	Pectobacterium_atrosepticum_SCRI1043	0
C12H8O4	Bacillus_coahuilensis_m4-4	0
C23H27N3O7	Intestinibacter_genus	0
C15H12N2O2	Serratia_odorifera_DSM_4582	0
C22H32ClNO3	Weissella_cibaria_KACC_11862	0
C14H12FNO3	Planctomycetia	0
C14H10Cl4	Rhodospirillaceae	0
C19H26I3N3O9	Lactobacillus_sp.	0
C12H14N4O2S	Enterocloster_bolteae	0
C14H21N3O3S	Lactobacillus_vaginalis_ATCC_49540	0
C10H12O	Paenalcaligenes_genus	0
C46H58N4O9	Corynebacterium_pseudogenitalium_ATCC_33035	0
C21H28ClN3O7S	Listeria_grayi_DSM_20601	0
C5H14NO+	Enterobacter_sp._638	0
C17H21NO3	Klebsiella_pneumoniae_subsp._ozaenae	0
C12H10N2O5	Bacteroides_stercoris_ATCC43183	0
C24H32N2O9	Pseudomonas_putida	0
C41H64O14	Clostridium_butyricum_E4	0
C19H18Cl2N2O4	Lactobacillus_paracasei_Species_1578	0
C21H45N3	Bifidobacteriaceae	0
C14H6O8	Fusobacterium_nucleatum_subsp._polymorphum_ATCC_10953	0
C8H12N4O5	Mycobacterium	0
C20H35AuO9PS	Citrobacter_sp._30_2	0
C22H28N2O11	Salmonella	0
C15H23N3O4S	Pseudomonas_aeruginosa_NCGM2.S1	0
C26H39NO10	Enterobacter	0
C8H14ClN5	Clostridium	0
C9H10ClN5O2	Staphylococcus_epidermidis_W23144	0
C11H13BrN2O6	Blautia_producta	0
C12H4Cl2F6N4OS	Alkaliphilus_metalliredigens_QYMF	0
C15H10O4	Clostridioides_difficile	0
C18H20ClF3N2S	Intestinimonas	0
C22H25N5O2	Ruminococcus_gnavus	0
C20H9Br2HgNa2O6	Citrobacter_amalonaticus	0
C22H31ClN4O7S2	Streptococcus_mutans	0
C22H22N6O5S2	Acidovorax	0
C29H35NO2	Acetobacter	0
C22H29FO5	Salmonella_enterica_subsp._enterica_serovar_Dublin_str._SD3246	0
C37H67NO13	Coriobacteriaceae	0
C15H17FN4O3	Parabacteroides_Genus	0
C9H20N2O2	Microbacterium	0
C3H7O4P	Bacteroides_caccae	0
C21H20O12	Dermacoccus_sp._Ellin185	0
C15H10O4	Cyanobacteria	0
C36H61NaO11	Clostridium_botulinum_C_str._Eklund	0
C25H28N6O	Bacteroidia	0
C42H78N2O14	Actinomyces_coleocanis_DSM_15436	0
C11H15N5O5	Streptococcus_pyogenes	0
C22H25ClN2O8	Streptococcaceae	0
C29H30N6O6	Acetobacter	0
C22H24N2O8	Butyricicoccus	0
C26H22ClF3N2O3	Candidatus_Odyssella	0
C28H31FN4O	Bacteroides_dorei_DSM17855	0
C8H10ClN5O3S	Bifidobacterium_longum_subsp._infantis	0
C17H20Cl2N2S	Clostridia	0
C25H31N9O10S2	Clostridium_clariflavum_DSM_19732	0
C26H28N2	Bacteroides_fragilis_HMW610	0
C6H12NNaO3S	Lactobacillus_sp.	0
C23H23NO4S	Dehalobacterium_n.a.	0
C16H21NO2	Morganella_morganii	0
C23H32ClNO2	Odoribacter	0
C22H19N4NaO8S2	Alkaliphilus_metalliredigens_QYMF	0
C20H35AuO9PS	Clostridium_difficile_120	0
C17H19N3O3S	Tenericutes	0
C24H24ClN3O6S	Proteus_penneri_ATCC35198	0
C18H22O2	Anaerotruncus	0
C16H16N3NaO7S2	Eubacterium_limosum	0
C18H15NO8S2	Ruminococcus_gnavus_ATCC29149	0
C23H20F2N2O4	Salmonella_enterica_subsp._enterica_serovar_Dublin_str._SD3246	0
C23H23NO4S	Burkholderiales_Order	0
C22H19ClO3	Veillonella_dispar_ATCC_17748	0
C18H20ClF3N2S	Clostridium_butyricum	0
C15H14N2Na2O6S2	Fusobacterium_nucleatum_subsp._polymorphum_ATCC_10953	0
C13H9NOSe	Rhodospirillaceae	0
C17H19N3O3S	Erysipelatoclostridium_ramosum	0
C29H33ClN2O2	Ruminococcus_gnavus	0
C23H26ClN	Fusobacterium	0
C24H29N5O8S	Vibrio_cholerae_Species_662	0
C23H20N2O3S	Staphylococcus_aureus_subsp._aureus_MRSA177	0
C24H24ClN3O6S	Bacteroides_fragilis_T(B)9	0
ClO-	Streptococcus_dysgalactiae_subsp._dysgalactiae_ATCC_27957	0
C26H29NO	Streptococcaceae	0
C24H24ClN3O6S	Fusobacterium	0
C18H19NOS	Lactobacillales_Order	0
C22H31ClN4O7S2	Olsenella	0
C8H17NO5	Bacteroides_caccae	0
C20H28Cl3N3O3	Comamonas	0
C20H22N8O5	Acidobacteria	0
C16H18N4O3S	Raoultella_planticola	0
C11H11N5	Bacteroidetes	0
C24H24ClN3O6S	Bacteroides_clarus_YIT_12056	0
C41H64O14	Enterobacter_lignolyticus_SCF1	0
C17H17ClF6N2O	Lactobacillus_fermentum_CECT_5716	0
C20H22N8O5	Aggregatibacter_genus	0
C24H40N8O4	Lactobacillus_brevis_subsp._gravesensis_ATCC_27305	0
C26H22ClF3N2O3	Blautia_obeum	0
C23H27N3O7	Helicobacter_mustelae_12198	0
C23H31NO3	Dorea_formicigenerans	0
C48H48N4O6S2	Pseudomonadaceae	0
C22H26N2O4S	Slackia_equolifaciens	0
C16H25N3O7S	Bacteroides	0
C16H18N2O4S	Rahnella_sp._Y9602	0
C19H16ClFN3NaO5S	Fusobacterium_nucleatum_subsp._polymorphum_ATCC_10953	0
C13H17N5O8S2	Chryseobacterium	0
C14H11Cl2NO2	Pseudomonas_aeruginosa	0
C24H40N8O4	Aeromonas	0
C6H8N2O2S	Planococcaceae	0
C24H42O21	Alcaligenaceae	0
C28H31FN4O	Veillonella_dispar_ATCC_17748	0
Ni	Lactobacillus_reuteri_CF48-3A_BEI_HM-102	0
C16H16Cl3N	Butyrivibrio	0
C29H30N6O6	Helicobacter_pylori	0
C13H8O4	Xanthomonas_campestris_pv._vesicatoria_str._85-10	0
C7H15Cl2N2O2P	Bacteroides_acidifaciens	0
C48H56N6O8S2	Klebsiella_oxytoca	0
C17H21F2N3O3	Bifidobacterium_adolescentis	0
C12H14N4O2S	Enterococcus_hirae	0
C18H20N3NaO3S	Lactococcus	0
C18H20N2O6	Eubacterium_rectale	0
C17H24O10	Serratia_proteamaculans_568	0
C14H8Cl4	Alistipes_indistinctus	0
C12H21N	Alistipes_indistinctus	0
C9H20N2O2	Citrobacter	0
C48H72O14	Burkholderia_mallei_ATCC_23344	0
C21H39N7O12	Veillonellaceae_family	0
C19H16ClFN3NaO5S	Olsenella	0
C21H45N3	Aerococcus	0
C15H14O3	Blautia_obeum	0
C11H11N5	Rikenellaceae	0
C11H12N2S	Clostridium_scindens_ATCC35704	0
C19H15ClN2O4	Ruminococcus_sp._5_1_39BFAA	0
C42H88N14O36S3	Chloro铿俥xi	0
C15H16O2	Corynebacterium_jeikeium_ATCC_43734	0
C10H12N4O3S	Fusobacteria	0
C26H28N2	Oscillibacter	0
C22H29FO5	Bacillales	0
C9H12N2O4S	Parabacteroides_Genus	0
C42H78N2O14	Pseudomonas_syringae_pv._morsprunorum_str._M302280	0
C14H9ClF3NO2	Fusobacterium	0
C20H21N	Fusobacterium_nucleatum_subsp._polymorphum_ATCC_10953	0
C24H32N2O9	Bacteroides_fragilis_T(B)9	0
C16H14F3N3O2S	Dickeya_dadantii_Ech703	0
C11H15NO2	Staphylococcus	0
C9H9N3O2	Bacteroides_thetaiotaomicron_VPI-5482	0
C9H10N2O3S2	Slackia_heliotrinireducens_DSM_20476	0
C20H9Br2HgNa2O6	Enterobacter_asburiae_LF7a	0
C19H26I3N3O9	Allobaculum	0
C10H15N5	Bacilli_Class	0
C26H39NO10	Providencia_alcalifaciens_DSM30120	0
C21H20ClNO5	Clostridioides_difficile	0
C18H25Cl2N9O4S3	Lactobacillus_acidophilus_ATCC_4796	0
C19H24Cl2N2	Neisseria_bacilliformis_ATCC_BAA-1200	0
C23H31NO7	Citrobacter_amalonaticus	0
C10H16N6S	Shewanella_putrefaciens_200	0
C18H19NOS	Pantoea_sp._At-9b	0
C16H20FN3O4	Streptococcus_agalactiae	0
C12H20N2O3S	Enterococcus_faecium_(Streptococcus_faecium)	0
C18H20O2	Sporosarcina	0
C27H36N2O4	Mucispirillum	0
C18H14F4N2O4S	Bacteroides_fragilis_3397	0
C10H12N4O5S	Clostridium_asparagiforme_DSM15981	0
C20H25ClN2O5	Bacillus_cereus_SJ1	0
C22H28Cl2F3N3OS	Bacteroides_dorei	0
C4H4N6O	Eubacterium_plexicaudatum	0
C10H11F3N2O5	Roseburia_intestinalis_L1-82	0
C12H4Cl4O	Clostridium_novyi_NT	0
C10H19O6PS2	Ruminococcus_gnavus_ATCC29149	0
C13H17ClN4O6	Firmicutes	0
C22H18N2	Bacteroides_stercoris_ATCC43183	0
C27H42ClNO2	Pseudomonas	0
C21H27N5O4S	Clostridium_botulinum_E1	0
C24H29ClO4	Klebsiella_oxytoca_KCTC_1686	0
C27H42ClNO2	Ruminococcus_torques_ATCC27756	0
C13H17ClN4O6	Barnesiella	0
C16H13Cl3N2OS	Streptococcus_thermophilus_JIM_8232	0
C4H4KNO4S	Coprobacter	0
C22H25N5O2	Holdemania	0
C23H27FN4O3	Lactobacillus_acidophilus	0
C17H36N4O14S	Clostridium_sticklandii_Species_186831	0
C10H12N2O5S	Clostridiales	0
C21H41N5O11	Verrucomicrobia_Phylum	0
C14H14ClN3	Enterobacter_lignolyticus_SCF1	0
C23H26N5NaO7S	Coprococcus	0
C24H34N2O5	Pseudomonas_aeruginosa_NCGM2.S1	0
C25H29N3O2	Vibrio	0
C22H19N3O4	Moryella	0
C41H67NO15	Clostridiales_bacterium_Species_n.a.	0
C17H20Cl2N2S	Blautia_producta	0
C17H14F3N3O2S	Dorea_longicatena	0
C4H11N5	Clostridioides_difficile	0
C21H23ClFNO2	Alistipes	0
C26H33NO9	Bacteroides_vulgatus_ATCC8482	0
C22H19N3O4	Clostridium_beijerinckii_NCIMB_8052	0
C32H55BrN4O	Bacteroides_stercoris	0
C18H20FN3O4	Hyphomicrobium	0
C26H22ClF3N2O3	Bacteroides_eggerthii_DSM20697	0
C12H14N4O2S	Faecalibacterium_prausnitzii	0
C12H7Cl3O2	Morganella	0
C22H24ClFN4O3	Ruminococcus_flavefaciens_FD-1	0
C19H25F3N2O6	Staphylococcaceae	0
Pb	Enterococcus_faecalis_V583	0
C8Cl4N2	Bifidobacterium_longum_(Bifidobacterium_infantis,_Bifidobacterium_suis)	0
C9H4Cl3IO	Roseburia	0
C18H14F4N2O4S	Bacteroides_dorei_DSM17855	0
C24H26BrN3O3	Morganella	0
C34H57BrN2O4	Proteus_penneri_ATCC35198	0
C8Cl4N2	Oxalobacteraceae	0
C11H15NO2	Lactonifactor_longoviformis	0
C11H8O2	Eubacterium_hallii_DSM3353	0
C12H4Cl4O2	Cronobacter_sakazakii	0
C13H17N5O8S2	Tenericutes	0
C9H18N6	Erysipelotrichaceae	0
C6H8N2O2S	Serratia_sp._AS12	0
C6H10N6O	Eubacterium	0
C19H16ClNO4	Eubacteriaceae	0
C18H19Cl2NO4	Microbacterium	0
C19H24N2O6	Lactobacillus_delbrueckii_subsp._lactis_DSM_20072	0
C17H21ClN2S	Bacteroides_eggerthii_DSM20697	0
C17H12Br2O3	Mollicutes	0
C6H6N6O2	Klebsiella_oxytoca	0
C36H60N2O8S	Anaerotruncus_colihominis_DSM17241	0
C16H20FN3O4	Lactobacillus_animalis	0
C16H18ClNO6S2	Megasphaera_elsdenii_DSM_20460	0
C22H32ClNO3	Klebsiella	0
C14H15N3O5	Eubacterium_rectale	0
Ni	Clostridium_botulinum_A3	0
C26H32F2O7	Gilliamella_apicola	0
C12H6Br4O	Chromatiaceae	0
C22H24N2O8	Dermacoccus_sp._Ellin185	0
C21H23NO4S	Phascolarctobacterium	0
C18H35ClN2O6S	Listeria_grayi_DSM_20601	0
C24H35ClN2O	Bacteroides_fragilis_DS-208	0
C22H25N3O7S	Acetobacter	0
C14H28ClNO6	Pseudomonas_stutzeri_DSM_4166	0
C10H17N	Staphylococcus_epidermidis_W23144	0
C19H20N2O3S	Clostridiales	0
C6H8N4O4	Alloprevotella	0
C22H23ClN6O	Parabacteroides_johnsonii	0
C24H26ClFN4O	Bacteroides_eggerthii	0
C21H28O2	Pseudomonas	0
C43H65FN6O10	Bifidobacterium_longum_(Bifidobacterium_infantis,_Bifidobacterium_suis)	0
C21H30O5	Listeria_welshimeri	0
C19H24N2S	Ruminococcus_bromii	0
C28H44ClNO2	Pretovella_copri_DSM18205	0
C13H22N4O3S	Pretovella_copri_DSM18205	0
C20H24ClNS	Bacillus	0
C8H10ClN5O3S	Blautia_luti_DSM14534	0
C48H48N4O6S2	Enterobacter_asburiae_LF7a	0
C47H64N4O12	Eggerthella_sp._Species_84111	0
C16H14F3N3O2S	Morganella	0
C23H36N4O10S2	Coprococcus_comes_ATCC27758	0
C20H22N5NaO6S	Escherichia_coli_ATCC_25922	0
C26H30ClN3O6	Eubacterium_eligens	0
C10H15N5	Clostridium_ramosum_DSM1402	0
C3H6N6	Clostridium_sporogenes_ATCC15579	0
C21H29NO	Bacilli_Class	0
C19H28N2O4	Helicobacter_pylori	0
C18H18N8O7S3	Lactobacillus_mucosae	0
C47H51NO14	Pantoea_ananatis_LMG_5342	0
C22H26ClN7O2S	Eubacterium_plexicaudatum	0
C7H15Cl2N2O2P	Bifidobacterium_sp.	0
C19H27NO3	Bacteroidaceae	0
C23H26N5NaO7S	Legionella	0
C32H37NO8	Citrobacter_sp._30_2	0
C26H31Cl3F3NO	Bacteroides_thetaiotaomicron	0
C16H18N2O4S	Enterorhabdus	0
C8H15N7O2S3	Bacteroides_dorei_DSM17855	0
C75H70N6O6	Blautia_luti_DSM14534	0
C27H33NO3	Veillonella	0
C17H17ClF6N2O	Campylobacter_gracilis_RM3268	0
C18H14Cl4N4O4	Desulfovibrio	0
C9H8O4	Escherichia_coli_ATCC_25922	0
C11H14N4O2	Lactobacillales_Order	0
C13H17N5O8S2	Bifidobacterium_longum_subsp._infantis	0
C24H26BrN3O3	Clostridium_symbiosum_ATCC1494_	0
C17H17ClO6	Citrobacter_koseri_ATCC_BAA-895	0
C22H28N4O6	Neisseria_bacilliformis_ATCC_BAA-1200	0
C10H7KN6O	Snodgrassella_alvi	0
C8H6ClF3N2OS	Lactonifactor_longoviformis	0
C4H3FN2O2	Butyricicoccus	0
C22H27FN4O2	Clostridiales_incertae_sedis	0
C18H25Cl2N9O4S3	Coprobacter	0
C27H22Cl2N4	Bacteroides_fragilis_3397	0
C25H28N8O2	Collinsella_aerofaciens_ATCC25986	0
C46H77NO17	Porphyromonas_gingivalis	0
C6H6N6O2	Dorea_formicigenerans_ATCC27755	0
C15H12O4	Veillonella_parvula	0
C18H15NO3	Bacteroides_acidifaciens	0
C25H28N8O2	Lactococcus_garvieae	0
C23H26FN3O2	Lactobacillus_brevis	0
C22H26N2O4S	Lactobacillus_rhamnosus_Species_1578	0
C21H41N5O11	Anaerostipes	0
C18H36N4O11	Aeromonas	0
C17H21NO3	Clostridium_scindens_ATCC35704	0
C12H15NO3	Clostridia	0
C66H103N17O16S	Clostridium_botulinum_C_str._Eklund	0
C9H10ClN5O2	Clostridium_clariflavum_DSM_19732	0
C25H27N9O8S2	Citrobacter_koseri_ATCC_BAA-895	0
C18H22Cl2N2	Roseburia_hominis	0
C14H12O3	Morganella	0
C15H22O5	Alcaligenaceae	0
C27H44O2	Anaerotruncus	0
C8H14ClN5	Enterococcus	0
C4H8O2	Dorea_formicigenerans	0
C23H26ClN	Olsenella	0
C31H33F2N4O11P	Enterobacter_cancerogenus_ATCC35316	0
C19H12O6	Bacteroides_uniformis_ATCC8492	0
C19H18Cl2N2O4	Lactobacillus_reuteri_CF48-3A_BEI_HM-102	0
C27H30ClNO11	Bifidobacterium_dentium_Species_1678	0
C24H30ClNO4	Eubacteriaceae	0
C18H20ClF3N2S	Erwinia_amylovora_ATCC_49946	0
C14H26Cl2N2O7	Intestinimonas	0
C12H14N4O2S	Roseburia_intestinalis	0
C46H54N6O8S2	Fusobacterium_nucleatum_subsp._vincentii_4_1_13	0
C47H51NO14	Oxalobacteraceae	0
C14H12ClNO2	Listeria_seeligeri_FSL_N1-067	0
C27H29NO10	Ruminococcus_sp._SR1/5	0
C16H18ClNO6S2	Burkholderia_mallei_ATCC_23344	0
C8H9N3O4	Coprobacter	0
C12H6Br4O	Lactobacillus_reuteri_CF48-3A_BEI_HM-102	0
C24H29N5O3	Serratia_marcescens	0
C8H9N3O4	Rahnella_aquatilis_CIP_78.65	0
C23H20N2O3S	Coprococcus_comes	0
C5H9Cl2N3O2	Eubacterium_hallii_DSM3353	0
C10H13N3O5S	Candida_albicans	0
C11H12N4O3S	Eubacterium_eligens	0
ClO-	Citrobacter	0
C22H32N6O12S2	Ruminococcus_gnavus_ATCC29149	0
C5H9Cl2N3O2	Capnocytophaga_gingivalis_ATCC_33624	0
C20H22N8O5	Bacteroides_pectinophilus_ATCC43243	0
C10H12O	Erysipelotrichaceae	0
C14H19NO2	Bifidobacterium_breve	0
C25H30N2O5	Ruminococcus_bromii	0
C15H14N4O	Planococcaceae	0
C27H36N2O4	Pseudomonas_fluorescens_Species_286	0
C12H19BrN2O2	Neisseriaceae	0
C24H40N8O4	Bacteroidaceae	0
C14H18N2O5	Lactobacillus_acidophilus_ATCC_4796	0
C9H20N2O2	Planctomyces	0
C5H9Cl2N3O2	Helicobacter_mustelae_12198	0
C35H36ClNO3S	Xanthomonas_campestris_pv._vesicatoria_str._85-10	0
C25H37NO4	Johnsonella	0
C32H37NO8	Bacteroides_fragilis	0
C9H8O4	Eubacterium_eligens	0
C18H19N3O5S	Lactobacillus_amylolyticus_DSM_11664	0
C13H8O4	Staphylococcus_aureus	0
C42H88N14O36S3	Desulfovibrio	0
C25H29N3O2	Trichococcus	0
C28H44ClNO3S	Bifidobacterium_adolescentis_L2-32	0
C21H26ClN3OS	Ruminococcus_torques	0
C23H31Cl2NO3	Bifidobacterium_breve	0
C22H24ClFN4O3	Rhodospirillaceae	0
C41H64O13	Ruminococcus_sp._5_1_39BFAA	0
