node	type
C15H25NO3	drug
C14H22N2O3	drug
C8H11NO3	drug
C18H31NO4	drug
C19H30O3	drug
C17H17Cl2N	drug
C24H26N2O4	drug
C13H16ClNO	drug
C22H29N3O6S	drug
C22H25F2NO4	drug
C19H20F3NO2	drug
C14H16N2O2	drug
C14H14N2O	drug
C207H308N56O58S	drug
C24H32O4S	drug
C26H28Cl2N4O4	drug
C20H27NO3	drug
C24H31NO	drug
C24H29N5O3	drug
C23H32N2O5	drug
C26H37N5O2	drug
C24H26N6O3	drug
C14H11ClN2O4S	drug
C19H16ClNO4	drug
C12H11N7	drug
C9H13NO2	drug
C30H46NO7P	drug
C24H34N2O5	drug
C24H28N2O5	drug
C27H29N5O6S	drug
C16H21NO2	drug
C6H8ClN7O	drug
C19H24N2O3	drug
C23H29ClFN3O4	drug
C12H11ClN2O5S	drug
C21H31N3O5	drug
C15H12N2O2	drug
C19H32N2O5	drug
C33H34N6O6	drug
C25H30N2O5	drug
C8H8Cl3N3O4S2	drug
C25H28N6O	drug
C9H15NO3S	drug
C14H22ClN3O2	drug
C22H31N3O5	drug
C22H19NO4	drug
C30H53N3O6	drug
C27H28N2O7	drug
C34H38N3O7P	drug
C18H24N2O5	drug
C42H38O20	drug
C25H43NO18	drug
C5H14NO	drug
C21H26N2O7	drug
C25H38O5	drug
C9H8O4	drug
C20H21FN2O	drug
C4H3FN2O2	drug
C12H22O11	drug
C2HBrClF3	drug
C12H18Cl2N2O	drug
C59H84N16O12	drug
C13H16N2O2	drug
C28H27NO4S	drug
C11H11F3N2O3	drug
C66H83N17O13	drug
C17H11N5	drug
C23H36N2O2	drug
C22H29FO5	drug
C60H86N16O13	drug
C13H12F2N6O	drug
C36H47N5O4	drug
C3H2ClF5O	drug
C12H12N2O2S	drug
C11H13N3O3S	drug
C8H9NO2	drug
C9H11F2N3O4	drug
C12H15N5O3	drug
C10H13N5O4	drug
C37H48N6O5S2	drug
Cl2H6N2Pt	drug
C7H15Cl2N2O2P	drug
C17H18FN3O3	drug
C14H9ClF3NO2	drug
C12H15ClO3	drug
C18H37N5O9	drug
C8H11N3O3S	drug
C4H6N2S	drug
C60H123N15O21	drug
C8H12N4O5	drug
C44H69NO12	drug
C17H20N2O5S	drug
C10H12N4O3	drug
C8H15N7O2S3	drug
C7H8ClN3O4S2	drug
CH4N2O2	drug
C13H19NO4S	drug
C20H21ClO4	drug
C43H58N4O12	drug
C13H18O2	drug
C38H52N6O7	drug
C15H22FN3O6	drug
C12H12N2O3	drug
C26H27NO9	drug
C38H69NO13	drug
C18H18N8O7S3	drug
C25H27N9O8S2	drug
C19H20ClNO4	drug
C22H27NO2	drug
C20H20N6O9S	drug
C13H12N2O5S	drug
C28H22F3N7O	drug
C39H43N3O11S	drug
C6428H9976N1720O2018S42	drug
C38H47N5O7S2	drug
C8H9FN2O3	drug
C22H30N6O4S	drug
C5FeN6O	drug
C22H19N3O4	drug
C13H21NO3	drug
C22H32O4	drug
C20H21NO4	drug
C21H27NO3	drug
C8H18NO2	drug
C17H26N2O	drug
C28H37ClO7	drug
C17H13ClN4	drug
C21H31N5O2	drug
C24H30N2O2	drug
C12H16F3N	drug
C25H31F3O5S	drug
C19H22ClN5O	drug
C18H24O2	drug
C29H35NO2	drug
C2H6O	drug
C22H25N2OS	drug
C19H21NO4	drug
C32H40BrN5O5	drug
C25H34O6	drug
C136H210N40O31S	drug
C21H26N2O3	drug
C6404H9912N1724O2004S50	drug
C27H29F3O6S	drug
C19H29N5O2	drug
C1377H2208N382O442S17	drug
C72H95ClN14O14	drug
C23H36O7	drug
C32H45N3O4S	drug
C24H36O5	drug
C15H14N4O	drug
C21H21ClN4OS	drug
C24H28O2	drug
C4H11N5	drug
C17H20N4S	drug
C18H19ClN4	drug
C20H25ClN2O5	drug
C20H24N2O6	drug
C18H18ClN3O	drug
C15H11I4NO4	drug
C18H19NOS	drug
C17H19ClN2S	drug
C16H13ClN2O	drug
C23H25N5O5	drug
C19H28O2	drug
C6H5NO2	drug
C10H12N2O4	drug
C6H12ClNO	drug
C21H26N2S2	drug
C25H35N3O6S	drug
C20H26O2	drug
C23H27FN4O2	drug
C51H79NO13	drug
C33H30N4O2	drug
C24H21F2NO3	drug
C20H24O2	drug
C20H28O2	drug
C14H18N6O	drug
C33H35FN2O5	drug
C29H53NO5	drug
C24H26FNO4	drug
C22H28FN3O6S	drug
C17H26ClN	drug
C19H25N5O4	drug
C17H27NO4	drug
C23H27Cl2N3O2	drug
C15H22O3	drug
C23H27FN4O3	drug
C37H48N4O5	drug
C6H15N5	drug
C18H21N5O2	drug
C17H27N3O4S	drug
C20H30O2	drug
C20H21FN6O5	drug
C22H18N6	drug
C20H19F2N3O5	drug
C18H18ClNO5	drug
C6H6N2O3	drug
C13H14Cl2O3	drug
C21H28O2	drug
C13H21N5O4	drug
C9H12ClN5O	drug
C22H28O5	drug
C25H29NO4S	drug
C9H14N5O4P	drug
C13H20N2O	drug
C12H18O	drug
C10H17N	drug
C29H44O12	drug
C10H15NO	drug
C5H15NO4P	drug
C22H22FN3O3	drug
C9H15N5O3	drug
C9H13NO	drug
C22H24ClN5O2	drug
C9H11NO4	drug
C15H17NO2	drug
C15H24N2O4S	drug
C18H17F4N3O3	drug
C5H9NO3S	drug
C17H18F3NO	drug
C8H5F3N2OS	drug
C4H6N2	drug
C14H15N3O5	drug
C21H23ClFNO2	drug
C22H26F3N3OS	drug
C17H17NO2	drug
C10H13NO3	drug
C21H26ClN3OS	drug
C15H10ClN3O3	drug
C13H18ClNO	drug
C13H17ClN2O2	drug
C10H13N3	drug
C11H13NO3	drug
C257H383N65O77S6	drug
C257H387N65O76S6	drug
C267H404N72O78S6	drug
C6H14N4O2	drug
C6H8O6	drug
C18H29NO3	drug
C24H27NO5S	drug
C24H34N4O5S	drug
C24H33N3O4	drug
C19H21N3O5	drug
C7H8N4O2	drug
C21H29N3O	drug
C22H26N2O4S	drug
C10H10N4O2S	drug
C6H15N2O2	drug
C18H19N3O3S	drug
C15H20N2O4S	drug
C15H14F3N3O4S2	drug
C20H24N2O2	drug
C12H20N2O3S	drug
C8H17NO5	drug
C36H41N3O6	drug
C9H9Cl2N3	drug
C20H28N2O5	drug
C11H18N2O2S	drug
C24H34O4	drug
C18H26ClN3	drug
C26H29N3O6	drug
C16H13N3O3	drug
C9H13NO3	drug
C19H21N5O2	drug
C10H13ClN2O3S	drug
C20H23NO4	drug
C19H27NO3	drug
C19H24N4O2	drug
C25H48N6O8	drug
C8H8F3N3O4S2	drug
C16H16ClN3O3S	drug
C24H32O4	drug
C14H21N3O3S	drug
C21H28O5	drug
C17H21NO3	drug
C12H19NO3	drug
C27H36N2O4	drug
C10H15N5	drug
C18H22ClNO	drug
C22H30O5	drug
C14H20N2O2	drug
C10H13NO4	drug
C24H40N8O4	drug
C19H24N2O4	drug
C8H11NO2	drug
C10H11N3O3S	drug
C23H28ClN3O5S	drug
C9H9Cl2N3O	drug
C18H19Cl2NO4	drug
C19H22FN3O4	drug
C11H17NO3	drug
C21H27N5O4S	drug
C17H18N2O6	drug
C8H7ClN2O2S	drug
C15H21N3O3S	drug
C12H18N2O3S	drug
C19H20N2O3S	drug
C18H20FN3O4	drug
C16H24N10O4	drug
C21H25N3O2S	drug
C4H3F7O	drug
C27H33N3O6S	drug
C19H25NO3	drug
C16H15F6N5O	drug
C22H27FN4O2	drug
C184H282N50O60S	drug
C331H518N94O101S7	drug
C171H267N51O53S2	drug
C17H21NO4	drug
C20H27N5O5S	drug
C256H381N65O79S6	drug
C267H402N64O76S6	drug
C258H384N64O78S6	drug
C13H15N3O4S	drug
C14H10O5	drug
C15H23NO3	drug
C53H83NO14	drug
C18H26ClN3O	drug
C6H14O6	drug
C20H33N3O4	drug
C17H25N3O2	drug
C10H21NO7	drug
C21H32Cl2N4O	drug
C24H26ClFN4O	drug
C22H21Cl3N4O	drug
C26H25F9N2O4	drug
C21H25ClO6	drug
C18H25N3O2	drug
C20H15BrN6O	drug
C172H265N43O51	drug
C58H66N10O9	drug
C54H69N11O10S2	drug
C14H22ClNO2	drug
C25H28N8O2	drug
C24H25FO5S	drug
C22H32N2O6	drug
C18H26N2O4S	drug
C6362H9862N1712O1995S42	drug
C23H27ClO7	drug
C3232H5032N864O979S41	drug
C2646H4044N704O836S18	drug
C8H9N3O4	drug
Se	drug
C5H12O5	drug
C20H17NO6	drug
C10H16N2O	drug
C12H24O11	drug
C41H67NO15	drug
C25H29N3O2	drug
C187H291N45O59	drug
C17H19N5	drug
C16H19N3O4S	drug
C19H24O3	drug
C16H19N3O5S	drug
C5H4N4O	drug
C19H24N2	drug
C14H18N2O5	drug
C10H14N2O4	drug
C43H74N2O14	drug
C8H10N4O2	drug
C12H9N3O	drug
C14H18N4O3	drug
C16H20FN3O4	drug
C17H19N3O	drug
C16H16ClNO3	drug
C22H28N2O	drug
C18H23NO3	drug
C14H12N6O	drug
C10H14N2O5	drug
C26H29F2N7	drug
C284H432N84O79S7	drug
C59H90O4	drug
C22H32N2O2	drug
C2H7NS	drug
C5H11NO2S	drug
C20H23N	drug
C19H21N5O4	drug
C17H23NO3	drug
C13H16N2	drug
C9H11N	drug
C23H24N2O4S	drug
C18H20N2O6	drug
C18H22N2	drug
C35H60N2O4	drug
Li	drug
C21H23NO5	drug
C10H15N	drug
C9H11NO5	drug
C8H11NO	drug
C16H22N6O4	drug
C8H16O2	drug
C3H11NO7P2	drug
C59H84N18O14	drug
C18H20O2	drug
C55H75N17O13	drug
C12H10F3N3O4	drug
C18H14F4N2O4S	drug
C23H31Cl2NO3	drug
C14H12O3	drug
C82H103ClN18O16	drug
C64H82N18O13	drug
C15H16O2	drug
C21H24O2	drug
C6468H10066N1732O2005S40	drug
C7H10N2O2S	drug
C7H10N2OS	drug
C25H29I2NO3	drug
I	drug
C62H89CoN13O15P	drug
C46H64N14O12S2	drug
C11H12N2O2	drug
C15H21F3N2O2	drug
C37H49N7O9S	drug
C17H27NO2	drug
C33H35N5O5	drug
C19H20FNO3	drug
C8H12N2	drug
C18H24N4O	drug
C18H19N3O	drug
C19H23ClN2	drug
C12H13N3O2	drug
C16H17BrN2	drug
C18H22N2S	drug
C21H25ClN2O4S	drug
C14H16BrNO2	drug
C17H16N2O3	drug
C1521H2381N417O461S7	drug
C16H20N4O3S	drug
C8H15N3O7	drug
C21H26O5	drug
C22H23ClN6O	drug
C13H22N4O3S	drug
C7H6ClN3O4S2	drug
C6H8N2O8	drug
C3H4Cl2F2O	drug
C23H20N2O3S	drug
C21H15N3O4	drug
C13H8Cl2O4S	drug
C16H16N2O3S	drug
C5H4N4O2	drug
C23H28F2N6O4S	drug
C30H24N4O8	drug
C1549H2430N408O448S8	drug
C10H10N2O	drug
C17H12Br2O3	drug
C5H9Cl2N3O2	drug
C12H21NO8S	drug
C22H43N5O13	drug
C20H22N8O5	drug
C14H14O3	drug
C18H14N4O5S	drug
C17H21NO	drug
C13H17N	drug
C18H26FNO4	drug
C20H29FO3	drug
C145H240N44O48S2	drug
C27H44O3	drug
C28H44O	drug
C20H30O	drug
C27H44O	drug
C5H10N2O7P2	drug
C16H14F3N3O2S	drug
CH3O5P	drug
C15H12N2O	drug
C46H58N4O9	drug
C21H21ClN2O8	drug
C29H31N7O	drug
C47H73NO17	drug
CH4Cl2O6P2	drug
C12H14N2O2	drug
C22H22F3N	drug
C28H46O	drug
CaCl2	drug
C22H25NO6	drug
C27H44O2	drug
C27H40O3	drug
C26H42O4	drug
C181H291N55O51S2	drug
C28H44O2	drug
CCaO3	drug
C12H22CaO14	drug
C13H17N5O8S2	drug
C8H14N2O2	drug
C12H10Mg3O14	drug
C6416H9874N1688O1987S44	drug
C6378H9844N1698O1997S48	drug
C62H111N11O12	drug
C6332H9808N1678O1989S42	drug
C6538H10034N1716O2033S44	drug
C19H25BN4O4	drug
C12H18N2O4	drug
C7H7NO3	drug
C11H9I3N2O4	drug
C23H27N5O7S	drug
C17H19N3O3S	drug
C9H15N5O	drug
C8H14N3O6P	drug
C41H64O14	drug
C22H22N6O7S2	drug
C15H13NO3	drug
C13H11N3O4S2	drug
C35H36ClNO3S	drug
C17H14F3N3O2S	drug
C10H16N6S	drug
C66H75Cl2N9O24	drug
C29H39N5O8	drug
C16H17N3O4S	drug
C20H17FO3S	drug
C20H21N5O6	drug
C27H34N2O7	drug
C20H12O5	drug
C9H23NO7P2	drug
C20H32N5O8P	drug
C17H25N3O5S	drug
C29H32O13	drug
C52H98N16O13	drug
C14H12O3S	drug
C8H10FN3O3S	drug
C14H24N2O7	drug
C21H41N5O7	drug
C9H7N7O2S	drug
C9H13N5O4	drug
C13H18Cl2N2O2	drug
C20H23N5O6S	drug
C12H9F3N2O2	drug
C20H27N5O2	drug
C35H44I6N6O15	drug
C14H14N8O4S3	drug
C16H17N3O7S2	drug
C19H26I3N3O9	drug
C19H24N6O5S2	drug
C11H11N5	drug
C15H11N3O3	drug
C10H12N4O5S	drug
C15H16N2O6S2	drug
C52H74N16O15S2	drug
C31H44N2O5S	drug
C59H89N19O13S	drug
C19H18N2O4S	drug
C7H9NO2	drug
C27H45N5O5	drug
C52H74Cl2O18	drug
C23H18ClF2N3O3S	drug
C16H20N6O	drug
C22H29FN3O9P	drug
C17H22I3N3O8	drug
C21H46NO4P	drug
C25H24N6O2	drug
C40H53N7O5S2	drug
C40H50N8O6	drug
C18H24I3N3O9	drug
C18H24I3N3O8	drug
C35H38N4O6	drug
C2H8N2O3Pt	drug
C22H22N6O5S2	drug
C8H12N5O4P	drug
C5H15N2O3PS	drug
C7H15NO3	drug
C21H22N2O5S	drug
C27H38N2O4	drug
C21H29FO5	drug
C24H30O6	drug
C21H30O5	drug
ClK	drug
C4H6N4O3S2	drug
C13H12Cl2O4	drug
C25H37NO4	drug
Ca	drug
C20H14O4	drug
C20H23N3O4	drug
C92H130N28O24S4	drug
C9H13N	drug
C21H24FN3O4	drug
C19H21N	drug
C45H54N4O8	drug
C46H56N4O10	drug
C11H16N4O4	drug
C9H7Cl2N5	drug
C21H24F3N3S	drug
C11H12N2S	drug
C32H26N4O2	drug
C6H12N2O4Pt	drug
C23H29N3O2S2	drug
C26H25ClN2O3	drug
C8H8N2O3S	drug
C6H6Cl2N2O4S2	drug
C22H30O	drug
C20H28O	drug
C63H88CoN14O14P	drug
C19H19N7O6	drug
C14H11NO5	drug
C26H29NO	drug
C62H88CoN13O14P	drug
C24H40O4	drug
C37H41N2O6	drug
C24H34N2O	drug
C23H32N6O4S	drug
C8H8N4	drug
C28H31N3O6	drug
C6H6N2O	drug
C10H12ClNO2	drug
C4H6CaO4	drug
C12H35Al9O55S8	drug
C2H8O7P2	drug
AlH3O3	drug
C3La2O9	drug
H2MgO2	drug
C12H29Fe5Na2O23	drug
C22H23NO4S2	drug
C15H10Cl2N2O2	drug
C22H17ClN2	drug
C7H11NO7P2	drug
C38H50N6O5	drug
C35H52O4	drug
C24H29ClO4	drug
C21H26O2	drug
C19H26O3	drug
C10H14N2	drug
C17H19NO3	drug
C19H24N2O2	drug
C27H30F6N2O2	drug
C27H23N5O4	drug
C10H12N2	drug
C14H14ClNS	drug
C22H24ClFN4O3	drug
C14H13N3O4S2	drug
C16H14O3	drug
C9H14N4O4	drug
C5H11NO4S	drug
C26H26F2N2	drug
C15H22N2O	drug
C20H27N3O6	drug
C23H36N2O4	drug
C31H48O2S2	drug
C29H41F2N5O	drug
C16H11ClN2O3	drug
C12H8O4	drug
C15H10O4	drug
C15H10O5	drug
C54H92O23	drug
C21H20O12	drug
C11H13BrN2O6	drug
C21H20O9	drug
C14H6O8	drug
C16H24N2	drug
C8H10O2	drug
C7H5NO3S	drug
C20H26O6	drug
C9H18NO2	drug
C18H36N4O11	drug
C6H9N3O3	drug
C21H39N7O12	drug
C9H11FN2O5	drug
C10H11F3N2O5	drug
C27H29NO11	drug
C33H38N4O6	drug
C11H13BrN2O5	drug
C6H8N2O2S	drug
C18H15NO8S2	drug
As	drug
C4H8O2	drug
C21H20O6	drug
C9H8N4O5	drug
C14H11Cl2NO2	drug
C4H4FN3O	drug
C5H14NO+	drug
C6H12NNaO3S	drug
C10H12FN5O4	drug
C28H32O15	drug
C27H30O16	drug
C9H18N6	drug
ClO-	drug
C19H27N5O4	drug
C19H34Cl2N2O2	drug
C19H20ClN3	drug
C9H10N2O3S2	drug
C24H28N2O4S2	drug
C24H31NO8	drug
C22H25N5O2	drug
C15H23N3O4S	drug
C14H24Cl2N2O3	drug
C15H23N3O2	drug
C15H14ClN3O4S3	drug
C20H21N	drug
C12H21N	drug
C12H13NO2	drug
C25H31N3O6	drug
C24H28N2O3	drug
C18H17NO5	drug
C22H26N2O2	drug
C24H29N5O8S	drug
C24H32N2O9	drug
C19H25F3N2O6	drug
C28H38N6O11S	drug
C18H27N3O6S	drug
C19H16O4	drug
C22H31ClN4O7S2	drug
C70H76N10O16	drug
C17H16F6N2O	drug
C36H60N2O8S	drug
C28H29F2N3O	drug
C21H29NO	drug
C14H19NO2	drug
C19H24N2S	drug
C15H11N2NaO2	drug
C20H31NO	drug
C22H26ClN7O2S	drug
C26H35NO7	drug
C10H7Cl2N3O	drug
C26H39NO10	drug
C11H12ClNO3S	drug
C19H35NO2	drug
C35H38Cl2N8O4	drug
C24H26BrN3O3	drug
C21H23N3OS	drug
C15H27N3O9P2	drug
C24H30O3	drug
C17H17ClN6O3	drug
C19H24N2O6	drug
C22H32ClNO3	drug
C47H51NO14	drug
C17H15N5O	drug
C19H15ClN2O4	drug
C17H17ClO6	drug
C12H15NO3	drug
C12H19BrN2O2	drug
C23H27N3O6	drug
C16H14F3N5O	drug
C12H21N5O2S2	drug
C24H31FO6	drug
C23H34O5	drug
C15H20N2O2	drug
C12H19N3O	drug
C27H37FO6	drug
C9H12N2O4S	drug
C12H24N2O4	drug
C24H31N3O	drug
C21H34O5	drug
C29H33ClN2O2	drug
C18H15NO3	drug
C25H30ClNO5	drug
C26H32F2O7	drug
C41H64O13	drug
C26H33NO9	drug
C16H18ClNO6S2	drug
C21H25ClN2O3	drug
C26H27N5O2	drug
C25H31NO6	drug
C14H19N5O4	drug
C19H28N2O4	drug
C21H23NO4S	drug
C29H30N6O6	drug
C8H13N3O4S	drug
C23H31NO7	drug
C33H44BrN5O8S	drug
C16H18N4O3S	drug
C10H11NO3	drug
C15H22O5	drug
C16H15F2N3O4S	drug
C20H28O6	drug
C18H32O2	drug
C17H24O10	drug
C20H18NO4+	drug
C53H90O22	drug
C42H72O13	drug
C42H70O12	drug
C13H8O4	drug
C29H36O15	drug
C7H6O5	drug
C15H10O7	drug
C4H7NaO2	drug
C24H42O21	drug
C21H22O9	drug
C18H27NO3	drug
C4H4KNO4S	drug
C12H4Cl4O	drug
C46H62N4O11	drug
C22H25ClN2O8	drug
C22H24Cl2N2O8	drug
C19H16ClF3N4O3	drug
C12H4Cl4O2	drug
C11H12Cl2N2O5	drug
C23H28ClN3O7	drug
C29H27ClN2O14S	drug
C21H22Cl2N2O8	drug
C22H23ClN2O8	drug
C22H30Cl2N10	drug
C47H64N4O12	drug
C38H72N2O12	drug
C18H34Cl2N2O5S	drug
Ag	drug
C12H15Cl2NO5S	drug
C7H14N2O2S	drug
C22H28N2O11	drug
C8H7N3O5	drug
C11H10N4O4	drug
C16H17N2NaO4S	drug
C43H51N3O11	drug
C13H17ClN4O6	drug
C37H67NO13	drug
C42H69NO15	drug
C18H35ClN2O6S	drug
C14H13N8NaO4S3	drug
C23H26N5NaO7S	drug
C41H76N2O15	drug
C13H6Cl6O2	drug
C26H58Cl2N10	drug
C46H77NO17	drug
C31H35N2NaO11	drug
C15H14N2Na2O6S2	drug
C42H78N2O14	drug
C13H8Cl2N2O4	drug
C48H56N6O8S2	drug
C16H25N3O7S	drug
C16H16N5NaO7S2	drug
C25H31N9O10S2	drug
C8H14ClN5	drug
C6H8N4O4	drug
C24H24ClN3O6S	drug
C14H13N5O5S2	drug
C22H17N3O5	drug
C7H10ClN3O3	drug
C20H21N7O6S2	drug
C12H6Br4O	drug
C12H17N3O4S	drug
C17H19KN2O5S	drug
C10H13N3O5S	drug
C7H11N3O3	drug
C16H15N4NaO8S	drug
C19H28Cl2N6O6S2	drug
C19H18Cl2N3NaO6S	drug
C20H22N5NaO6S	drug
C12H7Cl3O2	drug
C19H16ClFN3NaO5S	drug
C19H17ClN3NaO5S	drug
C21H23N2NaO6S	drug
C20H12	drug
C19H18N3NaO5S	drug
C12H13ClN4	drug
C17H21ClN2S	drug
C28H31FN4O	drug
C18H19Cl2NS	drug
C18H18ClNOS	drug
C22H27Cl3N2OS	drug
C17H20Cl2N2S	drug
C22H25Cl2N3O	drug
C20H22ClN	drug
C21H20ClNO5	drug
C48H48N4O6S2	drug
C18H20ClF3N2S	drug
C20H23ClN2O4	drug
C19H23Cl2N5O	drug
C19H24ClN3O	drug
C19H21ClF3NO2	drug
C21H23BrFNO2	drug
C18H22Cl2N2	drug
C17H21ClFN3O4	drug
Cd	drug
C19H21FN2O4	drug
C20H17F2N3O3	drug
C9H9N3O2	drug
C9H9HgNaO2S	drug
C20H35AuO9PS	drug
C22H14Cl2I2N2O2	drug
C31H47NaO6	drug
C6H6N4O4	drug
C27H42ClNO2	drug
C19H22F2N4O3	drug
C16H15N2NaO6S2	drug
C16H16N3NaO7S2	drug
C8Cl4N2	drug
C28H44ClNO2	drug
C19H12O8	drug
C9H11Cl3NO3PS	drug
C36H61NaO11	drug
C9H5Cl2NO	drug
C23H36N4O10S2	drug
C20H9Br2HgNa2O6	drug
C13H9NOSe	drug
C66H76Cl3N9O24	drug
C66H103N17O16S	drug
C27H30ClNO10	drug
C18H25Cl2N9O4S3	drug
C9H5ClINO	drug
C30H40Cl2N4	drug
C15H17FN4O3	drug
C18H14Cl4N2O	drug
C17H20ClF2N3O3	drug
C14H12FNO3	drug
C27H22Cl2N4	drug
C29H38N4O10	drug
C16H18FN3O3	drug
C18H22O2	drug
C17H20FN3O3	drug
C7H11ClN2O2S	drug
C18H18O2	drug
C75H70N6O6	drug
Cr+6	drug
C4H4N6O	drug
C23H32O3	drug
C19H25ClN2S	drug
C23H21F7N4O3	drug
C14H12ClNO2	drug
C20H24ClNS	drug
C19H22ClN	drug
C6H13NO3S	drug
C19H22N2O	drug
C15H20O6	drug
C12H21N2O3PS	drug
C17H13ClFN3O	drug
C12H4Cl2F6N4OS	drug
C3H9NO5P+	drug
Hg	drug
C14H14Cl2N2O	drug
C9H10ClN5O2	drug
Pb	drug
C10H19O6PS2	drug
Mn+2	drug
C16H22O4	drug
Cl2Hg	drug
Ni	drug
C20H18ClNO6	drug
C14H8Cl4	drug
C16H18N2O4S	drug
C6HCl5O	drug
C21H20Cl2O3	drug
C4HF9O3S	drug
C9H20N2O2	drug
C8H6N4O5	drug
C12H19Cl3O8	drug
C26H22ClF3N2O3	drug
C22H23ClN2O2	drug
C14H9I3O4	drug
C8H10ClN5O3S	drug
C4H8Cl3O4P	drug
C19H12O6	drug
C22H26ClN3O4S	drug
C22H24ClN3O5	drug
C40H50N4O6S2	drug
C9H11IN2O5	drug
C14H12Cl2NNaO3	drug
C14H10F3NO2	drug
C18H18F3NO4	drug
C21H28F3N3O7	drug
C33H40N2O9	drug
C11H12N4O3S	drug
Cr	drug
C28H41N3O3	drug
C24H35ClN2O	drug
C17H17ClF6N2O	drug
C21H27ClN2S2	drug
C23H23NO4S	drug
C39H54N6O8S	drug
C27H32N2O4S3	drug
C20H18N6Na2O9S	drug
C17H17N7O8S4	drug
C15H16N7NaO5S3	drug
C16H16ClN3O4	drug
C9H13N3O5	drug
C16H15N5O7S2	drug
C16H13Cl3N2OS	drug
C18H16Cl3N3O4	drug
C32H55BrN4O	drug
C18H14Cl4N4O4	drug
C22H18N2	drug
C32H41NO2	drug
C19H18Cl3N3O3S	drug
C21H27N3O7S	drug
C32H37NO8	drug
C23H39NO4	drug
C17H18F3N3O3	drug
C10H12N2O5S	drug
C26H28ClNO	drug
C23H26ClN	drug
C15H14ClN3O4S	drug
C28H32ClN3O8S	drug
C9H4Cl3IO	drug
C23H32ClNO2	drug
C20H28Cl3N3O3	drug
C29H34Cl2N2O2	drug
C23H26N2O5S	drug
C16H17N3O5S	drug
C21H29NO4S	drug
C21H22ClN	drug
C28H28ClNO4S	drug
C23H27NO5S	drug
C20H25N5O7S2	drug
C16H17N5O7S2	drug
C21H27N5O9S2	drug
C22H32N6O12S2	drug
C21H28ClN3O7S	drug
C18H19N3O5S	drug
C22H21N8O8PS4	drug
C15H16ClN3O5S	drug
C14H10O3	drug
C15H14N4O6S2	drug
C26H41Br2NO4	drug
C25H30ClI2NO3	drug
C20H22N8O6S2	drug
C25H29Cl3N2	drug
C27H33NO3	drug
C26H28N2	drug
C17H16ClN3O	drug
C14H16N4	drug
C46H54N6O8S2	drug
C23H28N2O5S	drug
C16H16N4O8S	drug
C20H22N4O10S	drug
C19H17N3O4S2	drug
C31H33N3O6S	drug
C12H11N2NaO3	drug
C13H18ClN3O4S2	drug
C18H33ClN2O5S	drug
C22H19N4NaO8S2	drug
C27H30ClNO11	drug
C26H33NO6	drug
C27H34I2N4	drug
C88H100Cl2N10O28	drug
C22H24N2O8	drug
C22H25N3O7S	drug
C22H45N5O14	drug
C48H72O14	drug
C19H17ClFN3O5S	drug
C23H21ClO3	drug
C3H7O4P	drug
C14H26Cl2N2O7	drug
C42H88N14O36S3	drug
C24H30Cl2N2O3	drug
C23H20F2N2O4	drug
C18H20FN5O4	drug
C17H21F2N3O3	drug
C18H29N3O5S	drug
C31H33F2N4O11P	drug
C20H16Cl3N3O4S	drug
C19H21Cl2N3	drug
C18H16Cl3N3O3S	drug
C21H32N2O	drug
C21H45N3	drug
C10H12O	drug
C18H20N3NaO3S	drug
C24H30ClNO4	drug
C13H17N3O2	drug
C34H57BrN2O4	drug
C11H14N4O2	drug
C22H19ClO3	drug
C19H15NO6	drug
C23H36Cl3N3O3	drug
C5H4N4S	drug
C34H48Na2O7	drug
C21H25N5O8S2	drug
C23H27N3O7	drug
C18H14F3N3O4S	drug
C23H45N5O14	drug
C19H17NOS	drug
C12H10N2O5	drug
C10H13N5O4S	drug
C16H16Cl3N	drug
C23H30O3	drug
C15H10O2	drug
C21H33N3O5S	drug
C13H16N2O8S	drug
C17H18FN3O3S	drug
C19H18ClF2N3O3	drug
C43H65FN6O10	drug
C10H20N2S4	drug
C6H10N6O	drug
C12H14N4O2S	drug
C88H97Cl2N9O33	drug
C80H106Cl2N11O27P	drug
C43H65N5O10	drug
C20H15F3N4O3	drug
C20H16N2O4	drug
C10H12ClN5O3	drug
C10H12N4O3S	drug
C22H28N4O6	drug
C10H13N5O5	drug
C10H11ClFN5O3	drug
C27H29NO10	drug
C11H8O2	drug
C15H18N4O5	drug
C11H15N5O5	drug
C25H22N4O8	drug
C13H20N6O4	drug
C15H14O3	drug
C21H20O10	drug
C3H6N6	drug
C21H41N5O11	drug
C23H28ClN	drug
C17H36N4O14S	drug
C44H76N4O10S2	drug
C13H21ClN2O	drug
C22H32N2O5S	drug
C20H40N6O8S	drug
C14H28ClNO6	drug
C30H41N3O10S2	drug
C21H26BrNO3	drug
C21H22Cl2N4OS	drug
C6H6N6O2	drug
C35H35NO12	drug
C12H17NO3	drug
C21H34ClN3O5S	drug
C32H40ClNO4	drug
C22H29FO4	drug
C21H26Cl2F3N3S	drug
C26H31Cl3F3NO	drug
C28H44ClNO3S	drug
C28H34Cl2F2N2O	drug
C29H35NO8	drug
C19H36ClNO2	drug
C15H12O4	drug
C95H146O28	drug
C22H28Cl2F3N3OS	drug
C29H31F2N3O	drug
C28H31BrN2O2	drug
C14H14ClN3	drug
C18H30ClNO3	drug
C8H11NO5S	drug
C14H9N4NaO5	drug
C14H10Cl4	drug
C9H14ClNO3	drug
C10H7KN6O	drug
C17H20ClNO3	drug
C26H30ClN3O6	drug
C11H15N5O4	drug
C11H12I3NO2	drug
C25H33Cl2N5O2	drug
C19H24Cl2N2	drug
C32H52Br2N4O4	drug
C60H125N15O25S	drug
C38H84N10O34S5	drug
C8H6ClF3N2OS	drug
C23H31NO3	drug
C26H28Cl2F2N2	drug
C22H23N3O4	drug
C19H18Cl2N2O4	drug
C22H32O3	drug
C12H15N3O2S	drug
C28H38N12O6S	drug
C11H15NO2	drug
C16H25ClN4O2	drug
C11H12N2O2S	drug
C23H26FN3O2	drug
Bacillus_subtilis	disease
Corynebacterium_glutamicum	disease
Enterobacter_cancerogenus	disease
Enterobacter_cloacae	disease
Klebsiella_pneumoniae	disease
Klebsiella_variicola	disease
Lactobacillus_plantarum	disease
Pelobacter_carbinolicus	disease
Pelobacter_propionicus	disease
Pseudomonas_aeruginosa	disease
Bacteroides_thetaiotaomicron	disease
Pelotomaculum_thermopropionicum	disease
Syntrophobacter_fumaroxidans	disease
Syntrophobotulus_glycolicus	disease
Syntrophomonas_wolfei	disease
Syntrophothermus_lipocalidus	disease
Syntrophus_aciditrophicus	disease
Bifidobacterium_longum_(Bifidobacterium_infantis,_Bifidobacterium_suis)	disease
Clostridium_butyricum	disease
Lactobacillus_buchneri	disease
Salmonella_enterica	disease
Citrobacter_koseri	disease
Citrobacter_rodentium	disease
Citrobacter_youngae	disease
Ilyobacter_polytropus	disease
Lactobacillus_brevis	disease
Clostridium_botulinum	disease
Clostridium_sporogenes	disease
Clostridium_sticklandii	disease
Desulfobulbus_propionicus	disease
Fibrobacter_succinogenes_(Bacteroides_succinogenes)	disease
Prevotella_ruminicola_(Bacteroides_ruminicola)	disease
Ruminococcus_albus	disease
Ruminococcus_bromii	disease
Anaerotruncus_colihominis	disease
Porphyromonas_asaccharolytica	disease
Clostridium_acetobutylicum	disease
Lactobacillus_casei	disease
Agrobacterium_tumefaciens_(Rhizobium_radiobacter)	disease
Anaerostipes_caccae	disease
Bifidobacterium_adolescentis	disease
Bifidobacterium_dentium	disease
Clostridium_difficile	disease
Escherichia_coli	disease
Lactobacillus_rhamnosus	disease
Pseudomonas_fluorescens	disease
Acetivibrio_cellulolyticus	disease
Acetobacter_pasteurianus	disease
Acetohalobium_arabaticum	disease
Acholeplasma_laidlawii	disease
Acidaminococcus_fermentans	disease
Actinomyces_coleocanis	disease
Actinomyces_odontolyticus	disease
Actinomyces_oris	disease
Actinomyces_urogenitalis	disease
Actinomyces_viscosus	disease
Archaeoglobus_fulgidus	disease
Atopobium_parvulum	disease
Atopobium_rimae	disease
Atopobium_vaginae	disease
Bacteroides_caccae	disease
Bacteroides_cellulosilyticus	disease
Bacteroides_coprocola	disease
Bacteroides_coprophilus	disease
Bacteroides_dorei	disease
Bacteroides_eggerthii	disease
Bacteroides_finegoldii_(Alistipes_finegoldii)	disease
Bacteroides_fragilis	disease
Bacteroides_helcogenes	disease
Bacteroides_intestinalis	disease
Bacteroides_ovatus	disease
Bacteroides_pectinophilus	disease
Bacteroides_plebeius	disease
Bacteroides_salanitronis	disease
Bacteroides_stercoris	disease
Bacteroides_uniformis	disease
Bacteroides_vulgatus	disease
Bacteroides_xylanisolvens	disease
Bifidobacterium_angulatum	disease
Bifidobacterium_animalis	disease
Bifidobacterium_bifidum	disease
Bifidobacterium_breve	disease
Bifidobacterium_catenulatum	disease
Bifidobacterium_gallicum	disease
Bifidobacterium_pseudocatenulatum	disease
Bilophila_wadsworthia	disease
Blautia_hydrogenotrophica_(Ruminococcus_hydrogenotrophicus)	disease
Butyrivibrio_crossotus	disease
Butyrivibrio_fibrisolvens	disease
Butyrivibrio_proteoclasticus	disease
Catenibacterium_mitsuokai	disease
Clostridium_asparagiforme	disease
Clostridium_bartlettii	disease
Clostridium_beijerinckii	disease
Clostridium_bolteae	disease
Clostridium_carboxidivorans	disease
Clostridium_cellulolyticum	disease
Clostridium_cellulovorans	disease
Clostridium_cf	disease
Clostridium_hathewayi	disease
Clostridium_hiranonis	disease
Clostridium_hylemonae	disease
Clostridium_kluyveri	disease
Clostridium_leptum	disease
Clostridium_ljungdahlii	disease
Clostridium_methylpentosum	disease
Clostridium_nexile	disease
Clostridium_novyi	disease
Clostridium_papyrosolvens	disease
Clostridium_perfringens	disease
Clostridium_phytofermentans	disease
Clostridium_saccharolyticum	disease
Clostridium_scindens	disease
Clostridium_symbiosum	disease
Clostridium_tetani	disease
Clostridium_thermocellum	disease
Comamonas_testosteroni	disease
Coprococcus_catus	disease
Coprococcus_comes	disease
Coprococcus_eutactus	disease
Desulfotomaculum_acetoxidans	disease
Desulfotomaculum_nigrificans	disease
Desulfotomaculum_reducens	disease
Desulfovibrio_aespoeensis	disease
Desulfovibrio_desulfuricans	disease
Desulfovibrio_fructosovorans	disease
Desulfovibrio_magneticus	disease
Desulfovibrio_piger	disease
Desulfovibrio_salexigens	disease
Desulfovibrio_vulgaris	disease
Desulfuromonas_acetoxidans	disease
Dialister_invisus	disease
Dorea_formicigenerans	disease
Dorea_longicatena	disease
Enterococcus_casseliflavus	disease
Enterococcus_faecalis_(Streptococcus_faecalis)	disease
Enterococcus_faecium_(Streptococcus_faecium)	disease
Enterococcus_gallinarum	disease
Enterococcus_italicus	disease
Escherichia_albertii	disease
Escherichia_fergusonii	disease
Eubacterium_cellulosolvens	disease
Eubacterium_eligens	disease
Eubacterium_hallii	disease
Eubacterium_limosum	disease
Eubacterium_rectale	disease
Eubacterium_saburreum	disease
Eubacterium_saphenum	disease
Eubacterium_siraeum	disease
Eubacterium_ventriosum	disease
Faecalibacterium_prausnitzii	disease
Finegoldia_magna	disease
Fusobacterium_nucleatum	disease
Geobacter_bemidjiensis	disease
Geobacter_lovleyi	disease
Geobacter_metallireducens	disease
Geobacter_sulfurreducens	disease
Geobacter_uraniumreducens	disease
Haloarcula_marismortui	disease
Haloferax_volcanii	disease
Holdemania_filiformis	disease
Lactobacillus_acidophilus	disease
Lactobacillus_amylolyticus	disease
Lactobacillus_amylovorus	disease
Lactobacillus_antri	disease
Lactobacillus_coleohominis	disease
Lactobacillus_crispatus	disease
Lactobacillus_delbrueckii	disease
Lactobacillus_fermentum	disease
Lactobacillus_gasseri	disease
Lactobacillus_helveticus	disease
Lactobacillus_hilgardii	disease
Lactobacillus_iners	disease
Lactobacillus_jensenii	disease
Lactobacillus_johnsonii	disease
Lactobacillus_oris	disease
Lactobacillus_paracasei	disease
Lactobacillus_reuteri	disease
Lactobacillus_ruminis	disease
Lactobacillus_sakei	disease
Lactobacillus_salivarius	disease
Lactobacillus_ultunensis	disease
Lactobacillus_vaginalis	disease
Lactococcus_lactis	disease
Marvinbryantia_formatexigens	disease
Megamonas_hypermegale	disease
Megasphaera_micronuciformis	disease
Methanobrevibacter_ruminantium	disease
Methanobrevibacter_smithii	disease
Methanococcus_maripaludis	disease
Methanosaeta_thermophila	disease
Methanosarcina_acetivorans	disease
Methanosarcina_barkeri	disease
Methanosarcina_mazei	disease
Methanosphaera_stadtmanae	disease
Methanosphaerula_palustris	disease
Methanospirillum_hungatei	disease
Moorella_thermoacetica	disease
Mycoplasma_agalactiae	disease
Mycoplasma_alligatoris	disease
Mycoplasma_arthritidis	disease
Mycoplasma_bovis	disease
Mycoplasma_capricolum	disease
Mycoplasma_conjunctivae	disease
Mycoplasma_crocodyli	disease
Mycoplasma_fermentans	disease
Mycoplasma_gallisepticum	disease
Mycoplasma_genitalium	disease
Mycoplasma_haemofelis	disease
Mycoplasma_hominis	disease
Mycoplasma_hyopneumoniae	disease
Mycoplasma_hyorhinis	disease
Mycoplasma_leachii	disease
Mycoplasma_mobile	disease
Mycoplasma_mycoides	disease
Mycoplasma_penetrans	disease
Mycoplasma_pneumoniae	disease
Mycoplasma_pulmonis	disease
Mycoplasma_synoviae	disease
Odoribacter_splanchnicus	disease
Parabacteroides_johnsonii	disease
Parabacteroides_merdae	disease
Parvularcula_bermudensis	disease
Peptostreptococcus_anaerobius	disease
Peptostreptococcus_stomatis	disease
Prevotella_amnii	disease
Prevotella_bergensis	disease
Prevotella_bivia	disease
Prevotella_bryantii	disease
Prevotella_buccae	disease
Prevotella_buccalis	disease
Prevotella_copri	disease
Prevotella_disiens	disease
Prevotella_marshii	disease
Prevotella_melaninogenica_(Bacteroides_melaninogenicus)	disease
Prevotella_multiformis	disease
Prevotella_oralis	disease
Prevotella_oris	disease
Prevotella_salivae	disease
Prevotella_tannerae	disease
Prevotella_timonensis	disease
Prevotella_veroralis	disease
Propionibacterium_acnes	disease
Propionibacterium_freudenreichii_(Propionibacterium_shermanii)	disease
Pseudoflavonifractor_capillosus	disease
Pseudomonas_mendocina	disease
Pyramidobacter_piscolens	disease
Pyrococcus_furiosus	disease
Roseburia_intestinalis	disease
Roseburia_inulinivorans	disease
Ruminococcus_flavefaciens	disease
Ruminococcus_gnavus	disease
Ruminococcus_obeum	disease
Ruminococcus_torques	disease
Selenomonas_artemidis	disease
Selenomonas_flueggei	disease
Selenomonas_noxia	disease
Selenomonas_sputigena	disease
Shewanella_putrefaciens_(Pseudomonas_putrefaciens)	disease
Streptococcus_agalactiae	disease
Streptococcus_anginosus	disease
Streptococcus_australis	disease
Streptococcus_bovis_(Streptococcus_equinus)	disease
Streptococcus_cristatus	disease
Streptococcus_downei	disease
Streptococcus_dysgalactiae	disease
Streptococcus_equi	disease
Streptococcus_gallolyticus	disease
Streptococcus_gordonii	disease
Streptococcus_infantarius	disease
Streptococcus_infantis	disease
Streptococcus_mitis	disease
Streptococcus_mutans	disease
Streptococcus_oralis	disease
Streptococcus_parasanguinis	disease
Streptococcus_peroris	disease
Streptococcus_pneumoniae	disease
Streptococcus_pseudoporcinus	disease
Streptococcus_pyogenes	disease
Streptococcus_salivarius	disease
Streptococcus_sanguinis	disease
Streptococcus_suis	disease
Streptococcus_thermophilus	disease
Streptococcus_uberis	disease
Streptococcus_vestibularis	disease
Subdoligranulum_variabile	disease
Thermotoga_maritima	disease
Veillonella_atypica	disease
Veillonella_dispar	disease
Veillonella_parvula	disease
Wolinella_succinogenes	disease
Xanthomonas_campestris	disease
Bacillus_megaterium	disease
Corynebacterium_diphtheriae	disease
Deinococcus_radiodurans	disease
Listeria_innocua	disease
Mesorhizobium_loti	disease
Mycobacterium_leprae	disease
Mycobacterium_smegmatis	disease
Parabacteroides_distasonis	disease
Porphyromonas_gingivalis	disease
Proteus_mirabilis	disease
Shigella_flexneri	disease
Shigella_sonnei	disease
Staphylococcus_aureus	disease
Streptomyces_griseus	disease
Acidovorax_avenae	disease
Acidovorax_delafieldii	disease
Aeromicrobium_marinum	disease
Gluconobacter_oxydans	disease
Ketogulonicigenium_vulgare	disease
Methylobacterium_nodulans	disease
Brucella_suis	disease
Baumannia_cicadellinicola	disease
Brevibacillus_brevis	disease
Brucella_abortus	disease
Brucella_melitensis	disease
Leuconostoc_mesenteroides	disease
Listeria_monocytogenes	disease
Paenibacillus_larvae	disease
Paenibacillus_polymyxa	disease
Rhizobium_leguminosarum	disease
Rhodobacter_capsulatus	disease
Rhodospirillum_rubrum	disease
Anaerococcus_hydrogenalis	disease
Anaerococcus_lactolyticus	disease
Anaerococcus_prevotii	disease
Anaerococcus_tetradius	disease
Anaerococcus_vaginalis	disease
Desulfarculus_baarsii	disease
Fusobacterium_gonidiaformans	disease
Fusobacterium_mortiferum	disease
Fusobacterium_periodonticum	disease
Fusobacterium_ulcerans	disease
Fusobacterium_varium	disease
Peptoniphilus_harei	disease
Peptoniphilus_lacrimalis	disease
Campylobacter_jejuni	disease
Methanothermobacter_marburgensis	disease
Methanothermobacter_thermautotrophicus	disease
Actinobacillus_succinogenes	disease
Aeromonas_salmonicida	disease
Collinsella_aerofaciens_(Eubacterium_aerofaciens)	disease
Collinsella_intestinalis	disease
Collinsella_stercoris	disease
Flavobacterium_johnsoniae	disease
Leptotrichia_buccalis	disease
Leptotrichia_goodfellowii	disease
Leptotrichia_hofstadii	disease
Sulfolobus_solfataricus	disease
Acidothermus_cellulolyticus	disease
Actinosynnema_mirum	disease
Bacillus_pumilus	disease
Caldicellulosiruptor_bescii_(Anaerocellum_thermophilum)	disease
Caldicellulosiruptor_saccharolyticus	disease
Cellulomonas_flavigena	disease
Cellulosilyticum_lentocellum	disease
Cytophaga_hutchinsonii	disease
Rhodothermus_marinus	disease
Spirochaeta_thermophila	disease
Thermobifida_fusca	disease
Thermomonospora_curvata	disease
Thermotoga_neapolitana	disease
Streptomyces_lividans	disease
Vibrio_cholerae	disease
Achromobacter_piechaudii	disease
Aeromonas_hydrophila	disease
Acidimicrobium_ferrooxidans	disease
Acidithiobacillus_ferrooxidans	disease
Azotobacter_vinelandii	disease
Bacillus_amyloliquefaciens	disease
Bacillus_anthracis	disease
Bacillus_atrophaeus	disease
Bacillus_cellulosilyticus	disease
Bacillus_cereus	disease
Bacillus_clausii	disease
Bacillus_coagulans	disease
Bacillus_coahuilensis	disease
Bacillus_halodurans	disease
Bacillus_licheniformis	disease
Bacillus_mycoides	disease
Bacillus_pseudofirmus	disease
Bacillus_pseudomycoides	disease
Bacillus_selenitireducens	disease
Bacillus_thuringiensis	disease
Bacillus_weihenstephanensis	disease
Caminibacter_mediatlanticus	disease
Chloroflexus_aurantiacus	disease
Desulfobacterium_autotrophicum	disease
Helicobacter_pylori	disease
Ignicoccus_hospitalis	disease
Leuconostoc_citreum	disease
Leuconostoc_gasicomitatum	disease
Leuconostoc_kimchii	disease
Metallosphaera_sedula	disease
Methanocaldococcus_jannaschii	disease
Methanococcus_vannielii	disease
Methanococcus_voltae	disease
Methanopyrus_kandleri	disease
Methanothermus_fervidus	disease
Methylococcus_capsulatus	disease
Oxalobacter_formigenes	disease
Pyrobaculum_aerophilum	disease
Thermoplasma_acidophilum	disease
Thiobacillus_denitrificans	disease
Zymomonas_mobilis	disease
Shigella_boydii	disease
Sulfolobus_acidocaldarius	disease
Pediococcus_acidilactici	disease
Achromobacter_xylosoxidans	disease
Picrophilus_torridus	disease
Acidiphilium_cryptum	disease
Aeropyrum_pernix	disease
Blautia_hansenii	disease
Buchnera_aphidicola	disease
Haemophilus_influenzae	disease
Haemophilus_parainfluenzae	disease
Halobacterium_salinarum	disease
Pyrococcus_horikoshii	disease
Ralstonia_pickettii	disease
Sodalis_glossinidius	disease
Thermococcus_barophilus	disease
Thermococcus_gammatolerans	disease
Thermococcus_kodakaraensis	disease
Thermococcus_onnurineus	disease
Thermococcus_sibiricus	disease
Alistipes_shahii	disease
Ruminococcus_lactaris	disease
Shigella_dysenteriae	disease
Methylobacterium_extorquens_(Methylobacterium_chloromethanicum)	disease
Methanohalophilus_mahii	disease
Pseudomonas_putida	disease
Staphylococcus_lugdunensis	disease
Stenotrophomonas_maltophilia	disease
Vibrio_vulnificus	disease
Campylobacter_gracilis	disease
Desulfatibacillum_alkenivorans	disease
Methanococcus_aeolicus	disease
Methanocorpusculum_labreanum	disease
Methanoculleus_marisnigri	disease
Methanoplanus_petrolearius	disease
Methanothermococcus_okinawensis	disease
Methylobacillus_flagellatus	disease
Mycobacterium_tuberculosis	disease
Alistipes_putredinis	disease
Ethanoligenens_harbinense	disease
Methanocaldococcus_fervens	disease
Methanocaldococcus_infernus	disease
Methanocaldococcus_vulcanius	disease
Pyrococcus_abyssi	disease
Sphingobium_japonicum	disease
Archaeoglobus_profundus	disease
Caldivirga_maquilingensis	disease
Desulfococcus_oleovorans	disease
Desulfohalobium_retbaense	disease
Desulfomicrobium_baculatum	disease
Desulfonatronospira_thiodismutans	disease
Desulfotalea_psychrophila	disease
Thermodesulfovibrio_yellowstonii	disease
Aminobacterium_colombiense	disease
Sutterella_wadsworthensis	disease
Aggregatibacter_actinomycetemcomitans	disease
Oenococcus_oeni	disease
Pediococcus_pentosaceus	disease
Staphylococcus_capitis	disease
Staphylococcus_carnosus	disease
Staphylococcus_epidermidis	disease
Staphylococcus_haemolyticus	disease
Staphylococcus_hominis	disease
Staphylococcus_pseudintermedius	disease
Staphylococcus_saprophyticus	disease
Staphylococcus_warneri	disease
Weissella_paramesenteroides	disease
Ensifer_meliloti_(Sinorhizobium_meliloti)	disease
Rhodopseudomonas_palustris	disease
Eggerthella_lenta	disease
Mycobacterium_avium	disease
Methanocella_paludicola	disease
Methanococcoides_burtonii	disease
Methanohalobium_evestigatum	disease
Methanoregula_boonei	disease
Methylacidiphilum_infernorum	disease
Methylobacter_tundripaludum	disease
Methylobacterium_populi	disease
Methylocella_silvestris	disease
Methylophaga_thiooxidans	disease
Methylosinus_trichosporium	disease
Paracoccus_denitrificans	disease
Granulibacter_bethesdensis	disease
Methylibium_petroleiphilum	disease
Methylotenera_mobilis	disease
Akkermansia_muciniphila	disease
Mitsuokella_multacida	disease
Anabaena_azollae	disease
Anabaena_variabilis	disease
Azorhizobium_caulinodans	disease
Beijerinckia_indica	disease
Burkholderia_phymatum	disease
Frankia_alni	disease
Frankia_symbiont	disease
Mesorhizobium_ciceri	disease
Mesorhizobium_opportunistum	disease
Nostoc_punctiforme	disease
Pseudomonas_entomophila	disease
Pseudomonas_savastanoi	disease
Pseudomonas_stutzeri	disease
Pseudomonas_syringae	disease
Rhizobium_etli	disease
Rhodobacter_sphaeroides	disease
Micrococcus_luteus	disease
Nitrosococcus_halophilus	disease
Nitrosococcus_oceani	disease
Nitrosococcus_watsoni	disease
Nitrosomonas_europaea	disease
Nitrosomonas_eutropha	disease
Nitrosopumilus_maritimus	disease
Nitrosospira_multiformis	disease
Proteus_penneri	disease
Ureaplasma_parvum	disease
Ureaplasma_urealyticum	disease
Xylella_fastidiosa	disease
Neisseria_gonorrhoeae	disease
Alicycliphilus_denitrificans	disease
Bradyrhizobium_japonicum	disease
Calditerrivibrio_nitroreducens	disease
Chromobacterium_violaceum	disease
Denitrovibrio_acetiphilus	disease
Geobacillus_thermodenitrificans	disease
Hyphomicrobium_denitrificans	disease
Jonesia_denitrificans	disease
Kingella_denitrificans	disease
Moraxella_catarrhalis	disease
Neisseria_flavescens	disease
Neisseria_mucosa	disease
Nitrobacter_hamburgensis	disease
Nitrobacter_winogradskyi	disease
Nitrococcus_mobilis	disease
Pyrobaculum_calidifontis	disease
Roseobacter_denitrificans	disease
Shewanella_denitrificans	disease
Sulfurimonas_denitrificans	disease
Erysipelothrix_rhusiopathiae	disease
Streptomyces_viridochromogenes	disease
Thermus_thermophilus	disease
Sphaerobacter_thermophilus	disease
Acidithiobacillus_caldus	disease
Allochromatium_vinosum	disease
Aquifex_aeolicus	disease
Chlorobium_chlorochromatii	disease
Chlorobium_ferrooxidans	disease
Chlorobium_limicola	disease
Chlorobium_phaeobacteroides	disease
Chlorobium_vibrioformis	disease
Starkeya_novella	disease
Sulfolobus_islandicus	disease
Sulfolobus_tokodaii	disease
Thiomicrospira_crunogena	disease
Xanthobacter_autotrophicus	disease
Wigglesworthia_glossinidia	disease
Acinetobacter_calcoaceticus	disease
Acinetobacter_radioresistens	disease
Burkholderia_ambifaria	disease
Burkholderia_cenocepacia	disease
Burkholderia_cepacia	disease
Burkholderia_glumae	disease
Burkholderia_multivorans	disease
Burkholderia_vietnamiensis	disease
anaerobic_bacterium_'strain_7'	disease
Bacteroides	disease
Bifidobacterium_Genus	disease
Cronobacter_sakazakii	disease
Clostridia	disease
Enterococcus	disease
Lactobacillus	disease
Eubacterium_ramulus	disease
Clostridioides_difficile	disease
Firmicutes	disease
Fusobacteria	disease
Bacteroidetes	disease
Actinobacteria	disease
Bifidobacterium_sp.	disease
Lactobacillus_mucosae	disease
Eggerthella_sp._Species_84111	disease
Gordonibacter	disease
Campylobacter	disease
Escherichia	disease
Clostridium	disease
Corynebacterium_Genus	disease
Raoultella_terrigena	disease
Clostridiales_bacterium_Species_n.a.	disease
Lactobacillus_sp.	disease
Bacteroides_sp._Species_816	disease
Blautia_producta	disease
Lactonifactor_longoviformis	disease
Candida_albicans	disease
Salmonella_enterica_subsp._enterica_serovar_Typhimurium_Subspecies	disease
Clostridium_perfringens_Species_1485	disease
Escherichia_coli_ATCC_25922	disease
Enterococcus_hirae	disease
Barnesiella_intestinihominis	disease
Lactobacillus_murinus	disease
Lactobacillus_johnsonii_Species_1578	disease
Mycoplasma	disease
Enterobacteriaceae	disease
Lactobacillus_plantarum_Species_1578	disease
Lactobacillus_paracasei_Species_1578	disease
Lactobacillus_delbrueckii_subsp._bulgaricus	disease
Bifidobacterium_longum_subsp._infantis	disease
Streptococcus	disease
Lactococcus_garvieae	disease
Adlercreutzia_equolifaciens	disease
Slackia_equolifaciens	disease
Slackia_isoflavoniconvertens	disease
Ruminococcus_sp.	disease
Oscillibacter_sp.	disease
Sutterella_sp.	disease
Holdemania_sp.	disease
Enterobacter	disease
Staphylococcus	disease
Mycobacterium	disease
Bacillus	disease
Citrobacter_freundii	disease
Klebsiella_oxytoca	disease
Klebsiella_pneumoniae_subsp._ozaenae	disease
Morganella_morganii	disease
Serratia_marcescens	disease
Vibrio_cholerae_Species_662	disease
Plesiomonas_shigelloides	disease
Citrobacter_amalonaticus	disease
Klebsiella_pneumoniae_subsp._rhinoscleromatis	disease
Citrobacter_farmeri	disease
Klebsiella	disease
Phascolarctobacterium	disease
Blautia_Genus	disease
Butyricicoccus	disease
Proteobacteria	disease
Verrucomicrobia_Phylum	disease
Allobaculum	disease
Coriobacteriaceae	disease
Erysipelotrichaceae	disease
Escherichia_coli_Nissle_1917	disease
Erysipelatoclostridium_ramosum	disease
Pseudomonas_fluorescens_Species_286	disease
Bifidobacterium_bifidum_Species_1678	disease
Lactobacillus_rhamnosus_Species_1578	disease
Eubacterium	disease
Styrax_aureus	disease
Bacteroides_dorei_DSM17855	disease
Bifidobacterium_breve_DSM20213	disease
Clostridium_difficile_120	disease
Salmonella_typhimurium_LT2	disease
Blautia_hansenii_DSM20583	disease
Eubacterium_rectale_ATCC33656	disease
Bacteroides_uniformis_ATCC8492	disease
Bacteroides_fragilis_HMW610	disease
Bacteroides_fragilis_3397	disease
Bacteroides_vulgatus_ATCC8482	disease
Anaerococcus_hydrogenalis_DSM7454	disease
Bacteroides_fragilis_HMW615	disease
Clostridium_sporogenes_ATCC15579	disease
Eubacterium_biforme_DSM3989	disease
Dorea_formicigenerans_ATCC27755	disease
Victivallis_vadensis_ATCC_BAA-548	disease
Akkermansia_muciniphila_ATCC_BAA-835	disease
Bacteroides_thetaiotaomicron_VPI-5482	disease
Bacteroides_fragilis_DS-208	disease
Bacteroides_WH2	disease
Providencia_alcalifaciens_DSM30120	disease
Roseburia_intestinalis_L1-82	disease
Anaerotruncus_colihominis_DSM17241	disease
Clostridium_bolteae_ATCCBAA-613	disease
Parabacteroides_distasonis_ATCC8503	disease
Bacteroides_fragilis_T(B)9	disease
Lactobacillus_reuteri_CF48-3A_BEI_HM-102	disease
Bacteroides_fragilis_NCTC_9343	disease
Parabacteroides_merdae_ATCC43184	disease
Clostridium_asparagiforme_DSM15981	disease
Pretovella_copri_DSM18205	disease
Ruminococcus_torques_ATCC27756	disease
Bacteroides_eggerthii_DSM20697	disease
Proteus_penneri_ATCC35198	disease
Blautia_luti_DSM14534	disease
Bacteroides_cellulosilyticus_DSM14838	disease
Clostridium_hathewayi_DSM13479	disease
Parabacteroides_johnsonii_DSM18315	disease
Enterococcus_faecalis_V583	disease
Enterobacter_cancerogenus_ATCC35316	disease
Bacteroides_ovatus_ATCC8483	disease
Clostridium_scindens_ATCC35704	disease
Bacteroides_stercoris_ATCC43183	disease
Bacteroides_caccae_ATCC43185	disease
Clostridium_symbiosum_ATCC1494_	disease
Clostridium_spiroforme_DSM1552	disease
Bacteroides_pectinophilus_ATCC43243	disease
Collinsella_aerofaciens_ATCC25986	disease
Ruminococcus_lactaris_ATCC29176	disease
Eubacterium_hallii_DSM3353	disease
Marvinbryantia_formatexigens_DSM_14469	disease
Eubacterium_ventriosum_ATCC27560	disease
Coprococcus_comes_ATCC27758	disease
Bacteroides_finegoldii_DSM17565	disease
Bacteroides_intestinalis_DSM17393	disease
Subdoligranulum_variabile_DSM15176	disease
Clostridium_ramosum_DSM1402	disease
Collinsella_intestinalis_DSM13280	disease
Edwardsiella_tarda_ATCC23685	disease
Providencia_rettgeri_DSM1131	disease
Ruminococcus_gnavus_ATCC29149	disease
Bifidobacterium_adolescentis_ATCC_15703	disease
Bifidobacterium_longum_subsp._Infantis_CCUG52486	disease
Providencia_stuartii_ATCC25827	disease
Prevotella_oris_Species_838	disease
Lacrimispora_sphenoides_Species_n.a.	disease
Pseudomonas	disease
Gammaproteobacteria	disease
Coriobacteriales	disease
Bifidobacteriales	disease
Alteromonadales_Order	disease
Clostridiales	disease
Lachnospiraceae_Family	disease
Lactobacillales_Order	disease
Akkermansia	disease
Subdoligranulum_Genus	disease
Parabacteroides_Genus	disease
Moryella	disease
Christensenellaceae	disease
Turicibacter	disease
Akkermansia_muciniphila_Species_239934	disease
Bacteroidia	disease
Butyrivibrio	disease
Flavobacteria	disease
Prevotella	disease
Prevotellaceae	disease
Ruminococcus	disease
Lactobacillaceae	disease
Desulfovibrionaceae	disease
Anaerostipes	disease
Sutterella	disease
Roseburia	disease
Bacillales	disease
Dorea	disease
Cyanobacteria	disease
Eubacterium_plexicaudatum	disease
Deferribacteres_phylum	disease
Mucispirillum_schaedleri	disease
Tenericutes	disease
Lachnoclostridium	disease
Acinetobacter	disease
Capnocytophaga	disease
Parasutterella	disease
Ruminococcaceae_Family	disease
Gemella_genus	disease
Atopostipes	disease
Paenalcaligenes_genus	disease
Candidatus_Saccharimonas	disease
Bacteroidaceae	disease
Mucispirillum	disease
Oscillospira	disease
Porphyromonadaceae	disease
Alcaligenaceae	disease
Verrucomicrobiaceae	disease
Paraprevotella	disease
Methanobrevibacter	disease
Mollicutes	disease
Hyphomicrobium	disease
Neisseriaceae	disease
Alcaligenes	disease
Chromatiaceae	disease
Microbacterium	disease
Cetobacterium_somerae	disease
Nitrospira	disease
Gemmatimonadetes	disease
Lawsonia	disease
Cetobacterium	disease
Coprococcus	disease
Barnesiella	disease
Alistipes	disease
Aeromonas	disease
Acidovorax	disease
Sphingomonas	disease
Pseudomonas_alcaligenes_Species_286	disease
Candidatus_Odyssella	disease
Blautia_coccoides	disease
Alloprevotella	disease
Aerococcus	disease
Amphibacillus	disease
Brevundimonas	disease
Trichococcus	disease
Olsenella	disease
Enterorhabdus	disease
Burkholderiales_Order	disease
Johnsonella	disease
Clostridiaceae	disease
Snodgrassella_alvi	disease
Gilliamella_apicola	disease
Aggregatibacter_genus	disease
Bilophila	disease
Butyricimonas	disease
Sporosarcina	disease
Dehalobacterium_n.a.	disease
Jeotgalicoccus	disease
Desulfovibrio	disease
Deltaproteobacteria	disease
Acetobacter	disease
Planococcaceae	disease
Tannerella	disease
Coprobacter	disease
Intestinimonas	disease
Holdemanella	disease
Spirochaetes	disease
Lactococcus	disease
Caulobacterales_order	disease
Arthromitus	disease
Legionella	disease
Arthrobacter	disease
Chryseobacterium	disease
Porphyromonas	disease
Planctomyces	disease
Vibrio	disease
Planctomycetia	disease
Chloro铿俥xi	disease
Acidobacteria	disease
Veillonellaceae_family	disease
Eubacteriaceae	disease
Caulobacteraceae	disease
Oscillibacter	disease
Alphaproteobacteria	disease
Streptococcaceae	disease
Rikenellaceae	disease
Saccharibacteria	disease
Catabacteriaceae	disease
Clostridiales_incertae_sedis	disease
Clostridium_cocleatum	disease
Pseudomonadaceae	disease
Roseburia_faecis	disease
Shigella	disease
Collinsella	disease
Faecalibacterium	disease
Citrobacter	disease
Veillonella	disease
Dialister	disease
Morganella	disease
Enterocloster_bolteae	disease
Bifidobacteriaceae	disease
Streptococcus_sanguinis_species_1301	disease
Bifidobacterium_dentium_Species_1678	disease
Fusobacterium	disease
Peptostreptococcus	disease
Salmonella	disease
Paenibacillaceae	disease
Proteus_n.a.	disease
Pediococcus	disease
Gardnerella	disease
Holdemania	disease
Micrococcaceae	disease
Bacilli_Class	disease
Rhodospirillaceae	disease
Coriobacteriia	disease
Staphylococcaceae	disease
Bacteroidales	disease
Bacteroides_acidifaciens	disease
Lactobacillus_animalis	disease
Blautia_obeum	disease
Peptostreptococcaceae	disease
Anaerotruncus	disease
Odoribacter	disease
Clostridium_sticklandii_Species_186831	disease
Desulfotalea_psychrophila_LSv54	disease
Dermacoccus_sp._Ellin185	disease
Dickeya_dadantii_3937	disease
Desulfovibrio_alaskensis_G20	disease
Pectobacterium_atrosepticum_SCRI1043	disease
Salmonella_bongori_NCTC_12419	disease
Burkholderia_mallei_ATCC_23344	disease
Photorhabdus_luminescens_subsp._laumondii_TTO1	disease
Lactobacillus_johnsonii_NCC_533	disease
Burkholderia_vietnamiensis_G4	disease
Citrobacter_koseri_ATCC_BAA-895	disease
Clostridium_beijerinckii_NCIMB_8052	disease
Alkaliphilus_metalliredigens_QYMF	disease
Lactobacillus_sakei_subsp._sakei_23K	disease
Xanthomonas_campestris_pv._vesicatoria_str._85-10	disease
Shewanella_frigidimarina_NCIMB_400	disease
Alkaliphilus_oremlandii_OhILAs	disease
Campylobacter_hominis_ATCC_BAA-381	disease
Clostridium_novyi_NT	disease
Yersinia_enterocolitica_subsp._enterocolitica_8081	disease
Fusobacterium_nucleatum_subsp._polymorphum_ATCC_10953	disease
Bifidobacterium_bifidum_NCIMB_41171	disease
Serratia_proteamaculans_568	disease
Enterobacter_sp._638	disease
Shewanella_putrefaciens_200	disease
Xenorhabdus_nematophila_ATCC_19061	disease
Xenorhabdus_bovienii_SS-2004	disease
Pseudoflavonifractor_capillosus_ATCC_29799	disease
Bifidobacterium_adolescentis_L2-32	disease
Lactonifactor	disease
Lactococcus_garvieae_Lg2	disease
Lactobacillus_jensenii_1153	disease
Bacillus_coahuilensis_m4-4	disease
Clostridium_botulinum_C_str._Eklund	disease
Clostridium_bartlettii_DSM_16795	disease
Collinsella_stercoris_DSM_13279	disease
Veillonella_sp._6_1_27	disease
Clostridium_perfringens_E_str._JGS1987	disease
Clostridium_perfringens_CPE_str._F4969	disease
Clostridium_sp._7_2_43FAA	disease
Ruminococcus_sp._5_1_39BFAA	disease
Erwinia_tasmaniensis_Et1/99	disease
Citrobacter_sp._30_2	disease
Fusobacterium_nucleatum_subsp._vincentii_4_1_13	disease
Slackia_heliotrinireducens_DSM_20476	disease
Clostridium_botulinum_A3	disease
Clostridium_hiranonis_DSM_13275	disease
Citrobacter_youngae_ATCC_29220	disease
Escherichia_albertii_TW07627	disease
Rheinheimera_sp._A13L	disease
Klebsiella_pneumoniae_342	disease
Actinomyces_coleocanis_DSM_15436	disease
Corynebacterium_jeikeium_ATCC_43734	disease
Corynebacterium_lipophiloflavum_DSM_44291	disease
Corynebacterium_pseudogenitalium_ATCC_33035	disease
Corynebacterium_striatum_ATCC_6940	disease
Lactobacillus_acidophilus_ATCC_4796	disease
Lactobacillus_brevis_subsp._gravesensis_ATCC_27305	disease
Lactobacillus_gasseri_JV-V03	disease
Lactobacillus_ultunensis_DSM_16047	disease
Listeria_grayi_DSM_20601	disease
Staphylococcus_epidermidis_W23144	disease
Raphidiopsis_brookii_D9	disease
Clostridium_carboxidivorans_P7	disease
Clostridium_botulinum_E1	disease
Neisseria_elongata_subsp._glycolytica_ATCC_29315	disease
Neisseria_mucosa_ATCC_25996	disease
Veillonella_dispar_ATCC_17748	disease
Bifidobacterium_pseudocatenulatum_DSM_20438	disease
Capnocytophaga_gingivalis_ATCC_33624	disease
Campylobacter_gracilis_RM3268	disease
Fusobacterium_necrophorum_D12	disease
Dickeya_zeae_Ech1591	disease
Pectobacterium_wasabiae_WPP163	disease
Prevotella_oris_C735	disease
Enterococcus_casseliflavus_EC1_	disease
Dickeya_dadantii_Ech703	disease
Lactobacillus_amylolyticus_DSM_11664	disease
Dickeya_dadantii_Ech586	disease
Clostridium_botulinum_D_str._1873	disease
Pantoea_sp._At-9b	disease
Peptostreptococcus_stomatis_DSM_17678	disease
Porphyromonas_uenonis_60-3	disease
Granulicatella_elegans_ATCC_700633	disease
Pseudomonas_syringae_pv._morsprunorum_str._M302280	disease
Clostridium_butyricum_E4	disease
Olsenella_uli_DSM_7084	disease
Erwinia_billingiae_Eb661	disease
Edwardsiella_ictaluri_93-146	disease
Citrobacter_rodentium_ICC168	disease
Deferribacter_desulfuricans_SSM1	disease
Enterobacter_asburiae_LF7a	disease
Ruminococcus_flavefaciens_FD-1	disease
Slackia_exigua_ATCC_700122	disease
Desulfurispirillum_indicum_S5	disease
Escherichia_coli_TW10509	disease
Ruminococcus_sp._SR1/5	disease
Corynebacterium_resistens_DSM_45100	disease
Streptococcus_dysgalactiae_subsp._dysgalactiae_ATCC_27957	disease
Serratia_odorifera_DSM_4582	disease
Vibrio_furnissii_CIP_102972	disease
Helicobacter_mustelae_12198	disease
Rothia_mucilaginosa_DY-18	disease
Cronobacter_turicensis_z3032	disease
Bacillus_cereus_SJ1	disease
Coriobacterium_glomerans_PW2	disease
Enterobacter_lignolyticus_SCF1	disease
Listeria_seeligeri_FSL_N1-067	disease
Acinetobacter_haemolyticus_ATCC_19194	disease
Lactobacillus_fermentum_CECT_5716	disease
Erwinia_amylovora_ATCC_49946	disease
Enterobacter_cloacae_subsp._cloacae_ATCC_13047	disease
Enterobacter_cloacae_subsp._cloacae_NCTC_9394	disease
Clostridium_clariflavum_DSM_19732	disease
Rahnella_sp._Y9602	disease
Rahnella_aquatilis_CIP_78.65	disease
Faecalibacterium_cf._prausnitzii_KLE1255	disease
Pseudogulbenkiania_sp._NH8B	disease
Staphylococcus_aureus_subsp._aureus_MRSA177	disease
Brachyspira_pilosicoli_95/1000	disease
Hippea_maritima_DSM_10411	disease
Streptococcus_parasanguinis_ATCC_15912	disease
Actinomyces_sp._oral_taxon_17_	disease
Bacteroides_clarus_YIT_12056	disease
Serratia_sp._AS12	disease
Bifidobacterium_dentium_ATCC_27679	disease
Aeromonas_caviae_Ae398	disease
Peptoniphilus_sp._oral_taxon_375	disease
Veillonella_sp._oral_taxon_158	disease
Salmonella_enterica_subsp._arizonae_serovar_62:z4,z23:-_str._RSK2980	disease
Lactobacillus_delbrueckii_subsp._lactis_DSM_20072	disease
Neisseria_bacilliformis_ATCC_BAA-1200	disease
Plautia_stali_symbiont	disease
Eubacterium_limosum_KIST612	disease
Salmonella_enterica_subsp._enterica_serovar_Dublin_str._SD3246	disease
Weissella_cibaria_KACC_11862	disease
Clostridium_botulinum_BKT015925	disease
Acinetobacter_baumannii_TCDC-AB0715	disease
Pseudomonas_stutzeri_DSM_4166	disease
Klebsiella_oxytoca_KCTC_1686	disease
Enterobacter_aerogenes_KCTC_2190	disease
Lactobacillus_ruminis_SPM0211	disease
Enterobacter_cloacae_EcWSU1	disease
Agrobacterium_tumefaciens_F2	disease
Propionibacterium_acnes_SK182B-JCVI	disease
Streptococcus_thermophilus_JIM_8232	disease
Megasphaera_elsdenii_DSM_20460	disease
Streptococcus_infantarius_subsp._infantarius_CJ18	disease
Pseudomonas_aeruginosa_NCGM2.S1	disease
Pantoea_ananatis_LMG_5342	disease
Lactobacillus_vaginalis_ATCC_49540	disease
Intestinibacter_genus	disease
Oxalobacteraceae	disease
Lacrimispora_saccharolytica	disease
Collinsella_aerofaciens_Species_102106	disease
Comamonas	disease
Listeria_welshimeri	disease
Alistipes_indistinctus	disease
Bifidobacterium_ruminantium	disease
Raoultella_planticola	disease
Bacillus_cereus_Species_1386	disease
Escherichia_coli_BL21(DE3)	disease
Escherichia_coli_ED1a	disease
Escherichia_coli_IAI1	disease
Roseburia_hominis	disease
C00008	gene
C00020	gene
C00081	gene
C00575	gene
C01260	gene
C03483	gene
C02739	gene
C00131	gene
C07024	gene
C16424	gene
C00147	gene
C20190	gene
C04058	gene
C20936	gene
C20935	gene
C00900	gene
C06033	gene
C05125	gene
C06393	gene
C00186	gene
C00256	gene
C00074	gene
C00546	gene
C00227	gene
C00024	gene
C00058	gene
C03015	gene
C00149	gene
C00497	gene
C00036	gene
C03248	gene
C03981	gene
C00065	gene
C00740	gene
C00716	gene
C00084	gene
C06010	gene
C01011	gene
C00041	gene
C02132	gene
C02614	gene
C04115	gene
C03790	gene
C03210	gene
C04593	gene
C04020	gene
C01127	gene
C05946	gene
C02703	gene
C02119	gene
C04137	gene
C04210	gene
C00078	gene
C00082	gene
C03589	gene
C00097	gene
C02207	gene
C00251	gene
C02634	gene
C02635	gene
C01286	gene
C02514	gene
C00133	gene
C02291	gene
C05406	gene
C03652	gene
C01187	gene
C02721	gene
C05601	gene
C06201	gene
C01616	gene
C03826	gene
C00684	gene
C00270	gene
C00793	gene
C03979	gene
C00491	gene
C00679	gene
C02749	gene
C00885	gene
C06159	gene
C00957	gene
C00033	gene
C03921	gene
C01275	gene
C02882	gene
C06326	gene
C02193	gene
C05527	gene
C05699	gene
C06203	gene
C06762	gene
C07718	gene
C07725	gene
C11355	gene
C04442	gene
C11426	gene
C14086	gene
C14095	gene
C14107	gene
C02612	gene
C16069	gene
C00506	gene
C16198	gene
C16210	gene
C16149	gene
C16519	gene
C16518	gene
C02798	gene
C16624	gene
C00204	gene
C17237	gene
C17238	gene
C17242	gene
C17262	gene
C02218	gene
C18318	gene
C05689	gene
C20258	gene
C20485	gene
C20687	gene
C20686	gene
C18608	gene
C20685	gene
C20680	gene
C01216	gene
C20746	gene
C20781	gene
C20994	gene
C20904	gene
C21180	gene
C02167	gene
C01083	gene
C00089	gene
C00208	gene
C01158	gene
C01175	gene
C00092	gene
C00198	gene
C03107	gene
C02779	gene
C00103	gene
C00185	gene
C00095	gene
C00965	gene
C02655	gene
C00394	gene
C00243	gene
C02827	gene
C00689	gene
C02995	gene
C04534	gene
C02048	gene
C01246	gene
C05402	gene
C06219	gene
C03855	gene
C01190	gene
C00252	gene
C00844	gene
C00761	gene
C00668	gene
C08325	gene
C01533	gene
C02074	gene
C02013	gene
C06218	gene
C03470	gene
C05855	gene
C05837	gene
C04197	gene
C04164	gene
C04817	gene
C05713	gene
C05839	gene
C06216	gene
C06217	gene
C15548	gene
C17759	gene
C03993	gene
C15970	gene
C01518	gene
C20236	gene
C20577	gene
C08907	gene
C08888	gene
C08897	gene
C21186	gene
C01261	gene
C04895	gene
C01304	gene
C00144	gene
C05922	gene
C04494	gene
C00942	gene
C00286	gene
C15563	gene
C21310	gene
C20567	gene
C00035	gene
C01146	gene
C00160	gene
C00209	gene
C00313	gene
C00603	gene
C04348	gene
C03217	gene
C01990	gene
C03961	gene
C00311	gene
C02630	gene
C06027	gene
C01989	gene
C02123	gene
C03303	gene
C07100	gene
C03664	gene
C07088	gene
C00213	gene
C11735	gene
C16362	gene
C17323	gene
C11148	gene
C06790	gene
C19813	gene
C19838	gene
C14695	gene
C15809	gene
C14448	gene
C00037	gene
C01081	gene
C03028	gene
C00378	gene
C05381	gene
C13378	gene
C15976	gene
C15974	gene
C15978	gene
C21017	gene
C03661	gene
C00492	gene
C02336	gene
C00267	gene
C02591	gene
C05731	gene
C03848	gene
C01742	gene
C16688	gene
C10906	gene
C00029	gene
C00126	gene
C06366	gene
C00555	gene
C00436	gene
C02723	gene
C02714	gene
C00179	gene
C00315	gene
C03002	gene
C15699	gene
C00612	gene
C18172	gene
C18326	gene
C10497	gene
C15668	gene
C00077	gene
C00026	gene
C00064	gene
C03287	gene
C01165	gene
C01879	gene
C05829	gene
C00624	gene
C00217	gene
C00334	gene
C03618	gene
C05931	gene
C00051	gene
C01045	gene
C01046	gene
C03912	gene
C00669	gene
C09332	gene
C05167	gene
C03153	gene
C05928	gene
C04305	gene
C00415	gene
C00439	gene
C00449	gene
C01047	gene
C06112	gene
C02320	gene
C05711	gene
C06114	gene
C03541	gene
C05595	gene
C05929	gene
C06462	gene
C02987	gene
C15767	gene
C04138	gene
C18006	gene
C18008	gene
C19152	gene
C00876	gene
C19151	gene
C18802	gene
C02166	gene
C05574	gene
C20775	gene
C12270	gene
C20776	gene
C20843	gene
C20926	gene
C20948	gene
C21015	gene
C20995	gene
C01674	gene
C00329	gene
C00357	gene
C01133	gene
C00611	gene
C00461	gene
C00645	gene
C04540	gene
C04755	gene
C06372	gene
C04501	gene
C19802	gene
C19804	gene
C20887	gene
C00004	gene
C00153	gene
C00301	gene
C00455	gene
C00006	gene
C00857	gene
C13050	gene
C20744	gene
C20784	gene
C21423	gene
C21424	gene
C01182	gene
C00258	gene
C00236	gene
C03232	gene
C01159	gene
C00631	gene
C11516	gene
C00354	gene
C19791	gene
C00118	gene
C01847	gene
C00255	gene
C00016	gene
C18091	gene
C00469	gene
C03167	gene
C00346	gene
C00189	gene
C00188	gene
C01837	gene
C00673	gene
C05714	gene
C00466	gene
C03910	gene
C01548	gene
C06772	gene
C06771	gene
C06551	gene
C06556	gene
C11541	gene
C05519	gene
C00222	gene
C16242	gene
C00820	gene
C12317	gene
C18248	gene
C00114	gene
C20955	gene
C00192	gene
C06058	gene
C20937	gene
C00221	gene
C01093	gene
C02964	gene
C00760	gene
C01408	gene
C00556	gene
C02137	gene
C03290	gene
C00561	gene
C00180	gene
C02084	gene
C01861	gene
C00094	gene
C00283	gene
C00059	gene
C00355	gene
C00146	gene
C01179	gene
C03004	gene
C00826	gene
C02993	gene
C00483	gene
C00811	gene
C04368	gene
C02839	gene
C02515	gene
C01392	gene
C07027	gene
C12461	gene
C08565	gene
C01060	gene
C01468	gene
C04350	gene
C20800	gene
C20983	gene
C21308	gene
C00079	gene
C02094	gene
C00777	gene
C00473	gene
C02110	gene
C05916	gene
C05917	gene
C05918	gene
C19728	gene
C05856	gene
C02892	gene
C04294	gene
C01279	gene
C19872	gene
C00931	gene
C02800	gene
C03741	gene
C02948	gene
C00583	gene
C05979	gene
C00100	gene
C08242	gene
C01613	gene
C03989	gene
C00124	gene
C03765	gene
C01161	gene
C05338	gene
C07086	gene
C00544	gene
C04547	gene
C06317	gene
C06672	gene
C07303	gene
C16666	gene
C21422	gene
C01795	gene
C03329	gene
C11818	gene
C00822	gene
C04796	gene
C04797	gene
C04045	gene
C03758	gene
C08543	gene
C17758	gene
C10447	gene
C01059	gene
C04226	gene
C15523	gene
C00253	gene
C04546	gene
C00164	gene
C04101	gene
C01424	gene
C01371	gene
C01572	gene
C03671	gene
C04324	gene
C05616	gene
C04434	gene
C00230	gene
C01108	gene
C02868	gene
C00727	gene
C01993	gene
C11631	gene
C00130	gene
C00212	gene
C00262	gene
C00121	gene
C02171	gene
C02318	gene
C02351	gene
C03861	gene
C04091	gene
C06321	gene
C04221	gene
C00682	gene
C02480	gene
C00805	gene
C00196	gene
C00108	gene
C01502	gene
C01988	gene
C02357	gene
C07734	gene
C00292	gene
C06813	gene
C16484	gene
C16482	gene
C02378	gene
C04277	gene
C03036	gene
C03040	gene
C03374	gene
C05787	gene
C00500	gene
C04275	gene
C02887	gene
C00482	gene
C00933	gene
C04332	gene
C00474	gene
C01727	gene
C03114	gene
C01007	gene
C04732	gene
C05995	gene
C05422	gene
C01115	gene
C01620	gene
C03289	gene
C16186	gene
C01040	gene
C05565	gene
C16674	gene
C05572	gene
C00785	gene
C05795	gene
C05790	gene
C05956	gene
C00639	gene
C00584	gene
C00696	gene
C01312	gene
C02198	gene
C00219	gene
C02161	gene
C02720	gene
C03824	gene
C17500	gene
C00632	gene
C00170	gene
C00263	gene
C00073	gene
C01137	gene
C01234	gene
C02926	gene
C00021	gene
C04425	gene
C01024	gene
C02015	gene
C00882	gene
C00091	gene
C00040	gene
C00798	gene
C00512	gene
C00083	gene
C00683	gene
C02247	gene
C01894	gene
C00920	gene
C00136	gene
C00630	gene
C00154	gene
C02949	gene
C00566	gene
C00332	gene
C02249	gene
C00223	gene
C00054	gene
C02939	gene
C00527	gene
C00323	gene
C00356	gene
C00406	gene
C00411	gene
C00412	gene
C00540	gene
C00531	gene
C00582	gene
C00605	gene
C02843	gene
C01794	gene
C00845	gene
C00888	gene
C05668	gene
C15980	gene
C01063	gene
C04047	gene
C01213	gene
C02060	gene
C06028	gene
C01832	gene
C01944	gene
C06387	gene
C05337	gene
C02593	gene
C02611	gene
C03160	gene
C03188	gene
C03345	gene
C03561	gene
C04644	gene
C04760	gene
C05195	gene
C05274	gene
C05270	gene
C06000	gene
C07296	gene
C06671	gene
C07118	gene
C05165	gene
C09823	gene
C11929	gene
C11407	gene
C11946	gene
C11945	gene
C11949	gene
C02557	gene
C18026	gene
C01033	gene
C12146	gene
C12203	gene
C12324	gene
C06625	gene
C12450	gene
C14120	gene
C14143	gene
C15489	gene
C12092	gene
C15547	gene
C15524	gene
C16268	gene
C16331	gene
C16335	gene
C16339	gene
C16169	gene
C16173	gene
C16464	gene
C16470	gene
C03069	gene
C16465	gene
C02802	gene
C16833	gene
C02041	gene
C00510	gene
C02050	gene
C16162	gene
C16165	gene
C03035	gene
C03595	gene
C16528	gene
C16529	gene
C16530	gene
C16531	gene
C16532	gene
C16166	gene
C16180	gene
C16170	gene
C16179	gene
C16645	gene
C16257	gene
C15613	gene
C17345	gene
C17740	gene
C17741	gene
C11062	gene
C19685	gene
C19775	gene
C14144	gene
C07160	gene
C20394	gene
C20447	gene
C20413	gene
C01134	gene
C20838	gene
C20840	gene
C20842	gene
C20870	gene
C20876	gene
C05989	gene
C21072	gene
C21312	gene
C21324	gene
C00127	gene
C01419	gene
C03174	gene
C01031	gene
C02589	gene
C05526	gene
C03451	gene
C05730	gene
C02090	gene
C03899	gene
C14180	gene
C14791	gene
C14793	gene
C14792	gene
C14803	gene
C14804	gene
C14805	gene
C14806	gene
C14847	gene
C14848	gene
C14855	gene
C14856	gene
C14861	gene
C14865	gene
C14864	gene
C14863	gene
C14868	gene
C14874	gene
C14871	gene
C11583	gene
C16567	gene
C16562	gene
C16563	gene
C16566	gene
C17267	gene
C18870	gene
C11278	gene
C00992	gene
C00853	gene
C06453	gene
C00005	gene
C04856	gene
C21113	gene
C04899	gene
C05933	gene
C03406	gene
C03626	gene
C15532	gene
C00062	gene
C20742	gene
C20745	gene
C13051	gene
C01004	gene
C03003	gene
C05380	gene
C01185	gene
C05841	gene
C00745	gene
C16671	gene
C00104	gene
C06197	gene
C00206	gene
C00498	gene
C16426	gene
C11039	gene
C03997	gene
C00239	gene
C00538	gene
C00405	gene
C15565	gene
C02489	gene
C17263	gene
C00071	gene
C00151	gene
C00045	gene
C00399	gene
C01326	gene
C02405	gene
C00488	gene
C01044	gene
C00067	gene
C03145	gene
C00234	gene
C05653	gene
C13635	gene
C02700	gene
C03204	gene
C03134	gene
C03373	gene
C01838	gene
C02293	gene
C04258	gene
C04484	gene
C05648	gene
C06760	gene
C11439	gene
C11519	gene
C04376	gene
C04734	gene
C00109	gene
C00199	gene
C15561	gene
C15606	gene
C16156	gene
C01001	gene
C16710	gene
C06451	gene
C18232	gene
C18272	gene
C00535	gene
C00280	gene
C04874	gene
C00105	gene
C00075	gene
C00043	gene
C00052	gene
C00167	gene
C00190	gene
C01346	gene
C00203	gene
C01170	gene
C18094	gene
C00935	gene
C02199	gene
C00617	gene
C06240	gene
C01623	gene
C04652	gene
C11521	gene
C16154	gene
C19971	gene
C20357	gene
C12211	gene
C19725	gene
C01352	gene
C16071	gene
C00250	gene
C00647	gene
C00627	gene
C00117	gene
C05993	gene
C00224	gene
C03361	gene
C05983	gene
C03794	gene
C06433	gene
C06192	gene
C01469	gene
C05921	gene
C04713	gene
C05560	gene
C05686	gene
C16238	gene
C20684	gene
C20641	gene
C00155	gene
C03431	gene
C03539	gene
C01251	gene
C00264	gene
C02232	gene
C02488	gene
C05269	gene
C02504	gene
C03939	gene
C04316	gene
C16255	gene
C05265	gene
C05261	gene
C05259	gene
C05263	gene
C05267	gene
C05994	gene
C06548	gene
C06715	gene
C12348	gene
C16330	gene
C16334	gene
C16338	gene
C16376	gene
C16389	gene
C16466	gene
C16471	gene
C06020	gene
C04488	gene
C19945	gene
C18799	gene
C00440	gene
C05744	gene
C00433	gene
C05379	gene
C00940	gene
C00232	gene
C03196	gene
C01682	gene
C00302	gene
C03623	gene
C16254	gene
C01087	gene
C04529	gene
C16579	gene
C16625	gene
C06547	gene
C04089	gene
C12210	gene
C02191	gene
C00524	gene
C15672	gene
C20666	gene
C20667	gene
C21284	gene
C05682	gene
C06244	gene
C00158	gene
C02727	gene
C01042	gene
C01883	gene
C01077	gene
C00437	gene
C00979	gene
C01073	gene
C01996	gene
C00548	gene
C00423	gene
C01215	gene
C02946	gene
C03087	gene
C04390	gene
C01405	gene
C00916	gene
C01288	gene
C03820	gene
C03357	gene
C03837	gene
C05548	gene
C04690	gene
C04334	gene
C04598	gene
C04485	gene
C04606	gene
C04738	gene
C02998	gene
C05322	gene
C06210	gene
C06376	gene
C06416	gene
C07032	gene
C11809	gene
C13636	gene
C15499	gene
C01029	gene
C06746	gene
C15583	gene
C15985	gene
C04675	gene
C01176	gene
C05138	gene
C17951	gene
C17582	gene
C17587	gene
C00383	gene
C19784	gene
C04394	gene
C19929	gene
C20225	gene
C20465	gene
C20506	gene
C20505	gene
C05727	gene
C17530	gene
C21261	gene
C01228	gene
C00096	gene
C00361	gene
C00976	gene
C00325	gene
C02031	gene
C00454	gene
C01117	gene
C20864	gene
C01329	gene
C06592	gene
C15541	gene
C00898	gene
C02107	gene
C02362	gene
C00049	gene
C00402	gene
C02225	gene
C03716	gene
C04655	gene
C11511	gene
C03508	gene
C00177	gene
C02055	gene
C00581	gene
C01586	gene
C03710	gene
C02718	gene
C01259	gene
C01242	gene
C02564	gene
C02412	gene
C01921	gene
C05466	gene
C03838	gene
C05464	gene
C05596	gene
C05729	gene
C05951	gene
C05598	gene
C16623	gene
C01026	gene
C00719	gene
C05678	gene
C21016	gene
C00060	gene
C02403	gene
C00606	gene
C00328	gene
C03227	gene
C00886	gene
C01212	gene
C05688	gene
C02999	gene
C17950	gene
C20942	gene
C03341	gene
C03738	gene
C00993	gene
C02115	gene
C04260	gene
C04457	gene
C04702	gene
C04882	gene
C19694	gene
C19719	gene
C00122	gene
C01118	gene
C04479	gene
C04421	gene
C12836	gene
C01061	gene
C00207	gene
C06144	gene
C03197	gene
C03656	gene
C04573	gene
C04739	gene
C04631	gene
C19823	gene
C20245	gene
C04613	gene
C20849	gene
C04375	gene
C11572	gene
C04092	gene
C04076	gene
C03239	gene
C01028	gene
C00990	gene
C00680	gene
C00408	gene
C00739	gene
C01142	gene
C01672	gene
C02837	gene
C02444	gene
C02728	gene
C05341	gene
C05552	gene
C02427	gene
C05892	gene
C04211	gene
C01931	gene
C16140	gene
C16489	gene
C19723	gene
C19889	gene
C20277	gene
C20278	gene
C00450	gene
C21160	gene
C03082	gene
C05840	gene
C00152	gene
C00438	gene
C02512	gene
C00099	gene
C02715	gene
C03139	gene
C06113	gene
C04823	gene
C02984	gene
C10733	gene
C19710	gene
C00441	gene
C00446	gene
C03733	gene
C05796	gene
C01235	gene
C00380	gene
C00475	gene
C00112	gene
C00063	gene
C00513	gene
C00307	gene
C00570	gene
C00269	gene
C01064	gene
C00128	gene
C04121	gene
C05673	gene
C05674	gene
C11436	gene
C17945	gene
C19794	gene
C18059	gene
C20627	gene
C05824	gene
C08357	gene
C03935	gene
C05295	gene
C05301	gene
C05141	gene
C05503	gene
C00468	gene
C08358	gene
C11132	gene
C05298	gene
C08359	gene
C11131	gene
C02133	gene
C02391	gene
C01777	gene
C02850	gene
C00157	gene
C00422	gene
C00195	gene
C06379	gene
C01402	gene
C00395	gene
C06380	gene
C06378	gene
C04233	gene
C01194	gene
C03692	gene
C03620	gene
C00165	gene
C00241	gene
C04230	gene
C01885	gene
C04756	gene
C05212	gene
C18049	gene
C20224	gene
C20735	gene
C00086	gene
C05945	gene
C03078	gene
C00792	gene
C03296	gene
C05340	gene
C01201	gene
C02163	gene
C06655	gene
C03771	gene
C18473	gene
C19713	gene
C17349	gene
C20330	gene
C20910	gene
C21099	gene
C16011	gene
C03022	gene
C21101	gene
C04143	gene
C21188	gene
C21189	gene
C21190	gene
C00941	gene
C00458	gene
C00169	gene
C02716	gene
C00819	gene
C00352	gene
C03090	gene
C04148	gene
C05939	gene
C02282	gene
C00168	gene
C01005	gene
C02934	gene
C00542	gene
C02737	gene
C01162	gene
C03872	gene
C02553	gene
C04771	gene
C11822	gene
C05821	gene
C06481	gene
C04377	gene
C20466	gene
C20628	gene
C17355	gene
C06735	gene
C03446	gene
C17325	gene
C17324	gene
C04157	gene
C04158	gene
C04160	gene
C04545	gene
C00242	gene
C11478	gene
C00132	gene
C02271	gene
C00218	gene
C03394	gene
C00966	gene
C03148	gene
C02519	gene
C00184	gene
C00543	gene
C00409	gene
C00565	gene
C01104	gene
C01183	gene
C02661	gene
C06174	gene
C06175	gene
C06173	gene
C06718	gene
C06019	gene
C07481	gene
C13747	gene
C07480	gene
C16353	gene
C16357	gene
C16358	gene
C07130	gene
C01516	gene
C00143	gene
C18347	gene
C19563	gene
C19580	gene
C05545	gene
C05544	gene
C11145	gene
C00580	gene
C15987	gene
C11142	gene
C18235	gene
C00226	gene
C00162	gene
C00375	gene
C15521	gene
C03658	gene
C01612	gene
C05712	gene
C01153	gene
C02000	gene
C03120	gene
C03033	gene
C06370	gene
C02761	gene
C03573	gene
C02475	gene
C03847	gene
C03625	gene
C03317	gene
C06357	gene
C11531	gene
C15498	gene
C01180	gene
C03172	gene
C00855	gene
C03354	gene
C02989	gene
C02430	gene
C15999	gene
C15998	gene
C17234	gene
C11536	gene
C06198	gene
C00460	gene
C03712	gene
C04322	gene
C00148	gene
C00515	gene
C20850	gene
C20951	gene
C00463	gene
C00331	gene
C02693	gene
C03230	gene
C00977	gene
C02983	gene
C00398	gene
C04290	gene
C00643	gene
C03506	gene
C03512	gene
C06732	gene
C02937	gene
C16831	gene
C19687	gene
C19716	gene
C19767	gene
C20563	gene
C21124	gene
C21283	gene
C02265	gene
C00166	gene
C02505	gene
C03519	gene
C05332	gene
C03511	gene
C16700	gene
C16075	gene
C17235	gene
C02135	gene
C19714	gene
C19712	gene
C20487	gene
C20488	gene
C20579	gene
C20807	gene
C03428	gene
C03115	gene
C01841	gene
C01860	gene
C02004	gene
C06111	gene
C06394	gene
C05859	gene
C00751	gene
C04574	gene
C12142	gene
C16028	gene
C16143	gene
C16142	gene
C16141	gene
C16269	gene
C01126	gene
C19749	gene
C09684	gene
C09704	gene
C16829	gene
C09629	gene
C09699	gene
C16286	gene
C09672	gene
C09723	gene
C17277	gene
C09666	gene
C09665	gene
C16826	gene
C18245	gene
C09750	gene
C09664	gene
C19619	gene
C19708	gene
C19734	gene
C19740	gene
C19741	gene
C19742	gene
C19744	gene
C19746	gene
C19748	gene
C16814	gene
C19751	gene
C19747	gene
C19753	gene
C19754	gene
C19743	gene
C19755	gene
C19756	gene
C09663	gene
C19893	gene
C20120	gene
C20121	gene
C20159	gene
C20161	gene
C20162	gene
C19973	gene
C20163	gene
C20172	gene
C20173	gene
C20174	gene
C20179	gene
C20180	gene
C20181	gene
C20182	gene
C20184	gene
C20175	gene
C20177	gene
C20178	gene
C16776	gene
C20272	gene
C20273	gene
C20274	gene
C09648	gene
C20275	gene
C20476	gene
C20477	gene
C20478	gene
C20479	gene
C20480	gene
C20576	gene
C09639	gene
C19908	gene
C20724	gene
C20804	gene
C20811	gene
C19736	gene
C09718	gene
C00129	gene
C03614	gene
C01209	gene
C12000	gene
C11989	gene
C11993	gene
C11997	gene
C11969	gene
C11977	gene
C11953	gene
C11961	gene
C12350	gene
C12441	gene
C12354	gene
C12355	gene
C12356	gene
C18202	gene
C20877	gene
C00644	gene
C00279	gene
C00665	gene
C00275	gene
C01096	gene
C18050	gene
C01010	gene
C01566	gene
C03065	gene
C03047	gene
C00300	gene
C02294	gene
C01035	gene
C00499	gene
C05281	gene
C06657	gene
C15607	gene
C20560	gene
C20846	gene
C03125	gene
C04352	gene
C05556	gene
C06751	gene
C17935	gene
C19691	gene
C19703	gene
C20993	gene
C21437	gene
C04261	gene
C04262	gene
C04087	gene
C09820	gene
C14119	gene
C01236	gene
C04006	gene
C17209	gene
C20668	gene
C00663	gene
C00116	gene
C00111	gene
C00681	gene
C04641	gene
C04703	gene
C00670	gene
C01225	gene
C01233	gene
C03892	gene
C00344	gene
C10517	gene
C03974	gene
C00593	gene
C09306	gene
C00519	gene
C00392	gene
C01094	gene
C05345	gene
C03267	gene
C00273	gene
C00794	gene
C00159	gene
C06468	gene
C00247	gene
C00636	gene
C01222	gene
C02280	gene
C15925	gene
C05665	gene
C02642	gene
C02335	gene
C05669	gene
C05670	gene
C00386	gene
C00864	gene
C04544	gene
C01262	gene
C03492	gene
C19779	gene
C03240	gene
C00894	gene
C00163	gene
C02876	gene
C03344	gene
C06002	gene
C05467	gene
C05449	gene
C07297	gene
C11948	gene
C20987	gene
C21018	gene
C02170	gene
C00504	gene
C00664	gene
C03479	gene
C00445	gene
C01231	gene
C00501	gene
C00842	gene
C04645	gene
C00299	gene
C01103	gene
C00106	gene
C21079	gene
C03030	gene
C00429	gene
C00813	gene
C01168	gene
C00526	gene
C03584	gene
C20231	gene
C02775	gene
C03005	gene
C03147	gene
C05835	gene
C04302	gene
C03141	gene
C08062	gene
C16235	gene
C16716	gene
C20634	gene
C06032	gene
C06030	gene
C05984	gene
C06006	gene
C05335	gene
C02356	gene
C20905	gene
C00381	gene
C00621	gene
C04500	gene
C03862	gene
C01191	gene
C04213	gene
C03372	gene
C03785	gene
C05378	gene
C06441	gene
C00447	gene
C01099	gene
C01131	gene
C06893	gene
C00623	gene
C20644	gene
C20831	gene
C20960	gene
C00588	gene
C00576	gene
C00919	gene
C00550	gene
C07345	gene
C00958	gene
C00577	gene
C02979	gene
C00969	gene
C05401	gene
C02112	gene
C03189	gene
C02426	gene
C00119	gene
C01151	gene
C00620	gene
C05382	gene
C03536	gene
C04359	gene
C20986	gene
C00231	gene
C11437	gene
C20954	gene
C01893	gene
C01909	gene
C04681	gene
C04682	gene
C04727	gene
C04801	gene
C20386	gene
C01685	gene
C00309	gene
C03150	gene
C00387	gene
C01762	gene
C03169	gene
C15586	gene
C02494	gene
C16352	gene
C16427	gene
C16431	gene
C16447	gene
C16449	gene
C01384	gene
C03600	gene
C09816	gene
C12624	gene
C14115	gene
C20961	gene
C00233	gene
C02710	gene
C02486	gene
C04335	gene
C02047	gene
C08262	gene
C17255	gene
C00984	gene
C02097	gene
C01697	gene
C03383	gene
C02669	gene
C00880	gene
C03269	gene
C05400	gene
C05399	gene
C01290	gene
C02686	gene
C04737	gene
C06126	gene
C06037	gene
C04911	gene
C06136	gene
C05404	gene
C01113	gene
C01420	gene
C03691	gene
C01143	gene
C00235	gene
C00341	gene
C02569	gene
C00353	gene
C11356	gene
C04146	gene
C04216	gene
C01230	gene
C11811	gene
C04145	gene
C04217	gene
C16689	gene
C17432	gene
C17435	gene
C17434	gene
C17436	gene
C17437	gene
C17438	gene
C04509	gene
C19760	gene
C19852	gene
C19853	gene
C20345	gene
C04432	gene
C16521	gene
C18051	gene
C18052	gene
C00655	gene
C06435	gene
C12347	gene
C01438	gene
C02704	gene
C00714	gene
C04142	gene
C06358	gene
C04867	gene
C11632	gene
C12426	gene
C12448	gene
C09694	gene
C16505	gene
C18021	gene
C03920	gene
C18345	gene
C18640	gene
C19846	gene
C04748	gene
C03686	gene
C03944	gene
C18634	gene
C19613	gene
C21151	gene
C21159	gene
C00860	gene
C01152	gene
C02997	gene
C03277	gene
C01929	gene
C00388	gene
C05575	gene
C00884	gene
C02988	gene
C07474	gene
C03298	gene
C00877	gene
C01412	gene
C02527	gene
C00246	gene
C20676	gene
C00691	gene
C00191	gene
C01177	gene
C03546	gene
C03659	gene
C03660	gene
C06352	gene
C03868	gene
C20328	gene
C04039	gene
C01088	gene
C00183	gene
C15977	gene
C04272	gene
C06510	gene
C19155	gene
C20791	gene
C02885	gene
C02085	gene
C00156	gene
C01403	gene
C02734	gene
C16200	gene
C01407	gene
C20726	gene
C15584	gene
C00559	gene
C04083	gene
C20773	gene
C03564	gene
C01157	gene
C00763	gene
C02702	gene
C12470	gene
C19706	gene
C19781	gene
C05710	gene
C03740	gene
C11529	gene
C16116	gene
C03402	gene
C20631	gene
C02918	gene
C00249	gene
C00517	gene
C05272	gene
C02990	gene
C16216	gene
C05764	gene
C20996	gene
C20997	gene
C01817	gene
C11838	gene
C00633	gene
C00530	gene
C02370	gene
C05848	gene
C05809	gene
C13425	gene
C13634	gene
C03885	gene
C18131	gene
C18216	gene
C00416	gene
C00641	gene
C04308	gene
C01595	gene
C06427	gene
C00417	gene
C20333	gene
C02492	gene
C02478	gene
C01728	gene
C21336	gene
C00266	gene
C00988	gene
C01812	gene
C06108	gene
C06755	gene
C03395	gene
C02301	gene
C00350	gene
C01958	gene
C04438	gene
C05973	gene
C11547	gene
C12126	gene
C12145	gene
C02075	gene
C05980	gene
C07123	gene
C05607	gene
C05852	gene
C00254	gene
C00601	gene
C02763	gene
C20646	gene
C20653	gene
C05385	gene
C02330	gene
C16155	gene
C00975	gene
C01563	gene
C00802	gene
C03089	gene
C04188	gene
C19787	gene
C00693	gene
C00229	gene
C20683	gene
C03371	gene
C04202	gene
C00609	gene
C01203	gene
C05223	gene
C04688	gene
C05745	gene
C05749	gene
C05752	gene
C05755	gene
C05761	gene
C21108	gene
C16239	gene
C16520	gene
C04088	gene
C18009	gene
C18337	gene
C19673	gene
C20375	gene
C19845	gene
C21347	gene
C21357	gene
C21129	gene
C21393	gene
C21394	gene
C03800	gene
C17202	gene
C18797	gene
C02659	gene
C05715	gene
C03742	gene
C18796	gene
C02376	gene
C03088	gene
C00906	gene
C21028	gene
C00214	gene
C20232	gene
C02726	gene
C02253	gene
C04498	gene
C18325	gene
C20580	gene
C06206	gene
C00587	gene
C01273	gene
C09815	gene
C09814	gene
C01416	gene
C04634	gene
C06337	gene
C17268	gene
C20645	gene
C02266	gene
C00379	gene
C00310	gene
C02352	gene
C02787	gene
C02554	gene
C03219	gene
C20313	gene
C00424	gene
C00827	gene
C17205	gene
C00937	gene
C16698	gene
C01164	gene
C15992	gene
C05418	gene
C05500	gene
C01802	gene
C00599	gene
C02530	gene
C03594	gene
C05502	gene
C01953	gene
C02373	gene
C13550	gene
C15519	gene
C15610	gene
C18043	gene
C01102	gene
C02992	gene
C12147	gene
C16594	gene
C20917	gene
C04080	gene
C03557	gene
C04476	gene
C04635	gene
C11695	gene
C03737	gene
C00800	gene
C00905	gene
C02670	gene
C03387	gene
C04674	gene
C04900	gene
C11376	gene
C00818	gene
C10025	gene
C20383	gene
C20890	gene
C00539	gene
C03485	gene
C05775	gene
C21153	gene
C00319	gene
C02960	gene
C03701	gene
C06062	gene
C03956	gene
C05681	gene
C21022	gene
C04030	gene
C04171	gene
C03666	gene
C04480	gene
C00257	gene
C01068	gene
C00345	gene
C01112	gene
C15556	gene
C03113	gene
C17556	gene
C17959	gene
C00817	gene
C04349	gene
C04471	gene
C03752	gene
C00514	gene
C20845	gene
C00360	gene
C01845	gene
C01995	gene
C06559	gene
C09276	gene
C19707	gene
C02130	gene
C20237	gene
C11150	gene
C01367	gene
C05692	gene
C11501	gene
C11500	gene
C01043	gene
C00364	gene
C00652	gene
C02237	gene
C00692	gene
C00788	gene
C01869	gene
C02722	gene
C05588	gene
C16608	gene
C01297	gene
C20361	gene
C05966	gene
C04822	gene
C05356	gene
C05965	gene
C14812	gene
C14748	gene
C14749	gene
C14820	gene
C14771	gene
C14821	gene
C14770	gene
C14769	gene
C14768	gene
C14823	gene
C14778	gene
C00909	gene
C01172	gene
C05396	gene
C05403	gene
C19700	gene
C05143	gene
C08334	gene
C01594	gene
C16827	gene
C01013	gene
C03071	gene
C00804	gene
C06614	gene
C06615	gene
C20253	gene
C06561	gene
C03582	gene
C05608	gene
C02947	gene
C08650	gene
C12208	gene
C17744	gene
C02637	gene
C02814	gene
C01163	gene
C06318	gene
C03223	gene
C03233	gene
C02236	gene
C00568	gene
C21168	gene
C01101	gene
C19674	gene
C00989	gene
C19631	gene
C04236	gene
C15975	gene
C04411	gene
C00365	gene
C00881	gene
C00705	gene
C03495	gene
C00385	gene
C00330	gene
C06371	gene
C01959	gene
C05844	gene
C05122	gene
C05465	gene
C05463	gene
C03193	gene
C01771	gene
C02445	gene
C03634	gene
C02888	gene
C01507	gene
C19679	gene
C00579	gene
C15979	gene
C15973	gene
C06157	gene
C01948	gene
C02588	gene
C03455	gene
C18218	gene
C00971	gene
C00314	gene
C00847	gene
C00534	gene
C01269	gene
C18054	gene
C20710	gene
C20772	gene
C20953	gene
C01062	gene
C06473	gene
C20888	gene
C03459	gene
C16699	gene
C19792	gene
C11544	gene
C03906	gene
C01114	gene
C00532	gene
C00508	gene
C01870	gene
C21329	gene
C05512	gene
C16999	gene
C00640	gene
C01086	gene
C01656	gene
C01380	gene
C00369	gene
C00272	gene
C15522	gene
C02255	gene
C03410	gene
C06241	gene
C04015	gene
C04016	gene
C04017	gene
C04730	gene
C06128	gene
C04884	gene
C04927	gene
C06139	gene
C06140	gene
C06313	gene
C04244	gene
C03684	gene
C21383	gene
C03393	gene
C04691	gene
C03604	gene
C04676	gene
C00674	gene
C03772	gene
C01227	gene
C05290	gene
C05296	gene
C05284	gene
C20144	gene
C20252	gene
C06222	gene
C00362	gene
C06011	gene
C07565	gene
C03142	gene
C03764	gene
C00337	gene
C00944	gene
C00852	gene
C02572	gene
C19692	gene
C19033	gene
C07331	gene
C01368	gene
C02305	gene
C00791	gene
C01253	gene
C03281	gene
C20509	gene
C20350	gene
C20699	gene
C21251	gene
C03154	gene
C01441	gene
C21252	gene
C18000	gene
C01904	gene
C00476	gene
C02927	gene
C03291	gene
C00618	gene
C01508	gene
C06051	gene
C03996	gene
C06056	gene
C06257	gene
C00986	gene
C00750	gene
C02567	gene
C15853	gene
C18069	gene
C19669	gene
C21010	gene
C21009	gene
C21170	gene
C21169	gene
C15025	gene
C00487	gene
C02290	gene
C02838	gene
C20750	gene
C06124	gene
C01747	gene
C03640	gene
C00836	gene
C02360	gene
C05662	gene
C05533	gene
C02220	gene
C00956	gene
C16583	gene
C10945	gene
C01197	gene
C10434	gene
C15525	gene
C02985	gene
C14830	gene
C01252	gene
C01075	gene
C06023	gene
C00734	gene
C02043	gene
C21289	gene
C05644	gene
C00637	gene
C00954	gene
C01144	gene
C05116	gene
C04037	gene
C00879	gene
C00470	gene
C00558	gene
C06430	gene
C02273	gene
C15930	gene
C20889	gene
C02434	gene
C02344	gene
C02462	gene
C03190	gene
C06074	gene
C06075	gene
C06076	gene
C00521	gene
C06308	gene
C06307	gene
C06099	gene
C11393	gene
C11389	gene
C11388	gene
C09871	gene
C09847	gene
C09839	gene
C01500	gene
C09849	gene
C01499	gene
C09848	gene
C20235	gene
C20241	gene
C09873	gene
C11382	gene
C09844	gene
C20242	gene
C20230	gene
C09902	gene
C09900	gene
C09898	gene
C06304	gene
C06305	gene
C06306	gene
C20244	gene
C20664	gene
C17622	gene
C06070	gene
C00343	gene
C01788	gene
C04372	gene
C04482	gene
C05976	gene
C18126	gene
C01218	gene
C01210	gene
C01120	gene
C01188	gene
C01205	gene
C01241	gene
C06156	gene
C05427	gene
C01414	gene
C03427	gene
C06089	gene
C11901	gene
C11894	gene
C11902	gene
C11893	gene
C17439	gene
C09183	gene
C09094	gene
C18229	gene
C19816	gene
C19815	gene
C19836	gene
C20158	gene
C20270	gene
C20681	gene
C20834	gene
C20922	gene
C20923	gene
C09140	gene
C20924	gene
C16848	gene
C18096	gene
C00418	gene
C03761	gene
C03231	gene
C04257	gene
C00459	gene
C03442	gene
C11916	gene
C11911	gene
C06620	gene
C11933	gene
C11912	gene
C11920	gene
C11921	gene
C11919	gene
C12447	gene
C11923	gene
C12443	gene
C12446	gene
C12444	gene
C12481	gene
C03319	gene
C18643	gene
C18636	gene
C20415	gene
C12321	gene
C12322	gene
C21348	gene
C21349	gene
C21356	gene
C21350	gene
C11821	gene
C05513	gene
C20155	gene
C03641	gene
C03423	gene
C03300	gene
C01513	gene
C02029	gene
C16443	gene
C17142	gene
C02895	gene
C01394	gene
C02536	gene
C01884	gene
C05515	gene
C06193	gene
C05130	gene
C05135	gene
C05127	gene
C04524	gene
C04443	gene
C05623	gene
C00616	gene
C01617	gene
C01750	gene
C05903	gene
C12639	gene
C10107	gene
C02954	gene
C05557	gene
C06567	gene
C06213	gene
C11817	gene
C08312	gene
C06535	gene
C09209	gene
C09089	gene
C06536	gene
C17203	gene
C17568	gene
C05804	gene
C00843	gene
C02904	gene
C03962	gene
C09870	gene
C00634	gene
C00635	gene
C01490	gene
C05226	gene
C03135	gene
C02666	gene
C01494	gene
C16405	gene
C17746	gene
C00671	gene
C03127	gene
C18680	gene
C19491	gene
C20310	gene
C20802	gene
C21092	gene
C16697	gene
C19809	gene
C04042	gene
C03681	gene
C03027	gene
C03205	gene
C03747	gene
C05479	gene
C05498	gene
C19726	gene
C05610	gene
C16218	gene
C01530	gene
C01138	gene
C03462	gene
C03731	gene
C00854	gene
C01880	gene
C00571	gene
C02395	gene
C00921	gene
C04248	gene
C19776	gene
C00490	gene
C02341	gene
C01107	gene
C00772	gene
C20847	gene
C03463	gene
C03475	gene
C05629	gene
C01772	gene
C12621	gene
C12622	gene
C16256	gene
C10171	gene
C07083	gene
C02917	gene
C04639	gene
C03273	gene
C04282	gene
C05941	gene
C01250	gene
C03703	gene
C06021	gene
C03283	gene
C16850	gene
C12115	gene
C18174	gene
C04617	gene
C01872	gene
C03574	gene
C05658	gene
C12312	gene
C19837	gene
C15587	gene
C05325	gene
C00741	gene
C03046	gene
C02537	gene
C02538	gene
C05297	gene
C05300	gene
C11133	gene
C01537	gene
C06359	gene
C06118	gene
C04810	gene
C00870	gene
C02372	gene
C07103	gene
C00899	gene
C15492	gene
C05822	gene
C02513	gene
C02633	gene
C02681	gene
C16495	gene
C16499	gene
C05619	gene
C02919	gene
C02442	gene
C02717	gene
C16701	gene
C02571	gene
C01181	gene
C02224	gene
C15666	gene
C01962	gene
C03175	gene
C15504	gene
C10343	gene
C20747	gene
C02091	gene
C02350	gene
C01219	gene
C02753	gene
C03494	gene
C05528	gene
C00861	gene
C02431	gene
C19758	gene
C20354	gene
C02991	gene
C05631	gene
C00974	gene
C01477	gene
C09099	gene
C06563	gene
C12124	gene
C12631	gene
C01709	gene
C16492	gene
C18023	gene
C09833	gene
C06322	gene
C19684	gene
C02024	gene
C01110	gene
C03943	gene
C00823	gene
C06123	gene
C04794	gene
C01678	gene
C00964	gene
C01123	gene
C02452	gene
C19081	gene
C01053	gene
C18911	gene
C11135	gene
C02248	gene
C03137	gene
C03414	gene
C15605	gene
C02674	gene
C02411	gene
C00628	gene
C06187	gene
C06603	gene
C06601	gene
C06186	gene
C00904	gene
C03917	gene
C05293	gene
C04295	gene
C05294	gene
C11134	gene
C05291	gene
C21296	gene
C01745	gene
C00903	gene
C16404	gene
C07572	gene
C05593	gene
C01036	gene
C05585	gene
C15882	gene
C17570	gene
C20737	gene
C05235	gene
C01888	gene
C05999	gene
C05577	gene
C05589	gene
C05853	gene
C02083	gene
C20782	gene
C20062	gene
C16074	gene
C03548	gene
C16825	gene
C01455	gene
C03256	gene
C12537	gene
C15513	gene
C02020	gene
C02240	gene
C20292	gene
C06673	gene
C02824	gene
C01008	gene
C04022	gene
C11143	gene
C01998	gene
C07087	gene
C01659	gene
C03166	gene
C04707	gene
C05953	gene
C01167	gene
C03721	gene
C06369	gene
C06680	gene
C03067	gene
C06459	gene
C05676	gene
C13482	gene
C05679	gene
C12205	gene
C12206	gene
C01200	gene
C05123	gene
C14179	gene
C03576	gene
C03453	gene
C04075	gene
C06587	gene
C07731	gene
C06582	gene
C16264	gene
C03091	gene
C03238	gene
C20143	gene
C21076	gene
C21303	gene
C20839	gene
C03773	gene
C02583	gene
C01155	gene
C01156	gene
C04575	gene
C14899	gene
C02797	gene
C02940	gene
C01034	gene
C03947	gene
C04133	gene
C00686	gene
C03792	gene
C03000	gene
C03819	gene
C01277	gene
C04549	gene
C04299	gene
C11557	gene
C16199	gene
C03460	gene
C04409	gene
C04584	gene
C03986	gene
C05640	gene
C05831	gene
C03590	gene
C03198	gene
C13632	gene
C21335	gene
C21314	gene
C00955	gene
C05960	gene
C00658	gene
C04046	gene
C04637	gene
C05675	gene
C13508	gene
C18168	gene
C06364	gene
C05646	gene
C00780	gene
C03766	gene
C01855	gene
C01109	gene
C06035	gene
C00878	gene
C06316	gene
C04429	gene
C04667	gene
C00700	gene
C04392	gene
C03972	gene
C06188	gene
C03646	gene
C04517	gene
C01801	gene
C02269	gene
C20896	gene
C21088	gene
C21095	gene
C03871	gene
C04877	gene
C02501	gene
C07089	gene
C01271	gene
C04136	gene
C11907	gene
C04268	gene
C11909	gene
C21208	gene
C03187	gene
C11927	gene
C01214	gene
C04287	gene
C06891	gene
C20251	gene
C06153	gene
C19720	gene
C04890	gene
C04891	gene
C04855	gene
C04643	gene
C01292	gene
C11637	gene
C04483	gene
C05959	gene
C04758	gene
C05957	gene
C00887	gene
C05361	gene
C02436	gene
C01614	gene
C06374	gene
C01382	gene
C03195	gene
C19616	gene
C19418	gene
C19670	gene
C20702	gene
C03212	gene
C03975	gene
C01370	gene
C01372	gene
C03338	gene
C00783	gene
C01479	gene
C02046	gene
C12452	gene
C10860	gene
C02089	gene
C00762	gene
C02821	gene
C05497	gene
C02822	gene
C05489	gene
C05471	gene
C05488	gene
C02965	gene
C01171	gene
C05161	gene
C02532	gene
C01726	gene
C00810	gene
C01769	gene
C01457	gene
C02400	gene
C16150	gene
C21075	gene
C06178	gene
C06524	gene
C02724	gene
C02691	gene
C05778	gene
C01054	gene
C06083	gene
C06310	gene
C06309	gene
C08627	gene
C19834	gene
C20411	gene
C20412	gene
C21116	gene
C01545	gene
C01387	gene
C01557	gene
C03588	gene
C05469	gene
C01489	gene
C00795	gene
C09321	gene
C15608	gene
C15204	gene
C01744	gene
C02183	gene
C11061	gene
C16679	gene
C16680	gene
C16677	gene
C05914	gene
C04033	gene
C01173	gene
C05634	gene
C05647	gene
C06212	gene
C00978	gene
C05659	gene
C20522	gene
C10503	gene
C02920	gene
C16187	gene
C02565	gene
C21026	gene
C01097	gene
C06552	gene
C06558	gene
C02675	gene
C12135	gene
C05376	gene
C10520	gene
C09126	gene
C12134	gene
C10521	gene
C03419	gene
C01444	gene
C01842	gene
C05985	gene
C06202	gene
C01198	gene
C14097	gene
C12305	gene
C06067	gene
C01765	gene
C03448	gene
C20322	gene
C20323	gene
C01766	gene
C03044	gene
C20657	gene
C04415	gene
C05627	gene
C16423	gene
C03672	gene
C03062	gene
C04381	gene
C03391	gene
C02270	gene
C05604	gene
C05819	gene
C05818	gene
C17018	gene
C20265	gene
C04314	gene
C14786	gene
C14787	gene
C02287	gene
C00872	gene
C04079	gene
C02333	gene
C02953	gene
C20263	gene
C12144	gene
C03016	gene
C01864	gene
C06017	gene
C01546	gene
C03724	gene
C02222	gene
C03586	gene
C06050	gene
C03092	gene
C04718	gene
C02823	gene
C03110	gene
C02967	gene
C01562	gene
C10208	gene
C16190	gene
C10509	gene
C03579	gene
C02035	gene
C11864	gene
C01100	gene
C03517	gene
C03707	gene
C05944	gene
C20814	gene
C04510	gene
C02764	gene
C17322	gene
C03042	gene
C03045	gene
C02235	gene
C03360	gene
C06604	gene
C06606	gene
C01080	gene
C05231	gene
C02331	gene
C19771	gene
C01635	gene
C00892	gene
C04181	gene
C01933	gene
C02394	gene
C21029	gene
C03524	gene
C17704	gene
C02165	gene
C02508	gene
C02520	gene
C03112	gene
C04712	gene
C03601	gene
C01300	gene
C02295	gene
C01739	gene
C01941	gene
C02912	gene
C05834	gene
C02938	gene
C20635	gene
C19886	gene
C05823	gene
C03454	gene
C03683	gene
C01767	gene
C02457	gene
C01021	gene
C03648	gene
C01598	gene
C03717	gene
C02555	gene
C03375	gene
C03875	gene
C18323	gene
C01125	gene
C01721	gene
C04698	gene
C18028	gene
C01051	gene
C05766	gene
C03955	gene
C02223	gene
C06007	gene
C04405	gene
C03836	gene
C02647	gene
C01092	gene
C03409	gene
C03799	gene
C21027	gene
C02463	gene
C02469	gene
C03263	gene
C15527	gene
C01724	gene
C01902	gene
C08628	gene
C08616	gene
C08615	gene
C08624	gene
C08797	gene
C08637	gene
C19819	gene
C19820	gene
C19828	gene
C19829	gene
C19832	gene
C19833	gene
C19801	gene
C19835	gene
C19863	gene
C17966	gene
C19918	gene
C20187	gene
C20188	gene
C08626	gene
C20189	gene
C20191	gene
C20192	gene
C20193	gene
C20194	gene
C20195	gene
C20200	gene
C01596	gene
C02502	gene
C01244	gene
C01829	gene
C02465	gene
C02656	gene
C06723	gene
C09813	gene
C02129	gene
C03228	gene
C03719	gene
C02153	gene
C03789	gene
C04397	gene
C04398	gene
C04327	gene
C04752	gene
C20247	gene
C20246	gene
C01122	gene
C01986	gene
C03050	gene
C04318	gene
C01626	gene
C02673	gene
C06311	gene
C06377	gene
C01267	gene
C03743	gene
C01751	gene
C01602	gene
C01249	gene
C05641	gene
C04478	gene
C01825	gene
C04292	gene
C04212	gene
C21158	gene
C02485	gene
C02140	gene
C01780	gene
C03461	gene
C03220	gene
C03079	gene
C03946	gene
C15570	gene
C15555	gene
C03725	gene
C01247	gene
C04141	gene
C01186	gene
C16273	gene
C21287	gene
C06105	gene
C03739	gene
C03241	gene
C12313	gene
C12314	gene
C03897	gene
C01877	gene
C04281	gene
C03440	gene
C06189	gene
C04043	gene
C04642	gene
C05582	gene
C03077	gene
C01278	gene
C04553	gene
C05443	gene
C01189	gene
C05107	gene
C16509	gene
C02067	gene
C01581	gene
C03735	gene
C01624	gene
C04518	gene
C04062	gene
C03964	gene
C05350	gene
C11527	gene
C12456	gene
C19154	gene
C02846	gene
C02299	gene
C03722	gene
C21332	gene
C03845	gene
C05111	gene
C05439	gene
C02399	gene
C02863	gene
C04776	gene
C04036	gene
C04227	gene
C06044	gene
C06160	gene
C04366	gene
C06224	gene
C04044	gene
C02274	gene
C04563	gene
C04579	gene
C01284	gene
C11526	gene
C11174	gene
C15990	gene
C15991	gene
C01850	gene
C03486	gene
C02188	gene
C04487	gene
C16741	gene
C01283	gene
C01270	gene
C05927	gene
C01274	gene
C04297	gene
C01245	gene
C01280	gene
C04767	gene
C02977	gene
C03117	gene
C20638	gene
C20612	gene
C04780	gene
C04672	gene
C04555	gene
C05139	gene
C18045	gene
C04215	gene
C04340	gene
C03418	gene
C02051	gene
C02972	gene
C04063	gene
C01272	gene
C04477	gene
C04367	gene
C11555	gene
C05208	gene
C01717	gene
C04002	gene
C03315	gene
C01293	gene
C03793	gene
C04271	gene
C15509	gene
C15510	gene
C03968	gene
C04444	gene
C04666	gene
C04454	gene
C04604	gene
C02526	gene
C03750	gene
C04330	gene
C03057	gene
C03203	gene
C04872	gene
C20991	gene
C04315	gene
C06038	gene
C11554	gene
C04556	gene
C20267	gene
C04640	gene
C04751	gene
C15667	gene
C01299	gene
C04636	gene
C04792	gene
C21019	gene
C01294	gene
C04520	gene
C04740	gene
C06135	gene
C04845	gene
C04925	gene
C03272	gene
C18060	gene
C01920	gene
C04661	gene
C04280	gene
C03365	gene
C03844	gene
C04673	gene
C11351	gene
C04807	gene
C04722	gene
C05446	gene
C05849	gene
C03313	gene
C13309	gene
C20806	gene
C04387	gene
C04917	gene
C04726	gene
C04864	gene
C04865	gene
C04657	gene
C04835	gene
C05961	gene
C01345	gene
C06196	gene
C02353	gene
C02355	gene
C11352	gene
C06142	gene
C02390	gene
C03093	gene
C02415	gene
C00573	gene
C01512	gene
C01852	gene
C06071	gene
C02323	gene
C04592	gene
C01542	gene
C01467	gene
C04024	gene
C12628	gene
C02923	gene
C02657	gene
C03351	gene
C06730	gene
C06677	gene
C16401	gene
C02001	gene
C07645	gene
C16556	gene
C04719	gene
C04608	gene
C01514	gene
C01714	gene
C01486	gene
C02962	gene
C01569	gene
C17883	gene
C16461	gene
C01710	gene
C07720	gene
C07719	gene
C03667	gene
C02994	gene
C04293	gene
C03951	gene
C03515	gene
C10192	gene
C01735	gene
C16643	gene
C16578	gene
C11785	gene
C04447	gene
C01752	gene
C05172	gene
C05684	gene
C05703	gene
C02325	gene
C02574	gene
C03994	gene
C16722	gene
C01673	gene
C07712	gene
C02872	gene
C16720	gene
C04441	gene
C04351	gene
C16719	gene
C02560	gene
C02549	gene
C02922	gene
C09762	gene
C16717	gene
C04717	gene
C04056	gene
C07338	gene
C07289	gene
C14825	gene
C14826	gene
C14827	gene
C14831	gene
C06426	gene
C19937	gene
C20703	gene
C05642	gene
C05643	gene
C04783	gene
C16215	gene
C18314	gene
C02864	gene
C05906	gene
C03052	gene
C02906	gene
C05850	gene
C16711	gene
C17022	gene
C05336	gene
C06181	gene
C12455	gene
C16565	gene
C10773	gene
C10783	gene
C10772	gene
C18158	gene
C02243	gene
C03537	gene
C04185	gene
C05578	gene
C04416	gene
C05441	gene
C05440	gene
C05913	gene
C05786	gene
C11630	gene
C05912	gene
C04034	gene
C04070	gene
C11871	gene
C11867	gene
C02687	gene
C04333	gene
C04199	gene
C06325	gene
C03827	gene
C05109	gene
C11455	gene
C02855	gene
C06029	gene
C02744	gene
C16614	gene
C02752	gene
C11807	gene
C11808	gene
C01991	gene
C05158	gene
C02809	gene
C05473	gene
C18039	gene
C02817	gene
C05315	gene
C04118	gene
C15781	gene
C03156	gene
C21091	gene
C05990	gene
C03064	gene
C07639	gene
C01849	gene
C12044	gene
C03325	gene
C07307	gene
C07304	gene
C01957	gene
C09782	gene
C02080	gene
C02879	gene
C02213	gene
C03575	gene
C02367	gene
C02941	gene
C03072	gene
C18005	gene
C06103	gene
C02956	gene
C03194	gene
C15535	gene
C04371	gene
C20787	gene
C05437	gene
C11513	gene
C08830	gene
C03606	gene
C03297	gene
C21240	gene
C03368	gene
C19850	gene
C02141	gene
C11508	gene
C05276	gene
C03796	gene
C11992	gene
C02289	gene
C05485	gene
C05501	gene
C18044	gene
C18038	gene
C03149	gene
C03476	gene
C04833	gene
C01978	gene
C01984	gene
C07301	gene
C15539	gene
C02008	gene
C03860	gene
C04251	gene
C04131	gene
C02339	gene
C02100	gene
C06095	gene
C11861	gene
C12308	gene
C06096	gene
C11863	gene
C02777	gene
C21006	gene
C16693	gene
C11678	gene
C03170	gene
C05432	gene
C05435	gene
C08592	gene
C08591	gene
C15943	gene
C16340	gene
C06098	gene
C20484	gene
C20695	gene
C03034	gene
C02345	gene
C02101	gene
C02106	gene
C05202	gene
C06167	gene
C06520	gene
C09541	gene
C17592	gene
C17591	gene
C20712	gene
C05174	gene
C21370	gene
C02374	gene
C02915	gene
C02880	gene
C05306	gene
C11832	gene
C16540	gene
C18152	gene
C18154	gene
C18157	gene
C16541	gene
C05490	gene
C05475	gene
C02623	gene
C03221	gene
C03677	gene
C05949	gene
C04853	gene
C03363	gene
C02658	gene
C20366	gene
C02298	gene
C20743	gene
C21178	gene
C03516	gene
C05963	gene
C17328	gene
C04194	gene
C04385	gene
C15581	gene
C02467	gene
C02771	gene
C02774	gene
C03676	gene
C04431	gene
C06329	gene
C06676	gene
C12838	gene
C16249	gene
C16477	gene
C16476	gene
C06031	gene
C18170	gene
C03726	gene
C05620	gene
C02284	gene
C20511	gene
C19943	gene
C04354	gene
C03527	gene
C02930	gene
C03687	gene
C02582	gene
C04802	gene
C20183	gene
C20863	gene
C16687	gene
C12248	gene
C02796	gene
C06648	gene
C06651	gene
C05499	gene
C02381	gene
C03058	gene
C03702	gene
C03624	gene
C03294	gene
C06199	gene
C03715	gene
C02576	gene
C02590	gene
C05772	gene
C05777	gene
C03832	gene
C05645	gene
C05830	gene
C02755	gene
C04105	gene
C14610	gene
C03567	gene
C02648	gene
C06742	gene
C02750	gene
C06336	gene
C02631	gene
C03673	gene
C03990	gene
C02534	gene
C03434	gene
C03636	gene
C03642	gene
C05273	gene
C06736	gene
C06737	gene
C03881	gene
C03808	gene
C03882	gene
C02933	gene
C03754	gene
C03727	gene
C05718	gene
C03098	gene
C16690	gene
C03933	gene
C04578	gene
C21080	gene
C06125	gene
C03422	gene
C04386	gene
C03874	gene
C05936	gene
C06195	gene
C10974	gene
C03846	gene
C05817	gene
C06986	gene
C03529	gene
C03711	gene
C05974	gene
C18125	gene
C02741	gene
C03797	gene
C04896	gene
C04435	gene
C09880	gene
C04508	gene
C02768	gene
C03954	gene
C03926	gene
C04205	gene
C05672	gene
C17941	gene
C03587	gene
C03237	gene
C02986	gene
C04167	gene
C03206	gene
C06654	gene
C21436	gene
C18351	gene
C14604	gene
C03941	gene
C03887	gene
C05133	gene
C04437	gene
C04422	gene
C16676	gene
C03957	gene
C04339	gene
C03888	gene
C03032	gene
C04648	gene
C04511	gene
C06517	gene
C05843	gene
C05842	gene
C06720	gene
C06731	gene
C14088	gene
C04446	gene
C06121	gene
C17204	gene
C19717	gene
C03930	gene
C03037	gene
C20271	gene
C16672	gene
C03864	gene
C03865	gene
C03503	gene
C04303	gene
C03995	gene
C06204	gene
C06205	gene
C14783	gene
C11713	gene
C16201	gene
C16202	gene
C03895	gene
C15653	gene
C04103	gene
C03458	gene
C15986	gene
C04052	gene
C05600	gene
C03678	gene
C05998	gene
C17658	gene
C03679	gene
C06641	gene
C06646	gene
C04061	gene
C06564	gene
C04778	gene
C03657	gene
C04468	gene
C11425	gene
C18256	gene
C03392	gene
C03314	gene
C04025	gene
C04590	gene
C05343	gene
C05977	gene
C04475	gene
C20859	gene
C04108	gene
C18040	gene
C03748	gene
C04234	gene
C03982	gene
C20314	gene
C20315	gene
C05262	gene
C05636	gene
C05770	gene
C03817	gene
C05568	gene
C03415	gene
C04311	gene
C04149	gene
C03323	gene
C05539	gene
C04462	gene
C03690	gene
C04170	gene
C04309	gene
C06054	gene
C04209	gene
C04201	gene
C05932	gene
C18048	gene
C05421	gene
C05413	gene
C04050	gene
C04187	gene
C03894	gene
C04536	gene
C03880	gene
C05683	gene
C21403	gene
C05952	gene
C05901	gene
C20154	gene
C10287	gene
C03585	gene
C14450	gene
C02124	gene
C04522	gene
C07090	gene
C05455	gene
C03599	gene
C03786	gene
C03622	gene
C04081	gene
C03798	gene
C04312	gene
C05904	gene
C09320	gene
C05375	gene
C04448	gene
C20264	gene
C04789	gene
C04232	gene
C06719	gene
C05587	gene
C06546	gene
C12231	gene
C16707	gene
C16704	gene
C17755	gene
C08557	gene
C04291	gene
C04203	gene
C04353	gene
C04404	gene
C04373	gene
C04391	gene
C05546	gene
C11475	gene
C04283	gene
C04341	gene
C04399	gene
C04361	gene
C04708	gene
C10164	gene
C04110	gene
C21414	gene
C04615	gene
C05860	gene
C04459	gene
C04695	gene
C04611	gene
C04264	gene
C04445	gene
C03905	gene
C12525	gene
C04625	gene
C04729	gene
C04832	gene
C11497	gene
C11496	gene
C11498	gene
C04504	gene
C04178	gene
C16246	gene
C16247	gene
C11136	gene
C05759	gene
C05746	gene
C05750	gene
C05753	gene
C05756	gene
C05762	gene
C16219	gene
C20372	gene
C20376	gene
C21430	gene
C08886	gene
C04433	gene
C20221	gene
C04815	gene
C04696	gene
C20674	gene
C16669	gene
C04561	gene
C19761	gene
C19799	gene
C20642	gene
C05147	gene
C11588	gene
C11457	gene
C06040	gene
C04677	gene
C04186	gene
C19965	gene
C06250	gene
C04586	gene
C04503	gene
C04196	gene
C11482	gene
C04379	gene
C04725	gene
C04527	gene
C05364	gene
C04564	gene
C04565	gene
C04489	gene
C02533	gene
C15645	gene
C15646	gene
C04619	gene
C05754	gene
C04582	gene
C04208	gene
C04219	gene
C06483	gene
C04866	gene
C04225	gene
C21250	gene
C15777	gene
C04618	gene
C04775	gene
C07282	gene
C05938	gene
C05947	gene
C05942	gene
C04806	gene
C16667	gene
C04342	gene
C15503	gene
C04597	gene
C21419	gene
C16644	gene
C04649	gene
C11553	gene
C04589	gene
C20497	gene
C04881	gene
C04830	gene
C20617	gene
C20618	gene
C20619	gene
C20620	gene
C05131	gene
C04692	gene
C20663	gene
C04840	gene
C08825	gene
C04505	gene
C08721	gene
C15560	gene
C04486	gene
C04759	gene
C04818	gene
C04576	gene
C04814	gene
C05981	gene
C11556	gene
C04581	gene
C05445	gene
C04559	gene
C18311	gene
C04112	gene
C17276	gene
C05411	gene
C05412	gene
C04742	gene
C11827	gene
C11826	gene
C05897	gene
C04638	gene
C04623	gene
C06637	gene
C06644	gene
C04731	gene
C04711	gene
C04858	gene
C10020	gene
C12627	gene
C07278	gene
C04630	gene
C04847	gene
C04886	gene
C05751	gene
C04622	gene
C11904	gene
C18672	gene
C20423	gene
C04768	gene
C05763	gene
C05447	gene
C04824	gene
C06022	gene
C04741	gene
C04850	gene
C04916	gene
C04735	gene
C04736	gene
C04887	gene
C04686	gene
C05760	gene
C04773	gene
C06432	gene
C04894	gene
C04851	gene
C04902	gene
C04901	gene
C04859	gene
C06066	gene
C04831	gene
C05454	gene
C04808	gene
C04763	gene
C06133	gene
C04924	gene
C05460	gene
C06052	gene
C04907	gene
C11377	gene
C04844	gene
C19944	gene
C06047	gene
C06048	gene
C05155	gene
C04913	gene
C04827	gene
C04932	gene
C04903	gene
C04849	gene
C04910	gene
C05950	gene
C20925	gene
C05622	gene
C04923	gene
C05925	gene
C05926	gene
C21065	gene
C21008	gene
C04883	gene
C06134	gene
C04926	gene
C04930	gene
C06148	gene
C20239	gene
C21094	gene
C04908	gene
C04934	gene
C04920	gene
C06131	gene
C06141	gene
C04937	gene
C04939	gene
C04936	gene
C04938	gene
C06024	gene
C19884	gene
C06138	gene
C04943	gene
C05159	gene
C15543	gene
C05110	gene
C05827	gene
C05487	gene
C05140	gene
C05504	gene
C05157	gene
C05825	gene
C05175	gene
C06163	gene
C06161	gene
C05177	gene
C07547	gene
C09654	gene
C05243	gene
C05179	gene
C06516	gene
C09555	gene
C05220	gene
C05190	gene
C05191	gene
C05247	gene
C06162	gene
C05316	gene
C05194	gene
C06327	gene
C05313	gene
C05314	gene
C05317	gene
C06350	gene
C05318	gene
C05319	gene
C05320	gene
C05321	gene
C05210	gene
C05218	gene
C05758	gene
C05230	gene
C05329	gene
C05234	gene
C05516	gene
C05326	gene
C05328	gene
C05275	gene
C05271	gene
C05280	gene
C05285	gene
C18075	gene
C06165	gene
C05691	gene
C05690	gene
C05698	gene
C05708	gene
C05414	gene
C05430	gene
C05417	gene
C05423	gene
C05424	gene
C05425	gene
C05431	gene
C05434	gene
C14146	gene
C15892	gene
C16291	gene
C05103	gene
C05452	gene
C05468	gene
C05448	gene
C17346	gene
C17339	gene
C05470	gene
C05481	gene
C05472	gene
C05482	gene
C05474	gene
C05476	gene
C05478	gene
C05483	gene
C05480	gene
C11825	gene
C05484	gene
C05571	gene
C05594	gene
C05580	gene
C05579	gene
C15566	gene
C05584	gene
C05625	gene
C12638	gene
C12667	gene
C12637	gene
C05907	gene
C05911	gene
C09756	gene
C05635	gene
C05660	gene
C05832	gene
C05637	gene
C05639	gene
C05651	gene
C05656	gene
C05652	gene
C05663	gene
C06330	gene
C11503	gene
C05655	gene
C05696	gene
C05697	gene
C05704	gene
C05705	gene
C05706	gene
C05695	gene
C18904	gene
C05707	gene
C05747	gene
C05748	gene
C16236	gene
C06423	gene
C01571	gene
C05757	gene
C06424	gene
C05767	gene
C05768	gene
C05769	gene
C05774	gene
C11545	gene
C06504	gene
C19724	gene
C05801	gene
C05802	gene
C05803	gene
C17551	gene
C05810	gene
C05811	gene
C05812	gene
C05813	gene
C05814	gene
C21084	gene
C05828	gene
C05851	gene
C06207	gene
C05861	gene
C05894	gene
C17550	gene
C08604	gene
C09727	gene
C16298	gene
C08647	gene
C05909	gene
C12138	gene
C12136	gene
C05919	gene
C05923	gene
C05955	gene
C05958	gene
C05962	gene
C05964	gene
C06360	gene
C05986	gene
C06255	gene
C06001	gene
C14463	gene
C06025	gene
C19877	gene
C06251	gene
C19890	gene
C21157	gene
C21173	gene
C06034	gene
C06234	gene
C18349	gene
C06041	gene
C20860	gene
C06046	gene
C06055	gene
C07335	gene
C11638	gene
C06057	gene
C06068	gene
C11636	gene
C06090	gene
C18226	gene
C11877	gene
C18228	gene
C19810	gene
C20145	gene
C11857	gene
C11905	gene
C06102	gene
C06104	gene
C06127	gene
C06132	gene
C06145	gene
C06146	gene
C06149	gene
C06172	gene
C12454	gene
C06182	gene
C06183	gene
C10157	gene
C06184	gene
C06194	gene
C06247	gene
C19875	gene
C19883	gene
C20933	gene
C21174	gene
C06408	gene
C06320	gene
C06324	gene
C06415	gene
C07097	gene
C06343	gene
C06332	gene
C06339	gene
C06342	gene
C06348	gene
C06365	gene
C20906	gene
C06368	gene
C17946	gene
C06384	gene
C06382	gene
C06383	gene
C06389	gene
C06392	gene
C06396	gene
C06398	gene
C07838	gene
C06503	gene
C06404	gene
C06407	gene
C06410	gene
C16715	gene
C06512	gene
C06511	gene
C06518	gene
C06505	gene
C06506	gene
C06509	gene
C06507	gene
C04122	gene
C06565	gene
C06568	gene
C06577	gene
C06575	gene
C06613	gene
C06609	gene
C16348	gene
C06610	gene
C06578	gene
C06589	gene
C06580	gene
C06586	gene
C06584	gene
C06600	gene
C06598	gene
C06581	gene
C21298	gene
C06640	gene
C06642	gene
C06638	gene
C06636	gene
C06645	gene
C06649	gene
C06605	gene
C06607	gene
C21105	gene
C21104	gene
C06635	gene
C06679	gene
C06674	gene
C06675	gene
C06758	gene
C06756	gene
C06753	gene
C06754	gene
C07888	gene
C07047	gene
C06729	gene
C14103	gene
C06761	gene
C07478	gene
C11354	gene
C06569	gene
C09825	gene
C09821	gene
C11502	gene
C06722	gene
C06726	gene
C06728	gene
C07111	gene
C04687	gene
C06739	gene
C15854	gene
C06254	gene
C06179	gene
C06521	gene
C11359	gene
C08586	gene
C15858	gene
C15867	gene
C19795	gene
C16274	gene
C16277	gene
C07216	gene
C07211	gene
C07214	gene
C07212	gene
C06712	gene
C07715	gene
C11348	gene
C07189	gene
C07114	gene
C07085	gene
C06593	gene
C20988	gene
C06658	gene
C06656	gene
C11353	gene
C06596	gene
C06594	gene
C06602	gene
C06643	gene
C07075	gene
C07095	gene
C07094	gene
C07092	gene
C06876	gene
C07099	gene
C15505	gene
C21103	gene
C07096	gene
C07721	gene
C07729	gene
C07732	gene
C08061	gene
C07101	gene
C07112	gene
C07215	gene
C06990	gene
C07722	gene
C16262	gene
C07728	gene
C07726	gene
C06793	gene
C11510	gene
C06627	gene
C18299	gene
C06570	gene
C18296	gene
C06628	gene
C06629	gene
C06659	gene
C06660	gene
C06661	gene
C06662	gene
C12832	gene
C06608	gene
C06791	gene
C06792	gene
C14866	gene
C07091	gene
C11922	gene
C11918	gene
C12318	gene
C11930	gene
C11928	gene
C06634	gene
C06616	gene
C06653	gene
C06633	gene
C11985	gene
C06989	gene
C16181	gene
C12837	gene
C07723	gene
C08063	gene
C06553	gene
C06748	gene
C06554	gene
C06555	gene
C08734	gene
C14149	gene
C06560	gene
C06557	gene
C08735	gene
C09818	gene
C09824	gene
C09811	gene
C16285	gene
C09809	gene
C09810	gene
C17569	gene
C05307	gene
C20764	gene
C17558	gene
C19772	gene
C15542	gene
C16157	gene
C11435	gene
C11440	gene
C11453	gene
C15915	gene
C15808	gene
C07836	gene
C19882	gene
C19878	gene
C21281	gene
C21282	gene
C11472	gene
C11427	gene
C14101	gene
C11429	gene
C11431	gene
C11432	gene
C11433	gene
C11430	gene
C16737	gene
C07025	gene
C07026	gene
C07028	gene
C07029	gene
C07030	gene
C07031	gene
C07288	gene
C07326	gene
C16538	gene
C19822	gene
C19821	gene
C15673	gene
C07329	gene
C20682	gene
C11506	gene
C11499	gene
C11537	gene
C07330	gene
C11504	gene
C07343	gene
C07344	gene
C16728	gene
C11507	gene
C15508	gene
C11509	gene
C07348	gene
C07295	gene
C07308	gene
C07349	gene
C11512	gene
C21385	gene
C11514	gene
C11515	gene
C11520	gene
C11523	gene
C15776	gene
C07272	gene
C07276	gene
C11535	gene
C11546	gene
C11548	gene
C11538	gene
C17401	gene
C11540	gene
C11543	gene
C16243	gene
C16244	gene
C11679	gene
C11680	gene
C11691	gene
C11681	gene
C11633	gene
C11634	gene
C11635	gene
C11672	gene
C09241	gene
C11682	gene
C11643	gene
C11676	gene
C11677	gene
C11783	gene
C11642	gene
C11812	gene
C11641	gene
C11675	gene
C07204	gene
C20240	gene
C11784	gene
C11683	gene
C11810	gene
C11813	gene
C11814	gene
C11816	gene
C11815	gene
C09337	gene
C11673	gene
C04150	gene
C20352	gene
C20390	gene
C04772	gene
C08481	gene
C11409	gene
C11412	gene
C11408	gene
C06060	gene
C06092	gene
C11872	gene
C09189	gene
C11874	gene
C05794	gene
C05789	gene
C05793	gene
C11829	gene
C11831	gene
C11830	gene
C11850	gene
C05797	gene
C18151	gene
C11873	gene
C11875	gene
C11853	gene
C11876	gene
C11882	gene
C11883	gene
C11884	gene
C18219	gene
C11895	gene
C11896	gene
C11897	gene
C11898	gene
C11899	gene
C11900	gene
C06088	gene
C16524	gene
C11860	gene
C11858	gene
C11859	gene
C11862	gene
C11865	gene
C11866	gene
C20632	gene
C11868	gene
C20633	gene
C11869	gene
C11855	gene
C11870	gene
C11887	gene
C20329	gene
C11886	gene
C11885	gene
C11888	gene
C11889	gene
C11924	gene
C11934	gene
C11935	gene
C11936	gene
C11398	gene
C11395	gene
C11401	gene
C11402	gene
C11415	gene
C11414	gene
C11416	gene
C11418	gene
C11403	gene
C11404	gene
C11406	gene
C11417	gene
C11420	gene
C11405	gene
C11419	gene
C19079	gene
C11421	gene
C19084	gene
C11937	gene
C11938	gene
C11941	gene
C11939	gene
C11940	gene
C11944	gene
C11943	gene
C11947	gene
C11950	gene
C11951	gene
C11952	gene
C18025	gene
C18027	gene
C20326	gene
C11925	gene
C11926	gene
C19960	gene
C11910	gene
C21071	gene
C18035	gene
C18032	gene
C20760	gene
C12003	gene
C11990	gene
C11991	gene
C11994	gene
C11998	gene
C11995	gene
C11996	gene
C20741	gene
C11999	gene
C20739	gene
C20740	gene
C11970	gene
C11978	gene
C11954	gene
C11962	gene
C11971	gene
C11979	gene
C11955	gene
C11963	gene
C11972	gene
C11973	gene
C11980	gene
C11981	gene
C11956	gene
C11957	gene
C11964	gene
C11965	gene
C11975	gene
C11974	gene
C11976	gene
C11983	gene
C11982	gene
C11984	gene
C11959	gene
C11958	gene
C11960	gene
C11967	gene
C11966	gene
C11968	gene
C08980	gene
C19732	gene
C19942	gene
C20945	gene
C17148	gene
C12083	gene
C11986	gene
C11987	gene
C11988	gene
C06562	gene
C12316	gene
C12127	gene
C12137	gene
C12128	gene
C12095	gene
C08639	gene
C12141	gene
C12643	gene
C08620	gene
C16306	gene
C16369	gene
C19762	gene
C20469	gene
C20490	gene
C12096	gene
C16350	gene
C16372	gene
C12139	gene
C12140	gene
C16307	gene
C16315	gene
C16312	gene
C16367	gene
C16370	gene
C16301	gene
C20491	gene
C20496	gene
C16232	gene
C12123	gene
C15567	gene
C09751	gene
C09614	gene
C15531	gene
C08578	gene
C12204	gene
C12212	gene
C12213	gene
C12214	gene
C12215	gene
C12109	gene
C12107	gene
C12246	gene
C14721	gene
C12247	gene
C12249	gene
C10098	gene
C12626	gene
C16911	gene
C20727	gene
C12325	gene
C12323	gene
C12319	gene
C21073	gene
C21137	gene
C12320	gene
C12442	gene
C12397	gene
C12402	gene
C12398	gene
C12399	gene
C12400	gene
C12401	gene
C12405	gene
C12407	gene
C12406	gene
C12409	gene
C12411	gene
C12412	gene
C12414	gene
C12391	gene
C18679	gene
C12392	gene
C12393	gene
C12394	gene
C12416	gene
C12417	gene
C12418	gene
C18630	gene
C12419	gene
C12421	gene
C18335	gene
C12422	gene
C12423	gene
C12424	gene
C12425	gene
C12427	gene
C12428	gene
C12429	gene
C12431	gene
C12430	gene
C12432	gene
C12433	gene
C01661	gene
C12435	gene
C18356	gene
C12436	gene
C18358	gene
C12437	gene
C18360	gene
C12367	gene
C12368	gene
C12373	gene
C12374	gene
C12369	gene
C12375	gene
C12376	gene
C12370	gene
C12377	gene
C12378	gene
C12371	gene
C12380	gene
C12383	gene
C12384	gene
C12385	gene
C12386	gene
C12387	gene
C12440	gene
C06176	gene
C15612	gene
C12449	gene
C02066	gene
C12453	gene
C10850	gene
C17378	gene
C21097	gene
C12483	gene
C12462	gene
C12463	gene
C12460	gene
C12457	gene
C12459	gene
C12458	gene
C12471	gene
C20629	gene
C12467	gene
C12468	gene
C12469	gene
C20637	gene
C12479	gene
C12480	gene
C12475	gene
C12476	gene
C12472	gene
C12473	gene
C16933	gene
C12623	gene
C12625	gene
C12640	gene
C12642	gene
C12644	gene
C16297	gene
C16305	gene
C16368	gene
C20489	gene
C20495	gene
C08725	gene
C12641	gene
C12647	gene
C12645	gene
C12634	gene
C12635	gene
C12636	gene
C03898	gene
C10175	gene
C12668	gene
C12633	gene
C12646	gene
C16292	gene
C09789	gene
C12629	gene
C12632	gene
C12630	gene
C12833	gene
C12834	gene
C12835	gene
C05618	gene
C14859	gene
C16266	gene
C19847	gene
C17440	gene
C13621	gene
C13622	gene
C13623	gene
C13624	gene
C13625	gene
C13626	gene
C13629	gene
C13631	gene
C13628	gene
C13638	gene
C13633	gene
C13952	gene
C14111	gene
C14099	gene
C14113	gene
C14112	gene
C14114	gene
C14102	gene
C02909	gene
C14116	gene
C14117	gene
C14118	gene
C14083	gene
C14089	gene
C14084	gene
C14085	gene
C14087	gene
C14090	gene
C14091	gene
C14092	gene
C14093	gene
C14094	gene
C14096	gene
C14104	gene
C14100	gene
C14105	gene
C14106	gene
C14108	gene
C14109	gene
C14110	gene
C14145	gene
C11249	gene
C08579	gene
C15968	gene
C15969	gene
C15983	gene
C16282	gene
C19730	gene
C19731	gene
C08614	gene
C18196	gene
C18195	gene
C20894	gene
C08584	gene
C13431	gene
C13433	gene
C08585	gene
C13453	gene
C14044	gene
C14045	gene
C13455	gene
C13454	gene
C19811	gene
C13456	gene
C15514	gene
C16276	gene
C05433	gene
C08601	gene
C08590	gene
C15981	gene
C08733	gene
C08737	gene
C14148	gene
C14150	gene
C14178	gene
C06442	gene
C16432	gene
C14418	gene
C14722	gene
C14723	gene
C14724	gene
C14725	gene
C14727	gene
C14540	gene
C11714	gene
C14796	gene
C14797	gene
C14799	gene
C14798	gene
C14785	gene
C14784	gene
C14802	gene
C14800	gene
C14788	gene
C14801	gene
C14789	gene
C14790	gene
C14815	gene
C14809	gene
C14811	gene
C14781	gene
C14813	gene
C14782	gene
C14814	gene
C14765	gene
C14839	gene
C14840	gene
C14717	gene
C14844	gene
C14453	gene
C14842	gene
C14841	gene
C14845	gene
C14846	gene
C14849	gene
C14850	gene
C14851	gene
C18276	gene
C18275	gene
C18270	gene
C18284	gene
C18286	gene
C14852	gene
C14853	gene
C14854	gene
C14858	gene
C14857	gene
C14860	gene
C14862	gene
C07490	gene
C14867	gene
C11149	gene
C14869	gene
C18246	gene
C14775	gene
C14774	gene
C14773	gene
C14772	gene
C14870	gene
C14872	gene
C14873	gene
C14875	gene
C14877	gene
C14876	gene
C14829	gene
C14828	gene
C15038	gene
C15484	gene
C13712	gene
C18041	gene
C15486	gene
C15500	gene
C15502	gene
C16581	gene
C02982	gene
C15488	gene
C03043	gene
C15501	gene
C15511	gene
C15515	gene
C15517	gene
C15516	gene
C15518	gene
C15520	gene
C08576	gene
C16416	gene
C16407	gene
C16406	gene
C08577	gene
C20648	gene
C03226	gene
C02483	gene
C14152	gene
C15529	gene
C10478	gene
C15530	gene
C15533	gene
C04218	gene
C20985	gene
C06400	gene
C04465	gene
C12093	gene
C15538	gene
C15540	gene
C20461	gene
C20467	gene
C20471	gene
C06361	gene
C15544	gene
C15546	gene
C02903	gene
C18910	gene
C15557	gene
C15558	gene
C20908	gene
C15559	gene
C15562	gene
C10216	gene
C12125	gene
C10200	gene
C15569	gene
C01971	gene
C15572	gene
C15574	gene
C15576	gene
C15578	gene
C15579	gene
C15582	gene
C15591	gene
C15599	gene
C15604	gene
C17210	gene
C15609	gene
C02921	gene
C17336	gene
C15614	gene
C17343	gene
C15616	gene
C15647	gene
C15650	gene
C15651	gene
C15656	gene
C15658	gene
C16070	gene
C15700	gene
C15769	gene
C15770	gene
C15772	gene
C15784	gene
C15795	gene
C15785	gene
C15786	gene
C15796	gene
C15790	gene
C15788	gene
C15791	gene
C15792	gene
C15799	gene
C17733	gene
C16252	gene
C15797	gene
C16253	gene
C15787	gene
C15800	gene
C15803	gene
C15801	gene
C15794	gene
C08814	gene
C19873	gene
C15793	gene
C17735	gene
C15813	gene
C15814	gene
C15812	gene
C19874	gene
C16251	gene
C15782	gene
C15783	gene
C01753	gene
C05442	gene
C15780	gene
C15778	gene
C15816	gene
C15883	gene
C14151	gene
C15857	gene
C19764	gene
C19765	gene
C19759	gene
C16151	gene
C15859	gene
C15907	gene
C15908	gene
C15910	gene
C15919	gene
C15933	gene
C15940	gene
C15935	gene
C15860	gene
C15861	gene
C15877	gene
C15878	gene
C15879	gene
C15881	gene
C15884	gene
C15885	gene
C15887	gene
C15888	gene
C15895	gene
C15898	gene
C15900	gene
C15902	gene
C15903	gene
C15905	gene
C15911	gene
C15914	gene
C15917	gene
C15864	gene
C15928	gene
C15932	gene
C15937	gene
C15941	gene
C15942	gene
C15965	gene
C15966	gene
C08583	gene
C15967	gene
C15982	gene
C16486	gene
C15971	gene
C15984	gene
C15989	gene
C16675	gene
C20248	gene
C16015	gene
C17027	gene
C16145	gene
C19797	gene
C19840	gene
C16146	gene
C19839	gene
C19841	gene
C16147	gene
C16148	gene
C16182	gene
C15926	gene
C16196	gene
C16205	gene
C16203	gene
C16206	gene
C16207	gene
C16214	gene
C16213	gene
C16211	gene
C16204	gene
C16208	gene
C16209	gene
C16233	gene
C14536	gene
C16195	gene
C16197	gene
C16191	gene
C10205	gene
C16222	gene
C16188	gene
C16189	gene
C16225	gene
C16223	gene
C16224	gene
C07593	gene
C10522	gene
C16226	gene
C16227	gene
C16228	gene
C16229	gene
C16230	gene
C10538	gene
C16231	gene
C16192	gene
C16217	gene
C21114	gene
C21115	gene
C16220	gene
C16221	gene
C16240	gene
C16237	gene
C16832	gene
C16241	gene
C16248	gene
C16259	gene
C16261	gene
C16263	gene
C16272	gene
C16271	gene
C16283	gene
C16284	gene
C16275	gene
C16278	gene
C16279	gene
C16280	gene
C16300	gene
C16321	gene
C19936	gene
C20704	gene
C04785	gene
C16347	gene
C16324	gene
C16323	gene
C16322	gene
C16320	gene
C16325	gene
C16311	gene
C16310	gene
C16319	gene
C16349	gene
C16371	gene
C16351	gene
C16314	gene
C16313	gene
C16288	gene
C16289	gene
C16373	gene
C16327	gene
C16328	gene
C16329	gene
C16332	gene
C16333	gene
C16336	gene
C16337	gene
C16293	gene
C16295	gene
C16296	gene
C16299	gene
C16304	gene
C16303	gene
C16302	gene
C16360	gene
C16361	gene
C16365	gene
C16356	gene
C16354	gene
C16163	gene
C16374	gene
C16167	gene
C16375	gene
C16366	gene
C16359	gene
C16152	gene
C16387	gene
C16171	gene
C16388	gene
C16355	gene
C21144	gene
C16363	gene
C16364	gene
C16159	gene
C16390	gene
C16419	gene
C10028	gene
C09826	gene
C16418	gene
C10044	gene
C16415	gene
C01378	gene
C09736	gene
C16417	gene
C16408	gene
C16409	gene
C16410	gene
C16392	gene
C16393	gene
C16402	gene
C16394	gene
C16413	gene
C16412	gene
C16403	gene
C16414	gene
C16422	gene
C09755	gene
C16400	gene
C16399	gene
C16420	gene
C16395	gene
C16398	gene
C16411	gene
C16428	gene
C16429	gene
C16430	gene
C16445	gene
C16448	gene
C16467	gene
C20753	gene
C20755	gene
C16462	gene
C11386	gene
C16469	gene
C16481	gene
C16483	gene
C16479	gene
C16480	gene
C16474	gene
C16478	gene
C16475	gene
C16490	gene
C16494	gene
C16497	gene
C16496	gene
C16500	gene
C16502	gene
C16503	gene
C16504	gene
C16508	gene
C16506	gene
C16507	gene
C21171	gene
C16517	gene
C16523	gene
C06425	gene
C20947	gene
C21005	gene
C20855	gene
C19623	gene
C16513	gene
C16525	gene
C21082	gene
C16527	gene
C16522	gene
C21083	gene
C09305	gene
C16597	gene
C16598	gene
C16600	gene
C16590	gene
C16636	gene
C06482	gene
C16638	gene
C16834	gene
C16635	gene
C07649	gene
C12673	gene
C16630	gene
C16633	gene
C11736	gene
C16634	gene
C16835	gene
C16631	gene
C16632	gene
C06837	gene
C16613	gene
C04646	gene
C16621	gene
C16615	gene
C16618	gene
C16616	gene
C16617	gene
C16619	gene
C16620	gene
C16639	gene
C07585	gene
C07446	gene
C16622	gene
C16836	gene
C11173	gene
C16542	gene
C16543	gene
C12518	gene
C16837	gene
C16577	gene
C16576	gene
C16545	gene
C16546	gene
C16544	gene
C05011	gene
C16547	gene
C16548	gene
C16549	gene
C07644	gene
C16550	gene
C07647	gene
C16551	gene
C07646	gene
C16552	gene
C16553	gene
C16555	gene
C16554	gene
C16559	gene
C16558	gene
C16557	gene
C16561	gene
C16560	gene
C16647	gene
C11004	gene
C16569	gene
C16570	gene
C16571	gene
C16572	gene
C16584	gene
C16582	gene
C16586	gene
C16587	gene
C16591	gene
C16592	gene
C16595	gene
C16596	gene
C07496	gene
C16602	gene
C16601	gene
C07493	gene
C16603	gene
C16606	gene
C16604	gene
C16605	gene
C16648	gene
C16649	gene
C16650	gene
C16651	gene
C16653	gene
C16654	gene
C16656	gene
C16655	gene
C16657	gene
C16658	gene
C16652	gene
C16659	gene
C16660	gene
C16661	gene
C16662	gene
C16607	gene
C16612	gene
C16609	gene
C16564	gene
C16568	gene
C08748	gene
C16682	gene
C15493	gene
C16691	gene
C16695	gene
C16696	gene
C10865	gene
C16702	gene
C16703	gene
C21405	gene
C21406	gene
C12173	gene
C16705	gene
C16708	gene
C16713	gene
C16709	gene
C16712	gene
C16714	gene
C06533	gene
C16718	gene
C08301	gene
C02765	gene
C16721	gene
C10740	gene
C06538	gene
C09243	gene
C16724	gene
C06522	gene
C16735	gene
C16725	gene
C16846	gene
C06528	gene
C11379	gene
C20222	gene
C20223	gene
C09987	gene
C09910	gene
C10138	gene
C16733	gene
C16734	gene
C16731	gene
C16730	gene
C16729	gene
C11338	gene
C01722	gene
C08299	gene
C02951	gene
C16849	gene
C16884	gene
C20279	gene
C17010	gene
C17017	gene
C17139	gene
C17206	gene
C17207	gene
C17212	gene
C17213	gene
C17214	gene
C17215	gene
C17216	gene
C17217	gene
C17218	gene
C17219	gene
C17220	gene
C17221	gene
C17222	gene
C17223	gene
C17224	gene
C17225	gene
C17226	gene
C17227	gene
C17228	gene
C17229	gene
C17230	gene
C17231	gene
C17232	gene
C17233	gene
C17236	gene
C20327	gene
C17239	gene
C17240	gene
C17241	gene
C17243	gene
C17244	gene
C17245	gene
C17248	gene
C17246	gene
C17249	gene
C17251	gene
C17253	gene
C17264	gene
C17265	gene
C17266	gene
C17259	gene
C17260	gene
C05144	gene
C20395	gene
C17326	gene
C17327	gene
C17331	gene
C17332	gene
C17337	gene
C17333	gene
C17335	gene
C17510	gene
C17552	gene
C17554	gene
C17559	gene
C17560	gene
C17561	gene
C17562	gene
C17541	gene
C17542	gene
C17747	gene
C17745	gene
C17748	gene
C17743	gene
C17742	gene
C10443	gene
C17749	gene
C17750	gene
C17751	gene
C08539	gene
C17752	gene
C08540	gene
C08538	gene
C08542	gene
C08552	gene
C17754	gene
C17757	gene
C17753	gene
C08544	gene
C17756	gene
C17953	gene
C17955	gene
C17954	gene
C06452	gene
C06455	gene
C20396	gene
C06454	gene
C17943	gene
C17947	gene
C17962	gene
C17952	gene
C06457	gene
C21372	gene
C17942	gene
C06734	gene
C17580	gene
C17581	gene
C20353	gene
C17583	gene
C01823	gene
C21257	gene
C21260	gene
C17701	gene
C18004	gene
C21254	gene
C21258	gene
C21176	gene
C17588	gene
C17589	gene
C01737	gene
C17585	gene
C18013	gene
C18014	gene
C20984	gene
C18016	gene
C18018	gene
C18020	gene
C18022	gene
C18064	gene
C18063	gene
C21192	gene
C18024	gene
C18030	gene
C18031	gene
C18033	gene
C18034	gene
C21395	gene
C18047	gene
C18053	gene
C18042	gene
C18055	gene
C20690	gene
C17938	gene
C20518	gene
C18061	gene
C19777	gene
C18062	gene
C18067	gene
C18068	gene
C18070	gene
C18071	gene
C18072	gene
C18073	gene
C18037	gene
C18076	gene
C18098	gene
C18129	gene
C18132	gene
C18135	gene
C18133	gene
C18136	gene
C21266	gene
C17702	gene
C20233	gene
C18153	gene
C18155	gene
C18156	gene
C21217	gene
C18161	gene
C18162	gene
C21426	gene
C18163	gene
C21407	gene
C18169	gene
C21004	gene
C21215	gene
C18215	gene
C18220	gene
C18211	gene
C19817	gene
C20711	gene
C18221	gene
C18222	gene
C18223	gene
C18224	gene
C18225	gene
C20185	gene
C20149	gene
C13273	gene
C18238	gene
C18240	gene
C18241	gene
C18242	gene
C18243	gene
C18244	gene
C18247	gene
C18249	gene
C18254	gene
C18267	gene
C18250	gene
C18252	gene
C18251	gene
C18253	gene
C18255	gene
C18265	gene
C18266	gene
C18259	gene
C18269	gene
C18257	gene
C18258	gene
C18262	gene
C18260	gene
C18273	gene
C18278	gene
C18281	gene
C18274	gene
C18293	gene
C18294	gene
C18295	gene
C21438	gene
C18298	gene
C21439	gene
C18301	gene
C18279	gene
C18283	gene
C18282	gene
C18280	gene
C18302	gene
C18303	gene
C18308	gene
C18304	gene
C18309	gene
C18310	gene
C18305	gene
C18306	gene
C18307	gene
C18312	gene
C18320	gene
C18315	gene
C18316	gene
C18317	gene
C21030	gene
C18327	gene
C18330	gene
C18336	gene
C18333	gene
C18328	gene
C18331	gene
C18334	gene
C18329	gene
C18332	gene
C10833	gene
C18348	gene
C20470	gene
C18324	gene
C20238	gene
C18357	gene
C18629	gene
C18678	gene
C18631	gene
C18632	gene
C18635	gene
C20689	gene
C18637	gene
C18638	gene
C18639	gene
C18641	gene
C18642	gene
C18682	gene
C18681	gene
C18683	gene
C18778	gene
C18685	gene
C18709	gene
C18710	gene
C18711	gene
C18824	gene
C18822	gene
C18871	gene
C18872	gene
C18902	gene
C19078	gene
C19080	gene
C19085	gene
C19082	gene
C19083	gene
C18239	gene
C19848	gene
C19156	gene
C19585	gene
C16756	gene
C19595	gene
C19586	gene
C19594	gene
C19588	gene
C19589	gene
C19591	gene
C19592	gene
C19489	gene
C19561	gene
C19604	gene
C19490	gene
C19559	gene
C19574	gene
C19566	gene
C19602	gene
C19577	gene
C19605	gene
C19606	gene
C19603	gene
C19564	gene
C19581	gene
C19567	gene
C19568	gene
C19578	gene
C19565	gene
C19582	gene
C19569	gene
C19579	gene
C19607	gene
C19562	gene
C19614	gene
C08285	gene
C19620	gene
C19622	gene
C19617	gene
C19624	gene
C19615	gene
C19618	gene
C19625	gene
C21398	gene
C18231	gene
C15850	gene
C19675	gene
C19677	gene
C19678	gene
C19683	gene
C19686	gene
C19830	gene
C19688	gene
C21110	gene
C19690	gene
C19698	gene
C19699	gene
C19701	gene
C19705	gene
C19711	gene
C09737	gene
C19715	gene
C19721	gene
C19907	gene
C20732	gene
C19745	gene
C20359	gene
C19729	gene
C21078	gene
C19727	gene
C19733	gene
C19763	gene
C19738	gene
C10193	gene
C19739	gene
C19807	gene
C19752	gene
C19757	gene
C19770	gene
C19774	gene
C19780	gene
C19783	gene
C19786	gene
C19789	gene
C19790	gene
C19793	gene
C19798	gene
C20730	gene
C20722	gene
C19806	gene
C19805	gene
C19812	gene
C19818	gene
C19827	gene
C20943	gene
C19825	gene
C19826	gene
C19831	gene
C19842	gene
C19843	gene
C19864	gene
C19855	gene
C19857	gene
C19856	gene
C19859	gene
C19865	gene
C20504	gene
C20574	gene
C19867	gene
C19868	gene
C19869	gene
C08589	gene
C19870	gene
C19876	gene
C19879	gene
C19880	gene
C19881	gene
C19887	gene
C19888	gene
C08613	gene
C19892	gene
C20968	gene
C19894	gene
C19896	gene
C20432	gene
C19910	gene
C19911	gene
C19796	gene
C19932	gene
C19934	gene
C19938	gene
C19939	gene
C19946	gene
C19948	gene
C20156	gene
C15682	gene
C18846	gene
C19961	gene
C20768	gene
C19962	gene
C19963	gene
C19964	gene
C19966	gene
C19968	gene
C19970	gene
C19972	gene
C19974	gene
C19975	gene
C20082	gene
C20083	gene
C20134	gene
C20135	gene
C20136	gene
C20137	gene
C20138	gene
C20139	gene
C20140	gene
C20146	gene
C20147	gene
C20148	gene
C20150	gene
C20151	gene
C20153	gene
C20176	gene
C20198	gene
C20199	gene
C20186	gene
C20201	gene
C20208	gene
C10454	gene
C20227	gene
C20228	gene
C20229	gene
C20234	gene
C20249	gene
C20254	gene
C20250	gene
C07635	gene
C20243	gene
C11387	gene
C20261	gene
C20262	gene
C20321	gene
C20276	gene
C20307	gene
C20309	gene
C20308	gene
C20325	gene
C20311	gene
C20312	gene
C20324	gene
C17366	gene
C05554	gene
C20351	gene
C21253	gene
C20367	gene
C20369	gene
C20370	gene
C20371	gene
C20373	gene
C20374	gene
C20377	gene
C20378	gene
C20379	gene
C18167	gene
C21191	gene
C20381	gene
C20382	gene
C20399	gene
C20397	gene
C20407	gene
C20400	gene
C20402	gene
C20403	gene
C20404	gene
C20405	gene
C20406	gene
C20409	gene
C20410	gene
C20416	gene
C20417	gene
C20419	gene
C20424	gene
C20421	gene
C20422	gene
C20427	gene
C20431	gene
C20433	gene
C20434	gene
C20435	gene
C20437	gene
C20438	gene
C20440	gene
C20446	gene
C14279	gene
C20450	gene
C20448	gene
C20443	gene
C20899	gene
C20441	gene
C20451	gene
C20751	gene
C20453	gene
C20499	gene
C10646	gene
C20455	gene
C20456	gene
C20457	gene
C20459	gene
C20460	gene
C20463	gene
C10452	gene
C20464	gene
C20468	gene
C20473	gene
C20474	gene
C20475	gene
C20481	gene
C20482	gene
C20483	gene
C20486	gene
C20492	gene
C20493	gene
C20494	gene
C20498	gene
C20445	gene
C16753	gene
C16754	gene
C20502	gene
C20510	gene
C16755	gene
C20513	gene
C20515	gene
C20517	gene
C20521	gene
C20520	gene
C20562	gene
C20564	gene
C20630	gene
C20569	gene
C20705	gene
C20526	gene
C20529	gene
C20530	gene
C20587	gene
C20535	gene
C20543	gene
C20528	gene
C20553	gene
C13782	gene
C20561	gene
C20593	gene
C20554	gene
C20555	gene
C20536	gene
C20548	gene
C20551	gene
C20594	gene
C20545	gene
C20546	gene
C20552	gene
C20595	gene
C20581	gene
C20582	gene
C20508	gene
C20507	gene
C20575	gene
C20589	gene
C20844	gene
C20603	gene
C20605	gene
C20607	gene
C17367	gene
C20609	gene
C20613	gene
C20614	gene
C20621	gene
C20622	gene
C20625	gene
C20626	gene
C20624	gene
C20636	gene
C11461	gene
C20639	gene
C20643	gene
C20799	gene
C20651	gene
C12299	gene
C20583	gene
C14155	gene
C14156	gene
C20578	gene
C20652	gene
C20661	gene
C20659	gene
C20654	gene
C20672	gene
C20670	gene
C20678	gene
C20715	gene
C18001	gene
C21259	gene
C20691	gene
C20692	gene
C20693	gene
C20694	gene
C20697	gene
C20700	gene
C20701	gene
C20596	gene
C20601	gene
C20706	gene
C20707	gene
C08898	gene
C20709	gene
C20660	gene
C20716	gene
C20718	gene
C20720	gene
C20721	gene
C06689	gene
C20723	gene
C20725	gene
C20729	gene
C20734	gene
C20738	gene
C20748	gene
C20749	gene
C20752	gene
C20754	gene
C20758	gene
C20757	gene
C20759	gene
C20762	gene
C20763	gene
C20766	gene
C20767	gene
C20774	gene
C20771	gene
C20783	gene
C20796	gene
C20798	gene
C20801	gene
C20805	gene
C20809	gene
C20810	gene
C20813	gene
C17373	gene
C20818	gene
C20819	gene
C20820	gene
C17377	gene
C17399	gene
C20815	gene
C20816	gene
C20827	gene
C16818	gene
C20836	gene
C20830	gene
C21064	gene
C20857	gene
C20848	gene
C06215	gene
C20852	gene
C20853	gene
C20854	gene
C20858	gene
C20861	gene
C20862	gene
C02476	gene
C20872	gene
C20878	gene
C20879	gene
C20789	gene
C20790	gene
C20892	gene
C20893	gene
C20895	gene
C20897	gene
C20900	gene
C20901	gene
C20903	gene
C20909	gene
C20907	gene
C15683	gene
C15684	gene
C15685	gene
C18847	gene
C18845	gene
C17351	gene
C20914	gene
C20916	gene
C20918	gene
C20919	gene
C20921	gene
C20920	gene
C20941	gene
C21087	gene
C20944	gene
C20946	gene
C20949	gene
C20950	gene
C20956	gene
C17694	gene
C17692	gene
C20958	gene
C12379	gene
C20974	gene
C20975	gene
C20976	gene
C20977	gene
C20980	gene
C20982	gene
C21413	gene
C20990	gene
C20992	gene
C20999	gene
C21023	gene
C21165	gene
C21024	gene
C21025	gene
C21031	gene
C21068	gene
C21069	gene
C21070	gene
C21074	gene
C21081	gene
C21085	gene
C21086	gene
C21090	gene
C03264	gene
C17693	gene
C21098	gene
C21309	gene
C21327	gene
C21002	gene
C21003	gene
C21100	gene
C21102	gene
C21106	gene
C12491	gene
C21125	gene
C21131	gene
C21126	gene
C21127	gene
C21128	gene
C21132	gene
C21134	gene
C21133	gene
C21135	gene
C21136	gene
C21139	gene
C21142	gene
C21330	gene
C21331	gene
C21140	gene
C21143	gene
C21146	gene
C21148	gene
C21149	gene
C21150	gene
C21152	gene
C21154	gene
C21155	gene
C21156	gene
C21163	gene
C21164	gene
C21166	gene
C21167	gene
C21172	gene
C21175	gene
C21179	gene
C10557	gene
C21184	gene
C21185	gene
C21181	gene
C21182	gene
C21187	gene
C21194	gene
C21213	gene
C17696	gene
C17697	gene
C21205	gene
C21218	gene
C21415	gene
C21210	gene
C21219	gene
C21211	gene
C12112	gene
C21293	gene
C21204	gene
C21206	gene
C21207	gene
C21248	gene
C17695	gene
C21249	gene
C21256	gene
C21262	gene
C21263	gene
C21264	gene
C00832	gene
C21265	gene
C17703	gene
C21267	gene
C21268	gene
C21269	gene
C17705	gene
C02033	gene
C21270	gene
C21285	gene
C21286	gene
C21291	gene
C21389	gene
C21294	gene
C21295	gene
C21297	gene
C21304	gene
C21305	gene
C21306	gene
C21307	gene
C11448	gene
C21311	gene
C21313	gene
C21321	gene
C21322	gene
C21323	gene
C21326	gene
C21328	gene
C21333	gene
C21334	gene
C21366	gene
C21368	gene
C21369	gene
C21371	gene
C21374	gene
C21344	gene
C21345	gene
C21346	gene
C21338	gene
C21339	gene
C21340	gene
C21341	gene
C21342	gene
C21376	gene
C21378	gene
C21381	gene
C21315	gene
C21316	gene
C21317	gene
C21318	gene
C21319	gene
C21358	gene
C21384	gene
C21388	gene
C21386	gene
C21390	gene
C21391	gene
C21396	gene
C21397	gene
C21400	gene
C21363	gene
C21351	gene
C21352	gene
C21353	gene
C21354	gene
C21355	gene
C21402	gene
C11033	gene
C21409	gene
C21410	gene
C21412	gene
C21418	gene
C21427	gene
C21431	gene
C21428	gene
C21432	gene
C21429	gene
C21433	gene
C21434	gene
C21435	gene
C21470	gene
C00002	gene
C00022	gene
C00031	gene
C00044	gene
C00048	gene
C00068	gene
C00125	gene
C00134	gene
C00025	gene
C00140	gene
C00003	gene
C00197	gene
C00061	gene
C00088	gene
C00261	gene
C00320	gene
C00376	gene
C00430	gene
C00479	gene
C00642	gene
C00755	gene
C00757	gene
C01020	gene
C01089	gene
C01334	gene
C01839	gene
C00294	gene
C01910	gene
C01525	gene
C00090	gene
C01255	gene
C00495	gene
C00486	gene
C00072	gene
C03680	gene
C05791	gene
C00427	gene
C01987	gene
C00019	gene
C00010	gene
C00541	gene
C00327	gene
C11038	gene
C00161	gene
C00390	gene
C00015	gene
C00018	gene
C00032	gene
C00201	gene
C00042	gene
C03021	gene
C00047	gene
C00053	gene
C00055	gene
C00951	gene
C05299	gene
C05302	gene
C00613	gene
C01764	gene
C04155	gene
C04156	gene
C01977	gene
C04159	gene
C04728	gene
C01450	gene
C00069	gene
C00448	gene
C00085	gene
C00615	gene
C00093	gene
C00101	gene
C00110	gene
C00120	gene
C00123	gene
C00736	gene
C00135	gene
C20675	gene
C00137	gene
C00141	gene
C00145	gene
C03097	gene
C00850	gene
C01335	gene
C00173	gene
C00638	gene
C02743	gene
C00178	gene
C00181	gene
C00187	gene
C00193	gene
C00194	gene
C00202	gene
C04507	gene
C00216	gene
C00245	gene
C00012	gene
C00248	gene
C15972	gene
C00259	gene
C00268	gene
C02076	gene
C00295	gene
C00296	gene
C01822	gene
C00825	gene
C00312	gene
C02636	gene
C00318	gene
C00322	gene
C00333	gene
C00339	gene
C06069	gene
C00342	gene
C00347	gene
C00349	gene
C00363	gene
C00366	gene
C00370	gene
C00371	gene
C17141	gene
C00389	gene
C00396	gene
C05805	gene
C00400	gene
C00401	gene
C00407	gene
C00410	gene
C00413	gene
C00414	gene
C00419	gene
C00431	gene
C00451	gene
C00472	gene
C00477	gene
C00481	gene
C00489	gene
C00493	gene
C01448	gene
C00502	gene
C00503	gene
C00507	gene
C00509	gene
C00518	gene
C00522	gene
C00523	gene
C00525	gene
C00545	gene
C00547	gene
C00552	gene
C00553	gene
C00557	gene
C00511	gene
C00585	gene
C00586	gene
C05680	gene
C00590	gene
C00591	gene
C00596	gene
C00602	gene
C00614	gene
C00619	gene
C00625	gene
C06440	gene
C00650	gene
C00651	gene
C00653	gene
C00666	gene
C00672	gene
C00675	gene
C00685	gene
C06018	gene
C00688	gene
C00694	gene
C00695	gene
C00697	gene
C00706	gene
C00708	gene
C00712	gene
C00715	gene
C00717	gene
C00722	gene
C00729	gene
C00735	gene
C00738	gene
C00744	gene
C01056	gene
C00747	gene
C00748	gene
C00756	gene
C00758	gene
C00764	gene
C00766	gene
C00774	gene
C00778	gene
C00779	gene
C00786	gene
C00787	gene
C00789	gene
C00797	gene
C00814	gene
C00676	gene
C00801	gene
C00803	gene
C00806	gene
C00808	gene
C00809	gene
C00812	gene
C00815	gene
C00821	gene
C00828	gene
C00829	gene
C00830	gene
C00831	gene
C00835	gene
C00839	gene
C00841	gene
C00846	gene
C00848	gene
C00856	gene
C00858	gene
C00859	gene
C00862	gene
C00863	gene
C00868	gene
C00869	gene
C00891	gene
C00902	gene
C00908	gene
C00911	gene
C00918	gene
C00922	gene
C00927	gene
C02474	gene
C00961	gene
C00972	gene
C00982	gene
C01003	gene
C01012	gene
C01019	gene
C01037	gene
C01048	gene
C01050	gene
C01066	gene
C01069	gene
C01078	gene
C01079	gene
C01090	gene
C01091	gene
C01111	gene
C01124	gene
C01495	gene
C04069	gene
C01139	gene
C01141	gene
C01147	gene
C01149	gene
C02189	gene
C01192	gene
C01204	gene
C01207	gene
C01211	gene
C03366	gene
C01217	gene
C01220	gene
C01221	gene
C01226	gene
C01229	gene
C01239	gene
C01240	gene
C01243	gene
C04317	gene
C01256	gene
C01263	gene
C01264	gene
C01265	gene
C01268	gene
C01281	gene
C01282	gene
C01132	gene
C01291	gene
C01295	gene
C01298	gene
C01301	gene
C01302	gene
C02059	gene
C02785	gene
C01306	gene
C01308	gene
C01310	gene
C01311	gene
C01336	gene
C01343	gene
C01344	gene
C01401	gene
C01417	gene
C01418	gene
C01421	gene
C01997	gene
C01433	gene
C01451	gene
C01456	gene
C01460	gene
C01470	gene
C01471	gene
C01474	gene
C01485	gene
C01487	gene
C01488	gene
C01504	gene
C01506	gene
C01510	gene
C01526	gene
C01527	gene
C01528	gene
C01540	gene
C01550	gene
C03649	gene
C01561	gene
C01564	gene
C01573	gene
C01575	gene
C01582	gene
C01585	gene
C01589	gene
C01590	gene
C01592	gene
C01593	gene
C01606	gene
C01607	gene
C01610	gene
C01618	gene
C01625	gene
C01628	gene
C01636	gene
C01637	gene
C01639	gene
C01640	gene
C01642	gene
C01643	gene
C01644	gene
C01645	gene
C01646	gene
C01647	gene
C01648	gene
C01649	gene
C01650	gene
C01651	gene
C01652	gene
C01653	gene
C01677	gene
C01680	gene
C01693	gene
C01694	gene
C01698	gene
C01699	gene
C01702	gene
C01711	gene
C01720	gene
C01732	gene
C01756	gene
C01757	gene
C01761	gene
C01770	gene
C01779	gene
C01792	gene
C01804	gene
C01816	gene
C01821	gene
C01826	gene
C01848	gene
C01851	gene
C01853	gene
C01863	gene
C01868	gene
C01874	gene
C01875	gene
C01876	gene
C01881	gene
C15534	gene
C01892	gene
C08794	gene
C01906	gene
C01918	gene
C01925	gene
C01934	gene
C01943	gene
C01946	gene
C01949	gene
C01951	gene
C01969	gene
C01972	gene
C01449	gene
C01983	gene
C02003	gene
C02006	gene
C02010	gene
C02027	gene
C02028	gene
C02034	gene
C02037	gene
C02061	gene
C03309	gene
C02099	gene
C01810	gene
C02103	gene
C02105	gene
C02128	gene
C02134	gene
C02139	gene
C02146	gene
C02151	gene
C02172	gene
C02179	gene
C02200	gene
C02206	gene
C02214	gene
C02216	gene
C02217	gene
C02226	gene
C02231	gene
C02245	gene
C02283	gene
C02297	gene
C02303	gene
C02315	gene
C02347	gene
C02348	gene
C02354	gene
C02366	gene
C02379	gene
C02385	gene
C02419	gene
C02446	gene
C02453	gene
C02470	gene
C02471	gene
C02495	gene
C02497	gene
C02499	gene
C02509	gene
C02528	gene
C03254	gene
C02575	gene
C01664	gene
C02587	gene
C02592	gene
C02038	gene
C02601	gene
C01746	gene
C02625	gene
C02632	gene
C02086	gene
C02646	gene
C02660	gene
C02671	gene
C02679	gene
C02705	gene
C02706	gene
C02707	gene
C02709	gene
C03682	gene
C02730	gene
C02732	gene
C02735	gene
C02740	gene
C02759	gene
C02773	gene
C02778	gene
C02782	gene
C02791	gene
C02945	gene
C02801	gene
C02804	gene
C02805	gene
C02807	gene
C02811	gene
C02816	gene
C02825	gene
C02835	gene
C02858	gene
C02860	gene
C02871	gene
C02890	gene
C02894	gene
C02899	gene
C02900	gene
C02905	gene
C02916	gene
C02929	gene
C02932	gene
C02943	gene
C02944	gene
C02952	gene
C05551	gene
C02975	gene
C02980	gene
C01641	gene
C02713	gene
C03001	gene
C02126	gene
C03012	gene
C03018	gene
C03019	gene
C03023	gene
C03049	gene
C03056	gene
C03063	gene
C03066	gene
C03070	gene
C03081	gene
C03105	gene
C03164	gene
C03173	gene
C03178	gene
C03201	gene
C03207	gene
C03215	gene
C03268	gene
C03284	gene
C03306	gene
C03318	gene
C03343	gene
C02498	gene
C02621	gene
C03356	gene
C03401	gene
C03404	gene
C01121	gene
C03474	gene
C03493	gene
C03505	gene
C03523	gene
C03577	gene
C02375	gene
C03598	gene
C03607	gene
C03617	gene
C03619	gene
C03621	gene
C03632	gene
C03633	gene
C03638	gene
C03674	gene
C03706	gene
C03723	gene
C03767	gene
C03129	gene
C03788	gene
C04250	gene
C03802	gene
C03803	gene
C03804	gene
C03823	gene
C03840	gene
C03852	gene
C04537	gene
C03866	gene
C03900	gene
C03901	gene
C03904	gene
C03918	gene
C03922	gene
C03925	gene
C03927	gene
C03963	gene
C03985	gene
C03998	gene
C03999	gene
C04000	gene
C04010	gene
C04051	gene
C04053	gene
C04419	gene
C04067	gene
C04071	gene
C04073	gene
C05535	gene
C04084	gene
C04099	gene
C04106	gene
C04109	gene
C04125	gene
C04128	gene
C04144	gene
C01760	gene
C04180	gene
C04207	gene
C00737	gene
C04525	gene
C04246	gene
C04247	gene
C04259	gene
C04679	gene
C04346	gene
C04298	gene
C04300	gene
C04848	gene
C02201	gene
C04384	gene
C04426	gene
C01289	gene
C04453	gene
C04466	gene
C04502	gene
C04506	gene
C04516	gene
C04530	gene
C04552	gene
C04554	gene
C04558	gene
C04680	gene
C04577	gene
C05898	gene
C04596	gene
C04599	gene
C04620	gene
C04621	gene
C04628	gene
C11903	gene
C04632	gene
C04633	gene
C04654	gene
C04656	gene
C04671	gene
C04683	gene
C04685	gene
C04750	gene
C04706	gene
C04715	gene
C04720	gene
C04724	gene
C04791	gene
C04793	gene
C04798	gene
C04800	gene
C04825	gene
C04834	gene
C04843	gene
C04861	gene
C04875	gene
C04885	gene
C04905	gene
C04906	gene
C04909	gene
C04914	gene
C04922	gene
C04919	gene
C04880	gene
C04944	gene
C05156	gene
C05176	gene
C05178	gene
C05189	gene
C05193	gene
C05200	gene
C05201	gene
C05203	gene
C05204	gene
C05205	gene
C05206	gene
C05207	gene
C05209	gene
C05217	gene
C01890	gene
C05229	gene
C05232	gene
C05239	gene
C05250	gene
C05258	gene
C05260	gene
C05264	gene
C05266	gene
C05268	gene
C05279	gene
C05394	gene
C05416	gene
C05444	gene
C05450	gene
C05451	gene
C05453	gene
C05458	gene
C05477	gene
C05570	gene
C16673	gene
C05576	gene
C05581	gene
C05583	gene
C05638	gene
C05654	gene
C05726	gene
C05771	gene
C05773	gene
C05800	gene
C05807	gene
C05838	gene
C05847	gene
C05893	gene
C05902	gene
C05905	gene
C05908	gene
C05954	gene
C06026	gene
C06036	gene
C06094	gene
C06130	gene
C06171	gene
C06180	gene
C06246	gene
C06249	gene
C06319	gene
C06323	gene
C06413	gene
C06328	gene
C06331	gene
C06333	gene
C06338	gene
C06346	gene
C06367	gene
C06381	gene
C06388	gene
C06390	gene
C06395	gene
C06397	gene
C06399	gene
C06403	gene
C06406	gene
C06409	gene
C06414	gene
C06508	gene
C06576	gene
C06611	gene
C06612	gene
C06579	gene
C06585	gene
C06599	gene
C06639	gene
C06650	gene
C06588	gene
C06678	gene
C06335	gene
C06757	gene
C06752	gene
C01454	gene
C06566	gene
C06714	gene
C06717	gene
C06721	gene
C06725	gene
C06727	gene
C04670	gene
C06738	gene
C07281	gene
C00865	gene
C06647	gene
C07209	gene
C07213	gene
C06711	gene
C07113	gene
C07084	gene
C06597	gene
C07479	gene
C07102	gene
C07093	gene
C07717	gene
C03569	gene
C07724	gene
C07733	gene
C08060	gene
C07727	gene
C07208	gene
C07098	gene
C06670	gene
C06626	gene
C06789	gene
C01912	gene
C06630	gene
C06988	gene
C01353	gene
C09819	gene
C01638	gene
C06749	gene
C09812	gene
C09817	gene
C05815	gene
C01389	gene
C09822	gene
C11434	gene
C05108	gene
C11422	gene
C11428	gene
C06892	gene
C07287	gene
C06485	gene
C00770	gene
C07328	gene
C07277	gene
C06526	gene
C11505	gene
C07347	gene
C07294	gene
C02079	gene
C08491	gene
C11522	gene
C07271	gene
C11539	gene
C11542	gene
C02780	gene
C09239	gene
C02793	gene
C09024	gene
C09244	gene
C09107	gene
C07201	gene
C06542	gene
C09330	gene
C09421	gene
C09390	gene
C09248	gene
C09328	gene
C09769	gene
C02970	gene
C04276	gene
C11383	gene
C06093	gene
C06086	gene
C11878	gene
C11879	gene
C11880	gene
C11881	gene
C11700	gene
C11890	gene
C11891	gene
C11892	gene
C07394	gene
C11854	gene
C11856	gene
C06087	gene
C11396	gene
C11411	gene
C11397	gene
C11410	gene
C11399	gene
C11413	gene
C11400	gene
C09884	gene
C11942	gene
C09893	gene
C11908	gene
C11915	gene
C12001	gene
C12002	gene
C06428	gene
C10419	gene
C12106	gene
C12108	gene
C12176	gene
C12026	gene
C12396	gene
C12404	gene
C12410	gene
C12408	gene
C12413	gene
C12395	gene
C12390	gene
C12415	gene
C12420	gene
C01907	gene
C12434	gene
C06691	gene
C12366	gene
C06801	gene
C12382	gene
C06177	gene
C10858	gene
C05073	gene
C12474	gene
C05080	gene
C12032	gene
C12477	gene
C10126	gene
C11620	gene
C12831	gene
C03572	gene
C13620	gene
C10700	gene
C13637	gene
C14098	gene
C14082	gene
C08606	gene
C06082	gene
C14147	gene
C14177	gene
C06231	gene
C14602	gene
C02617	gene
C14040	gene
C06314	gene
C06315	gene
C04805	gene
C14808	gene
C14810	gene
C14762	gene
C07354	gene
C11036	gene
C14843	gene
C07535	gene
C14556	gene
C14039	gene
C06899	gene
C11088	gene
C15037	gene
C15485	gene
C02143	gene
C02117	gene
C10422	gene
C01701	gene
C15512	gene
C04154	gene
C01967	gene
C02477	gene
C15528	gene
C10469	gene
C15537	gene
C04942	gene
C15545	gene
C02896	gene
C05324	gene
C11301	gene
C15564	gene
C15568	gene
C00897	gene
C15571	gene
C15573	gene
C15575	gene
C15577	gene
C04007	gene
C10101	gene
C00113	gene
C08276	gene
C00799	gene
C06341	gene
C15615	gene
C07756	gene
C15670	gene
C11130	gene
C01789	gene
C15789	gene
C15798	gene
C15802	gene
C15810	gene
C15811	gene
C08821	gene
C15874	gene
C15886	gene
C08580	gene
C09707	gene
C15988	gene
C15996	gene
C16014	gene
C16139	gene
C16144	gene
C16153	gene
C16193	gene
C16194	gene
C14315	gene
C16212	gene
C14314	gene
C16234	gene
C10516	gene
C10502	gene
C14419	gene
C16258	gene
C16260	gene
C16267	gene
C16270	gene
C16281	gene
C16309	gene
C16290	gene
C16317	gene
C16294	gene
C08641	gene
C16168	gene
C16172	gene
C09827	gene
C16391	gene
C09806	gene
C16396	gene
C16397	gene
C16441	gene
C11384	gene
C16468	gene
C02359	gene
C11272	gene
C16473	gene
C02364	gene
C02371	gene
C16472	gene
C16488	gene
C16493	gene
C16498	gene
C08362	gene
C16516	gene
C06429	gene
C03242	gene
C08281	gene
C08320	gene
C16526	gene
C08316	gene
C08323	gene
C16588	gene
C16589	gene
C12650	gene
C12739	gene
C04242	gene
C02380	gene
C07648	gene
C08353	gene
C07054	gene
C07447	gene
C16641	gene
C07108	gene
C16533	gene
C07643	gene
C07073	gene
C07501	gene
C06868	gene
C07495	gene
C07492	gene
C16593	gene
C07185	gene
C07163	gene
C08012	gene
C16610	gene
C02262	gene
C16681	gene
C03889	gene
C10385	gene
C10173	gene
C06185	gene
C10763	gene
C07475	gene
C08532	gene
C12162	gene
C08526	gene
C16706	gene
C11250	gene
C07592	gene
C03514	gene
C08300	gene
C10722	gene
C10632	gene
C10738	gene
C10660	gene
C07576	gene
C16723	gene
C01897	gene
C16726	gene
C06527	gene
C16727	gene
C17621	gene
C10822	gene
C10826	gene
C06543	gene
C06523	gene
C16732	gene
C01719	gene
C02162	gene
C02022	gene
C16138	gene
C11931	gene
C17211	gene
C08426	gene
C08412	gene
C08409	gene
C17261	gene
C01768	gene
C17509	gene
C05895	gene
C17549	gene
C09581	gene
C10462	gene
C08537	gene
C04804	gene
C06740	gene
C06456	gene
C17949	gene
C04650	gene
C17948	gene
C06733	gene
C02627	gene
C01743	gene
C01759	gene
C15652	gene
C18007	gene
C17586	gene
C18012	gene
C18015	gene
C18017	gene
C18019	gene
C18029	gene
C18046	gene
C13713	gene
C03136	gene
C18066	gene
C18036	gene
C09190	gene
C16463	gene
C09060	gene
C10793	gene
C17412	gene
C18134	gene
C01917	gene
C18160	gene
C06866	gene
C14298	gene
C14220	gene
C18217	gene
C12077	gene
C09118	gene
C18236	gene
C14335	gene
C14519	gene
C18263	gene
C18264	gene
C18261	gene
C18271	gene
C06624	gene
C18297	gene
C06571	gene
C18300	gene
C18277	gene
C18285	gene
C14401	gene
C11006	gene
C18338	gene
C18354	gene
C18355	gene
C18684	gene
C12388	gene
C12389	gene
C02845	gene
C18823	gene
C18472	gene
C02535	gene
C02211	gene
C05924	gene
C19153	gene
C06800	gene
C19590	gene
C19488	gene
C16453	gene
C19621	gene
C00720	gene
C10023	gene
C08247	gene
C19676	gene
C19682	gene
C19689	gene
C19704	gene
C09627	gene
C09382	gene
C19702	gene
C19709	gene
C19722	gene
C19735	gene
C19737	gene
C08492	gene
C19769	gene
C19773	gene
C19778	gene
C19782	gene
C19785	gene
C19788	gene
C00176	gene
C19803	gene
C19241	gene
C19814	gene
C19824	gene
C19844	gene
C19800	gene
C19854	gene
C19858	gene
C08983	gene
C20503	gene
C08588	gene
C17513	gene
C19885	gene
C08607	gene
C19895	gene
C19909	gene
C19931	gene
C19933	gene
C19947	gene
C15681	gene
C19967	gene
C19969	gene
C20119	gene
C12177	gene
C12045	gene
C14909	gene
C20152	gene
C10453	gene
C20226	gene
C19891	gene
C20260	gene
C20320	gene
C20368	gene
C09131	gene
C10682	gene
C14531	gene
C20380	gene
C20398	gene
C10784	gene
C20408	gene
C20418	gene
C20420	gene
C20430	gene
C20436	gene
C11101	gene
C20452	gene
C05366	gene
C20454	gene
C09023	gene
C20458	gene
C08612	gene
C16930	gene
C10428	gene
C20472	gene
C20500	gene
C20501	gene
C20512	gene
C20514	gene
C20516	gene
C20519	gene
C20559	gene
C20045	gene
C20566	gene
C20568	gene
C20525	gene
C20527	gene
C20534	gene
C20531	gene
C20542	gene
C20532	gene
C20550	gene
C20586	gene
C20444	gene
C20602	gene
C20604	gene
C06669	gene
C20608	gene
C20623	gene
C11460	gene
C07044	gene
C11848	gene
C08057	gene
C14153	gene
C14154	gene
C20647	gene
C20649	gene
C20669	gene
C03359	gene
C00397	gene
C20688	gene
C20717	gene
C20719	gene
C20713	gene
C04114	gene
C20756	gene
C12016	gene
C20761	gene
C20765	gene
C20770	gene
C20797	gene
C06809	gene
C20803	gene
C09092	gene
C20808	gene
C11449	gene
C17374	gene
C20817	gene
C06664	gene
C11755	gene
C20835	gene
C20829	gene
C20841	gene
C01725	gene
C20851	gene
C20856	gene
C20825	gene
C02338	gene
C20871	gene
C20891	gene
C20449	gene
C20902	gene
C04255	gene
C15680	gene
C17352	gene
C20913	gene
C20915	gene
C20940	gene
C17691	gene
C20957	gene
C20959	gene
C12381	gene
C20981	gene
C20998	gene
C21007	gene
C21000	gene
C16164	gene
C21089	gene
C21096	gene
C21001	gene
C05198	gene
C08813	gene
C21109	gene
C18092	gene
C21138	gene
C21141	gene
C06688	gene
C21145	gene
C21147	gene
C20125	gene
C11129	gene
C06802	gene
C02496	gene
C21161	gene
C21162	gene
C14582	gene
C21177	gene
C10556	gene
C21183	gene
C10552	gene
C21193	gene
C04678	gene
C11242	gene
C21209	gene
C21216	gene
C17700	gene
C17698	gene
C21247	gene
C17699	gene
C17584	gene
C21255	gene
C18002	gene
C17712	gene
C18003	gene
C21288	gene
C21290	gene
C01748	gene
C11468	gene
C21320	gene
C21325	gene
C21367	gene
C21373	gene
C21343	gene
C21337	gene
C11469	gene
C21375	gene
C21377	gene
C21379	gene
C21380	gene
C20934	gene
C21387	gene
C16739	gene
C00284	gene
C02045	gene
C21399	gene
C11447	gene
C21362	gene
C21401	gene
C01705	gene
C21408	gene
C21411	gene
C21417	gene
C11243	gene
C21469	gene
C02261	gene
C18319	gene
C00569	gene
C00288	gene
C18706	gene
C00237	gene
C00011	gene
C19636	gene
C00721	gene
C01835	gene
C01935	gene
C01936	gene
C02052	gene
C00039	gene
C00046	gene
C01355	gene
C00282	gene
C00027	gene
C01684	gene
C06417	gene
C19610	gene
C01074	gene
C00014	gene
C00244	gene
C00533	gene
C01601	gene
C02455	gene
C00403	gene
C00317	gene
C00480	gene
C00718	gene
C00087	gene
C01041	gene
C03547	gene
C00936	gene
C05529	gene
C01551	gene
C00076	gene
C00698	gene
C00305	gene
C01712	gene
C00238	gene
C01330	gene
C15441	gene
C00070	gene
C08261	gene
C07599	gene
C00597	gene
C03017	gene
C16537	gene
C07588	gene
C11251	gene
C14641	gene
C11378	gene
C06264	gene
C06262	gene
C17061	gene
C00007	gene
C00009	gene
C07534	gene
C00840	gene
C08322	gene
C02862	gene
C06340	gene
C05776	gene
C01324	gene
C08367	gene
C13691	gene
C00306	gene
C13809	gene
C13881	gene
C19440	gene
C13690	gene
C00338	gene
C00174	gene
C06948	gene
C14819	gene
C00038	gene
C09315	gene
C16434	gene
C12078	gene
C19543	gene
