drug	disease	label
C16H19ClN2O2	Vibrio_harveyi	1
C25H20O9	Staphylococcus_aureus	1
C6H10OS2	Streptococcus_mutans	1
C20H32O3	Pseudomonas_aeruginosa	1
C20H32O3	Vibrio_harveyi	1
C20H32O3	Staphylococcus_aureus	1
C20H34O2	Pseudomonas_aeruginosa	1
C20H34O2	Vibrio_harveyi	1
C20H32O2	Pseudomonas_aeruginosa	1
C8H8OS	Actinomyces_oris	1
C8H8OS	Streptococcus_sanguis	1
C6H10OS2	Actinomyces_oris	1
C6H10OS2	Streptococcus_sanguis	1
C2H4OS	Streptococcus_mutans	1
C2H4OS	Streptococcus_sanguis	1
C16H12ClN3O2	Streptococcus_mutans	1
C16H18OS2	Actinomyces_oris	1
C16H18OS2	Streptococcus_mutans	1
C20H14O3	Enterococcus_faecalis_(Streptococcus_faecalis)	1
C20H14O3	Pseudomonas_aeruginosa	1
C20H14O3	Staphylococcus_aureus	1
C20H14O3	Staphylococcus_epidermidis	1
C20H14O3	Streptococcus_mutans	1
C19H12ClNO3	Enterococcus_faecalis_(Streptococcus_faecalis)	1
C19H12ClNO3	Pseudomonas_aeruginosa	1
C19H12ClNO3	Staphylococcus_aureus	1
C19H12ClNO3	Staphylococcus_epidermidis	1
C19H12ClNO3	Streptococcus_mutans	1
C20H13NO6	Enterococcus_faecalis_(Streptococcus_faecalis)	1
C20H13NO6	Pseudomonas_aeruginosa	1
C20H13NO6	Staphylococcus_aureus	1
C20H13NO6	Staphylococcus_epidermidis	1
C20H13NO6	Streptococcus_mutans	1
C22H20ClNO5	Enterococcus_faecalis_(Streptococcus_faecalis)	1
C22H20ClNO5	Pseudomonas_aeruginosa	1
C22H20ClNO5	Staphylococcus_aureus	1
C22H20ClNO5	Staphylococcus_epidermidis	1
C22H20ClNO5	Streptococcus_mutans	1
C21H18ClNO4	Enterococcus_faecalis_(Streptococcus_faecalis)	1
C21H18ClNO4	Pseudomonas_aeruginosa	1
C21H18ClNO4	Staphylococcus_aureus	1
C21H18ClNO4	Staphylococcus_epidermidis	1
C21H18ClNO4	Streptococcus_mutans	1
C22H20O4	Enterococcus_faecalis_(Streptococcus_faecalis)	1
C22H20O4	Pseudomonas_aeruginosa	1
C22H20O4	Staphylococcus_aureus	1
C22H20O4	Staphylococcus_epidermidis	1
C22H20O4	Streptococcus_mutans	1
C21H18O3	Enterococcus_faecalis_(Streptococcus_faecalis)	1
C21H18O3	Pseudomonas_aeruginosa	1
C21H18O3	Staphylococcus_aureus	1
C21H18O3	Staphylococcus_epidermidis	1
C21H18O3	Streptococcus_mutans	1
C24H22F3NO3	Enterococcus_faecalis_(Streptococcus_faecalis)	1
C24H22F3NO3	Pseudomonas_aeruginosa	1
C24H22F3NO3	Staphylococcus_aureus	1
C24H22F3NO3	Staphylococcus_epidermidis	1
C24H22F3NO3	Streptococcus_mutans	1
C20H16O2	Enterococcus_faecalis_(Streptococcus_faecalis)	1
C20H16O2	Pseudomonas_aeruginosa	1
C20H16O2	Staphylococcus_aureus	1
C20H16O2	Staphylococcus_epidermidis	1
C20H16O2	Streptococcus_mutans	1
C21H17ClO3S	Enterococcus_faecalis_(Streptococcus_faecalis)	1
C21H17ClO3S	Pseudomonas_aeruginosa	1
C21H17ClO3S	Staphylococcus_aureus	1
C21H17ClO3S	Staphylococcus_epidermidis	1
C21H17ClO3S	Streptococcus_mutans	1
C22H16N2O	Enterococcus_faecalis_(Streptococcus_faecalis)	1
C22H16N2O	Pseudomonas_aeruginosa	1
C22H16N2O	Staphylococcus_aureus	1
C22H16N2O	Staphylococcus_epidermidis	1
C22H16N2O	Streptococcus_mutans	1
C26H22N2O3	Enterococcus_faecalis_(Streptococcus_faecalis)	1
C26H22N2O3	Pseudomonas_aeruginosa	1
C26H22N2O3	Staphylococcus_aureus	1
C26H22N2O3	Staphylococcus_epidermidis	1
C26H22N2O3	Streptococcus_mutans	1
C18H18N4O3	Candida_albicans	1
C19H19N3O3	Candida_albicans	1
C16H14O3	Haemophilus_influenzae	1
C20H30O3	Staphylococcus_aureus	1
C20H30O3	Streptococcus_mutans	1
C17H17BrN2O5	Enterococcus_faecalis_(Streptococcus_faecalis)	1
C17H17BrN2O5	Pseudomonas_aeruginosa	1
C17H17BrN2O5	Staphylococcus_aureus	1
C17H17BrN2O5	Staphylococcus_epidermidis	1
C17H17BrN2O5	Streptococcus_mutans	1
C16H11N3O3S	Candida_albicans	1
C15H17N3O	Candida_albicans	1
C20H20N2O	Candida_albicans	1
C14H13N3O4	Candida_albicans	1
C12H15NO2	Staphylococcus_aureus	1
C12H15NO2	Staphylococcus_epidermis	1
C11H15NO3S	Actinomyces_oris	1
C11H15NO3S	Streptococcus_mutans	1
C9H11NO3S	Actinomyces_oris	1
C9H11NO3S	Streptococcus_mutans	1
C9H11NO3S	Streptococcus_sanguis	1
C7H9NO3S2	Actinomyces_oris	1
C7H9NO3S2	Streptococcus_mutans	1
C7H9NO3S2	Streptococcus_sanguis	1
C10H12ClNO3S	Actinomyces_oris	1
C10H12ClNO3S	Streptococcus_mutans	1
C10H12ClNO3S	Streptococcus_sanguis	1
C11H15NO3S	Streptococcus_sanguis	1
C10H13NO3S	Actinomyces_oris	1
C10H13NO2	Staphylococcus_epidermis	1
C6H13N5O4	Staphylococcus_aureus	1
C6H13N5O4	Staphylococcus_epidermis	1
C8H16N2O3	Staphylococcus_aureus	1
C8H16N2O3	Staphylococcus_epidermis	1
C10H11NO2	Staphylococcus_aureus	1
C10H11NO2	Staphylococcus_epidermis	1
C6H8N2O2S	Staphylococcus_aureus	1
C6H8N2O2S	Staphylococcus_epidermis	1
C13H19NO2	Staphylococcus_epidermis	1
C7H15NO2S	Staphylococcus_aureus	1
C7H15NO2S	Staphylococcus_epidermis	1
C5H8BrNO2	Staphylococcus_aureus	1
C5H8BrNO2	Staphylococcus_epidermis	1
C23H28N2O10	Pseudomonas_aeruginosa	1
C22H24F3NO10	Pseudomonas_aeruginosa	1
C21H24BrNO10	Pseudomonas_aeruginosa	1
C21H24ClNO10	Pseudomonas_aeruginosa	1
C21H24FNO10	Pseudomonas_aeruginosa	1
C22H27NO11	Pseudomonas_aeruginosa	1
C19H27NO11	Pseudomonas_aeruginosa	1
C21H31NO11	Pseudomonas_aeruginosa	1
C17H25NO10	Pseudomonas_aeruginosa	1
C23H37NO10	Pseudomonas_aeruginosa	1
C25H41NO10	Pseudomonas_aeruginosa	1
C21H33NO10	Pseudomonas_aeruginosa	1
C16H20F3NO2	Staphylococcus_aureus	1
C10H11NO3	Staphylococcus_epidermis	1
C13H21NO2S	Candida_albicans	1
C15H25NO2S	Candida_albicans	1
C9H13NO2S	Candida_albicans	1
C11H17NO2S	Candida_albicans	1
C14H23NO2S	Candida_albicans	1
C14H11NO5	Candida_albicans	1
C31H44O12	Pseudomonas_aeruginosa	1
C19H14Cl2F3NO2	Staphylococcus_aureus	1
C16H19Cl2NO2	Staphylococcus_aureus	1
C17H21Cl2NO3	Staphylococcus_aureus	1
C17H18Cl2F3NO2	Staphylococcus_aureus	1
C20H24Cl2F3NO2	Staphylococcus_aureus	1
C15H10Cl2F3NO2	Staphylococcus_aureus	1
C14H12Cl2F3NO2	Staphylococcus_aureus	1
C16H18F3NO2	Staphylococcus_aureus	1
C15H16F3NO2	Staphylococcus_aureus	1
C9H10Br2O2	Escherichia_coli	1
C18H24N4O4S2	Acinetobacter_baumannii	1
C18H24N4O4S2	Pseudomonas_aeruginosa	1
C10H18O	Vibrio_cholerae	1
C10H18O	Vibrio_harveyi	1
C15H12O	Haemophilus_influenzae	1
C14H12O3	Candida_albicans	1
C3H8N2O2	Staphylococcus_aureus	1
C3H8N2O2	Staphylococcus_epidermis	1
C15H15NO2	Staphylococcus_epidermis	1
C9H17NO2	Staphylococcus_aureus	1
C9H17NO2	Staphylococcus_epidermis	1
C8H15NO2	Staphylococcus_aureus	1
C8H15NO2	Staphylococcus_epidermis	1
C34H47N13O4	Escherichia_coli	1
C51H69N19O6	Escherichia_coli	1
C72H95N25O12	Escherichia_coli	1
C68H91N25O8	Escherichia_coli	1
C9H5BrO2	Staphylococcus_epidermidis	1
C5H2Br2O2	Staphylococcus_epidermidis	1
C9H9Br3O2	Salmonella_enterica	1
C7H5Br3O2	Salmonella_enterica	1
C11H13Br3O2	Salmonella_enterica	1
C9H10Br2O2	Salmonella_enterica	1
C7H6Br2O2	Salmonella_enterica	1
C11H14Br2O2	Salmonella_enterica	1
C6H4Br2O2	Pseudomonas_aeruginosa	1
C7H7BrO2	Staphylococcus_epidermidis	1
C5H3ClO2	Staphylococcus_epidermidis	1
C13H21NO2S	Propionibacterium_acnes	1
C11H17NO2S	Propionibacterium_acnes	1
C4H10OS2	Streptococcus_mutans	1
C20H16Cl2N2O2	Candida_albicans	1
C11H8ClNO3	Escherichia_coli	1
C11H8ClNO3	Pseudomonas_aeruginosa	1
C10H6ClNO3	Escherichia_coli	1
C10H6ClNO3	Pseudomonas_aeruginosa	1
C8H6N2O5	Pseudomonas_aeruginosa	1
C8H9NO2	Pseudomonas_aeruginosa	1
C14H13ClN2O	Streptococcus_mutans	1
C15H16N2O2	Streptococcus_mutans	1
C7H8N2O	Pseudomonas_aeruginosa	1
C6H6N2O	Pseudomonas_aeruginosa	1
C7H7NO	Pseudomonas_aeruginosa	1
C29H28O8	Acinetobacter_baumannii	1
C29H28O8	Pseudomonas_aeruginosa	1
C17H18Cl6O6S2	Bacillus_subtilis	1
C31H28N6O2	Bacillus_subtilis	1
C31H28N6O2	Micrococcus_luteus	1
C31H28N6O2	Staphylococcus_aureus	1
C30H25N7O4	Bacillus_subtilis	1
C30H25N7O4	Micrococcus_luteus	1
C30H25N7O4	Staphylococcus_aureus	1
C15H16N2O	Streptococcus_mutans	1
C19H18Cl2N2O5	Enterococcus_faecalis_(Streptococcus_faecalis)	1
C19H18Cl2N2O5	Pseudomonas_aeruginosa	1
C19H18Cl2N2O5	Staphylococcus_aureus	1
C19H18Cl2N2O5	Staphylococcus_epidermidis	1
C19H18Cl2N2O5	Streptococcus_mutans	1
C16H13N3O4	Enterococcus_faecalis_(Streptococcus_faecalis)	1
C16H13N3O4	Pseudomonas_aeruginosa	1
C16H13N3O4	Staphylococcus_aureus	1
C16H13N3O4	Staphylococcus_epidermidis	1
C16H13N3O4	Streptococcus_mutans	1
C20H21BrN2O7	Enterococcus_faecalis_(Streptococcus_faecalis)	1
C20H21BrN2O7	Pseudomonas_aeruginosa	1
C20H21BrN2O7	Staphylococcus_aureus	1
C20H21BrN2O7	Staphylococcus_epidermidis	1
C20H21BrN2O7	Streptococcus_mutans	1
C23H22N2O5	Enterococcus_faecalis_(Streptococcus_faecalis)	1
C23H22N2O5	Pseudomonas_aeruginosa	1
C23H22N2O5	Staphylococcus_aureus	1
C23H22N2O5	Staphylococcus_epidermidis	1
C23H22N2O5	Streptococcus_mutans	1
C25H18ClNO	Bacillus_subtilis	1
C25H18ClNO	Escherichia_coli	1
C25H18ClNO	Klebsiella_planticola	1
C25H18ClNO	Micrococcus_luteus	1
C25H18ClNO	Pseudomonas_aeruginosa	1
C25H18ClNO	Staphylococcus_aureus	1
C26H21NO3	Bacillus_subtilis	1
C26H21NO3	Escherichia_coli	1
C26H21NO3	Klebsiella_planticola	1
C26H21NO3	Micrococcus_luteus	1
C26H21NO3	Pseudomonas_aeruginosa	1
C26H21NO3	Staphylococcus_aureus	1
C26H21NO2	Bacillus_subtilis	1
C26H21NO2	Escherichia_coli	1
C26H21NO2	Micrococcus_luteus	1
C26H21NO2	Pseudomonas_aeruginosa	1
C26H21NO2	Staphylococcus_aureus	1
C27H17F6NO	Bacillus_subtilis	1
C27H17F6NO	Escherichia_coli	1
C27H17F6NO	Klebsiella_planticola	1
C27H17F6NO	Micrococcus_luteus	1
C27H17F6NO	Pseudomonas_aeruginosa	1
C27H17F6NO	Staphylococcus_aureus	1
C26H18F3NO2	Bacillus_subtilis	1
C26H18F3NO2	Escherichia_coli	1
C26H18F3NO2	Klebsiella_planticola	1
C26H18F3NO2	Micrococcus_luteus	1
C26H18F3NO2	Pseudomonas_aeruginosa	1
C26H18F3NO2	Staphylococcus_aureus	1
C28H24N2O6	Bacillus_subtilis	1
C28H24N2O6	Escherichia_coli	1
C28H24N2O6	Klebsiella_planticola	1
C28H24N2O6	Micrococcus_luteus	1
C28H24N2O6	Pseudomonas_aeruginosa	1
C28H24N2O6	Staphylococcus_aureus	1
C26H17F3N2O4	Bacillus_subtilis	1
C26H17F3N2O4	Escherichia_coli	1
C26H17F3N2O4	Klebsiella_planticola	1
C26H17F3N2O4	Micrococcus_luteus	1
C26H17F3N2O4	Pseudomonas_aeruginosa	1
C26H17F3N2O4	Staphylococcus_aureus	1
C83H138N30O14S	Pseudomonas_aeruginosa	1
C20H34O3	Pseudomonas_aeruginosa	1
C20H34O3	Staphylococcus_aureus	1
C20H34O3	Vibrio_harveyi	1
C20H36O3	Pseudomonas_aeruginosa	1
C20H36O3	Staphylococcus_aureus	1
C20H36O3	Vibrio_harveyi	1
C22H42O12	Pseudomonas_aeruginosa	1
C15H30O2	Pseudomonas_aeruginosa	1
C27H22ClN3O4	Candida_albicans	1
C27H22ClN3O4	Pseudomonas_aeruginosa	1
C27H22ClN3O3	Candida_albicans	1
C27H22ClN3O3	Pseudomonas_aeruginosa	1
C27H24ClN3O3	Candida_albicans	1
C27H24ClN3O3	Pseudomonas_aeruginosa	1
C26H20ClN3O3	Candida_albicans	1
C26H20ClN3O3	Pseudomonas_aeruginosa	1
C27H22N6O4	Candida_albicans	1
C27H22N6O4	Pseudomonas_aeruginosa	1
C26H22N10O6	Pseudomonas_aeruginosa	1
C29H44O5S2	Pseudomonas_aeruginosa	1
C29H38O9	Pseudomonas_aeruginosa	1
C23H37NO5	Pseudomonas_aeruginosa	1
C91H133N21O24	Staphylococcus_aureus	1
C91H133N21O24	Staphylococcus_epidermidis	1
C93H135N21O25	Staphylococcus_aureus	1
C93H135N21O25	Staphylococcus_epidermidis	1
C21H29NO2	Staphylococcus_aureus	1
C21H29NO2	Staphylococcus_epidermidis	1
C16H17N3O3	Streptococcus_mutans	1
C8H10O2S	Pseudomonas_aeruginosa	1
C16H18S2	Actinomyces_oris	1
C16H18S2	Streptococcus_mutans	1
C16H18S2	Streptococcus_sanguis	1
C19H30O4	Staphylococcus_aureus	1
C19H30O4	Staphylococcus_epidermidis	1
C11H6Cl2N6O2S	Pseudomonas_aeruginosa	1
C13H10BrN5O3	Pseudomonas_aeruginosa	1
C13H10FN5O3	Pseudomonas_aeruginosa	1
C14H13N5O3	Pseudomonas_aeruginosa	1
C13H10N6O5	Escherichia_coli	1
C13H10N6O5	Pseudomonas_aeruginosa	1
C13H11N5O3	Pseudomonas_aeruginosa	1
C13H10ClFN2O3	Escherichia_coli	1
C13H10ClFN2O3	Pseudomonas_aeruginosa	1
C14H13ClN2O3	Escherichia_coli	1
C14H13ClN2O3	Pseudomonas_aeruginosa	1
C13H10ClN3O5	Escherichia_coli	1
C13H11ClN2O3	Escherichia_coli	1
C13H11ClN2O3	Pseudomonas_aeruginosa	1
C22H18F2N6O2	Candida_albicans	1
C13H7Br2ClFN3O	Pseudomonas_aeruginosa	1
C13H7Br2ClFN3O	Staphylococcus_aureus	1
C13H7Br2ClFN3O	Streptococcus_epidermidis	1
C6H7NO2S3	Vibrio_anguillarum	1
C6H7NO2S3	Vibrio_vulnificus	1
C13H16BrNO6	Pseudomonas_aeruginosa	1
C13H7Br2Cl2N3O	Pseudomonas_aeruginosa	1
C13H7Br2Cl2N3O	Staphylococcus_aureus	1
C13H7Br2Cl2N3O	Streptococcus_epidermidis	1
C14H11Br2N3O2	Pseudomonas_aeruginosa	1
C14H11Br2N3O2	Staphylococcus_aureus	1
C14H11Br2N3O2	Streptococcus_epidermidis	1
C13H8Br2N4O3	Pseudomonas_aeruginosa	1
C13H8Br2N4O3	Staphylococcus_aureus	1
C13H8Br2N4O3	Streptococcus_epidermidis	1
C9H9Br2N3OS	Pseudomonas_aeruginosa	1
C9H9Br2N3OS	Staphylococcus_aureus	1
C9H9Br2N3OS	Streptococcus_epidermidis	1
C8H7Br2N3OS	Pseudomonas_aeruginosa	1
C8H7Br2N3OS	Staphylococcus_aureus	1
C8H7Br2N3OS	Streptococcus_epidermidis	1
C13H9Br2N3OS	Pseudomonas_aeruginosa	1
C13H9Br2N3OS	Staphylococcus_aureus	1
C13H9Br2N3OS	Streptococcus_epidermidis	1
C12H8Br2N4OS	Pseudomonas_aeruginosa	1
C12H8Br2N4OS	Staphylococcus_aureus	1
C12H8Br2N4OS	Streptococcus_epidermidis	1
C13H9Br2N3O	Pseudomonas_aeruginosa	1
C13H9Br2N3O	Staphylococcus_aureus	1
C13H9Br2N3O	Streptococcus_epidermidis	1
C15H11Br2N3O	Pseudomonas_aeruginosa	1
C15H11Br2N3O	Staphylococcus_aureus	1
C15H11Br2N3O	Streptococcus_epidermidis	1
C13H16FNO6	Pseudomonas_aeruginosa	1
C13H8Br2ClN3O	Pseudomonas_aeruginosa	1
C13H8Br2ClN3O	Staphylococcus_aureus	1
C13H8Br2ClN3O	Streptococcus_epidermidis	1
C16H22N2O6	Pseudomonas_aeruginosa	1
C15H20N2O6	Pseudomonas_aeruginosa	1
C13H16ClNO6	Pseudomonas_aeruginosa	1
C26H28N4O2	Streptococcus_gordonii	1
C26H28N4O2	Streptococcus_mutans	1
C26H28N4O2	Streptococcus_sanguinis	1
C13H9Br2N3O2	Pseudomonas_aeruginosa	1
C13H9Br2N3O2	Staphylococcus_aureus	1
C13H9Br2N3O2	Streptococcus_epidermidis	1
C13H10BrClN2O3	Pseudomonas_aeruginosa	1
C13H10Cl2N2O3	Escherichia_coli	1
C4H4O2	Aeromonas_hydrophila	1
C4H4O2	Hafnia_alvei	1
C10H14N2O2	Staphylococcus_aureus	1
C10H14N2O2	Staphylococcus_epidermis	1
C12H17N5O2S	Pseudomonas_aeruginosa	1
C10H10F3NO2	Staphylococcus_aureus	1
C10H10F3NO2	Staphylococcus_epidermis	1
C10H8N2	Pseudomonas_aeruginosa	1
C10H8N2	Staphylococcus_aureus	1
C9H6F5NO2	Staphylococcus_aureus	1
C9H6F5NO2	Staphylococcus_epidermis	1
C25H20O10	Staphylococcus_aureus	1
C7H6O4	Staphylococcus_aureus	1
C9H8F3NO2	Staphylococcus_aureus	1
C9H8F3NO2	Staphylococcus_epidermis	1
C9H9Cl2NO2	Staphylococcus_epidermis	1
C9H9F2NO2	Staphylococcus_aureus	1
C9H9F2NO2	Staphylococcus_epidermis	1
C11H15NO2	Staphylococcus_aureus	1
C11H15NO2	Staphylococcus_epidermis	1
C9H9N3O6	Staphylococcus_epidermis	1
C11H6Br4N4O	Pseudomonas_aeruginosa	1
C11H6Br4N4O	Staphylococcus_aureus	1
C11H6Br4N4O	Streptococcus_epidermidis	1
C9H10N2O4	Staphylococcus_epidermis	1
C9H10ClNO2	Staphylococcus_aureus	1
C9H10ClNO2	Staphylococcus_epidermis	1
C9H10N2O4	Staphylococcus_aureus	1
C10H13NO3S	Streptococcus_mutans	1
C10H13NO3S	Streptococcus_sanguis	1
C6H11NO3S	Streptococcus_mutans	1
C6H13NO3S	Streptococcus_mutans	1
C7H6ClNO2	Burkholderia_cenocepacia	1
C7H6ClNO2	Burkholderia_multivorans	1
C6H11NO4	Staphylococcus_aureus	1
C6H11NO4	Staphylococcus_epidermis	1
C7H6FNO2	Burkholderia_cenocepacia	1
C7H6FNO2	Burkholderia_multivorans	1
C24H46ClN7O	Streptococcus_mutans	1
C14H11Br2N3O	Pseudomonas_aeruginosa	1
C14H11Br2N3O	Staphylococcus_aureus	1
C14H11Br2N3O	Streptococcus_epidermidis	1
C12H7Br4NO2	Staphylococcus_aureus	1
C12H7Br4NO2	Staphylococcus_epidermidis	1
C10H19BrO2	Pseudomonas_aeruginosa	1
C6H11BrO2	Pseudomonas_aeruginosa	1
C8H15BrO2	Pseudomonas_aeruginosa	1
C54H65N15O7	Streptococcus_mutans	1
C10H12N2O3	Staphylococcus_aureus	1
C10H12N2O3	Staphylococcus_epidermis	1
C10H10N2O2	Staphylococcus_epidermis	1
C9H10FNO2	Staphylococcus_epidermis	1
C20H28O4	Staphylococcus_aureus	1
C20H28O4	Staphylococcus_epidermidis	1
C23H26O4	Staphylococcus_aureus	1
C23H26O4	Staphylococcus_epidermidis	1
C10H14O3	Salmonella_enterica	1
C15H12O2	Haemophilus_influenzae	1
C10H14O2	Escherichia_coli	1
C10H10O2	Vibrio_anguillarum	1
C10H10O2	Vibrio_vulnificus	1
C10H13NO3	Staphylococcus_aureus	1
C10H13NO3	Staphylococcus_epidermis	1
C7H8O3	Escherichia_coli	1
C9H7NO3	Vibrio_anguillarum	1
C9H7NO3	Vibrio_vulnificus	1
C9H7NO3	Vibrio_cholerae	1
C9H7NO3	Vibrio_harveyi	1
C8H7NO	Pseudomonas_aeruginosa	1
C8H10OS	Actinomyces_oris	1
C13H13NO2	Staphylococcus_aureus	1
C13H13NO2	Staphylococcus_epidermis	1
C7H9NO3	Staphylococcus_aureus	1
C7H9NO3	Staphylococcus_epidermis	1
C18H16N4O3S2	Acinetobacter_baumannii	1
C18H16N4O3S2	Pseudomonas_aeruginosa	1
C18H16N4O3S2	Salmonella_enterica	1
C18H16N4O3S2	Salmonella_Typhi	1
C18H16N4O3S2	Staphylococcus_aureus	1
C8H10N2O2	Staphylococcus_aureus	1
C7H9NO2S	Staphylococcus_aureus	1
C7H9NO2S	Staphylococcus_epidermis	1
C18H14FNO3S2	Enterococcus_faecalis_(Streptococcus_faecalis)	1
C18H14FNO3S2	Enterococcus_faecium_(Streptococcus_faecium)	1
C18H14FNO3S2	Enterococcus_gallinarum	1
C18H14FNO3S2	Escherichia_coli	1
C18H14FNO3S2	Pseudomonas_aeruginosa	1
C18H14FNO3S2	Staphylococcus_aureus	1
C18H14FNO3S2	Staphylococcus_epidermidis	1
C8H10N2O2	Staphylococcus_epidermis	1
C19H14FNO3S2	Enterococcus_faecalis_(Streptococcus_faecalis)	1
C19H14FNO3S2	Enterococcus_faecium_(Streptococcus_faecium)	1
C19H14FNO3S2	Enterococcus_gallinarum	1
C19H14FNO3S2	Escherichia_coli	1
C19H14FNO3S2	Pseudomonas_aeruginosa	1
C19H14FNO3S2	Staphylococcus_aureus	1
C19H14FNO3S2	Staphylococcus_epidermidis	1
C17H14N2O3S2	Enterococcus_faecalis_(Streptococcus_faecalis)	1
C17H14N2O3S2	Enterococcus_faecium_(Streptococcus_faecium)	1
C17H14N2O3S2	Enterococcus_gallinarum	1
C17H14N2O3S2	Escherichia_coli	1
C17H14N2O3S2	Pseudomonas_aeruginosa	1
C17H14N2O3S2	Staphylococcus_aureus	1
C17H14N2O3S2	Staphylococcus_epidermidis	1
C26H20N6O3	Candida_albicans	1
C26H20N6O3	Pseudomonas_aeruginosa	1
C27H22N6O3	Candida_albicans	1
C27H22N6O3	Pseudomonas_aeruginosa	1
C7H6Cl4O3	Bacillus_subtilis	1
C11H8Cl2O4S	Bacillus_subtilis	1
C9H6Cl2O	Vibrio_cholerae	1
C9H6Cl2O	Vibrio_harveyi	1
C17H16O3	Haemophilus_influenzae	1
C9H9Br2NO3	Staphylococcus_epidermis	1
C9H9I2NO3	Staphylococcus_aureus	1
C9H9I2NO3	Staphylococcus_epidermis	1
C33H56O12	Pseudomonas_aeruginosa	1
C8H11N	Pseudomonas_aeruginosa	1
C27H37NO	Staphylococcus_aureus	1
C27H37NO	Streptococcus_mutans	1
C27H36FNO	Proteus_mirabilis	1
C27H36FNO	Staphylococcus_aureus	1
C27H36FNO	Streptococcus_mutans	1
C10H11F2NO	Staphylococcus_aureus	1
C10H11F2NO	Staphylococcus_epidermis	1
C39H54O4	Pseudomonas_aeruginosa	1
C12H11BrO3S	Bacillus_subtilis	1
C9H10BrNO2	Staphylococcus_epidermis	1
C13H12Cl2O3S	Bacillus_subtilis	1
C11H9ClO3S	Bacillus_subtilis	1
C11H9ClO5S	Bacillus_subtilis	1
C9H10ClNO3	Staphylococcus_aureus	1
C9H10ClNO3	Staphylococcus_epidermis	1
C6H6FN	Pseudomonas_aeruginosa	1
C9H10FNO2	Staphylococcus_aureus	1
C21H30O4	Staphylococcus_aureus	1
C21H30O4	Staphylococcus_epidermidis	1
C11H15BrO2	Salmonella_enterica	1
C9H11NO3	Staphylococcus_aureus	1
C9H11NO3	Staphylococcus_epidermis	1
C9H11NO4	Staphylococcus_aureus	1
C9H10INO3	Staphylococcus_aureus	1
C9H10INO3	Staphylococcus_epidermis	1
C16H14O2	Haemophilus_influenzae	1
C10H13NO2	Staphylococcus_aureus	1
C9H10N2O5	Staphylococcus_aureus	1
C9H10N2O5	Staphylococcus_epidermis	1
C10H15NO4	Aeromonas_sobria	1
C10H15NO4	Serratia_liquefaciens	1
C12H19NO4	Hafnia_alvei	1
C18H30O4	Staphylococcus_aureus	1
C18H30O3S	Staphylococcus_aureus	1
C15H20O3	Candida_albicans	1
C16H13Br2N3O3	Pseudomonas_aeruginosa	1
C16H13Br2N3O3	Staphylococcus_aureus	1
C16H13Br2N3O3	Streptococcus_epidermidis	1
C20H30O4	Candida_albicans	1
C13H10Br2N4O	Pseudomonas_aeruginosa	1
C13H10Br2N4O	Staphylococcus_aureus	1
C13H10Br2N4O	Streptococcus_epidermidis	1
C5H8O4	Bacillus_cereus	1
C5H8O4	Candida_albicans	1
C11H14N2O3	Staphylococcus_aureus	1
C11H14N2O3	Staphylococcus_epidermis	1
C9H12N2O2	Staphylococcus_aureus	1
C9H12N2O2	Staphylococcus_epidermis	1
C16H15NO3	Staphylococcus_aureus	1
C16H15NO3	Staphylococcus_epidermis	1
C12H12Br2O3	Staphylococcus_epidermidis	1
C15H21Br2N3O5	Staphylococcus_epidermidis	1
C11H12Br2O4	Salmonella_enterica	1
C9H9Br3O2	Staphylococcus_epidermidis	1
C9H10Br2O2	Bacillus_subtilis	1
C9H10Br2O2	Staphylococcus_aureus	1
C9H10Br2O2	Staphylococcus_epidermidis	1
C9H6Br4O4	Salmonella_enterica	1
C7H4Br4O2	Salmonella_enterica	1
C6H6BrN	Pseudomonas_aeruginosa	1
C9H10BrNO2	Staphylococcus_aureus	1
C12H12BrNO3	Pseudomonas_aeruginosa	1
C9H9ClFNO2	Staphylococcus_aureus	1
C9H9ClFNO2	Staphylococcus_epidermis	1
C10H5ClF3N	Pseudomonas_aeruginosa	1
C6H6ClN	Pseudomonas_aeruginosa	1
C15H11ClO	Haemophilus_influenzae	1
C9H6ClN	Serratia_marcescens	1
C10H10N2O2	Staphylococcus_aureus	1
C11H13NO	Vibrio_anguillarum	1
C11H13NO	Vibrio_vulnificus	1
C8H10O2	Escherichia_coli	1
C9H12O2	Escherichia_coli	1
C5H7FO3	Vibrio_harveyi	1
C10H12FNO2	Staphylococcus_aureus	1
C10H12FNO2	Staphylococcus_epidermis	1
C8H6FN	Pseudomonas_aeruginosa	1
C15H22O3	Candida_albicans	1
C7H5O3	Escherichia_coli	1
C9H6O3	Escherichia_coli	1
C6H8O3	Pseudomonas_aeruginosa	1
C9H10INO2	Staphylococcus_aureus	1
C9H10INO2	Staphylococcus_epidermis	1
C7H9NO2S	Pseudomonas_aeruginosa	1
C8H9BO4	Vibrio_anguillarum	1
C8H9BO4	Vibrio_campbellii	1
C8H9BO4	Vibrio_cholerae	1
C8H9BO4	Vibrio_vulnificus	1
C32H54O12	Pseudomonas_aeruginosa	1
C5H4N2O3	Burkholderia_cenocepacia	1
C5H4N2O3	Burkholderia_multivorans	1
C15H21NO6	Pseudomonas_aeruginosa	1
C35H60O12	Pseudomonas_aeruginosa	1
C20H35NO4	Staphylococcus_aureus	1
C7H5Br2N3OS	Pseudomonas_aeruginosa	1
C7H5Br2N3OS	Staphylococcus_aureus	1
C7H5Br2N3OS	Streptococcus_epidermidis	1
C9H8Br2O4	Salmonella_enterica	1
C19H18O6	Vibrio_harveyi	1
C20H24O2	Candida_albicans	1
C7H5BrO2	Pseudomonas_aeruginosa	1
C10H5BrClNO3	Pseudomonas_aeruginosa	1
C8H6BrN	Pseudomonas_aeruginosa	1
C5H3BrO2	Aeromonas_sobria	1
C5H3BrO2	Serratia_liquefaciens	1
C10H5Cl2NO3	Pseudomonas_aeruginosa	1
C8H6ClN	Pseudomonas_aeruginosa	1
C13H23NO2S	Candida_albicans	1
C4H4FN3O	Candida_albicans	1
C8H6FNO	Pseudomonas_aeruginosa	1
C4H3FN2O2	Pseudomonas_aeruginosa	1
C11H19NO2S	Candida_albicans	1
C30H25ClN6O2	Bacillus_subtilis	1
C30H25ClN6O2	Micrococcus_luteus	1
C30H25ClN6O2	Staphylococcus_aureus	1
C8H12N2O3S	Klebsiella_pneumoniae	1
C8H12N2O3S	Proteus_mirabilis	1
C8H12N2O3S	Staphylococcus_aureus	1
C8H12N2O3S	Streptococcus_mutans	1
C15H11NO2	Escherichia_coli	1
C8H7BrO2	Pseudomonas_aeruginosa	1
C8H6ClNO	Pseudomonas_aeruginosa	1
C17H26O4	Pseudomonas_aeruginosa	1
C15H10O3	Escherichia_coli	1
C56H91N21O9	Pseudomonas_aeruginosa	1
C64H88N22O9	Pseudomonas_aeruginosa	1
C61H98N22O10	Pseudomonas_aeruginosa	1
C9H9BrO2	Pseudomonas_aeruginosa	1
C9H6ClNO	Serratia_marcescens	1
C8H4FNO2	Pseudomonas_aeruginosa	1
C9H7NO	Pseudomonas_aeruginosa	1
C9H9NO	Pseudomonas_aeruginosa	1
C9H9N	Pseudomonas_aeruginosa	1
C8H6N2O2	Pseudomonas_aeruginosa	1
C44H64N10O11	Staphylococcus_aureus	1
C44H64N10O11	Staphylococcus_epidermidis	1
C9H6FN	Pseudomonas_aeruginosa	1
C11H12N2O2	Porphyromonas_gingivalis	1
C12H13ClN2O2S	Candida_albicans	1
C108H116N26O15	Streptococcus_mutans	1
C14H18N6O	Human_immunodeficiency_virus_1	1
C30H42O12	Pseudomonas_aeruginosa	1
C2H5NO2	Proteus_mirabilis	1
C2H5NO2	Enterobacter_aerogenes	1
C7H16NO2+	Candida_albicans	1
C8H11N5O3	Human_herpesvirus_1	1
C8H11N5O3	Varicella-zoster_virus	1
C36H64O12	Pseudomonas_aeruginosa	1
C20H32N5O8P	Hepatitis_B_virus_D	1
C49H80N14O17S3	Candida_tropicalis	1
C9H14OS3	Pseudomonas_aeruginosa	1
C12H15N3O2S	Shewanella_oneidensis	1
C26H58Cl2N10	Candida_albicans	1
C6H10OS2	Candida_albicans	1
C6H10OS2	Pseudomonas_aeruginosa	1
C6H10OS2	Proteus_mirabilis	1
C15H10O5	Streptococcus_mutans	1
C15H22O2	Candida_albicans	1
C151H228N44O40S6	Cryptococcus_neoformans	1
C15H24	Candida_albicans	1
C24H26O6	Staphylococcus_epidermidis	1
C10H16	Bacillus_cereus	1
C10H16	Escherichia_coli	1
C10H16	Pichia_anomala	1
C10H16	Candida_albicans	1
C29H50O2	Staphylococcus_aureus	1
C10H17N	Influenza_A_virus	1
C22H43N5O13	Escherichia_coli	1
C22H43N5O13	Morganella_morganii	1
C22H43N5O13	Proteus_vulgaris	1
C22H43N5O13	Providencia_stuartii	1
C22H43N5O13	Enteric_bacteria_and_other_eubacteria	1
C22H47N5O21S2	Escherichia_coli	1
C3H7N	Pseudomonas_aeruginosa	1
C7H7NO3	Mycobacterium_tuberculosis	1
C20H25ClN2O5	Bacillus_subtilis	1
C16H19N3O5S	Clostridium_perfringens	1
C16H19N3O5S	Bacillus_subtilis	1
C16H19N3O5S	Listeria_monocytogenes	1
C68H106N16O10	Candida_albicans	1
C16H19N3O4S	Streptococcus_pneumoniae	1
C16H19N3O4S	Pseudomonas_aeruginosa	1
C16H19N3O4S	Bacillus_subtilis	1
C16H19N3O4S	Listeria_monocytogenes	1
C16H19N3O4S	Staphylococcus_aureus	1
C25H35N3O6S	Human_immunodeficiency_virus_1	1
C58H73N7O17	Aspergillus_niger	1
C6H7N	Pseudomonas_aeruginosa	1
C14H8O4	Streptococcus_mutans	1
C7H6NO2	Bacillus_subtilis	1
C7H6NO2	Pseudomonas_aeruginosa	1
C7H6NO2	Salmonella_enterica	1
C7H6NO2	Vibrio_vulnificus	1
C15H10O5	Escherichia_coli	1
C15H10O5	Vibrio_harveyi	1
C21H41N5O11	Enteric_bacteria_and_other_eubacteria	1
C21H41N5O11	Escherichia_coli	1
C22H34O4	Pseudomonas_aeruginosa	1
C22H34O4	Staphylococcus_aureus	1
C22H34O4	Vibrio_harveyi	1
C9H8O4	Candida_albicans	1
C38H52N6O7	Human_immunodeficiency_virus_1	1
C38H52N6O7	Human_immunodeficiency_virus	1
C22H19ClO3	Plasmodium_falciparum	1
C20H35AuO9PS	Candida_albicans	1
C5H10BO7-	Staphylococcus_epidermidis	1
C48H72O14	Candida_albicans	1
C7H11N3O6S	Enterobacter_cloacae	1
C7H11N3O6S	Escherichia_coli	1
C7H11N3O6S	Klebsiella_pneumoniae	1
C7H11N3O6S	Pseudomonas_aeruginosa	1
C16H17N5O4S	Streptococcus_pneumoniae	1
C38H72N2O12	Pseudomonas_aeruginosa	1
C38H72N2O12	Escherichia_coli	1
C38H72N2O12	Enteric_bacteria_and_other_eubacteria	1
C38H72N2O12	Mycobacterium_avium	1
C38H72N2O12	Burkholderia_cenocepacia	1
C38H72N2O12	Burkholderia_multivorans	1
C38H72N2O12	Staphylococcus_aureus	1
C20H23N5O6S	Clostridium_perfringens	1
C20H23N5O6S	Listeria_monocytogenes	1
C13H17N5O8S2	Bacillus_subtilis	1
C13H17N5O8S2	Citrobacter_freundii	1
C57H90N20O8	Lactobacillus_fermenti	1
C57H90N20O8	Streptococcus_mutans	1
C21H20O12	Burkholderia_cenocepacia	1
C21H20O12	Burkholderia_multivorans	1
C21H27N3O7S	Clostridium_perfringens	1
C66H103N17O16S	Candida_albicans	1
C63H120N24O13S2	Burkholderia_pseudomallei	1
C15H10O5	Pseudomonas_aeruginosa	1
C15H10O5	Burkholderia_cenocepacia	1
C15H10O5	Burkholderia_multivorans	1
C15H10O5	Staphylococcus_aureus	1
C21H18O11	Pseudomonas_aeruginosa	1
C32H31BrN2O2	Mycobacterium_tuberculosis	1
C10H10O	Vibrio_cholerae	1
C10H10O	Vibrio_harveyi	1
C48H56N6O8S2	Neisseria_gonorrhoeae	1
C48H56N6O8S2	Listeria_monocytogenes	1
C17H12Br2O3	Candida_albicans	1
C27H42ClNO2	Candida_albicans	1
C9H11NO2	Pseudomonas_aeruginosa	1
C36H52O13	Pseudomonas_aeruginosa	1
C7H6O3	Propionibacterium_acnes	1
C29H48O12	Pseudomonas_aeruginosa	1
C16H18N2O4S	Staphylococcus_aureus	1
C16H18N2O4S	Escherichia_coli	1
C21H22O4	Escherichia_coli	1
C19H21ClFN3O3	Haemophilus_influenzae	1
C19H21ClFN3O3	Streptococcus_pneumoniae_serotype_4	1
C117H191N39O33	Staphylococcus_epidermidis	1
C167H262N48O50S6	Cryptococcus_neoformans	1
C216H377N75O59S6	Cryptococcus_neoformans	1
C35H60O6	Escherichia_coli	1
C30H50O2	Acinetobacter_sp.	1
C30H50O2	Bacillus_amyloliquefaciens	1
C30H50O2	Hafnia_paralvei	1
C30H50O2	Obesumbacterium_proteus	1
C30H50O2	Pseudomonas_aeruginosa	1
C30H50O2	Pseudomonas_libaniensis	1
C30H50O2	Serratia_marcescens	1
C30H48O3	Escherichia_coli	1
C36H56O6	Human_immunodeficiency_virus_1	1
C32H58O10	Candida_albicans	1
C12H10	Staphylococcus_aureus	1
C16H18S2	Pseudomonas_aeruginosa	1
C45H56N10O11	Staphylococcus_aureus	1
C45H56N10O11	Staphylococcus_epidermidis	1
Bi2O3	Candida_albicans	1
C9H12O6	Bacillus_cereus	1
C121H192N38O20	Burkholderia_pseudomallei	1
C158H263N45O27	Pseudomonas_aeruginosa	1
C158H263N45O27	Staphylococcus_aureus	1
C158H263N45O27	Stenotrophomonas_maltophilia	1
C145H250N44O29	Staphylococcus_aureus	1
C145H250N44O29	Enterococcus_faecalis_(Streptococcus_faecalis)	1
C145H250N44O29	Pseudomonas_aeruginosa	1
C145H250N44O29	Stenotrophomonas_maltophilia	1
C145H250N44O29	Candida_albicans	1
C145H250N44O29	Candida_glabrata	1
C145H250N44O29	Candida_krusei	1
C33H41N3O10S2	Human_immunodeficiency_virus_1	1
C10H13BrO3	Salmonella_enterica	1
C18H24ClNO3	Candida_albicans	1
C4H12N2	Serratia_marcescens	1
C4H10O	Candida_albicans	1
C15H12O5	Haemophilus_influenzae	1
C23H28ClN	Candida_albicans	1
C19H17Cl3N2S	Candida_albicans	1
C11H14O5	Pseudomonas_aeruginosa	1
C11H14O5	Enterococcus_faecalis_(Streptococcus_faecalis)	1
C11H14O5	Staphylococcus_aureus	1
C11H14O5	Staphylococcus_epidermidis	1
C11H14O5	Streptococcus_mutans	1
C16H29NO3	Trueperella_pyogenes	1
C182H273N57O38	Streptococcus_mutans	1
C182H273N57O38	Streptococcus_sanguinis	1
C190H309N57O43	Streptococcus_gordonii	1
C190H309N57O43	Streptococcus_mutans	1
C190H309N57O43	Streptococcus_sanguinis	1
C8H13NO3	Aeromonas_sobria	1
C8H13NO3	Serratia_liquefaciens	1
C8H13NO3	Hafnia_alvei	1
C10H17NO3	Pseudomonas_chlororaphis	1
C10H17NO3	Aeromonas_sobria	1
C10H17NO3	Serratia_liquefaciens	1
C10H17NO3	Hafnia_alvei	1
C12H21NO3	Trueperella_pyogenes	1
Cd+2	Pseudomonas_aeruginosa	1
C9H8O4	Staphylococcus_aureus	1
C9H8O4	Escherichia_coli	1
C9H8O4	Pseudomonas_aeruginosa	1
C8H10N4O2	Pseudomonas_aeruginosa	1
C22H26O5	Human_immunodeficiency_virus_1	1
CaCl2	Pseudomonas_fluorescens	1
C120H190N30O22	Staphylococcus_aureus	1
C50H88N28O15	Mycobacterium_tuberculosis	1
C9H5ClN4	Escherichia_coli	1
C9H5ClN4	Pseudomonas_aeruginosa	1
C9H5ClN4	Staphylococcus_aureus	1
C20H37N3O14	Burkholderia_cepacia	1
C20H37N3O14	Escherichia_coli	1
C20H37N3O14	Kocuria_rhizophila	1
C20H37N3O14	Pseudomonas_aeruginosa	1
C20H37N3O14	Staphylococcus_aureus	1
C20H37N3O14	Staphylococcus_epidermidis	1
C22H20O13	Streptococcus_mutans	1
C7H16ClNO3	Actinomyces_oris	1
C7H16ClNO3	Streptococcus_mutans	1
C7H16ClNO3	Streptococcus_sanguis	1
C25H40O8	Streptococcus_mutans	1
C10H14O	Chromobacterium_violaceum	1
C10H14O	Pseudomonas_aeruginosa	1
C10H14O	Salmonella_enterica	1
C10H14O	Staphylococcus_aureus	1
C10H14O	Escherichia_coli	1
C10H14O	Streptococcus_mutans	1
C52H88N10O15	Candida_albicans	1
C70H118N28O11	Candida_albicans	1
C70H118N28O11	Escherichia_coli	1
C70H118N28O11	Staphylococcus_aureus	1
C15H14O6	Burkholderia_cenocepacia	1
C15H14O6	Burkholderia_multivorans	1
C15H14O6	Pseudomonas_aeruginosa	1
C15H14O6	Eikenella_corrodens	1
C22H18O10	Eikenella_corrodens	1
C205H340N60O53	Pseudomonas_aeruginosa	1
C205H340N60O53	Staphylococcus_epidermidis	1
C205H340N60O53	Aggregatibacter_actinomycetemcomitans	1
C89H152N22O15	Staphylococcus_aureus	1
C176H302N52O41S	Pseudomonas_aeruginosa	1
C13H13N3O6S	Escherichia_coli	1
C15H14ClN3O4S	Clostridium_perfringens	1
C15H14ClN3O4S	Streptococcus_pneumoniae	1
C15H14ClN3O4S	Listeria_monocytogenes	1
C20H18N4O5S2	Listeria_monocytogenes	1
C20H18N4O5S2	Staphylococcus_aureus	1
C16H16N2O6S2	Streptomyces_sp.	1
C16H16N2O6S2	Clostridium_perfringens	1
C16H16N2O6S2	Streptococcus_pneumoniae	1
C16H16N2O6S2	Escherichia_coli	1
C18H18N6O5S2	Bacteroides_fragilis	1
C17H17N3O6S2	Clostridium_perfringens	1
C14H14N8O4S3	Escherichia_coli	1
C14H14N8O4S3	Staphylococcus_aureus	1
C19H18N6O5S3	Clostridium_perfringens	1
C19H18N6O5S3	Streptococcus_pneumoniae	1
C19H24N6O5S2	Pseudomonas_aeruginosa	1
C19H24N6O5S2	Candida_spp.	1
C19H24N6O5S2	Escherichia_coli	1
C16H15N5O7S2	Haemophilus_influenzae	1
C16H15N5O7S2	Bacillus_subtilis	1
C16H15N5O7S2	Listeria_monocytogenes	1
C16H15N5O7S2	Klebsiella_pneumoniae	1
C16H15N5O7S2	Proteus_mirabilis	1
C16H15N5O7S2	Staphylococcus_aureus	1
C16H15N5O7S2	Streptococcus_mutans	1
C16H17N9O5S3	Clostridium_perfringens	1
C16H17N9O5S3	Escherichia_coli	1
C15H17N7O5S3	Escherichia_coli	1
C15H17N7O5S3	Staphylococcus_aureus	1
C15H17N7O5S3	Listeria_monocytogenes	1
C18H18N6O8S3	Escherichia_coli	1
C25H27N9O8S2	Escherichia_coli	1
C25H27N9O8S2	Pseudomonas_aeruginosa	1
C20H21N7O6S2	Bacteroides_fragilis	1
C16H17N5O7S2	Bacillus_subtilis	1
C16H17N5O7S2	Streptococcus_pneumoniae	1
C16H17N5O7S2	Acinetobacter_baumannii	1
C16H17N5O7S2	Listeria_monocytogenes	1
C18H23N9O4S3	Streptococcus_pneumoniae	1
C18H23N9O4S3	Clostridium_perfringens	1
C18H23N9O4S3	Listeria_monocytogenes	1
C16H17N3O7S2	Escherichia_coli	1
C16H17N3O7S2	Streptococcus_pneumoniae	1
C16H17N3O7S2	Listeria_monocytogenes	1
C16H17N3O7S2	Staphylococcus_aureus	1
C25H24N8O7S2	Staphylococcus_aureus	1
C25H24N8O7S2	Escherichia_coli	1
C25H24N8O7S2	Pseudomonas_aeruginosa	1
C15H17N5O6S2	Escherichia_coli	1
C18H19N3O5S	Streptococcus_pneumoniae_serotype_4	1
C22H22N6O7S2	Escherichia_coli	1
C22H22N6O7S2	Pseudomonas_aeruginosa	1
C22H22N6O7S2	Streptococcus_pneumoniae	1
C22H22N6O7S2	Stenotrophomonas_maltophilia	1
C22H22N6O7S2	Morganella_morganii	1
C22H22N6O7S2	Proteus_vulgaris	1
C22H22N6O7S2	Providencia_stuartii	1
C22H22N6O7S2	Burkholderia_pseudomallei	1
C22H32N6O12S2	Burkholderia_cenocepacia	1
C22H32N6O12S2	Burkholderia_multivorans	1
C13H13N5O5S2	Escherichia_coli	1
C13H13N5O5S2	Staphylococcus_aureus	1
C20H22N8O6S2	Escherichia_coli	1
C20H22N8O6S2	Staphylococcus_aureus	1
C20H22N8O6S2	Streptococcus_pneumoniae_serotype_4	1
C18H18N8O7S3	Streptococcus_pneumoniae	1
C16H16N4O8S	Clostridium_perfringens	1
C16H16N4O8S	Listeria_monocytogenes	1
C16H17N3O4S	Streptococcus_pneumoniae	1
C16H17N3O4S	Bacillus_subtilis	1
C18H19N3O6S	Bacillus_licheniformis	1
C12H17NO3	Escherichia_coli	1
C15H11Cl2NOS	Candida_albicans	1
C90H159N25O16	Staphylococcus_aureus	1
C97H170N28O19S	Staphylococcus_aureus	1
C21H18NO4+	Staphylococcus_aureus	1
C21H18NO4+	Staphylococcus_epidermidis	1
C56H103N9O39	Escherichia_coli	1
C56H103N9O39	Staphylococcus_aureus	1
C56H103N9O39	Aspergillus_fumigatus	1
C11H12Cl2N2O5	Escherichia_coli	1
C11H12Cl2N2O5	Campylobacter_jejuni	1
C11H12Cl2N2O5	Bacillus_subtilis	1
C22H30Cl2N10	Streptococcus_mutans	1
C22H30Cl2N10	Candida_albicans	1
C24H34Cl2N10O2	Staphylococcus_aureus	1
C24H34Cl2N10O2	Streptococcus_mutans	1
C9H5Cl2NO	Candida_albicans	1
C17H19ClN2S	Escherichia_coli	1
C17H19ClN2S	Pseudomonas_aeruginosa	1
C17H19ClN2S	Staphylococcus_aureus	1
CrO4-2	Pseudomonas_aeruginosa	1
C15H10O4	Escherichia_coli	1
C15H10O4	Streptococcus_mutans	1
C15H10O4	Pseudomonas_aeruginosa	1
C15H10O4	Stenotrophomonas_maltophilia	1
C136H211N45O26	Streptococcus_mutans	1
C12H17NO2	Candida_albicans	1
C8H14N3O6P	Human_herpesvirus_5	1
C9H8O	Vibrio_anguillarum	1
C9H8O	Vibrio_vulnificus	1
C9H8O	Burkholderia_cenocepacia	1
C9H8O	Burkholderia_multivorans	1
C9H8O	Vibrio_cholerae	1
C9H8O	Vibrio_harveyi	1
C9H8O2	Pseudomonas_aeruginosa	1
C9H8O2	Candida_albicans	1
C19H22O2	Pseudomonas_aeruginosa	1
C12H10N2O5	Haemophilus_influenzae	1
C17H18FN3O3	Bacillus_subtilis	1
C17H18FN3O3	Pseudomonas_aeruginosa	1
C17H18FN3O3	Haemophilus_influenzae	1
C17H18FN3O3	Escherichia_coli	1
C17H18FN3O3	Stenotrophomonas_maltophilia	1
C17H18FN3O3	Morganella_morganii	1
C17H18FN3O3	Proteus_vulgaris	1
C17H18FN3O3	Providencia_stuartii	1
C17H18FN3O3	Staphylococcus_aureus	1
C17H18FN3O3	Mycobacterium_tuberculosis	1
C20H24FN3O6	Escherichia_coli	1
C12H22O2	Candida_albicans	1
C12H22O2	Pseudomonas_aeruginosa	1
C5H9NO3	Staphylococcus_epidermis	1
C14H12	Staphylococcus_aureus	1
C10H16O	Cronobacter_sakazakii	1
C76H131N19O19	Staphylococcus_aureus	1
C38H69NO13	Shigella_flexneri	1
C38H69NO13	Mycobacterium_avium	1
C18H33ClN2O5S	Staphylococcus_aureus	1
C18H33ClN2O5S	Enteric_bacteria_and_other_eubacteria	1
C18H33ClN2O5S	Shigella_flexneri	1
C18H33ClN2O5S	Propionibacterium_acnes	1
C9H5ClINO	Candida_albicans	1
C27H22Cl2N4	Geobacillus_kaustophilus	1
C27H22Cl2N4	Enteric_bacteria_and_other_eubacteria	1
C27H22Cl2N4	Escherichia_coli	1
C22H17ClN2	Candida_albicans	1
C22H17ClN2	Streptococcus_mutans	1
C7H12ClN3O2	Pseudomonas_aeruginosa	1
C7H12ClN3O2	Escherichia_coli	1
C7H12ClN3O2	Streptococcus_mutans	1
C19H18ClN3O5S	Clostridium_perfringens	1
C19H18ClN3O5S	Pseudomonas_aeruginosa	1
C19H18ClN3O5S	Streptococcus_pneumoniae	1
C19H18ClN3O5S	Streptococcus_pneumoniae_serotype_4	1
C19H18ClN3O5S	Escherichia_coli	1
C19H18ClN3O5S	Escherichia_coli_O6:H1_(strain_CFT073_/_ATCC_700928_/_UPEC)	1
C19H18ClN3O5S	Listeria_monocytogenes	1
C18H19ClN4	Candida_albicans	1
Co+2	Pseudomonas_aeruginosa	1
C24H30O4	Escherichia_coli	1
C52H98N16O13	Mycobacterium_tuberculosis	1
C53H101N16NaO16S	Escherichia_coli	1
C42H71N3O31	Staphylococcus_aureus	1
C117H177N33O28	Candida_albicans	1
C117H177N33O28	Streptomyces_gordonii	1
CuO4S	Burkholderia_cepacia	1
CuO4S	Escherichia_coli	1
CuO4S	Kocuria_rhizophila	1
CuO4S	Pseudomonas_aeruginosa	1
CuO4S	Staphylococcus_aureus	1
CuO4S	Staphylococcus_epidermidis	1
C9H6O2	Escherichia_coli	1
C9H6O2	Edwardsiella_tarda	1
C9H6O2	Pseudomonas_aeruginosa	1
C9H6O2	Staphylococcus_aureus	1
C9H6O2	Vibrio_anguillarum	1
C10H6O4	Escherichia_coli	1
C35H65N11O9	Porphyromonas_gingivalis	1
C68H130N18O14	Porphyromonas_gingivalis	1
C101H171N27O24	Pseudomonas_aeruginosa	1
C44H64O24	Pseudomonas_aeruginosa	1
C108H166N30O30	Streptococcus_gordonii	1
C108H166N30O30	Streptococcus_mutans	1
C108H166N30O30	Streptococcus_sanguinis	1
C91H137N25O22	Streptococcus_gordonii	1
C91H137N25O22	Streptococcus_mutans	1
C91H137N25O22	Streptococcus_sanguinis	1
C21H20O6	Pseudomonas_aeruginosa	1
C21H20O6	Burkholderia_cenocepacia	1
C21H20O6	Burkholderia_multivorans	1
C21H20O6	Escherichia_coli	1
C21H20O6	Vibrio_harveyi	1
C21H20O6	Vibrio_parahaemolyticus	1
C21H20O6	Vibrio_vulnificus	1
C21H20O6	Streptococcus_mutans	1
C21H20O6	Proteus_mirabilis	1
C21H20O6	Serratia_marcescens	1
C21H20O6	Aeromonas_hydrophila	1
C21H20O6	Citrobacter_freundii	1
C21H20O6	Enterobacter_cancerogenus	1
C21H20O6	Enterobacter_ludwigi	1
C21H20O6	Klebsiella_variicola	1
C21H20O6	Pseudomonas_japonica	1
C21H20O6	Raoultella_ornithinolytica	1
C21H20O6	Candida_albicans	1
C92H129N33O12S	Pseudomonas_aeruginosa	1
C15H11O6	Klebsiella_pneumoniae	1
C15H11O6	Pseudomonas_aeruginosa	1
C15H23N3O4S	Staphylococcus_aureus	1
C15H23N3O4S	Streptococcus_pneumoniae	1
C15H23N3O4S	Clostridium_perfringens	1
C14H15N3O3	Pseudomonas_aeruginosa	1
C4H9N	Pseudomonas_aeruginosa	1
C7H15Cl2N2O2P	Firmicutes	1
C3H6N2O2	Escherichia_coli	1
C3H6N2O2	Mycobacterium_avium	1
C25H24O12	Pseudomonas_aeruginosa	1
C90H174N22O15	Pseudomonas_aeruginosa	1
C4H7NO4	Staphylococcus_aureus	1
C40H50N8O6	Hepatitis_C_Virus	1
C3H7NO2	Staphylococcus_epidermis	1
C88H100Cl2N10O28	Staphylococcus_aureus	1
C88H100Cl2N10O28	Staphylococcus_epidermidis	1
C34H50N4O9S	Enterococcus_faecium_(Streptococcus_faecium)	1
C12H12N2O2S	Mycobacterium_leprae	1
C72H101N17O26	Staphylococcus_aureus	1
C27H37N3O7S	Human_immunodeficiency_virus	1
C82H134N20O13	Staphylococcus_aureus	1
C4H8N2O3	Staphylococcus_aureus	1
C4H8N2O3	Staphylococcus_epidermis	1
C4H6NO4	Staphylococcus_aureus	1
C4H7NO4	Staphylococcus_epidermis	1
C6H13N3O3	Staphylococcus_aureus	1
C6H13N3O3	Staphylococcus_epidermis	1
C6H12N2O4S2	Staphylococcus_aureus	1
C6H12N2O4S2	Staphylococcus_epidermis	1
C74H131N19O14	Staphylococcus_aureus	1
C10H22O2	Propionibacterium_acnes	1
C22H42O11	Pseudomonas_aeruginosa	1
C22H28N6O3S	Human_immunodeficiency_virus_1	1
C15H11O7	Pseudomonas_aeruginosa	1
C21H21ClN2O8	Escherichia_coli	1
C131H230N42O23	Pseudomonas_aeruginosa	1
C131H230N42O23	Staphylococcus_epidermidis	1
C9H6O4	Escherichia_coli	1
C18H22N2	Aquifex_aeolicus	1
C16H23NO	Haemophilus_influenzae	1
C89H143N25O17	Candida_albicans	1
C89H143N25O17	Candida_tropicalis	1
C113H191N33O21	Candida_albicans	1
C113H191N33O21	Candida_tropicalis	1
C30H42N12O15S3	Pseudomonas_aeruginosa	1
C5H10N2O3	Staphylococcus_aureus	1
C5H10N2O3	Staphylococcus_epidermis	1
C6H9N3O2	Staphylococcus_aureus	1
C6H9N3O2	Staphylococcus_epidermis	1
C16H13ClN2O	Candida_albicans	1
C14H14S2	Pseudomonas_aeruginosa	1
C14H14S2	Actinomyces_oris	1
C14H14S2	Streptococcus_mutans	1
C14H14S2	Streptococcus_sanguis	1
C14H14S	Actinomyces_oris	1
C14H14S	Streptococcus_mutans	1
C14H14S	Streptococcus_sanguis	1
CH2Cl2	Staphylococcus_aureus	1
C18H16	Staphylococcus_aureus	1
C14H10Cl2NNaO2	Pseudomonas_aeruginosa	1
C19H17Cl2N3O5S	Listeria_monocytogenes_serotype_4a	1
C19H17Cl2N3O5S	Streptococcus_pneumoniae	1
C19H17Cl2N3O5S	Listeria_monocytogenes	1
C12H23N	Burkholderia_pseudomallei	1
C10H12N4O3	Human_immunodeficiency_virus_1	1
C41H64O14	Eggerthella_lenta	1
C14H10O3	Staphylococcus_aureus	1
C14H10O3	Staphylococcus_epidermidis	1
C7H6O4	Eikenella_corrodens	1
C2H6OS	Pseudomonas_aeruginosa	1
C12H10S2	Candida_albicans	1
C12H10S2	Pseudomonas_aeruginosa	1
C12H10S2	Actinomyces_oris	1
C12H10S2	Streptococcus_mutans	1
C12H10S2	Streptococcus_sanguis	1
C13H12	Staphylococcus_aureus	1
C42H78N2O14	Enteric_bacteria_and_other_eubacteria	1
C68H105N15O11	Acinetobacter_baumannii	1
C68H105N15O11	Coagulase-_negative_staphylococci	1
C68H105N15O11	Klebsiella_pneumoniae	1
C68H105N15O11	Staphylococcus_aureus	1
C68H105N15O11	Staphylococcus_epidermidis	1
C20H40O	Pseudomonas_aeruginosa	1
C7H14N2O4S2	Actinomyces_oris	1
C7H14N2O4S2	Streptococcus_mutans	1
C7H14N2O4S2	Streptococcus_sanguis	1
C70H122N26O14	Acinetobacter_baumannii	1
C70H122N26O14	Escherichia_coli	1
C70H122N26O14	Klebsiella_pneumoniae	1
C70H122N26O14	Pseudomonas_aeruginosa	1
C70H122N26O14	Salmonella_enterica	1
C78H127N27O14	Acinetobacter_baumannii	1
C78H127N27O14	Escherichia_coli	1
C78H127N27O14	Klebsiella_pneumoniae	1
C78H127N27O14	Pseudomonas_aeruginosa	1
C78H127N27O14	Salmonella_enterica	1
C6H13NO2	Staphylococcus_epidermis	1
C205H340N60O53	Staphylococcus_aureus	1
C205H340N60O53	Burkholderia_thailandensis	1
C5H11NO2S	Staphylococcus_epidermis	1
C24H46O11	Pseudomonas_aeruginosa	1
C20H19F2N3O5	Human_immunodeficiency_virus_1	1
C22H24N2O8	Enteric_bacteria_and_other_eubacteria	1
C22H24N2O8	Escherichia_coli	1
C22H24N2O8	Pseudomonas_aeruginosa	1
C9H11NO2	Staphylococcus_epidermis	1
C9H11NO2	Pseudoalteromonas_sp.	1
C5H9NO2	Staphylococcus_epidermis	1
C6H13NO2	Staphylococcus_aureus	1
C11H12N2O2	Staphylococcus_aureus	1
C11H12N2O2	Staphylococcus_epidermis	1
C18H15Cl3N2O	Streptococcus_mutans	1
C18H15Cl3N2O	Candida_albicans	1
C14H9ClF3NO2	Human_immunodeficiency_virus_1	1
Ag	Staphylococcus_aureus	1
C14H6O8	Staphylococcus_aureus	1
C14H6O8	Escherichia_coli	1
C24H28O4	Staphylococcus_aureus	1
C24H28O4	Staphylococcus_epidermidis	1
C15H10O5	Stenotrophomonas_maltophilia	1
C8H10FN3O3S	Human_immunodeficiency_virus_1	1
C20H28N2O5	Bacillus_subtilis	1
C204H301N51O64	Human_immunodeficiency_virus_1	1
C15H17FN4O3	Haemophilus_influenzae	1
C10H15NO	Pseudomonas_aeruginosa	1
C22H18O10	Candida_albicans	1
C15H14O7	Candida_albicans	1
C15H14O7	Eikenella_corrodens	1
C22H18O11	Staphylococcus_aureus	1
C22H18O11	Staphylococcus_epidermidis	1
C22H18O11	Burkholderia_cenocepacia	1
C22H18O11	Burkholderia_multivorans	1
C22H18O11	Candida_albicans	1
C22H18O11	Eikenella_corrodens	1
C22H18O11	Streptococcus_mutans	1
C22H18O11	Aeromonas_hydrophila	1
C22H18O11	Citrobacter_freundii	1
C22H18O11	Enterobacter_cancerogenus	1
C22H18O11	Enterobacter_ludwigi	1
C22H18O11	Klebsiella_variicola	1
C22H18O11	Pseudomonas_japonica	1
C22H18O11	Raoultella_ornithinolytica	1
C22H18O11	Serratia_marcescens	1
C22H18O11	Streptococcus_pneumoniae	1
C6H12N2O	Escherichia_coli	1
C6H12N2O	Staphylococcus_aureus	1
C28H22O6	Escherichia_coli	1
C28H22O6	Pseudomonas_aeruginosa	1
C22H25N3O7S	Escherichia_coli	1
C22H25N3O7S	Haemophilus_influenzae	1
C4H10O4	Streptococcus_mutans	1
C37H67NO13	Enteric_bacteria_and_other_eubacteria	1
C37H67NO13	Escherichia_coli	1
C37H67NO13	Propionibacterium_acnes	1
C102H182N28O24	Pseudomonas_aeruginosa	1
C9H6O4	Pseudomonas_aeruginosa	1
C9H6O4	Burkholderia_cenocepacia	1
C9H6O4	Burkholderia_multivorans	1
C15H16O9	Pseudomonas_aeruginosa	1
C15H18O10	Burkholderia_cenocepacia	1
C15H18O10	Burkholderia_multivorans	1
C17H19N3O3S	Bacillus_subtilis	1
C10H24N2O2	Mycobacterium_tuberculosis	1
C2H8N2	Serratia_marcescens	1
C4H8O2	Staphylococcus_aureus	1
C9H10O5	Pseudomonas_aeruginosa	1
C9H10O5	Enterococcus_faecalis_(Streptococcus_faecalis)	1
C9H10O5	Staphylococcus_aureus	1
C9H10O5	Staphylococcus_epidermidis	1
C9H10O5	Streptococcus_mutans	1
C14H24N2O10	Staphylococcus_aureus	1
C10H16N2O8	Bacillus_subtilis	1
C10H16N2O8	Listeria_monocytogenes	1
C10H16N2O8	Halomonas_pacifica	1
C27H37O6	Candida_albicans	1
C10H12O2	Pseudomonas_aeruginosa	1
C10H12O2	Staphylococcus_aureus	1
C10H12O2	Escherichia_coli	1
C19H17N3O	Campylobacter_jejuni	1
C100H160N38O16	Staphylococcus_epidermidis	1
C15H26O	Candida_albicans	1
C15H26O	Candida_parapsilosis	1
C15H26O	Staphylococcus_aureus	1
C15H26O	Burkholderia_cenocepacia	1
C15H26O	Burkholderia_multivorans	1
C15H26O	Candida_dubliniensis	1
C15H26O	Candida_tropicalis	1
C15H26O	Staphylococcus_epidermidis	1
C17H19NO8S	Escherichia_coli	1
C17H19NO8S	Streptococcus_pneumoniae_serotype_4	1
Cl3Fe	Klebsiella_pneumoniae	1
Fe+2	Pseudomonas_aeruginosa	1
C10H10O4	Pseudomonas_aeruginosa	1
C10H10O4	Staphylococcus_aureus	1
C10H10O4	Escherichia_coli	1
C44H69NO12	Candida_albicans	1
C15H10O2	Escherichia_coli	1
C17H16O6	Vibrio_harveyi	1
C17H18F3N3O3	Haemophilus_influenzae	1
C19H17ClFN3O5S	Clostridium_perfringens	1
C13H12F2N6O	Candida_albicans	1
C19H20FN3	Candida_albicans	1
C29H31F2N3O	Candida_albicans	1
C25H36N3O9PS	Human_immunodeficiency_virus_1	1
C16H15N2O6P	Candida_albicans	1
C3H7O4P	Escherichia_coli	1
C3H7O4P	Enteric_bacteria_and_other_eubacteria	1
C16H18O10	Pseudomonas_aeruginosa	1
C16H18O10	Stenotrophomonas_maltophilia	1
C39H51N9O11	Staphylococcus_aureus	1
C4H4O2	Pseudomonas_aeruginosa	1
C5H3BrO2	Pseudomonas_aeruginosa	1
C5H3BrO2	Salmonella_enterica	1
C5H3BrO2	Staphylococcus_epidermidis	1
C5H2Br2O2	Streptococcus_mutans	1
C5H2Br2O2	Pseudomonas_aeruginosa	1
C5H3BrO2	Escherichia_coli	1
C5H2Br2O2	Salmonella_enterica	1
C6H3Br2NO3	Pseudomonas_aeruginosa	1
C31H48O6	Escherichia_coli	1
C31H48O6	Salmonella_Typhi	1
C31H48O6	Streptomyces_sp.	1
C31H48O6	Thermus_thermophilus	1
C31H48O6	Staphylococcus_aureus	1
C43H77N17O7	Escherichia_coli	1
C43H77N17O7	Pseudomonas_aeruginosa	1
C73H110N22O12	Streptococcus_gordonii	1
C73H110N22O12	Streptococcus_mitis	1
C73H110N22O12	Streptococcus_mutans	1
C73H110N22O12	Streptococcus_salivarius	1
C73H110N22O12	Streptococcus_sanguinis	1
C73H110N22O12	Streptococcus_sobrinus	1
C187H326N74O41	Pseudomonas_aeruginosa	1
C93H166N30O18	Streptococcus_gordonii	1
C93H166N30O18	Streptococcus_mutans	1
C93H166N30O18	Streptococcus_sanguinis	1
C7H6O5	Eikenella_corrodens	1
C7H6O5	Staphylococcus_aureus	1
C7H6O5	Escherichia_coli	1
C7H6O5	Streptococcus_mutans	1
Ga+3	Pseudomonas_aeruginosa	1
GaN3O9	Escherichia_coli	1
C9H13N5O4	Human_herpesvirus_1	1
C19H22FN3O4	Streptococcus_pneumoniae_serotype_4	1
C19H22FN3O4	Haemophilus_influenzae	1
C15H10O5	Eubacterium_ramulus	1
C15H10O5	Bacteroides_uniformis	1
C21H43N5O7	Enteric_bacteria_and_other_eubacteria	1
C21H43N5O7	Escherichia_coli	1
C21H43N5O7	Bacillus_subtilis	1
C68H130N18O14	Pseudomonas_aeruginosa	1
C68H130N18O14	Streptococcus_gordonii	1
C21H27N5O4S	Bacillus_subtilis	1
C6H12O6	Campylobacter_jejuni	1
C2H7ClN2O	Actinomyces_oris	1
C2H7ClN2O	Streptococcus_mutans	1
C2H7ClN2O	Streptococcus_sanguis	1
C17H28O6	Pseudomonas_aeruginosa	1
C17H28O6	Vibrio_cholerae	1
C17H30O7	Pseudomonas_aeruginosa	1
C17H30O7	Vibrio_cholerae	1
C21H22O8	Vibrio_harveyi	1
C19H22FN3O3	Stenotrophomonas_maltophilia	1
C7H8O2	Escherichia_coli	1
C15H8Br2INO2	Candida_albicans	1
C13H9ClN2O3	Candida_albicans	1
C17H17BrN2O5	Candida_albicans	1
C20H20O14	Burkholderia_cenocepacia	1
C20H20O14	Pseudomonas_aeruginosa	1
C20H20O14	Staphylococcus_aureus	1
C20H20O14	Staphylococcus_capitis	1
C20H20O14	Staphylococcus_caprae	1
C20H20O14	Staphylococcus_chromogenes	1
C20H20O14	Staphylococcus_cohnii	1
C20H20O14	Staphylococcus_epidermidis	1
C63H111N23O11	Staphylococcus_aureus	1
C63H103N21O11	Staphylococcus_aureus	1
C77H126N26O13	Staphylococcus_aureus	1
C85H143N27O23S9	Staphylococcus_epidermidis	1
C17H34O2	Pseudomonas_aeruginosa	1
C22H24O9	Escherichia_coli	1
C22H24O9	Vibrio_harveyi	1
C16H14O6	Staphylococcus_aureus	1
C28H34O15	Escherichia_coli	1
C28H34O15	Vibrio_harveyi	1
C28H34O15	Yersinia_enterocolitica	1
C28H34O15	Staphylococcus_aureus	1
C19H23N3O4S	Streptococcus_pneumoniae	1
C13H6Cl6O2	Candida_albicans	1
C13H18O5	Enterococcus_faecalis_(Streptococcus_faecalis)	1
C13H18O5	Pseudomonas_aeruginosa	1
C13H18O5	Staphylococcus_aureus	1
C13H18O5	Staphylococcus_epidermidis	1
C13H18O5	Streptococcus_mutans	1
C10H12O2	Candida_albicans	1
C10H12O2	Candida_glabrata	1
C10H12O2	Candida_guiliermondi	1
C10H12O2	Candida_parapsilosis	1
C10H12O2	Candida_tropicalis	1
C133H195N51O33	Candida_albicans	1
C133H195N51O33	Candida_glabrata	1
C56H95N25O14S	Candida_albicans	1
C63H99N21O15	Pseudomonas_aeruginosa	1
C63H99N21O15	Staphylococcus_aureus	1
C63H99N21O15	Staphylococcus_epidermidis	1
C69H109N23O18	Pseudomonas_aeruginosa	1
C69H109N23O18	Staphylococcus_aureus	1
C69H109N23O18	Staphylococcus_epidermidis	1
C71H109N27O14	Streptococcus_mutans	1
C50H99N25O13	Candida_albicans	1
C50H99N25O13	Staphylococcus_epidermidis	1
C50H99N25O13	Staphylococcus_aureus	1
H2O2	Pseudomonas_aeruginosa	1
C30H16O8	Streptococcus_mutans	1
C21H20O12	Pseudomonas_aeruginosa	1
C13H18O2	Sphingomonas_sp._Ibu-2	1
C9H11IN2O5	Human_herpesvirus_1	1
C71H126N26O12	Acinetobacter_baumannii	1
C71H126N26O12	Burkholderia_cenocepacia	1
C71H126N26O12	Escherichia_coli	1
C71H126N26O12	Klebsiella_pneumoniae	1
C71H126N26O12	Pseudomonas_aeruginosa	1
C71H126N26O12	Salmonella_enterica	1
C71H126N26O12	Staphylococcus_aureus	1
C74H131N23O17	Burkholderia_pseudomallei	1
C109H185N33O26	Burkholderia_pseudomallei	1
C137H232N42O36	Burkholderia_pseudomallei	1
C14H14Cl2N2O	Candida_albicans	1
C136H199N39O28	Streptococcus_mutans	1
C12H17N3O4S	Escherichia_coli	1
C12H17N3O4S	Staphylococcus_aureus	1
C12H17N3O4S	Bacillus_subtilis	1
C16H14O4	Escherichia_coli	1
C36H47N5O4	Human_immunodeficiency_virus_1	1
C36H47N5O4	Human_immunodeficiency_virus	1
C16H10N2O2	Pseudomonas_aeruginosa	1
C16H18N2O3	Pseudomonas_aeruginosa	1
C8H7N	Escherichia_coli	1
C8H7N	Burkholderia_cenocepacia	1
C8H7N	Burkholderia_multivorans	1
C8H7N	Pseudomonas_aeruginosa	1
C8H7N	Pantoea_agglomerans	1
C8H7N	Acinetobacter_oleiovorans	1
C8H7N	Vibrio_anguillarum	1
C8H7N	Vibrio_campbellii	1
C10H9NO	Pseudomonas_aeruginosa	1
C10H10N2O	Pseudomonas_aeruginosa	1
C10H10N2O	Vibrio_campbellii	1
C10H9NO2	Vibrio_campbellii	1
C9H7NO	Vibrio_cholerae	1
C9H7NO2	Pseudomonas_aeruginosa	1
C100H131N25O14	Pseudomonas_aeruginosa	1
C100H131N25O14	Staphylococcus_aureus	1
C33H38N4O6	Escherichia_coli	1
C8H5NO2	Pseudomonas_aeruginosa	1
C18H14Cl4N2O	Candida_albicans	1
C15H12O4	Haemophilus_influenzae	1
C6H7N3O	Mycobacterium_tuberculosis	1
C3H8O	Candida_albicans	1
C28H24O4	Candida_albicans	1
C25H22O10	Staphylococcus_aureus	1
C20H20O7	Vibrio_harveyi	1
CHNS	Pseudomonas_aeruginosa	1
C35H38Cl2N8O4	Candida_albicans	1
C42H69NO15	Haemophilus_influenzae	1
C77H136N20O15	Streptococcus_mutans	1
C144H234N36O23	Candida_tropicalis	1
C15H10O6	Escherichia_coli	1
C15H10O6	Vibrio_harveyi	1
C15H10O6	Staphylococcus_aureus	1
C18H36N4O11	Escherichia_coli	1
C18H36N4O11	Enteric_bacteria_and_other_eubacteria	1
K2S2O5	Escherichia_coli	1
C20H30O2	Streptococcus_mutans	1
C69H115N21O21	Burkholderia_pseudomallei	1
C26H28Cl2N4O4	Candida_albicans	1
C20H32O	Pseudomonas_aeruginosa	1
C20H32O	Staphylococcus_aureus	1
C20H32O	Vibrio_harveyi	1
C6H6O4	Pseudomonas_aeruginosa	1
C68H106N16O10	Streptococcus_mutans	1
C126H164N30O21	Escherichia_coli	1
C26H45N3O6S2	Candida_albicans	1
C141H226N46O29S3	Aspergillus_fumigatus	1
C141H226N46O29S3	Candida_albicans	1
C141H226N46O29S3	Fusarium_solani	1
C8H11N3O3S	Human_immunodeficiency_virus_1	1
C8H11N3O3S	Hepatitis_B_virus_F	1
Cl3La	Pseudomonas_fluorescens	1
C4H6NO4	Staphylococcus_chromogenes	1
C4H6NO4	Staphylococcus_equorum	1
C4H6NO4	Staphylococcus_haemolyticus	1
C4H6NO4	Staphylococcus_saprophyticus	1
C20H20N6O9S	Bacillus_subtilis	1
C20H20N6O9S	Escherichia_coli	1
C5H12N4O3	Burkholderia_cenocepacia	1
C5H12N4O3	Burkholderia_multivorans	1
C9H14N4O3	Streptococcus_mutans	1
C9H14N4O3	Streptococcus_sanguis	1
C3H7NO5S	Actinomyces_oris	1
C3H7NO5S	Streptococcus_mutans	1
C3H7NO5S	Streptococcus_sanguis	1
C18H20FN3O4	Haemophilus_influenzae	1
C18H20FN3O4	Stenotrophomonas_maltophilia	1
C70H107N23O11	Pseudomonas_aeruginosa	1
C93H154N28O24	Pseudomonas_aeruginosa	1
C88H139N29O16S2	Pseudomonas_aeruginosa	1
C10H16	Streptococcus_mitis	1
C10H16	Streptococcus_mutans	1
C10H16	Streptococcus_pyogenes	1
C10H18O	Bacillus_cereus	1
C10H18O	Escherichia_coli	1
C10H18O	Pichia_anomala	1
C10H18O	Acinetobacter_baumannii	1
C10H18O	Candida_albicans	1
C16H20FN3O4	Enteric_bacteria_and_other_eubacteria	1
C16H20FN3O4	Staphylococcus_aureus	1
C58H102N20O11	Pseudomonas_aeruginosa	1
C58H102N20O11	Staphylococcus_epidermidis	1
C8H14O2S2	Pseudomonas_aeruginosa	1
C30H52O3	Streptococcus_mutans	1
C75H146N20O14	Streptococcus_mutans	1
C74H121N19O19	Burkholderia_pseudomallei	1
C137H232N42O36	Pseudomonas_aeruginosa	1
C108H176N30O27	Burkholderia_pseudomallei	1
C142H239N41O34	Burkholderia_pseudomallei	1
C177H293N51O43	Burkholderia_pseudomallei	1
C205H340N60O53	Francisella_novicida	1
C205H340N60O53	Burkholderia_pseudomallei	1
C205H340N60O53	Acinetobacter_baumannii	1
C205H340N60O53	Candida_albicans	1
C169H292N54O45	Pseudomonas_aeruginosa	1
C17H19F2N3O3	Haemophilus_influenzae	1
C37H48N4O5	Human_immunodeficiency_virus_1	1
C37H48N4O5	Human_immunodeficiency_virus	1
C15H10Cl2N2O2	Candida_albicans	1
C5H14ClN2O2	Staphylococcus_epidermis	1
C22H23ClN6O	Bacillus_subtilis	1
C15H23N3O3	Staphylococcus_aureus	1
C6H11NO2	Staphylococcus_aureus	1
C6H11NO2	Staphylococcus_epidermis	1
C11H12N2O2	Bacillus_subtilis	1
C11H12N2O2	Pseudomonas_aeruginosa	1
C11H12N2O2	Salmonella_enterica	1
C11H12N2O2	Vibrio_vulnificus	1
C29H38N4O10	Escherichia_coli	1
C102H169N25O20	Streptococcus_mutans	1
C102H169N25O20	Streptococcus_oralis	1
C102H169N25O20	Streptococcus_parasanguinis	1
C102H169N25O20	Streptococcus_salivarius	1
C102H169N25O20	Streptococcus_sanguinis	1
C102H169N25O20	Streptococcus_sobrinus	1
C150H207N41O27	Streptococcus_mutans	1
C150H207N41O27	Streptococcus_sanguinis	1
C152H249N47O32	Streptococcus_mutans	1
C152H249N47O32	Streptococcus_sanguinis	1
C12H11NO5	Vibrio_cholerae	1
C112H177N29O28S	Cryptococcus_neoformans	1
C112H177N29O28S	Enterococcus_faecalis_(Streptococcus_faecalis)	1
C112H177N29O28S	Listeria_ivanovii	1
C112H177N29O28S	Staphylococcus_aureus	1
C114H180N30O29S	Streptococcus_mutans	1
C114H180N30O29S	Pseudomonas_aeruginosa	1
C21H26O5	Pseudomonas_aeruginosa	1
C17H16F6N2O	Plasmodium_falciparum	1
C131H229N39O31	Pseudomonas_aeruginosa	1
C131H228N38O32	Streptococcus_mutans	1
C10H20O	Aeromonas_hydrophila	1
C10H20O	Pseudomonas_aeruginosa	1
C23H24N4O6	Streptococcus_pyogenes	1
C17H25N3O5S	Pseudomonas_aeruginosa	1
C17H25N3O5S	Escherichia_coli	1
C17H25N3O5S	Candida_spp.	1
C14H16BrNO3S	Pseudomonas_aeruginosa	1
C7H9N	Pseudomonas_aeruginosa	1
C22H22N2O8	Enteric_bacteria_and_other_eubacteria	1
C7H8O2S	Pseudomonas_aeruginosa	1
CH4O	Staphylococcus_aureus	1
C28H44ClNO2	Candida_albicans	1
C11H14O2	Escherichia_coli	1
C8H8O5	Enterococcus_faecalis_(Streptococcus_faecalis)	1
C8H8O5	Pseudomonas_aeruginosa	1
C8H8O5	Staphylococcus_aureus	1
C8H8O5	Staphylococcus_epidermidis	1
C8H8O5	Streptococcus_mutans	1
C10H9NO2	Pseudomonas_aeruginosa	1
C4H11NS	Burkholderia_pseudomallei	1
C17H20N2O6S	Streptococcus_pneumoniae	1
C17H20N2O6S	Staphylococcus_aureus	1
C6H9N3O3	Clostridium_perfringens	1
C6H9N3O3	Helicobacter_pylori	1
C6H9N3O3	Clostridium_pasteurianum	1
C6H9N3O3	Porphyromonas_gingivalis	1
C21H25N5O8S2	Clostridium_perfringens	1
C21H25N5O8S2	Escherichia_coli	1
C21H25N5O8S2	Streptococcus_pneumoniae	1
C56H71N9O23S	Pseudomonas_aeruginosa	1
C18H13ClFN3	Candida_albicans	1
C23H27N3O7	Escherichia_coli	1
C23H27N3O7	Staphylococcus_aureus	1
C23H27N3O7	Enteric_bacteria_and_other_eubacteria	1
C23H27N3O7	Propionibacterium_acnes	1
C15H18N4O5	Acinetobacter_baumannii	1
C36H61NaO11	Candida_albicans	1
C21H24FN3O4	Haemophilus_influenzae	1
C21H24FN3O4	Stenotrophomonas_maltophilia	1
C21H24FN3O4	Mycobacterium_avium	1
C21H24FN3O4	Candida_albicans	1
C66H116N26O15S2	Streptococcus_mutans	1
C66H116N26O15	Streptococcus_mutans	1
C112H186N38O24S2	Streptococcus_mutans	1
C4H2Br2O3	Bacillus_subtilis	1
C4H2Cl2O3	Bacillus_subtilis	1
C15H10O8	Staphylococcus_aureus	1
C21H20O12	Staphylococcus_aureus	1
C14H28O2	Pseudomonas_aeruginosa	1
C14H28O2	Escherichia_coli	1
C14H28O2	Klebsiella_pneumoniae	1
C14H28O2	Proteus_mirabilis	1
C14H28O2	Proteus_vulgaris	1
C14H28O2	Serratia_marcescens	1
C14H28O2	Vibrio_cholerae	1
C21H41NO4	Pseudomonas_aeruginosa	1
C61H98N16O17	Listeria_monocytogenes	1
C61H98N16O17	Pseudomonas_aeruginosa	1
C61H98N16O17	Staphylococcus_aureus	1
C63H100N18O15	Listeria_monocytogenes	1
C63H100N18O15	Pseudomonas_aeruginosa	1
C63H100N18O15	Staphylococcus_aureus	1
C87H127N19O15	Listeria_monocytogenes	1
C87H127N19O15	Pseudomonas_aeruginosa	1
C87H127N19O15	Staphylococcus_aureus	1
C87H127N27O15	Listeria_monocytogenes	1
C87H127N27O15	Pseudomonas_aeruginosa	1
C87H127N27O15	Staphylococcus_aureus	1
C14H11N3O4	Enterococcus_faecalis_(Streptococcus_faecalis)	1
C14H11N3O4	Pseudomonas_aeruginosa	1
C14H11N3O4	Staphylococcus_aureus	1
C14H11N3O4	Staphylococcus_epidermidis	1
C14H11N3O4	Streptococcus_mutans	1
C15H11F3N2O	Enterococcus_faecalis_(Streptococcus_faecalis)	1
C15H11F3N2O	Pseudomonas_aeruginosa	1
C15H11F3N2O	Staphylococcus_aureus	1
C15H11F3N2O	Staphylococcus_epidermidis	1
C15H11F3N2O	Streptococcus_mutans	1
C14H11BrN2O2	Enterococcus_faecalis_(Streptococcus_faecalis)	1
C14H11BrN2O2	Pseudomonas_aeruginosa	1
C14H11BrN2O2	Staphylococcus_aureus	1
C14H11BrN2O2	Staphylococcus_epidermidis	1
C14H11BrN2O2	Streptococcus_mutans	1
C13H11N3O	Enterococcus_faecalis_(Streptococcus_faecalis)	1
C13H11N3O	Pseudomonas_aeruginosa	1
C13H11N3O	Staphylococcus_aureus	1
C13H11N3O	Staphylococcus_epidermidis	1
C13H11N3O	Streptococcus_mutans	1
C17H12ClN3O	Streptococcus_mutans	1
C11H11BrN4O2S	Burkholderia_cenocepacia	1
C11H11BrN4O2S	Burkholderia_multivorans	1
C28H30N4O6	Acinetobacter_baumannii	1
C28H30N4O6	Pseudomonas_aeruginosa	1
C9H17NO6	Pseudomonas_aeruginosa	1
C17H33NO6	Pseudomonas_aeruginosa	1
C11H21NO6	Pseudomonas_aeruginosa	1
C13H25NO6	Pseudomonas_aeruginosa	1
C11H12N2OS	Pseudomonas_aeruginosa	1
C7H10N2OS	Pseudomonas_aeruginosa	1
C8H13NO2S	Pseudomonas_aeruginosa	1
C9H12N2O	Pseudomonas_aeruginosa	1
C8H11N3O	Pseudomonas_aeruginosa	1
C7H12N2OS	Pseudomonas_aeruginosa	1
C14H11BrN2O	Enterococcus_faecalis_(Streptococcus_faecalis)	1
C14H11BrN2O	Pseudomonas_aeruginosa	1
C14H11BrN2O	Staphylococcus_aureus	1
C14H11BrN2O	Staphylococcus_epidermidis	1
C14H11BrN2O	Streptococcus_mutans	1
C19H29NO3	Porphyromonas_gingivalis	1
C10H13NO2	Pseudomonas_aeruginosa	1
C8H16N2O2	Pseudomonas_aeruginosa	1
C8H12N2O2	Pseudomonas_aeruginosa	1
C14H17ClN4O2S	Burkholderia_cenocepacia	1
C14H17ClN4O2S	Burkholderia_multivorans	1
C16H32N2O	Porphyromonas_gingivalis	1
C17H12ClN3O	Enterococcus_faecalis_(Streptococcus_faecalis)	1
C17H12ClN3O	Pseudomonas_aeruginosa	1
C17H12ClN3O	Staphylococcus_aureus	1
C17H12ClN3O	Staphylococcus_epidermidis	1
C20H24N6O5	Vibrio_anguillarum	1
C20H24N6O5	Vibrio_campbellii	1
C20H24N6O5	Vibrio_vulnificus	1
C21H32ClN3	Pseudomonas_aeruginosa	1
C21H32ClN3	Serratia_marcescens	1
C11H12ClN3	Serratia_marcescens	1
C17H24ClN3	Pseudomonas_aeruginosa	1
C17H24ClN3	Serratia_marcescens	1
C22H32F3N3	Pseudomonas_aeruginosa	1
C22H32F3N3	Serratia_marcescens	1
C12H12F3N3	Serratia_marcescens	1
C18H24F3N3	Serratia_marcescens	1
C14H23NO2	Candida_albicans	1
C16H27NO2	Candida_albicans	1
C12H19NO2	Candida_albicans	1
C12H21NO2	Candida_albicans	1
C7H5NaO2	Staphylococcus_aureus	1
C213H342N54O38	Staphylococcus_aureus	1
C213H342N54O38	Burkholderia_thailandensis	1
C5H9NO3S	Coagulase-_negative_staphylococci	1
C5H9NO3S	Corynebacterium_ammoniagenes	1
C5H9NO3S	Mycobacterium_smegmatis	1
C5H9NO3S	Propionibacterium_acnes	1
C5H9NO3S	Staphylococcus_aureus	1
C5H9NO3S	Streptococcus_pyogenes	1
ClNa	Campylobacter_jejuni	1
C21H22N2O5S	Streptococcus_pneumoniae	1
CH3CH2COONa	Staphylococcus_aureus	1
Na2S2O5	Escherichia_coli	1
Na2S2O5	Streptococcus_mutans	1
C15H12O5	Escherichia_coli	1
C15H12O5	Vibrio_harveyi	1
C15H12O5	Pseudomonas_aeruginosa	1
C27H32O14	Escherichia_coli	1
C27H32O14	Vibrio_harveyi	1
C27H32O14	Yersinia_enterocolitica	1
C15H29NO	Pseudomonas_aeruginosa	1
C21H33NO4	Pseudomonas_aeruginosa	1
C32H45N3O4S	Human_immunodeficiency_virus	1
C27H32O15	Escherichia_coli	1
C27H32O15	Vibrio_harveyi	1
C10H13NO	Pseudomonas_aeruginosa	1
C21H41N5O7	Enteric_bacteria_and_other_eubacteria	1
C21H41N5O7	Escherichia_coli	1
C15H14N4O	Human_immunodeficiency_virus_1	1
C6H14	Staphylococcus_aureus	1
C13H12N2O5S	Cryptococcus_neoformans	1
C13H12N2O5S	Trichophyton_mentagrophytes	1
C143H230N42O37S7	Listeria_monocytogenes	1
C143H230N42O37S7	Staphylococcus_aureus	1
C143H230N42O37S7	Staphylococcus_epidermidis	1
C143H230N42O37S7	Pseudomonas_aeruginosa	1
C12H9N3O5S	Desulfovibrio_africanus	1
C15H11N3O3	Clostridium_leptum	1
C6H6N4O4	Escherichia_coli	1
C8H6N4O5	Escherichia_coli	1
C14H27NO	Serratia_marcescens	1
C21H22O8	Escherichia_coli	1
C14H14O4	Pseudomonas_aeruginosa	1
C14H14O4	Stenotrophomonas_maltophilia	1
C18H37N	Pseudomonas_aeruginosa	1
C16H18FN3O3	Stenotrophomonas_maltophilia	1
C23H31NO3	Staphylococcus_aureus	1
C23H31NO3	Staphylococcus_epidermidis	1
C14H18O2	Pseudomonas_aeruginosa	1
C6H17N3	Bacillus_subtilis	1
C6H17N3	Escherichia_coli	1
C6H17N3	Pseudomonas_aeruginosa	1
C6H17N3	Acinetobacter_baumannii	1
C6H17N3	Klebsiella_pneumoniae	1
C6H17N3	Staphylococcus_aureus	1
C6H17N3	Streptococcus_mutans	1
C31H36N2O11	Staphylococcus_aureus	1
C102H167N33O20	Pseudomonas_aeruginosa	1
C47H75NO17	Candida_albicans	1
C16H15Cl2NO3	Staphylococcus_aureus	1
C16H15Cl2NO3	Staphylococcus_epidermis	1
C25H42O5	Enterococcus_faecalis_(Streptococcus_faecalis)	1
C25H42O5	Pseudomonas_aeruginosa	1
C25H42O5	Staphylococcus_aureus	1
C25H42O5	Staphylococcus_epidermidis	1
C25H42O5	Streptococcus_mutans	1
C8H20N2	Serratia_marcescens	1
C15H22O5	Enterococcus_faecalis_(Streptococcus_faecalis)	1
C15H22O5	Pseudomonas_aeruginosa	1
C15H22O5	Staphylococcus_aureus	1
C15H22O5	Staphylococcus_epidermidis	1
C15H22O5	Streptococcus_mutans	1
C14H25NO4	Burkholderia_pseudomallei	1
C12H21NO4	Burkholderia_pseudomallei	1
C30H48O3	Staphylococcus_aureus	1
C30H48O3	Mycobacterium_smegmatis	1
C18H34O2	Pseudomonas_aeruginosa	1
C24H26N6O3	Bacillus_subtilis	1
C16H28N2O4	Influenza_A_virus	1
C49H88N14O14S2	Candida_albicans	1
C49H88N14O14S2	Candida_dubliniensis	1
C49H88N14O14S2	Candida_glabrata	1
C49H88N14O14S2	Candida_krusei	1
C19H19N3O5S	Streptococcus_pneumoniae	1
C19H19N3O5S	Clostridium_perfringens	1
C19H19N3O5S	Staphylococcus_aureus	1
C13H16N2O	Porphyromonas_gingivalis	1
C18H13Cl4N3O	Candida_albicans	1
C14H12O4	Pseudomonas_aeruginosa	1
C14H12O4	Staphylococcus_aureus	1
C22H24N2O9	Escherichia_coli	1
C22H24N2O9	Enteric_bacteria_and_other_eubacteria	1
C22H24N2O9	Propionibacterium_acnes	1
C142H247N45O32	Staphylococcus_aureus	1
C233H376N70O71	Streptococcus_mutans	1
C16H32O2	Escherichia_coli	1
C16H32O2	Pseudomonas_aeruginosa	1
C23H45NO4	Escherichia_coli	1
C23H45NO4	Pseudomonas_aeruginosa	1
C107H196N28O30	Escherichia_coli	1
C107H196N28O30	Klebsiella_pneumoniae	1
C16H15F2N3O4S	Bacillus_subtilis	1
C7H9NO	Pseudomonas_aeruginosa	1
C6H4O2	Burkholderia_cenocepacia	1
C6H4O2	Burkholderia_multivorans	1
C8H11NO	Pseudomonas_aeruginosa	1
C23H45N5O14	Thermus_thermophilus	1
C7H6O4	Achromobacter_xylosoxidans	1
C7H6O4	Halomonas_pacifica	1
C7H6O4	Marinobacter_hydrocarbonoclasticus	1
C9H8O3	Escherichia_coli	1
C9H8O3	Pseudomonas_aeruginosa	1
C17H20FN3O3	Staphylococcus_aureus	1
C17H20FN3O3	Haemophilus_influenzae	1
C15H11O5	Pseudomonas_aeruginosa	1
C10H15N5O3	Human_herpesvirus_1	1
C16H27NO4	Candida_albicans	1
C16H27NO4	Pseudomonas_aeruginosa	1
C16H27NO4	Staphylococcus_aureus	1
C16H25NO3	Candida_albicans	1
C16H25NO3	Pseudomonas_aeruginosa	1
C16H25NO3	Staphylococcus_aureus	1
C16H25NO4	Candida_albicans	1
C16H25NO4	Pseudomonas_aeruginosa	1
C16H25NO4	Staphylococcus_aureus	1
C7H8O3	Bacillus_cereus	1
C7H8O3	Bacillus_subtilis	1
C7H8O3	Achromobacter_sp.	1
C7H8O3	Achromobacter_xylosoxidans	1
C7H8O3	Pseudomonas_aeruginosa	1
C16H18N2O4S	Listeria_monocytogenes	1
C41H32O26	Pseudomonas_aeruginosa	1
C41H32O26	Staphylococcus_aureus	1
C5H12O	Candida_albicans	1
C62H108O7	Staphylococcus_aureus	1
C62H108O7	Aeromonas_hydrophila	1
C62H108O7	Pseudomonas_aeruginosa	1
C48H95N13O8	Candida_albicans	1
C55H101N23O9	Burkholderia_cenocepacia	1
C55H101N23O9	Listeria_monocytogenes	1
C55H101N23O9	Pseudomonas_aeruginosa	1
C88H150N36O20S4	Cryptococcus_neoformans	1
C14H10	Escherichia_coli	1
C14H10	Klebsiella_pneumoniae	1
C14H10	Proteus_mirabilis	1
C14H10	Proteus_vulgaris	1
C14H10	Serratia_marcescens	1
C12H12N2O3	Candida_albicans	1
C14H22O	Serratia_marcescens	1
C16H18N2O5S	Escherichia_coli	1
C16H18N2O5S	Lysinibacillus_sphaericus	1
C16H18N2O5S	Clostridium_perfringens	1
C16H18N2O5S	Staphylococcus_aureus	1
C25H30N6O2	Escherichia_coli	1
C25H30N6O2	Pseudomonas_aeruginosa	1
C25H30N6O2	Staphylococcus_aureus	1
C15H12N2O2	Candida_albicans	1
C15H14O5	Escherichia_coli	1
C15H14O5	Staphylococcus_aureus	1
C21H24O10	Staphylococcus_aureus	1
O4P	Escherichia_coli	1
C3H8NO6P	Staphylococcus_aureus	1
C3H8NO6P	Staphylococcus_epidermis	1
C98H155N25O22	Staphylococcus_aureus	1
C6H5NO2	Pseudomonas_aeruginosa	1
C15H26O	Pseudomonas_aeruginosa	1
C23H27N5O7S	Streptococcus_pneumoniae	1
C23H27N5O7S	Listeria_monocytogenes	1
C23H27N5O7S	Pseudomonas_aeruginosa	1
C34H41N9O12S2	Pseudomonas_aeruginosa	1
C34H41N9O12S2	Candida_spp.	1
C22H29N3O6S	Clostridium_perfringens	1
C25H32O9	Pseudomonas_aeruginosa	1
C100H179N37O16	Streptococcus_mutans	1
C100H179N37O16	Enterococcus_faecium_(Streptococcus_faecium)	1
C100H179N37O16	Escherichia_coli	1
C100H179N37O16	Propionibacterium_acnes	1
C100H179N37O16	Pseudomonas_aeruginosa	1
C100H179N37O16	Staphylococcus_aureus	1
C13H16O13S	Candida_albicans	1
C9H11NO5	Proteus_mirabilis	1
C2H8N2O3S	Acinetobacter_baumannii	1
C2H8N2O3S	Candida_albicans	1
C2H8N2O3S	Staphylococcus_aureus	1
C2H8N2O3S	Staphylococcus_epidermis	1
C56H98N16O13	Stenotrophomonas_maltophilia	1
C32H60O10	Stenotrophomonas_maltophilia	1
C37H42F2N8O4	Candida_albicans	1
C6H9I2NO	Staphylococcus_aureus	1
C19H24N2O2	Schistosoma	1
C7H12N2O3	Pseudomonas_aeruginosa	1
C31H46O4	Staphylococcus_aureus	1
C31H46O4	Staphylococcus_epidermidis	1
C3H6OS	Streptococcus_mutans	1
C10H12O5	Enterococcus_faecalis_(Streptococcus_faecalis)	1
C10H12O5	Pseudomonas_aeruginosa	1
C10H12O5	Staphylococcus_aureus	1
C10H12O5	Staphylococcus_epidermidis	1
C10H12O5	Streptococcus_mutans	1
C7H6O4	Pseudomonas_aeruginosa	1
C16H21NO2	Streptococcus_mutans	1
C11H6O3	Pseudomonas_aeruginosa	1
C71H117N15O15	Staphylococcus_aureus	1
C5H5N3O	Mycobacterium_tuberculosis	1
C12H13ClN4	Plasmodium_falciparum	1
C21H13BrN2O3S	Staphylococcus_aureus	1
C21H13BrN2O3S	Staphylococcus_epidermidis	1
C21H13BrN2O3S	Streptococcus_pneumoniae	1
C6H6O3	Vibrio_anguillarum	1
C6H6O3	Vibrio_campbellii	1
C6H6O3	Vibrio_cholerae	1
C6H6O3	Vibrio_vulnificus	1
C75H70N6O6	Candida_albicans	1
C15H10O7	Escherichia_coli	1
C15H10O7	Vibrio_harveyi	1
C15H10O7	Pseudomonas_aeruginosa	1
C15H14O9	Staphylococcus_aureus	1
C21H18O13	Staphylococcus_aureus	1
C20H24N2O2	Plasmodium_falciparum	1
C9H7NO	Serratia_marcescens	1
C53H67N9O10S	Escherichia_coli	1
C53H67N9O10S	Enteric_bacteria_and_other_eubacteria	1
C53H67N9O10S	Shigella_flexneri	1
C20H21FN6O5	Human_immunodeficiency_virus_1	1
C33H40N2O9	Streptococcus_mutans	1
C6H6O2	Staphylococcus_aureus	1
C14H12O3	Burkholderia_cenocepacia	1
C14H12O3	Burkholderia_multivorans	1
C14H12O3	Pseudomonas_aeruginosa	1
C14H12O3	Escherichia_coli	1
C14H12O3	Staphylococcus_aureus	1
C15H8O6	Streptococcus_mutans	1
C15H8O6	Pseudomonas_aeruginosa	1
C15H8O6	Stenotrophomonas_maltophilia	1
C26H34O6	Propionibacterium_acnes	1
C103H178N34O28	Burkholderia_pseudomallei	1
C8H12N4O5	Influenza_A_virus	1
C8H12N4O5	Dengue_Virus_Type_2	1
C8H12N4O5	Human_parainfluenza_virus_type_2	1
C8H12N4O5	Escherichia_coli	1
C51H64N4O13	Escherichia_coli	1
C43H58N4O12	Staphylococcus_epidermidis	1
C43H58N4O12	Escherichia_coli	1
C43H58N4O12	Staphylococcus_aureus	1
C47H64N4O12	Mycobacterium_tuberculosis	1
C22H18N6	Human_immunodeficiency_virus_1	1
C12H21N	Influenza_A_virus	1
C37H48N6O5S2	Human_immunodeficiency_virus_1	1
C37H48N6O5S2	Human_immunodeficiency_virus	1
C106H191N35O26	Burkholderia_pseudomallei	1
C141H245N45O35	Burkholderia_pseudomallei	1
C169H292N54O45	Burkholderia_pseudomallei	1
C36H47N9O10	Staphylococcus_aureus	1
C42H62N10O10	Staphylococcus_aureus	1
C42H62N10O10	Staphylococcus_epidermidis	1
C18H16O8	Pseudomonas_aeruginosa	1
C18H16O8	Aeromonas_hydrophila	1
C17H14N2O3	Escherichia_coli	1
C126H164N38O21	Escherichia_coli	1
C83H139N29O17S2	Burkholderia_pseudomallei	1
C103H180N36O26S3	Staphylococcus_epidermidis	1
C17H18FN3O3S	Stenotrophomonas_maltophilia	1
C18H13N3O	Campylobacter_jejuni	1
C27H30O16	Escherichia_coli	1
C27H30O16	Vibrio_harveyi	1
C27H30O16	Pseudomonas_aeruginosa	1
C5H13ClN2O2S	Streptococcus_mutans	1
C5H13ClN2O2S	Streptococcus_sanguis	1
C6H8N2O2S2	Streptococcus_mutans	1
C7H9NO2S2	Actinomyces_oris	1
C7H9NO2S2	Streptococcus_mutans	1
C10H13NO2S	Actinomyces_oris	1
C10H13NO2S	Streptococcus_mutans	1
C10H13NO2S	Streptococcus_sanguis	1
C88H118N22O12	Streptococcus_mutans	1
C88H118N22O12	Streptococcus_sanguinis	1
C7H6O3	Candida_albicans	1
C7H6O3	Enterobacter_aerogenes	1
C7H6O3	Enterococcus_faecalis_(Streptococcus_faecalis)	1
C7H6O3	Klebsiella_pneumoniae	1
C7H6O3	Pseudomonas_aeruginosa	1
C20H14NO4+	Staphylococcus_aureus	1
C20H14NO4+	Staphylococcus_epidermidis	1
C38H50N6O5	Human_immunodeficiency_virus_1	1
C38H50N6O5	Human_immunodeficiency_virus	1
C5H9NO4S	Actinomyces_oris	1
C5H9NO4S	Streptococcus_mutans	1
C10H8O4	Escherichia_coli	1
C30H18O10	Streptococcus_mutans	1
C20H15Cl3N2OS	Candida_albicans	1
C5H11NO2S	Streptococcus_mutans	1
C5H11NO2S	Streptococcus_sanguis	1
C16H16O5	Pseudomonas_aeruginosa	1
C16H16O5	Stenotrophomonas_maltophilia	1
C97H137N23O27S4	Enterococcus_faecalis_(Streptococcus_faecalis)	1
C6H7AgO7	Staphylococcus_aureus	1
Ag+	Pseudomonas_aeruginosa	1
AgNO3	Burkholderia_cepacia	1
AgNO3	Escherichia_coli	1
AgNO3	Kocuria_rhizophila	1
AgNO3	Pseudomonas_aeruginosa	1
AgNO3	Staphylococcus_aureus	1
AgNO3	Staphylococcus_epidermidis	1
C10H9AgN4O2S	Staphylococcus_aureus	1
AgO4S	Staphylococcus_aureus	1
C38H47N5O7S2	Hepatitis_C_Virus	1
C11H12O5	Escherichia_coli	1
C15H23N7O5	Streptococcus_pneumoniae	1
C20H20O7	Escherichia_coli	1
C129H173N39O20	Streptococcus_mutans	1
C157H214N42O24	Streptococcus_mutans	1
C133H181N39O22	Streptococcus_mutans	1
C146H260N52O32	Pseudomonas_aeruginosa	1
C146H260N52O32	Staphylococcus_aureus	1
C146H260N52O32	Stenotrophomonas_maltophilia	1
C146H260N52O32	Burkholderia_thailandensis	1
C4H9NO2S	Streptococcus_mutans	1
C4H9NO2S	Streptococcus_sanguis	1
C6H7NaO6	Pseudomonas_aeruginosa	1
ClNa	Pseudomonas_fluorescens	1
Na2O4S	Pseudomonas_fluorescens	1
C6H14O6	Actinoplanes_missouriensis	1
C6H14O6	Arthrobacter_sp.	1
C6H14O6	Escherichia_coli	1
C6H14O6	Streptomyces_rubiginosus	1
C11H13BrN2O6	Bacteroides	1
C11H13BrN2O6	Bacteroides_eggerthii	1
C11H13BrN2O6	Bacteroides_vulgatus	1
C56H94N14O18	Pseudomonas_aeruginosa	1
C56H94N14O18	Staphylococcus_aureus	1
C10H26N4	Vibrio_cholerae	1
C9H11NO2S	Actinomyces_oris	1
C9H11NO2S	Streptococcus_mutans	1
C9H11NO2S	Streptococcus_sanguis	1
C9H11NO3S	Pseudomonas_aeruginosa	1
C6H13NO2S	Streptococcus_mutans	1
C22H38N2	Mycobacterium_tuberculosis	1
C61H92N14O20	Streptococcus_mutans	1
C10H12N2O4	Human_immunodeficiency_virus_1	1
C18H36O2	Vibrio_cholerae	1
C14H12	Escherichia_coli	1
C21H39N7O12	Escherichia_coli	1
C21H39N7O12	Staphylococcus_aureus	1
C21H39N7O12	Pseudomonas_aeruginosa	1
C25H33N3O	Staphylococcus_aureus	1
C152H226N38O45S3	Escherichia_coli	1
C152H226N38O45S3	Gardnerella_vaginalis	1
C152H226N38O45S3	Listeria_monocytogenes	1
C12H22O11	Campylobacter_jejuni	1
C8H11NO5S	Staphylococcus_aureus	1
C18H16Cl3N3O3S	Candida_albicans	1
C8H10N2O3S	Escherichia_coli	1
C8H10N2O3S	Baker's_yeast	1
C8H10N2O3S	Dihydropteroate_synthase_type-1	1
C12H14N4O3S	Escherichia_coli	1
C10H10N4O2S	Plasmodium_falciparum	1
C12H14N4O4S	Plasmodium_falciparum	1
C11H12N4O3S	Plasmodium_falciparum	1
C11H12N4O2S	Escherichia_coli	1
C12H14N4O2S	Escherichia_coli	1
C9H10N4O2S2	Escherichia_coli	1
C10H11N3O3S	Escherichia_coli	1
C11H13N3O3S	Plasmodium_falciparum	1
C6H8N2O2S	Escherichia_coli	1
C15H14N4O2S	Escherichia_coli	1
C9H9N3O2S2	Plasmodium_falciparum	1
C11H13N3O3S	Escherichia_coli	1
C9H10O5	Escherichia_coli	1
C99H155N33O19S4	Pseudomonas_aeruginosa	1
C76H52O46	Proteus_mirabilis	1
C76H52O46	Pseudomonas_aeruginosa	1
C76H52O46	Escherichia_coli	1
C2H7NO3S	Actinomyces_oris	1
C2H7NO3S	Streptococcus_mutans	1
C2H7NO3S	Streptococcus_sanguis	1
C10H12N4O5S	Salmonella_Typhi	1
C10H12N4O5S	Escherichia_coli	1
C89H99Cl2N9O33	Staphylococcus_aureus	1
C36H53N7O6	Hepatitis_C_Virus	1
C43H65N5O10	Enteric_bacteria_and_other_eubacteria	1
O3Te-2	Pseudomonas_aeruginosa	1
C19H30N5O10P	Human_immunodeficiency_virus_1	1
C26H31Cl2N5O3	Candida_albicans	1
C10H18O	Pseudomonas_putida	1
C78H141N31O14S	Pseudomonas_aeruginosa	1
C77H107N25O11S	Pseudomonas_aeruginosa	1
C77H107N25O11S	Staphylococcus_aureus	1
C83H139N31O14S	Pseudomonas_aeruginosa	1
CHN4	Pseudomonas_aeruginosa	1
C11H17NS	Candida_albicans	1
C11H17NS	Streptococcus_mutans	1
C9H9HgNaO2S	Candida_albicans	1
C5H3BrOS	Escherichia_coli	1
C32H55BrN4O	Candida_albicans	1
C15H16N2O6S2	Staphylococcus_aureus	1
C29H39N5O8	Escherichia_coli	1
C29H39N5O8	Enteric_bacteria_and_other_eubacteria	1
C29H39N5O8	Staphylococcus_aureus	1
C30H26O13	Staphylococcus_aureus	1
C13H24N4O3S	Enterobacteria_phage_T4	1
C16H13Cl3N2OS	Candida_albicans	1
C31H33F3N2O5S	Human_immunodeficiency_virus_1	1
C31H33F3N2O5S	Human_immunodeficiency_virus	1
O2Ti	Escherichia_coli	1
C22H38ClNO5	Candida_albicans	1
C41H74O15	Candida_albicans	1
C18H37N5O9	Mycobacterium_tuberculosis	1
C18H37N5O9	Escherichia_coli	1
C18H37N5O9	Pseudomonas_aeruginosa	1
C18H37N5O9	Enteric_bacteria_and_other_eubacteria	1
C18H37N5O9	Burkholderia_cenocepacia	1
C18H37N5O9	Burkholderia_multivorans	1
C18H37N5O9	Staphylococcus_aureus	1
C18H37N5O9	Stenotrophomonas_maltophilia	1
C26H28ClNO	Candida_albicans	1
C26H28ClNO	Candida_dubliniensis	1
C26H28ClNO	Candida_glabrata	1
C26H28ClNO	Candida_krusei	1
C26H28ClNO	Pseudomonas_aeruginosa	1
C26H28ClNO	Staphylococcus_aureus	1
C26H28ClNO	Staphylococcus_epidermidis	1
C9H16O	Vibrio_cholerae	1
C9H16O	Vibrio_harveyi	1
C5H8O	Vibrio_cholerae	1
C5H8O	Vibrio_harveyi	1
C12H7Cl3O2	Streptococcus_mutans	1
C12H7Cl3O2	Bacillus_anthracis	1
C12H7Cl3O2	Escherichia_coli	1
C12H7Cl3O2	Helicobacter_pylori	1
C12H7Cl3O2	Mycobacterium_tuberculosis	1
C12H7Cl3O2	Staphylococcus_aureus	1
C124H228Br10O10P10	Enterococcus_faecalis_(Streptococcus_faecalis)	1
C124H228Br10O10P10	Staphylococcus_aureus	1
C124H228Br10N10O10	Enterococcus_faecalis_(Streptococcus_faecalis)	1
C124H228Br10N10O10	Staphylococcus_aureus	1
C24H29N7O6S	Stenotrophomonas_maltophilia	1
C18H16O5	Vibrio_harveyi	1
C18H34Br2N2O2	Enterococcus_faecalis_(Streptococcus_faecalis)	1
C18H34Br2N2O2	Staphylococcus_aureus	1
C18H34Br2O2P2	Enterococcus_faecalis_(Streptococcus_faecalis)	1
C18H34Br2O2P2	Staphylococcus_aureus	1
C94H168Br10O10P10	Enterococcus_faecalis_(Streptococcus_faecalis)	1
C94H168Br10O10P10	Staphylococcus_aureus	1
C94H168Br10N10O10	Enterococcus_faecalis_(Streptococcus_faecalis)	1
C94H168Br10N10O10	Staphylococcus_aureus	1
C20H15F3N4O3	Haemophilus_influenzae	1
C8H10O2	Candida_albicans	1
C8H10O2	Candida_glabrata	1
C8H10O2	Streptococcus_mutans	1
C18H22N2O	Candida_albicans	1
C16H14ClN3O2	Candida_albicans	1
C11H17NO2S	Pseudomonas_aeruginosa	1
C11H22O2	Escherichia_coli	1
C11H22O2	Klebsiella_pneumoniae	1
C11H22O2	Proteus_mirabilis	1
C11H22O2	Proteus_vulgaris	1
C11H22O2	Serratia_marcescens	1
C23H44O11	Pseudomonas_aeruginosa	1
C4H4N2O2	Escherichia_coli	1
C4H4N2O2	Human_herpesvirus_1	1
C30H48O3	Pseudomonas_aeruginosa	1
C30H48O3	Vibrio_harveyi	1
C18H16O7	Candida_albicans	1
C66H75Cl2N9O24	Amycolatopsis_orientalis	1
C66H75Cl2N9O24	Staphylococcus_aureus	1
C66H75Cl2N9O24	Enterococcus_faecalis_(Streptococcus_faecalis)	1
C66H75Cl2N9O24	Enterococcus_faecium_(Streptococcus_faecium)	1
C66H75Cl2N9O24	Candida_spp.	1
C66H75Cl2N9O24	Staphylococcus_capitis	1
C66H75Cl2N9O24	Staphylococcus_caprae	1
C66H75Cl2N9O24	Staphylococcus_chromogenes	1
C66H75Cl2N9O24	Staphylococcus_cohnii	1
C66H75Cl2N9O24	Staphylococcus_epidermidis	1
C8H8O4	Escherichia_coli	1
C8H8O3	Aeromonas_hydrophila	1
C8H8O3	Escherichia_coli	1
C11H14O3	Pseudomonas_aeruginosa	1
C27H38N2O4	Mycobacterium_tuberculosis	1
C10H13N5O4	Human_herpesvirus_3	1
C10H13N5O4	Human_herpesvirus_1	1
C10H13N5O4	Human_herpesvirus_4	1
C25H43N13O10	Mycobacterium_tuberculosis	1
C28H35N3O7	Enterococcus_faecium_(Streptococcus_faecium)	1
C16H13NO4	Acinetobacter_nosocomialis	1
C6H8O6	Escherichia_coli	1
C29H50O2	Escherichia_coli	1
C21H20O10	Pseudomonas_aeruginosa	1
C16H14F3N5O	Candida_albicans	1
C83H115N17O12	Enterococcus_faecalis_(Streptococcus_faecalis)	1
C87H124N18O14	Enterococcus_faecalis_(Streptococcus_faecalis)	1
C16H22Cl2N2O2S	Candida_albicans	1
C19H16N2O2	Candida_albicans	1
C21H27ClN2O3	Candida_albicans	1
C9H13N3O3	Human_immunodeficiency_virus_1	1
C12H20N4O7	Influenza_A_virus	1
C12H20N4O7	Influenza_B_virus	1
C40H56O2	Pseudomonas_aeruginosa	1
C10H13N5O4	Human_immunodeficiency_virus_1	1
Zn	Escherichia_coli	1
ZnCl2	Pseudomonas_aeruginosa	1
Zn(NO3)2	Pseudomonas_aeruginosa	1
ZnO	Escherichia_coli	1
ZnO	Pseudomonas_aeruginosa	1
ZnO	Staphylococcus_aureus	1
O4SZn	Burkholderia_cepacia	1
O4SZn	Escherichia_coli	1
O4SZn	Kocuria_rhizophila	1
O4SZn	Pseudomonas_aeruginosa	1
O4SZn	Staphylococcus_aureus	1
O4SZn	Staphylococcus_epidermidis	1
C18H18ClNOS	Candida_albicans	1
C18H33ClN2O5S	Bacillus_cereus	0
C20H16O2	Clostridium_pasteurianum	0
C9H9N3O2S2	Shigella_flexneri	0
C68H106N16O10	Eggerthella_lenta	0
Zn(NO3)2	Obesumbacterium_proteus	0
C93H135N21O25	Desulfovibrio_africanus	0
C19H17N3O	Candida_dubliniensis	0
C15H22O3	Coagulase-_negative_staphylococci	0
C112H186N38O24S2	Streptococcus_sanguinis	0
C20H15Cl3N2OS	Streptococcus_sanguis	0
C91H133N21O24	Arthrobacter_sp.	0
C11H12Br2O4	Staphylococcus_saprophyticus	0
Zn(NO3)2	Eubacterium_ramulus	0
CuO4S	Enterobacter_ludwigi	0
C13H23NO2S	Lysinibacillus_sphaericus	0
C13H6Cl6O2	Streptococcus_sobrinus	0
C22H20O4	Enterococcus_gallinarum	0
C8H11N3O3S	Raoultella_ornithinolytica	0
C56H95N25O14S	Pseudomonas_japonica	0
C6H10OS2	Serratia_liquefaciens	0
C3H8N2O2	Achromobacter_sp.	0
C13H10ClN3O5	Mycobacterium_tuberculosis	0
C7H6O3	Bacillus_amyloliquefaciens	0
C7H6O3	Human_herpesvirus_3	0
C13H12N2O5S	Porphyromonas_gingivalis	0
C18H16	Desulfovibrio_africanus	0
C16H17N3O7S2	Candida_tropicalis	0
C12H22O2	Pantoea_agglomerans	0
C10H12N4O3	Pseudomonas_libaniensis	0
C16H18OS2	Streptococcus_pneumoniae	0
C21H26O5	Listeria_monocytogenes_serotype_4a	0
C19H21ClFN3O3	Providencia_stuartii	0
C19H17N3O	Staphylococcus_saprophyticus	0
C42H69NO15	Streptococcus_sanguis	0
C18H24F3N3	Hepatitis_C_Virus	0
C13H11ClN2O3	Kocuria_rhizophila	0
C22H18O11	Klebsiella_planticola	0
C31H46O4	Eubacterium_ramulus	0
C6H13NO2S	Pseudomonas_putida	0
C4H2Cl2O3	Enterococcus_gallinarum	0
C61H98N22O10	Salmonella_Typhi	0
C20H24Cl2F3NO2	Bacillus_licheniformis	0
C23H37NO5	Varicella-zoster_virus	0
C6H8O6	Mycobacterium_tuberculosis	0
C98H155N25O22	Klebsiella_variicola	0
C9H6FN	Streptococcus_pneumoniae_serotype_4	0
C15H14N4O2S	Providencia_stuartii	0
C71H109N27O14	Obesumbacterium_proteus	0
C21H20O12	Yersinia_enterocolitica	0
CrO4-2	Streptococcus_pneumoniae_serotype_4	0
C16H17N3O4S	Aspergillus_niger	0
C23H45N5O14	Human_parainfluenza_virus_type_2	0
C6H7NaO6	Klebsiella_variicola	0
C22H22N2O8	Listeria_monocytogenes_serotype_4a	0
C16H14O3	Halomonas_pacifica	0
C9H9I2NO3	Streptococcus_gordonii	0
C6H6O4	Pseudomonas_japonica	0
C53H101N16NaO16S	Dihydropteroate_synthase_type-1	0
C9H11NO2	Staphylococcus_epidermidis	0
C7H9N	Hepatitis_C_Virus	0
C9H10O5	Cronobacter_sakazakii	0
C26H20ClN3O3	Staphylococcus_equorum	0
C16H23NO	Dengue_Virus_Type_2	0
C13H10ClFN2O3	Providencia_stuartii	0
Ga+3	Human_immunodeficiency_virus	0
C16H13NO4	Human_immunodeficiency_virus_1	0
C2H4OS	Klebsiella_planticola	0
C52H88N10O15	Hepatitis_C_Virus	0
C2H7NO3S	Enterococcus_faecium_(Streptococcus_faecium)	0
C66H103N17O16S	Hepatitis_C_Virus	0
C16H18N2O4S	Klebsiella_pneumoniae	0
C15H14ClN3O4S	Shigella_flexneri	0
C18H37N	Dengue_Virus_Type_2	0
C20H32O	Stenotrophomonas_maltophilia	0
C4H10OS2	Vibrio_campbellii	0
C74H131N19O14	Edwardsiella_tarda	0
C27H32O15	Staphylococcus_aureus	0
C13H10Br2N4O	Enterobacter_cancerogenus	0
C12H21NO2	Staphylococcus_chromogenes	0
C2H4OS	Aspergillus_niger	0
C14H13ClN2O	Candida_glabrata	0
C14H13ClN2O	Listeria_ivanovii	0
C22H42O11	Campylobacter_jejuni	0
C29H44O5S2	Trueperella_pyogenes	0
C6H14O6	Candida_albicans	0
C21H33NO10	Vibrio_cholerae	0
C7H9NO	Fusarium_solani	0
C42H78N2O14	Serratia_liquefaciens	0
C18H36O2	Streptococcus_parasanguinis	0
C7H7NO3	Streptomyces_gordonii	0
C27H32O15	Staphylococcus_cohnii	0
C37H48N6O5S2	Vibrio_campbellii	0
C12H14N4O2S	Acinetobacter_baumannii	0
C37H67NO13	Acinetobacter_oleiovorans	0
C70H118N28O11	Human_parainfluenza_virus_type_2	0
C50H99N25O13	Firmicutes	0
C5H9NO2	Streptococcus_salivarius	0
C21H20O10	Actinomyces_oris	0
C17H20FN3O3	Bacteroides_vulgatus	0
C10H10O2	Human_herpesvirus_4	0
C16H14O6	Human_herpesvirus_1	0
C13H7Br2Cl2N3O	Enteric_bacteria_and_other_eubacteria	0
C7H6O4	Burkholderia_pseudomallei	0
C13H10BrN5O3	Candida_krusei	0
C182H273N57O38	Staphylococcus_saprophyticus	0
C21H30O4	Burkholderia_cenocepacia	0
C13H17N5O8S2	Bacteroides	0
C6H6O4	Proteus_mirabilis	0
C9H17NO6	Candida_krusei	0
C11H17NO2S	Acinetobacter_nosocomialis	0
C54H65N15O7	Lactobacillus_fermenti	0
C10H19BrO2	Streptococcus_pneumoniae	0
C63H103N21O11	Serratia_marcescens	0
C10H26N4	Pichia_anomala	0
C15H18N4O5	Streptomyces_gordonii	0
C13H16ClNO6	Desulfovibrio_africanus	0
C14H13ClN2O	Pseudomonas_aeruginosa	0
C27H36FNO	Shigella_flexneri	0
C26H17F3N2O4	Aspergillus_fumigatus	0
C9H6FN	Vibrio_vulnificus	0
C68H91N25O8	Raoultella_ornithinolytica	0
C16H19N3O4S	Vibrio_harveyi	0
C20H30O3	Fusarium_solani	0
C8H7NO	Mycobacterium_avium	0
C6H4O2	Varicella-zoster_virus	0
C131H228N38O32	Streptococcus_mitis	0
C50H99N25O13	Micrococcus_luteus	0
C27H24ClN3O3	Candida_dubliniensis	0
C30H48O3	Pseudomonas_libaniensis	0
C26H21NO3	Staphylococcus_chromogenes	0
C16H19N3O4S	Listeria_monocytogenes_serotype_4a	0
C12H13ClN2O2S	Burkholderia_cepacia	0
C36H53N7O6	Human_herpesvirus_5	0
C49H88N14O14S2	Serratia_liquefaciens	0
C31H44O12	Enterobacter_ludwigi	0
C9H9N3O2S2	Vibrio_campbellii	0
C3H7NO5S	Enterobacter_aerogenes	0
C15H20N2O6	Streptococcus_mitis	0
C6H9N3O3	Enterobacter_cancerogenus	0
C35H60O12	Streptococcus_parasanguinis	0
C4H3FN2O2	Human_herpesvirus_4	0
C8H9BO4	Bacillus_subtilis	0
C51H69N19O6	Human_herpesvirus_5	0
C12H17N5O2S	Eggerthella_lenta	0
C12H22O2	Enterobacter_cloacae	0
C16H15Cl2NO3	Streptococcus_gordonii	0
C106H191N35O26	Lactobacillus_fermenti	0
C9H10BrNO2	Bacillus_licheniformis	0
C31H48O6	Burkholderia_multivorans	0
C3H7NO2	Enterococcus_faecalis_(Streptococcus_faecalis)	0
C13H12Cl2O3S	Streptococcus_pyogenes	0
C72H101N17O26	Obesumbacterium_proteus	0
C17H28O6	Burkholderia_cepacia	0
Cd+2	Gardnerella_vaginalis	0
C21H24ClNO10	Influenza_A_virus	0
C18H14Cl4N2O	Chromobacterium_violaceum	0
C11H14Br2O2	Human_herpesvirus_3	0
C3H7NO2	Pseudomonas_aeruginosa	0
C24H30O4	Enterobacter_ludwigi	0
GaN3O9	Pantoea_agglomerans	0
C14H24N2O10	Gardnerella_vaginalis	0
C14H13N3O4	Streptococcus_pneumoniae_serotype_4	0
C3H7N	Streptococcus_sanguinis	0
C16H27NO4	Proteus_vulgaris	0
C9H6FN	Mycobacterium_leprae	0
C4H10O4	Candida_krusei	0
C28H34O15	Staphylococcus_haemolyticus	0
C6H12N2O4S2	Gardnerella_vaginalis	0
C4H4FN3O	Thermus_thermophilus	0
C14H13ClN2O3	Baker's_yeast	0
C18H13N3O	Listeria_monocytogenes	0
C14H23NO2S	Stenotrophomonas_maltophilia	0
C12H17N5O2S	Francisella_novicida	0
C10H13NO	Hepatitis_B_virus_D	0
C157H214N42O24	Burkholderia_pseudomallei	0
C28H24O4	Mycobacterium_leprae	0
C4H2Cl2O3	Vibrio_vulnificus	0
C72H95N25O12	Fusarium_solani	0
C18H16O5	Escherichia_coli_O6:H1_(strain_CFT073_/_ATCC_700928_/_UPEC)	0
C14H14O4	Aggregatibacter_actinomycetemcomitans	0
C15H12O	Eikenella_corrodens	0
C11H13N3O3S	Candida_dubliniensis	0
C24H26O6	Streptococcus_pneumoniae	0
C6H4O2	Streptococcus_pneumoniae	0
C17H21Cl2NO3	Trichophyton_mentagrophytes	0
C15H18N4O5	Enteric_bacteria_and_other_eubacteria	0
C205H340N60O53	Achromobacter_sp.	0
C10H20O	Arthrobacter_sp.	0
C22H23ClN6O	Cryptococcus_neoformans	0
C13H12Cl2O3S	Salmonella_enterica	0
C23H37NO5	Bacillus_licheniformis	0
C11H15NO3S	Streptomyces_gordonii	0
C25H33N3O	Candida_guiliermondi	0
C48H95N13O8	Mycobacterium_tuberculosis	0
C6H7N3O	Schistosoma	0
C25H22O10	Staphylococcus_saprophyticus	0
C15H10O5	Acinetobacter_oleiovorans	0
C15H10O6	Candida_spp.	0
C15H12N2O2	Streptomyces_sp.	0
C22H38ClNO5	Enterobacteria_phage_T4	0
C15H10O3	Aeromonas_hydrophila	0
C6H6N2O	Raoultella_ornithinolytica	0
C4H9N	Cronobacter_sakazakii	0
C27H24ClN3O3	Human_herpesvirus_3	0
C7H9NO2S	Burkholderia_cepacia	0
C120H190N30O22	Enterococcus_faecalis_(Streptococcus_faecalis)	0
O3Te-2	Dengue_Virus_Type_2	0
C10H12N4O3	Streptococcus_pyogenes	0
C9H10N2O5	Listeria_monocytogenes_serotype_4a	0
C3H7N	Mycobacterium_tuberculosis	0
C22H30Cl2N10	Streptococcus_pneumoniae	0
C90H159N25O16	Pseudomonas_chlororaphis	0
C7H7BrO2	Enterobacter_cloacae	0
CH4O	Francisella_novicida	0
C15H12O4	Staphylococcus_aureus	0
C15H14N4O2S	Proteus_vulgaris	0
C15H11Br2N3O	Varicella-zoster_virus	0
C16H14O6	Obesumbacterium_proteus	0
C2H8N2O3S	Pseudomonas_libaniensis	0
C11H13Br3O2	Burkholderia_pseudomallei	0
C25H32O9	Mycobacterium_avium	0
C6H13N3O3	Clostridium_pasteurianum	0
C22H25N3O7S	Eggerthella_lenta	0
C9H12O2	Mycobacterium_leprae	0
C17H19F2N3O3	Actinomyces_oris	0
C56H94N14O18	Vibrio_harveyi	0
C15H12N2O2	Acinetobacter_oleiovorans	0
C28H34O15	Staphylococcus_epidermidis	0
C6H7N	Sphingomonas_sp._Ibu-2	0
C10H11NO3	Enterococcus_faecalis_(Streptococcus_faecalis)	0
C10H13BrO3	Pseudomonas_japonica	0
C4H11NS	Helicobacter_pylori	0
C18H15Cl3N2O	Gardnerella_vaginalis	0
C12H12N2O3	Actinomyces_oris	0
C8H6N2O2	Achromobacter_xylosoxidans	0
C16H25NO3	Salmonella_Typhi	0
C34H47N13O4	Actinomyces_oris	0
C5H8O4	Acinetobacter_nosocomialis	0
C30H42N12O15S3	Aeromonas_sobria	0
C9H11NO3S	Serratia_liquefaciens	0
C6H14	Listeria_ivanovii	0
C26H22N2O3	Enterobacteria_phage_T4	0
C25H18ClNO	Candida_spp.	0
C9H17NO2	Vibrio_anguillarum	0
C13H21NO2S	Varicella-zoster_virus	0
C151H228N44O40S6	Human_parainfluenza_virus_type_2	0
C18H16O7	Aspergillus_niger	0
C19H22O2	Enterococcus_faecium_(Streptococcus_faecium)	0
C10H5BrClNO3	Dihydropteroate_synthase_type-1	0
C56H98N16O13	Yersinia_enterocolitica	0
C17H18F3N3O3	Salmonella_Typhi	0
C9H12O2	Pseudomonas_chlororaphis	0
C20H24N6O5	Human_herpesvirus_4	0
C47H75NO17	Geobacillus_kaustophilus	0
C14H23NO2	Hepatitis_C_Virus	0
C15H22O5	Burkholderia_cepacia	0
C15H20O3	Mycobacterium_avium	0
C21H13BrN2O3S	Mycobacterium_leprae	0
C49H88N14O14S2	Enterococcus_faecalis_(Streptococcus_faecalis)	0
C21H24ClNO10	Neisseria_gonorrhoeae	0
C20H24FN3O6	Pichia_anomala	0
C56H103N9O39	Propionibacterium_acnes	0
C16H19ClN2O2	Helicobacter_pylori	0
C15H21NO6	Francisella_novicida	0
C9H11NO4	Cryptococcus_neoformans	0
C51H64N4O13	Influenza_B_virus	0
C102H167N33O20	Citrobacter_freundii	0
C14H17ClN4O2S	Listeria_monocytogenes	0
Zn	Hepatitis_B_virus_F	0
C152H249N47O32	Streptococcus_sanguis	0
C14H10O3	Streptococcus_pyogenes	0
C5H2Br2O2	Bacteroides_uniformis	0
C11H6O3	Stenotrophomonas_maltophilia	0
C32H55BrN4O	Eggerthella_lenta	0
C10H17N	Clostridium_pasteurianum	0
C9H13NO2S	Vibrio_anguillarum	0
C20H30O2	Staphylococcus_aureus	0
C16H13Br2N3O3	Listeria_monocytogenes	0
C102H182N28O24	Human_herpesvirus_4	0
C17H19F2N3O3	Aspergillus_niger	0
C19H18ClN3O5S	Campylobacter_jejuni	0
C19H22FN3O3	Marinobacter_hydrocarbonoclasticus	0
C16H13Br2N3O3	Francisella_novicida	0
C18H16O7	Bacillus_anthracis	0
C57H90N20O8	Hepatitis_B_virus_D	0
C14H13N5O3	Human_herpesvirus_4	0
C12H17NO2	Trichophyton_mentagrophytes	0
C14H23NO2	Porphyromonas_gingivalis	0
C20H30O2	Pseudomonas_putida	0
C9H9ClFNO2	Shigella_flexneri	0
C10H14O	Pseudomonas_japonica	0
C11H21NO6	Human_parainfluenza_virus_type_2	0
C25H42O5	Klebsiella_planticola	0
C9H6FN	Enterobacter_ludwigi	0
C25H24N8O7S2	Trueperella_pyogenes	0
C133H195N51O33	Streptomyces_gordonii	0
C25H36N3O9PS	Staphylococcus_epidermidis	0
C15H23N3O3	Desulfovibrio_africanus	0
C19H17Cl3N2S	Enterococcus_gallinarum	0
C20H30O2	Pichia_anomala	0
C32H55BrN4O	Raoultella_ornithinolytica	0
C19H22FN3O3	Streptococcus_salivarius	0
C9H13N3O3	Aquifex_aeolicus	0
C18H13Cl4N3O	Enterobacter_cloacae	0
C10H24N2O2	Streptococcus_parasanguinis	0
C7H6Cl4O3	Human_herpesvirus_1	0
C8H8O4	Eikenella_corrodens	0
C75H146N20O14	Arthrobacter_sp.	0
C6H8N2O2S2	Streptococcus_mitis	0
C22H20ClNO5	Streptococcus_parasanguinis	0
C5H7FO3	Bacteroides_vulgatus	0
C14H10Cl2NNaO2	Micrococcus_luteus	0
C9H9Br2NO3	Dengue_Virus_Type_2	0
C9H9Br3O2	Campylobacter_jejuni	0
C136H211N45O26	Sphingomonas_sp._Ibu-2	0
C14H12Cl2F3NO2	Staphylococcus_capitis	0
C56H71N9O23S	Streptococcus_epidermidis	0
C22H29N3O6S	Coagulase-_negative_staphylococci	0
C15H20O3	Klebsiella_variicola	0
C71H117N15O15	Streptococcus_oralis	0
C131H230N42O23	Candida_albicans	0
C5H13ClN2O2S	Burkholderia_cepacia	0
C27H37O6	Cronobacter_sakazakii	0
C108H176N30O27	Chromobacterium_violaceum	0
C13H21NO2S	Human_herpesvirus_1	0
C22H25N3O7S	Listeria_monocytogenes_serotype_4a	0
C20H32O2	Enterobacter_ludwigi	0
C26H18F3NO2	Streptomyces_sp.	0
AgNO3	Aeromonas_hydrophila	0
C4H9NO2S	Lactobacillus_fermenti	0
C16H25NO4	Candida_guiliermondi	0
C10H13NO2S	Streptococcus_parasanguinis	0
C15H11ClO	Acinetobacter_sp.	0
C7H9NO2S	Desulfovibrio_africanus	0
C12H17NO3	Fusarium_solani	0
C15H10O3	Listeria_monocytogenes_serotype_4a	0
C9H11IN2O5	Aggregatibacter_actinomycetemcomitans	0
C85H143N27O23S9	Burkholderia_thailandensis	0
C12H21NO2	Actinomyces_oris	0
C4H7NO4	Listeria_monocytogenes	0
C24H26N6O3	Actinoplanes_missouriensis	0
C3H8N2O2	Bacillus_licheniformis	0
C23H27N3O7	Streptococcus_pneumoniae	0
C21H18ClNO4	Clostridium_leptum	0
C10H9NO	Yersinia_enterocolitica	0
C30H42O12	Listeria_monocytogenes	0
CHN4	Hafnia_paralvei	0
C15H10O3	Vibrio_anguillarum	0
C22H38ClNO5	Streptococcus_pneumoniae	0
C15H21NO6	Candida_parapsilosis	0
C13H25NO6	Pseudomonas_libaniensis	0
C25H43N13O10	Sphingomonas_sp._Ibu-2	0
C182H273N57O38	Listeria_ivanovii	0
Co+2	Serratia_liquefaciens	0
C10H13BrO3	Enterobacter_cloacae	0
C66H116N26O15	Bacillus_licheniformis	0
C129H173N39O20	Eggerthella_lenta	0
C169H292N54O45	Human_herpesvirus_5	0
C18H30O3S	Actinoplanes_missouriensis	0
C5H7FO3	Staphylococcus_equorum	0
C27H22ClN3O4	Human_herpesvirus_3	0
C11H15NO3S	Varicella-zoster_virus	0
C42H62N10O10	Burkholderia_cenocepacia	0
C29H48O12	Aeromonas_hydrophila	0
C19H18ClN3O5S	Pantoea_agglomerans	0
C7H16ClNO3	Burkholderia_pseudomallei	0
C9H9Br2NO3	Acinetobacter_nosocomialis	0
C19H24N6O5S2	Pseudomonas_fluorescens	0
C167H262N48O50S6	Salmonella_enterica	0
C10H15NO4	Fusarium_solani	0
C48H72O14	Bacteroides_uniformis	0
C10H13NO	Proteus_mirabilis	0
C6H12N2O4S2	Clostridium_leptum	0
C15H8Br2INO2	Enteric_bacteria_and_other_eubacteria	0
C22H18F2N6O2	Hepatitis_B_virus_D	0
C37H48N6O5S2	Plasmodium_falciparum	0
C21H22O4	Baker's_yeast	0
C23H22N2O5	Human_herpesvirus_1	0
C124H228Br10N10O10	Hepatitis_B_virus_D	0
C146H260N52O32	Proteus_vulgaris	0
C75H146N20O14	Klebsiella_pneumoniae	0
C30H16O8	Pseudomonas_putida	0
C85H143N27O23S9	Trueperella_pyogenes	0
C25H30N6O2	Candida_spp.	0
C17H18Cl6O6S2	Aquifex_aeolicus	0
C20H30O2	Mycobacterium_leprae	0
C8H12N2O2	Acinetobacter_baumannii	0
C17H19F2N3O3	Trichophyton_mentagrophytes	0
C8H9NO2	Mycobacterium_smegmatis	0
C34H50N4O9S	Streptococcus_mutans	0
C10H12O2	Actinomyces_oris	0
C9H10FNO2	Enterobacter_ludwigi	0
C21H27ClN2O3	Human_herpesvirus_1	0
C10H14O2	Enterococcus_faecalis_(Streptococcus_faecalis)	0
C35H60O6	Dengue_Virus_Type_2	0
C11H21NO6	Enteric_bacteria_and_other_eubacteria	0
C9H12N2O2	Yersinia_enterocolitica	0
C16H22Cl2N2O2S	Mycobacterium_avium	0
C21H27N5O4S	Staphylococcus_chromogenes	0
C9H10FNO2	Streptomyces_rubiginosus	0
C16H15NO3	Achromobacter_xylosoxidans	0
C11H15NO2	Geobacillus_kaustophilus	0
C15H11ClO	Stenotrophomonas_maltophilia	0
C28H22O6	Burkholderia_pseudomallei	0
C26H21NO2	Pseudomonas_chlororaphis	0
C15H18O10	Pseudomonas_putida	0
C19H17ClFN3O5S	Helicobacter_pylori	0
C17H24ClN3	Shigella_flexneri	0
C21H22O8	Propionibacterium_acnes	0
C30H26O13	Streptomyces_sp.	0
C29H38N4O10	Aeromonas_sobria	0
C17H26O4	Bacteroides_vulgatus	0
C17H14N2O3	Vibrio_campbellii	0
C99H155N33O19S4	Aeromonas_hydrophila	0
C16H17N3O4S	Salmonella_enterica	0
C9H6ClNO	Clostridium_perfringens	0
C22H23ClN6O	Vibrio_cholerae	0
C19H29NO3	Listeria_monocytogenes_serotype_4a	0
C6H6O2	Thermus_thermophilus	0
C20H28O4	Hafnia_paralvei	0
C71H109N27O14	Candida_tropicalis	0
C88H100Cl2N10O28	Lysinibacillus_sphaericus	0
C31H44O12	Coagulase-_negative_staphylococci	0
C157H214N42O24	Clostridium_pasteurianum	0
C20H28N2O5	Aspergillus_fumigatus	0
C32H60O10	Human_immunodeficiency_virus_1	0
C15H11N3O3	Staphylococcus_caprae	0
C23H27N3O7	Staphylococcus_capitis	0
C17H18F3N3O3	Streptomyces_sp.	0
C31H48O6	Listeria_monocytogenes_serotype_4a	0
C32H60O10	Vibrio_parahaemolyticus	0
C12H11NO5	Plasmodium_falciparum	0
C23H27N5O7S	Staphylococcus_chromogenes	0
C11H17NS	Micrococcus_luteus	0
C15H16N2O	Staphylococcus_capitis	0
C22H23ClN6O	Streptococcus_epidermidis	0
C21H24FNO10	Marinobacter_hydrocarbonoclasticus	0
C15H26O	Staphylococcus_epidermis	0
C12H11NO5	Mycobacterium_tuberculosis	0
C15H16N2O6S2	Influenza_B_virus	0
C25H33N3O	Serratia_marcescens	0
C13H16O13S	Influenza_A_virus	0
C49H80N14O17S3	Streptococcus_sobrinus	0
C108H166N30O30	Enterococcus_faecium_(Streptococcus_faecium)	0
C22H18O11	Aeromonas_sobria	0
C21H24BrNO10	Marinobacter_hydrocarbonoclasticus	0
C13H7Br2ClFN3O	Streptococcus_sanguinis	0
C6H7AgO7	Listeria_monocytogenes_serotype_4a	0
C131H228N38O32	Candida_dubliniensis	0
Ga+3	Haemophilus_influenzae	0
C20H20O14	Cronobacter_sakazakii	0
C26H28Cl2N4O4	Eubacterium_ramulus	0
C63H103N21O11	Lactobacillus_fermenti	0
C16H14O2	Enterococcus_faecium_(Streptococcus_faecium)	0
C7H15Cl2N2O2P	Shewanella_oneidensis	0
C20H36O3	Bacteroides_vulgatus	0
C7H9NO3	Cronobacter_sakazakii	0
C42H69NO15	Escherichia_coli	0
C6H7N	Streptococcus_pneumoniae	0
C15H14O9	Streptococcus_sanguinis	0
C2H7ClN2O	Streptococcus_pyogenes	0
C4H8N2O3	Aggregatibacter_actinomycetemcomitans	0
C7H9N	Candida_glabrata	0
C8H10N4O2	Burkholderia_multivorans	0
C6H7AgO7	Arthrobacter_sp.	0
C18H14FNO3S2	Vibrio_harveyi	0
C120H190N30O22	Obesumbacterium_proteus	0
C22H38ClNO5	Neisseria_gonorrhoeae	0
C23H45NO4	Aeromonas_sobria	0
C18H37N5O9	Citrobacter_freundii	0
C22H42O12	Lysinibacillus_sphaericus	0
C15H22O3	Dihydropteroate_synthase_type-1	0
C7H12ClN3O2	Marinobacter_hydrocarbonoclasticus	0
C7H7BrO2	Cronobacter_sakazakii	0
C19H19N3O3	Aspergillus_fumigatus	0
C25H20O9	Streptococcus_salivarius	0
C12H21NO3	Hafnia_alvei	0
C12H11BrO3S	Candida_krusei	0
C20H20O14	Listeria_monocytogenes_serotype_4a	0
C21H18ClNO4	Human_herpesvirus_5	0
C48H95N13O8	Staphylococcus_equorum	0
C14H13ClN2O3	Enterobacter_aerogenes	0
C66H75Cl2N9O24	Achromobacter_xylosoxidans	0
C15H16F3NO2	Amycolatopsis_orientalis	0
C56H94N14O18	Listeria_monocytogenes_serotype_4a	0
C101H171N27O24	Pseudoalteromonas_sp.	0
C94H168Br10O10P10	Coagulase-_negative_staphylococci	0
C9H11NO5	Streptococcus_salivarius	0
C117H191N39O33	Mycobacterium_avium	0
C102H167N33O20	Fusarium_solani	0
C72H95N25O12	Streptococcus_gordonii	0
C6H14	Cryptococcus_neoformans	0
C10H5BrClNO3	Streptomyces_sp.	0
C17H20N2O6S	Candida_spp.	0
C16H13ClN2O	Eggerthella_lenta	0
C22H29N3O6S	Schistosoma	0
C23H44O11	Trichophyton_mentagrophytes	0
C6H9N3O2	Trueperella_pyogenes	0
C21H30O4	Aquifex_aeolicus	0
C25H24O12	Streptococcus_pneumoniae_serotype_4	0
C14H12	Burkholderia_multivorans	0
C25H24O12	Listeria_monocytogenes_serotype_4a	0
C22H27NO11	Hafnia_paralvei	0
C14H23NO2	Bacillus_anthracis	0
C15H10O4	Chromobacterium_violaceum	0
C13H10BrN5O3	Klebsiella_planticola	0
C16H13NO4	Proteus_mirabilis	0
C50H88N28O15	Firmicutes	0
C12H15N3O2S	Staphylococcus_caprae	0
C93H154N28O24	Influenza_B_virus	0
Ga+3	Enterococcus_faecium_(Streptococcus_faecium)	0
C8H6N2O5	Staphylococcus_capitis	0
C6H6O3	Bacillus_anthracis	0
C21H17ClO3S	Streptococcus_gordonii	0
C23H28ClN	Enterococcus_gallinarum	0
C23H37NO10	Kocuria_rhizophila	0
ZnCl2	Escherichia_coli_O6:H1_(strain_CFT073_/_ATCC_700928_/_UPEC)	0
C13H13N5O5S2	Streptococcus_parasanguinis	0
C20H14O3	Streptomyces_rubiginosus	0
C66H116N26O15	Bacteroides	0
C6H7NaO6	Actinoplanes_missouriensis	0
C6H14	Dihydropteroate_synthase_type-1	0
C15H11ClO	Clostridium_leptum	0
C9H6FN	Propionibacterium_acnes	0
C5H9NO3	Shigella_flexneri	0
C9H9HgNaO2S	Staphylococcus_equorum	0
C3H7NO2	Streptomyces_gordonii	0
C58H102N20O11	Hepatitis_B_virus_D	0
C22H32N6O12S2	Klebsiella_variicola	0
C6H3Br2NO3	Pseudomonas_putida	0
C8H11N5O3	Pseudomonas_putida	0
C16H11N3O3S	Stenotrophomonas_maltophilia	0
C101H171N27O24	Burkholderia_multivorans	0
C2H7NO3S	Enterococcus_faecalis_(Streptococcus_faecalis)	0
C28H34O15	Bacteroides_uniformis	0
C10H17NO3	Staphylococcus_saprophyticus	0
C15H16O9	Vibrio_vulnificus	0
C23H22N2O5	Enterobacter_aerogenes	0
C22H26O5	Baker's_yeast	0
C11H22O2	Bacteroides_vulgatus	0
C8H20N2	Haemophilus_influenzae	0
C20H20N6O9S	Streptococcus_salivarius	0
C16H14O6	Trichophyton_mentagrophytes	0
C6H7AgO7	Streptococcus_sanguinis	0
C15H10O2	Porphyromonas_gingivalis	0
C27H30O16	Baker's_yeast	0
C10H16	Streptococcus_sanguinis	0
C42H62N10O10	Sphingomonas_sp._Ibu-2	0
C10H12N2O4	Baker's_yeast	0
C18H16N4O3S2	Streptococcus_salivarius	0
C28H24O4	Aggregatibacter_actinomycetemcomitans	0
C15H12N2O2	Staphylococcus_chromogenes	0
C10H10N4O2S	Kocuria_rhizophila	0
C11H11BrN4O2S	Halomonas_pacifica	0
C35H65N11O9	Enterobacter_ludwigi	0
C12H21NO3	Vibrio_campbellii	0
C15H10O4	Schistosoma	0
C17H33NO6	Pantoea_agglomerans	0
C16H11N3O3S	Vibrio_harveyi	0
C16H15Cl2NO3	Enterococcus_faecium_(Streptococcus_faecium)	0
C10H11NO2	Raoultella_ornithinolytica	0
C9H13N5O4	Achromobacter_sp.	0
C13H16BrNO6	Bacteroides_vulgatus	0
C5H8O	Obesumbacterium_proteus	0
C19H17Cl2N3O5S	Influenza_A_virus	0
C5H3BrO2	Providencia_stuartii	0
C7H5Br3O2	Candida_glabrata	0
C13H16BrNO6	Vibrio_harveyi	0
C28H34O15	Human_immunodeficiency_virus_1	0
C9H10N4O2S2	Staphylococcus_capitis	0
C21H20O6	Streptomyces_gordonii	0
C6H6N4O4	Edwardsiella_tarda	0
C56H95N25O14S	Hafnia_paralvei	0
C98H155N25O22	Burkholderia_thailandensis	0
C8H9NO2	Bacteroides_uniformis	0
C101H171N27O24	Desulfovibrio_africanus	0
C18H34O2	Pantoea_agglomerans	0
C97H170N28O19S	Streptomyces_sp.	0
C9H8O	Escherichia_coli	0
C16H15N5O7S2	Arthrobacter_sp.	0
C17H16F6N2O	Human_parainfluenza_virus_type_2	0
C16H20F3NO2	Aeromonas_sobria	0
C21H30O4	Pseudomonas_libaniensis	0
C19H14Cl2F3NO2	Trueperella_pyogenes	0
C29H28O8	Dihydropteroate_synthase_type-1	0
C36H47N9O10	Burkholderia_pseudomallei	0
C66H116N26O15S2	Vibrio_vulnificus	0
C18H14FNO3S2	Mycobacterium_leprae	0
C11H13NO	Arthrobacter_sp.	0
C68H105N15O11	Klebsiella_planticola	0
C3H6N2O2	Eikenella_corrodens	0
C20H23N5O6S	Candida_guiliermondi	0
C16H15Cl2NO3	Arthrobacter_sp.	0
C8H13NO2S	Vibrio_parahaemolyticus	0
C213H342N54O38	Enterobacter_aerogenes	0
C18H15Cl3N2O	Vibrio_anguillarum	0
C18H36O2	Helicobacter_pylori	0
C23H37NO10	Acinetobacter_sp.	0
C49H88N14O14S2	Mycobacterium_tuberculosis	0
C19H17Cl2N3O5S	Streptomyces_rubiginosus	0
C22H30Cl2N10	Klebsiella_variicola	0
C27H36FNO	Serratia_liquefaciens	0
CH2Cl2	Staphylococcus_haemolyticus	0
C25H24N8O7S2	Vibrio_parahaemolyticus	0
C12H20N4O7	Klebsiella_planticola	0
C8H8O4	Staphylococcus_aureus	0
C11H14N2O3	Burkholderia_multivorans	0
C12H11NO5	Human_herpesvirus_1	0
C27H17F6NO	Enterobacter_ludwigi	0
C7H7NO	Streptococcus_pneumoniae_serotype_4	0
C10H12FNO2	Edwardsiella_tarda	0
C87H127N19O15	Streptomyces_sp.	0
C15H11O5	Streptococcus_salivarius	0
C27H22Cl2N4	Mycobacterium_leprae	0
C16H14ClN3O2	Coagulase-_negative_staphylococci	0
C10H13NO	Listeria_monocytogenes	0
C7H12N2OS	Streptococcus_salivarius	0
C15H16N2O6S2	Baker's_yeast	0
C18H16N4O3S2	Vibrio_campbellii	0
C20H35AuO9PS	Aquifex_aeolicus	0
C10H13NO2	Listeria_monocytogenes_serotype_4a	0
C15H14ClN3O4S	Eubacterium_ramulus	0
C76H131N19O19	Achromobacter_xylosoxidans	0
C136H211N45O26	Salmonella_enterica	0
C17H16O3	Clostridium_leptum	0
C10H9NO2	Campylobacter_jejuni	0
C18H13Cl4N3O	Streptococcus_sanguinis	0
C13H12Cl2O3S	Enteric_bacteria_and_other_eubacteria	0
C14H10O3	Eikenella_corrodens	0
C54H65N15O7	Candida_parapsilosis	0
C14H14Cl2N2O	Burkholderia_thailandensis	0
C35H65N11O9	Human_herpesvirus_1	0
C10H16N2O8	Enterococcus_faecalis_(Streptococcus_faecalis)	0
C17H19F2N3O3	Enterobacter_cancerogenus	0
C68H105N15O11	Geobacillus_kaustophilus	0
C12H7Cl3O2	Clostridium_leptum	0
C89H152N22O15	Enteric_bacteria_and_other_eubacteria	0
C90H174N22O15	Streptococcus_pneumoniae_serotype_4	0
C15H8O6	Bacteroides	0
C18H18N6O5S2	Pichia_anomala	0
C17H16O3	Arthrobacter_sp.	0
C18H18N6O8S3	Streptococcus_sanguis	0
C9H11NO4	Plasmodium_falciparum	0
C13H24N4O3S	Staphylococcus_aureus	0
C15H14O6	Pseudomonas_fluorescens	0
C26H28ClNO	Dihydropteroate_synthase_type-1	0
C13H23NO2S	Lactobacillus_fermenti	0
C10H16N2O8	Streptomyces_sp.	0
C5H5N3O	Pseudomonas_fluorescens	0
C16H25NO3	Bacillus_cereus	0
C24H22F3NO3	Halomonas_pacifica	0
C16H22N2O6	Vibrio_cholerae	0
C142H239N41O34	Aspergillus_niger	0
C10H8N2	Cronobacter_sakazakii	0
C11H12N4O2S	Streptococcus_sanguinis	0
C16H25NO3	Desulfovibrio_africanus	0
C19H21ClFN3O3	Amycolatopsis_orientalis	0
C27H17F6NO	Vibrio_cholerae	0
C13H9Br2N3OS	Streptococcus_salivarius	0
C31H46O4	Pantoea_agglomerans	0
C6H7N	Staphylococcus_cohnii	0
C20H19F2N3O5	Burkholderia_thailandensis	0
C9H11NO3	Dengue_Virus_Type_2	0
C8H16N2O2	Porphyromonas_gingivalis	0
C17H16O3	Pseudomonas_aeruginosa	0
C17H20N2O6S	Trueperella_pyogenes	0
C9H10N2O5	Streptococcus_gordonii	0
C56H103N9O39	Plasmodium_falciparum	0
C14H11Br2N3O	Acinetobacter_oleiovorans	0
C12H21NO2	Eikenella_corrodens	0
C13H7Br2Cl2N3O	Gardnerella_vaginalis	0
C20H28O4	Chromobacterium_violaceum	0
C107H196N28O30	Enterobacter_cloacae	0
C27H22N6O3	Francisella_novicida	0
C7H9NO3S2	Fusarium_solani	0
C15H14N4O2S	Pseudomonas_aeruginosa	0
C42H78N2O14	Salmonella_enterica	0
C142H247N45O32	Bacteroides_eggerthii	0
C15H23N3O3	Streptococcus_gordonii	0
C17H25NO10	Listeria_ivanovii	0
C17H12ClN3O	Acinetobacter_sp.	0
C5H9NO3	Clostridium_perfringens	0
C13H13N3O6S	Bacillus_amyloliquefaciens	0
C23H26O4	Obesumbacterium_proteus	0
C25H33N3O	Enterococcus_faecalis_(Streptococcus_faecalis)	0
C21H18NO4+	Clostridium_leptum	0
C10H11NO3	Kocuria_rhizophila	0
C7H12ClN3O2	Bacillus_amyloliquefaciens	0
C16H15N2O6P	Candida_guiliermondi	0
C14H14Cl2N2O	Helicobacter_pylori	0
C17H14N2O3	Streptomyces_rubiginosus	0
C31H46O4	Proteus_vulgaris	0
C21H27ClN2O3	Human_immunodeficiency_virus	0
C10H14O	Bacillus_anthracis	0
C16H18N2O4S	Acinetobacter_baumannii	0
C13H19NO2	Enterococcus_faecium_(Streptococcus_faecium)	0
C6H13N5O4	Aspergillus_niger	0
C22H30Cl2N10	Enterococcus_faecium_(Streptococcus_faecium)	0
C136H199N39O28	Hepatitis_B_virus_F	0
C10H8N2	Candida_guiliermondi	0
C23H27N3O7	Pseudomonas_fluorescens	0
C26H20N6O3	Acinetobacter_baumannii	0
C6H6O2	Klebsiella_pneumoniae	0
C19H18ClN3O5S	Mycobacterium_leprae	0
C71H126N26O12	Human_herpesvirus_1	0
C11H11BrN4O2S	Lysinibacillus_sphaericus	0
C19H30N5O10P	Pseudomonas_aeruginosa	0
C12H15N3O2S	Listeria_ivanovii	0
C12H19NO4	Streptococcus_sobrinus	0
C22H19ClO3	Streptomyces_sp.	0
C26H22N10O6	Baker's_yeast	0
C14H23NO2S	Klebsiella_pneumoniae	0
C14H11BrN2O	Eubacterium_ramulus	0
C29H31F2N3O	Micrococcus_luteus	0
C28H24N2O6	Amycolatopsis_orientalis	0
C15H8Br2INO2	Streptococcus_parasanguinis	0
C33H41N3O10S2	Pseudomonas_chlororaphis	0
C10H8O4	Staphylococcus_aureus	0
C35H60O6	Burkholderia_cenocepacia	0
C10H9NO2	Lactobacillus_fermenti	0
C21H26O5	Acinetobacter_baumannii	0
C24H30O4	Pseudomonas_putida	0
C9H11NO2S	Bacillus_licheniformis	0
Cl3Fe	Hepatitis_B_virus_F	0
C8H7NO	Halomonas_pacifica	0
C13H11ClN2O3	Pseudomonas_fluorescens	0
C16H17N5O7S2	Porphyromonas_gingivalis	0
CH2Cl2	Actinoplanes_missouriensis	0
C66H116N26O15	Cronobacter_sakazakii	0
C12H13ClN4	Streptomyces_rubiginosus	0
C16H29NO3	Aspergillus_fumigatus	0
C21H22N2O5S	Vibrio_cholerae	0
C6H12O6	Enterococcus_faecalis_(Streptococcus_faecalis)	0
C35H60O12	Propionibacterium_acnes	0
C10H5BrClNO3	Varicella-zoster_virus	0
C10H11N3O3S	Pseudomonas_putida	0
Fe+2	Citrobacter_freundii	0
C44H69NO12	Aspergillus_niger	0
C13H10BrN5O3	Clostridium_pasteurianum	0
C6H8O6	Vibrio_harveyi	0
C100H179N37O16	Geobacillus_kaustophilus	0
C9H5Cl2NO	Shewanella_oneidensis	0
C13H16N2O	Fusarium_solani	0
C8H5NO2	Micrococcus_luteus	0
C56H98N16O13	Streptomyces_gordonii	0
C18H16	Vibrio_campbellii	0
C10H13N5O4	Chromobacterium_violaceum	0
C28H22O6	Human_herpesvirus_1	0
C21H33NO10	Aspergillus_fumigatus	0
C13H16BrNO6	Streptococcus_pneumoniae	0
C32H55BrN4O	Clostridium_leptum	0
C12H12Br2O3	Hepatitis_B_virus_D	0
C10H12ClNO3S	Burkholderia_pseudomallei	0
C53H67N9O10S	Listeria_monocytogenes_serotype_4a	0
C15H8Br2INO2	Dihydropteroate_synthase_type-1	0
C11H17NO2S	Firmicutes	0
C30H26O13	Kocuria_rhizophila	0
C27H37N3O7S	Streptomyces_gordonii	0
C16H14O2	Achromobacter_sp.	0
C7H7NO3	Pseudoalteromonas_sp.	0
C15H21NO6	Bacteroides_eggerthii	0
C21H21ClN2O8	Stenotrophomonas_maltophilia	0
C30H42N12O15S3	Streptococcus_pneumoniae_serotype_4	0
C14H11N3O4	Kocuria_rhizophila	0
C7H15Cl2N2O2P	Hepatitis_C_Virus	0
C17H12Br2O3	Candida_glabrata	0
C5H9NO2	Acinetobacter_sp.	0
C7H6O4	Citrobacter_freundii	0
C15H12O	Schistosoma	0
C10H20O	Cronobacter_sakazakii	0
C22H24O9	Marinobacter_hydrocarbonoclasticus	0
C24H46ClN7O	Obesumbacterium_proteus	0
C8H6ClNO	Candida_krusei	0
C22H24F3NO10	Shigella_flexneri	0
C14H18N6O	Pseudomonas_putida	0
C17H18FN3O3S	Aspergillus_niger	0
C18H20FN3O4	Sphingomonas_sp._Ibu-2	0
CH3CH2COONa	Candida_glabrata	0
C2H8N2O3S	Human_immunodeficiency_virus_1	0
C5H9NO2	Candida_spp.	0
C10H13N5O4	Enterobacter_cancerogenus	0
C75H70N6O6	Mycobacterium_smegmatis	0
C15H10O8	Candida_krusei	0
C12H12Br2O3	Staphylococcus_cohnii	0
C15H14O9	Streptococcus_salivarius	0
C24H28O4	Acinetobacter_sp.	0
C124H228Br10O10P10	Campylobacter_jejuni	0
C100H131N25O14	Candida_parapsilosis	0
C9H17NO2	Cronobacter_sakazakii	0
C14H11Br2N3O	Edwardsiella_tarda	0
C18H16N4O3S2	Achromobacter_xylosoxidans	0
C100H131N25O14	Salmonella_Typhi	0
C28H24N2O6	Streptococcus_oralis	0
C21H24BrNO10	Mycobacterium_avium	0
C3H8O	Obesumbacterium_proteus	0
C70H118N28O11	Pseudomonas_fluorescens	0
C27H32O15	Trueperella_pyogenes	0
C9H6O2	Trueperella_pyogenes	0
C20H40O	Bacillus_subtilis	0
C25H20O9	Porphyromonas_gingivalis	0
C143H230N42O37S7	Streptomyces_rubiginosus	0
C20H40O	Enteric_bacteria_and_other_eubacteria	0
C26H21NO3	Pseudomonas_putida	0
C24H30O4	Aspergillus_niger	0
C21H20O12	Listeria_ivanovii	0
C9H6O3	Haemophilus_influenzae	0
C37H67NO13	Acinetobacter_sp.	0
C10H12O5	Listeria_monocytogenes_serotype_4a	0
C18H34Br2O2P2	Enterobacter_cancerogenus	0
C16H14O2	Influenza_B_virus	0
C24H46O11	Aquifex_aeolicus	0
C8H11N3O	Vibrio_harveyi	0
C9H6ClNO	Arthrobacter_sp.	0
C9H8O3	Klebsiella_pneumoniae	0
C10H9NO	Aspergillus_fumigatus	0
C18H18N8O7S3	Burkholderia_cenocepacia	0
C16H17N3O4S	Bacillus_licheniformis	0
C112H186N38O24S2	Aeromonas_hydrophila	0
C8H16N2O2	Amycolatopsis_orientalis	0
C10H12N4O3	Acinetobacter_sp.	0
C11H12N4O3S	Clostridium_perfringens	0
C56H71N9O23S	Human_immunodeficiency_virus	0
C15H22O5	Gardnerella_vaginalis	0
C23H27N5O7S	Burkholderia_multivorans	0
C15H16O9	Streptococcus_pneumoniae	0
C7H12N2O3	Varicella-zoster_virus	0
C16H18FN3O3	Streptococcus_sanguinis	0
C26H58Cl2N10	Bacillus_amyloliquefaciens	0
C36H47N5O4	Edwardsiella_tarda	0
C28H34O15	Clostridium_pasteurianum	0
C36H47N5O4	Enterobacteria_phage_T4	0
C49H80N14O17S3	Hepatitis_C_Virus	0
C54H65N15O7	Varicella-zoster_virus	0
C38H50N6O5	Haemophilus_influenzae	0
C7H5Br2N3OS	Raoultella_ornithinolytica	0
C19H17Cl2N3O5S	Micrococcus_luteus	0
C14H13N3O4	Lactobacillus_fermenti	0
C10H13BrO3	Aeromonas_sobria	0
C20H19F2N3O5	Geobacillus_kaustophilus	0
Cl3Fe	Plasmodium_falciparum	0
C4H10O	Escherichia_coli_O6:H1_(strain_CFT073_/_ATCC_700928_/_UPEC)	0
C9H16O	Clostridium_perfringens	0
C78H141N31O14S	Helicobacter_pylori	0
C25H24O12	Vibrio_campbellii	0
C15H18N4O5	Enterococcus_faecalis_(Streptococcus_faecalis)	0
C11H12N2O2	Lactobacillus_fermenti	0
C24H26N6O3	Influenza_B_virus	0
C22H20O4	Burkholderia_cepacia	0
C28H44ClNO2	Desulfovibrio_africanus	0
C12H23N	Vibrio_vulnificus	0
C12H12BrNO3	Candida_albicans	0
C16H17N5O7S2	Neisseria_gonorrhoeae	0
C8H10FN3O3S	Eikenella_corrodens	0
C8H13NO3	Streptococcus_salivarius	0
C3H7NO5S	Plasmodium_falciparum	0
C6H7N	Escherichia_coli_O6:H1_(strain_CFT073_/_ATCC_700928_/_UPEC)	0
ZnO	Proteus_vulgaris	0
C10H10O4	Dihydropteroate_synthase_type-1	0
C102H182N28O24	Staphylococcus_equorum	0
C10H14N2O2	Staphylococcus_epidermidis	0
C7H15NO2S	Streptococcus_sanguinis	0
C15H23N3O4S	Actinoplanes_missouriensis	0
C17H18F3N3O3	Bacteroides	0
C126H164N30O21	Streptococcus_mitis	0
C7H8N2O	Achromobacter_sp.	0
C40H50N8O6	Propionibacterium_acnes	0
C11H14O3	Staphylococcus_aureus	0
C19H17Cl2N3O5S	Bacillus_anthracis	0
C18H34O2	Eikenella_corrodens	0
C70H107N23O11	Pichia_anomala	0
C19H22O2	Acinetobacter_nosocomialis	0
C21H32ClN3	Bacillus_licheniformis	0
C6H6FN	Enterobacter_aerogenes	0
C4H7NO4	Bacteroides_uniformis	0
C19H23N3O4S	Streptococcus_pyogenes	0
C13H10N6O5	Micrococcus_luteus	0
C20H20N6O9S	Enterococcus_faecalis_(Streptococcus_faecalis)	0
C33H40N2O9	Staphylococcus_epidermidis	0
C35H38Cl2N8O4	Enterobacteria_phage_T4	0
C25H32O9	Candida_tropicalis	0
C29H48O12	Burkholderia_cenocepacia	0
Ag+	Actinomyces_oris	0
C83H139N31O14S	Sphingomonas_sp._Ibu-2	0
Ag	Bacteroides_uniformis	0
C20H24O2	Candida_tropicalis	0
C42H69NO15	Kocuria_rhizophila	0
C47H64N4O12	Streptomyces_rubiginosus	0
C13H19NO2	Burkholderia_thailandensis	0
C27H32O14	Staphylococcus_saprophyticus	0
C26H17F3N2O4	Fusarium_solani	0
C14H11N3O4	Edwardsiella_tarda	0
C27H22N6O4	Coagulase-_negative_staphylococci	0
C42H69NO15	Shewanella_oneidensis	0
C20H15Cl3N2OS	Enteric_bacteria_and_other_eubacteria	0
C19H17ClFN3O5S	Aggregatibacter_actinomycetemcomitans	0
C16H14ClN3O2	Bacillus_licheniformis	0
C71H109N27O14	Pantoea_agglomerans	0
C20H40O	Clostridium_pasteurianum	0
C133H181N39O22	Geobacillus_kaustophilus	0
C15H12O4	Staphylococcus_caprae	0
C5H7FO3	Mycobacterium_avium	0
C15H14N4O2S	Fusarium_solani	0
C16H22N2O6	Candida_glabrata	0
C7H10N2OS	Desulfovibrio_africanus	0
C8H7N	Streptococcus_gordonii	0
C20H36O3	Streptococcus_salivarius	0
C117H191N39O33	Vibrio_cholerae	0
C9H6FN	Bacillus_licheniformis	0
C70H122N26O14	Escherichia_coli_O6:H1_(strain_CFT073_/_ATCC_700928_/_UPEC)	0
C72H101N17O26	Amycolatopsis_orientalis	0
C21H41N5O11	Enterobacteria_phage_T4	0
C16H14O2	Pseudomonas_japonica	0
C17H26O4	Actinomyces_oris	0
C13H13N5O5S2	Human_herpesvirus_3	0
CrO4-2	Porphyromonas_gingivalis	0
C22H32F3N3	Enterobacter_ludwigi	0
C16H17N3O7S2	Bacillus_amyloliquefaciens	0
C25H43N13O10	Enterococcus_faecalis_(Streptococcus_faecalis)	0
K2S2O5	Porphyromonas_gingivalis	0
C17H20FN3O3	Serratia_liquefaciens	0
C15H8O6	Baker's_yeast	0
C23H37NO5	Amycolatopsis_orientalis	0
C20H34O2	Obesumbacterium_proteus	0
C14H10	Vibrio_harveyi	0
C9H9NO	Aquifex_aeolicus	0
C20H32O2	Staphylococcus_chromogenes	0
C22H22N2O8	Actinoplanes_missouriensis	0
C213H342N54O38	Providencia_stuartii	0
C28H30N4O6	Bacteroides	0
C6H6O4	Enterobacteria_phage_T4	0
C12H19NO2	Staphylococcus_equorum	0
C26H21NO3	Streptococcus_sobrinus	0
C35H60O6	Enterobacter_cloacae	0
C4H4O2	Bacteroides_uniformis	0
C15H18N4O5	Candida_guiliermondi	0
C11H14O5	Streptococcus_parasanguinis	0
C7H9N	Clostridium_leptum	0
C18H18N8O7S3	Streptococcus_epidermidis	0
C3H7N	Vibrio_vulnificus	0
C9H12O6	Hepatitis_B_virus_D	0
C15H17FN4O3	Enterococcus_gallinarum	0
C9H5ClN4	Haemophilus_influenzae	0
C6H9N3O3	Citrobacter_freundii	0
C23H27N3O7	Varicella-zoster_virus	0
C8H16N2O2	Enterobacter_ludwigi	0
C142H239N41O34	Human_herpesvirus_5	0
C22H22N2O8	Thermus_thermophilus	0
C8H8O5	Lactobacillus_fermenti	0
C17H26O4	Sphingomonas_sp._Ibu-2	0
C21H18ClNO4	Streptomyces_rubiginosus	0
C5H8O	Hepatitis_B_virus_F	0
C18H24ClNO3	Raoultella_ornithinolytica	0
C14H11BrN2O	Burkholderia_cepacia	0
C16H14O4	Bacillus_anthracis	0
C24H46O11	Enterococcus_faecium_(Streptococcus_faecium)	0
C18H34Br2O2P2	Aspergillus_niger	0
C9H9ClFNO2	Burkholderia_cenocepacia	0
C25H18ClNO	Cryptococcus_neoformans	0
C26H22N2O3	Human_immunodeficiency_virus	0
C12H10S2	Streptococcus_pneumoniae_serotype_4	0
C27H37N3O7S	Acinetobacter_sp.	0
C24H46ClN7O	Hepatitis_B_virus_D	0
C16H25NO3	Hepatitis_C_Virus	0
C124H228Br10N10O10	Campylobacter_jejuni	0
C16H14O4	Streptococcus_mutans	0
C10H13NO2	Enteric_bacteria_and_other_eubacteria	0
C13H10Br2N4O	Dengue_Virus_Type_2	0
C15H11F3N2O	Bacteroides_eggerthii	0
C8H10O2	Desulfovibrio_africanus	0
C51H64N4O13	Salmonella_Typhi	0
C29H31F2N3O	Eggerthella_lenta	0
C44H64O24	Chromobacterium_violaceum	0
C28H24N2O6	Candida_spp.	0
C21H17ClO3S	Pichia_anomala	0
C21H41N5O7	Marinobacter_hydrocarbonoclasticus	0
C3H7NO5S	Baker's_yeast	0
C22H30Cl2N10	Escherichia_coli	0
C77H136N20O15	Hepatitis_B_virus_F	0
C13H8Br2N4O3	Pseudomonas_libaniensis	0
C12H7Br4NO2	Candida_dubliniensis	0
C26H28N4O2	Raoultella_ornithinolytica	0
C12H23N	Streptococcus_sobrinus	0
C5H12O	Fusarium_solani	0
C9H9BrO2	Enterobacter_ludwigi	0
C15H16N2O	Burkholderia_cepacia	0
C15H14O9	Obesumbacterium_proteus	0
C15H21Br2N3O5	Enteric_bacteria_and_other_eubacteria	0
C17H18F3N3O3	Obesumbacterium_proteus	0
C15H18N4O5	Porphyromonas_gingivalis	0
C10H10N4O2S	Streptococcus_oralis	0
C6H4Br2O2	Pantoea_agglomerans	0
AgNO3	Influenza_A_virus	0
C63H100N18O15	Campylobacter_jejuni	0
C8H8O3	Chromobacterium_violaceum	0
C4H4N2O2	Sphingomonas_sp._Ibu-2	0
C126H164N30O21	Desulfovibrio_africanus	0
C16H22Cl2N2O2S	Pseudomonas_putida	0
C11H13N3O3S	Aggregatibacter_actinomycetemcomitans	0
C15H8Br2INO2	Influenza_B_virus	0
C103H178N34O28	Mycobacterium_tuberculosis	0
C117H191N39O33	Candida_guiliermondi	0
C11H12N2OS	Human_herpesvirus_3	0
C63H120N24O13S2	Enterobacter_cancerogenus	0
C6H12O6	Serratia_liquefaciens	0
C113H191N33O21	Acinetobacter_nosocomialis	0
C8H8O3	Candida_parapsilosis	0
C27H22ClN3O4	Aeromonas_sobria	0
C9H9Br2N3OS	Francisella_novicida	0
C27H17F6NO	Staphylococcus_caprae	0
C38H50N6O5	Human_parainfluenza_virus_type_2	0
C9H6FN	Bacteroides_fragilis	0
C37H48N4O5	Burkholderia_cepacia	0
C97H170N28O19S	Candida_albicans	0
C16H27NO2	Mycobacterium_avium	0
C51H69N19O6	Mycobacterium_smegmatis	0
C21H21ClN2O8	Chromobacterium_violaceum	0
C7H14N2O4S2	Bacillus_amyloliquefaciens	0
C27H30O16	Bacillus_licheniformis	0
C15H16N2O6S2	Streptococcus_pyogenes	0
Cl3La	Baker's_yeast	0
C15H14O5	Bacillus_anthracis	0
C15H21Br2N3O5	Pseudomonas_putida	0
C61H92N14O20	Human_immunodeficiency_virus_1	0
C15H11O7	Human_immunodeficiency_virus	0
C9H5BrO2	Eubacterium_ramulus	0
C11H15NO3S	Kocuria_rhizophila	0
C38H72N2O12	Bacillus_subtilis	0
C14H13N3O4	Proteus_vulgaris	0
C19H17Cl3N2S	Dihydropteroate_synthase_type-1	0
C9H6O3	Coagulase-_negative_staphylococci	0
C27H37O6	Chromobacterium_violaceum	0
C6H6ClN	Bacillus_cereus	0
C27H37O6	Achromobacter_xylosoxidans	0
C18H30O3S	Serratia_liquefaciens	0
C18H18N6O8S3	Human_immunodeficiency_virus_1	0
C42H71N3O31	Bacteroides_eggerthii	0
C15H14ClN3O4S	Staphylococcus_aureus	0
C17H16O6	Salmonella_Typhi	0
C37H67NO13	Halomonas_pacifica	0
C8H10OS	Mycobacterium_tuberculosis	0
C28H30N4O6	Human_herpesvirus_4	0
C15H14N4O	Listeria_monocytogenes	0
C9H13N5O4	Edwardsiella_tarda	0
C15H10Cl2N2O2	Acinetobacter_nosocomialis	0
C7H12ClN3O2	Halomonas_pacifica	0
C25H20O10	Burkholderia_cenocepacia	0
C9H10INO3	Streptococcus_pyogenes	0
C27H32O15	Human_parainfluenza_virus_type_2	0
C16H13Br2N3O3	Acinetobacter_sp.	0
C58H73N7O17	Bacteroides_vulgatus	0
C38H47N5O7S2	Enterococcus_faecalis_(Streptococcus_faecalis)	0
C13H7Br2Cl2N3O	Streptococcus_oralis	0
C90H159N25O16	Pichia_anomala	0
C15H14N4O	Dihydropteroate_synthase_type-1	0
C15H10O3	Human_herpesvirus_1	0
C10H10O2	Enterobacter_ludwigi	0
C6H12O6	Neisseria_gonorrhoeae	0
C23H28ClN	Marinobacter_hydrocarbonoclasticus	0
C13H9ClN2O3	Vibrio_campbellii	0
C74H131N23O17	Vibrio_campbellii	0
C136H199N39O28	Plasmodium_falciparum	0
C66H75Cl2N9O24	Aspergillus_niger	0
C8H11N5O3	Influenza_B_virus	0
C14H24N2O10	Enterobacter_cloacae	0
C16H17N3O4S	Clostridium_perfringens	0
C11H12N4O3S	Staphylococcus_haemolyticus	0
C14H14O4	Clostridium_perfringens	0
C7H6Br2O2	Pichia_anomala	0
C6H11NO2	Burkholderia_pseudomallei	0
C33H40N2O9	Human_herpesvirus_5	0
C117H177N33O28	Vibrio_campbellii	0
C10H19BrO2	Mycobacterium_avium	0
C10H6O4	Chromobacterium_violaceum	0
C9H11NO2S	Vibrio_cholerae	0
C12H20N4O7	Staphylococcus_epidermis	0
C18H16N4O3S2	Staphylococcus_cohnii	0
C169H292N54O45	Klebsiella_pneumoniae	0
C26H20N6O3	Staphylococcus_saprophyticus	0
C20H34O3	Lysinibacillus_sphaericus	0
C14H11Br2N3O2	Obesumbacterium_proteus	0
C6H4Br2O2	Sphingomonas_sp._Ibu-2	0
C43H77N17O7	Mycobacterium_leprae	0
C8H12N4O5	Clostridium_pasteurianum	0
C17H12ClN3O	Listeria_ivanovii	0
C22H24N2O8	Hepatitis_C_Virus	0
C17H16O3	Streptococcus_pyogenes	0
C15H20O3	Candida_dubliniensis	0
C9H11NO3S	Mycobacterium_avium	0
C15H11N3O3	Pseudomonas_libaniensis	0
C8H10OS	Aspergillus_fumigatus	0
C42H78N2O14	Hepatitis_C_Virus	0
C10H16	Klebsiella_pneumoniae	0
C28H44ClNO2	Serratia_liquefaciens	0
C6H13NO2S	Listeria_monocytogenes_serotype_4a	0
C21H20O10	Staphylococcus_cohnii	0
C73H110N22O12	Pseudoalteromonas_sp.	0
C25H35N3O6S	Amycolatopsis_orientalis	0
C15H10O6	Burkholderia_cenocepacia	0
C7H16NO2+	Vibrio_anguillarum	0
C9H13NO2S	Bacillus_subtilis	0
C18H13ClFN3	Achromobacter_sp.	0
C8H11N	Human_immunodeficiency_virus	0
C9H11NO3	Pseudoalteromonas_sp.	0
C11H9ClO5S	Human_immunodeficiency_virus	0
C9H13N3O3	Pseudomonas_chlororaphis	0
C13H10BrN5O3	Staphylococcus_aureus	0
C3H7NO2	Proteus_mirabilis	0
C28H30N4O6	Streptococcus_mutans	0
C23H37NO5	Cronobacter_sakazakii	0
C31H44O12	Streptococcus_parasanguinis	0
C8H20N2	Bacteroides	0
C22H47N5O21S2	Listeria_monocytogenes_serotype_4a	0
C8H6ClN	Streptococcus_sobrinus	0
C15H22O5	Enterococcus_gallinarum	0
C16H20F3NO2	Klebsiella_pneumoniae	0
C9H10ClNO2	Clostridium_pasteurianum	0
C68H130N18O14	Streptomyces_sp.	0
C3H7N	Staphylococcus_aureus	0
C16H20F3NO2	Helicobacter_pylori	0
CHN4	Dihydropteroate_synthase_type-1	0
C14H12O4	Streptomyces_rubiginosus	0
C17H12ClN3O	Bacillus_licheniformis	0
C16H18FN3O3	Dihydropteroate_synthase_type-1	0
C6H13NO2	Hepatitis_C_Virus	0
C7H16NO2+	Staphylococcus_epidermidis	0
C13H18O2	Streptococcus_sanguinis	0
C10H11N3O3S	Candida_dubliniensis	0
C48H95N13O8	Shewanella_oneidensis	0
C126H164N38O21	Edwardsiella_tarda	0
C15H14O7	Porphyromonas_gingivalis	0
C69H109N23O18	Streptococcus_sanguinis	0
C34H41N9O12S2	Human_herpesvirus_1	0
C83H139N29O17S2	Plasmodium_falciparum	0
C13H19NO2	Haemophilus_influenzae	0
C16H18N2O4S	Klebsiella_variicola	0
C29H39N5O8	Candida_tropicalis	0
C15H11N3O3	Aquifex_aeolicus	0
C7H6FNO2	Human_herpesvirus_3	0
C14H24N2O10	Bacillus_subtilis	0
C16H18S2	Gardnerella_vaginalis	0
C23H44O11	Porphyromonas_gingivalis	0
C22H42O12	Aspergillus_fumigatus	0
C14H15N3O3	Vibrio_vulnificus	0
C15H18O10	Streptococcus_parasanguinis	0
C57H90N20O8	Firmicutes	0
C4H2Br2O3	Cryptococcus_neoformans	0
C18H23N9O4S3	Shigella_flexneri	0
C176H302N52O41S	Enterococcus_gallinarum	0
C93H166N30O18	Burkholderia_pseudomallei	0
C12H11BrO3S	Streptococcus_sanguinis	0
C49H80N14O17S3	Streptomyces_sp.	0
C5H9NO4S	Corynebacterium_ammoniagenes	0
C10H20O	Stenotrophomonas_maltophilia	0
C53H101N16NaO16S	Candida_guiliermondi	0
C13H8Br2N4O3	Mycobacterium_smegmatis	0
C12H13ClN2O2S	Staphylococcus_epidermidis	0
C4H4FN3O	Human_herpesvirus_1	0
C63H100N18O15	Candida_tropicalis	0
C13H9Br2N3O2	Actinomyces_oris	0
C16H15N5O7S2	Streptococcus_pneumoniae	0
C44H69NO12	Edwardsiella_tarda	0
C169H292N54O45	Enterococcus_gallinarum	0
CrO4-2	Coagulase-_negative_staphylococci	0
C61H98N22O10	Aggregatibacter_actinomycetemcomitans	0
C2H8N2O3S	Cryptococcus_neoformans	0
C13H13N3O6S	Staphylococcus_epidermidis	0
C10H8O4	Achromobacter_sp.	0
C19H19N3O5S	Gardnerella_vaginalis	0
C12H10	Bacillus_licheniformis	0
C158H263N45O27	Trueperella_pyogenes	0
C7H8O2S	Cryptococcus_neoformans	0
C22H30Cl2N10	Candida_krusei	0
C108H176N30O27	Klebsiella_pneumoniae	0
C16H11N3O3S	Plasmodium_falciparum	0
C27H30O16	Varicella-zoster_virus	0
C103H178N34O28	Propionibacterium_acnes	0
C4H10O4	Firmicutes	0
C9H10INO2	Pseudoalteromonas_sp.	0
C133H195N51O33	Candida_tropicalis	0
C20H20N6O9S	Staphylococcus_epidermidis	0
C69H109N23O18	Gardnerella_vaginalis	0
C30H42N12O15S3	Aspergillus_fumigatus	0
C33H56O12	Geobacillus_kaustophilus	0
C9H11NO4	Streptococcus_mutans	0
C8H13NO2S	Hepatitis_C_Virus	0
C6H13NO2	Candida_dubliniensis	0
C13H23NO2S	Eikenella_corrodens	0
C129H173N39O20	Vibrio_campbellii	0
C58H102N20O11	Bacteroides_uniformis	0
C17H24ClN3	Candida_tropicalis	0
C29H38O9	Lysinibacillus_sphaericus	0
C8H14O2S2	Arthrobacter_sp.	0
C11H6Cl2N6O2S	Pseudomonas_libaniensis	0
C21H22O4	Coagulase-_negative_staphylococci	0
C17H33NO6	Pseudomonas_fluorescens	0
C4H4N2O2	Pantoea_agglomerans	0
C18H18N6O8S3	Stenotrophomonas_maltophilia	0
C10H17N	Human_parainfluenza_virus_type_2	0
C77H136N20O15	Mycobacterium_avium	0
C16H14ClN3O2	Proteus_vulgaris	0
C32H55BrN4O	Human_herpesvirus_1	0
Na2O4S	Streptococcus_gordonii	0
C15H10O4	Baker's_yeast	0
AgO4S	Influenza_B_virus	0
C18H30O4	Arthrobacter_sp.	0
C167H262N48O50S6	Dihydropteroate_synthase_type-1	0
C9H11NO5	Bacillus_subtilis	0
C12H17N5O2S	Candida_albicans	0
C23H45N5O14	Enterobacteria_phage_T4	0
C5H8O4	Bacteroides	0
C9H11IN2O5	Klebsiella_pneumoniae	0
C25H24O12	Dihydropteroate_synthase_type-1	0
C12H12F3N3	Corynebacterium_ammoniagenes	0
C9H8O2	Bacteroides_fragilis	0
C2H8N2	Hepatitis_B_virus_D	0
C88H118N22O12	Streptomyces_gordonii	0
C7H6O3	Vibrio_vulnificus	0
C15H17FN4O3	Salmonella_Typhi	0
C13H16O13S	Klebsiella_pneumoniae	0
C20H21BrN2O7	Halomonas_pacifica	0
C21H18O13	Pseudomonas_libaniensis	0
C16H17N3O4S	Shewanella_oneidensis	0
C190H309N57O43	Citrobacter_freundii	0
C53H67N9O10S	Listeria_ivanovii	0
C6H14	Haemophilus_influenzae	0
C5H4N2O3	Achromobacter_xylosoxidans	0
C20H30O3	Enterobacter_cancerogenus	0
C20H34O2	Pantoea_agglomerans	0
C13H24N4O3S	Raoultella_ornithinolytica	0
C21H18O11	Enteric_bacteria_and_other_eubacteria	0
C13H12F2N6O	Human_immunodeficiency_virus_1	0
C10H10O2	Streptococcus_gordonii	0
C30H25N7O4	Bacillus_anthracis	0
C6H9N3O3	Streptococcus_epidermidis	0
C78H141N31O14S	Thermus_thermophilus	0
C21H43N5O7	Shewanella_oneidensis	0
C10H12FNO2	Pichia_anomala	0
Ga+3	Streptococcus_gordonii	0
C42H71N3O31	Streptomyces_gordonii	0
C8H6N2O5	Pseudomonas_japonica	0
CH3CH2COONa	Streptococcus_sanguinis	0
C39H54O4	Bacillus_licheniformis	0
C13H11ClN2O3	Streptococcus_pyogenes	0
C6H13N3O3	Listeria_monocytogenes_serotype_4a	0
C143H230N42O37S7	Arthrobacter_sp.	0
C16H15NO3	Lysinibacillus_sphaericus	0
C12H12BrNO3	Candida_spp.	0
C131H228N38O32	Proteus_vulgaris	0
C20H16O2	Aquifex_aeolicus	0
C20H21BrN2O7	Hafnia_alvei	0
C37H42F2N8O4	Neisseria_gonorrhoeae	0
C146H260N52O32	Bacillus_anthracis	0
C31H44O12	Streptomyces_sp.	0
C9H6ClN	Sphingomonas_sp._Ibu-2	0
C6H4O2	Influenza_A_virus	0
C10H11NO3	Acinetobacter_baumannii	0
H2O2	Cronobacter_sakazakii	0
C27H32O15	Enterobacter_cancerogenus	0
C25H33N3O	Clostridium_leptum	0
C14H11BrN2O	Actinoplanes_missouriensis	0
C13H12N2O5S	Yersinia_enterocolitica	0
C15H30O2	Escherichia_coli	0
C20H23N5O6S	Helicobacter_pylori	0
C38H69NO13	Staphylococcus_saprophyticus	0
C38H69NO13	Pseudomonas_libaniensis	0
C20H32O	Acinetobacter_nosocomialis	0
CHN4	Streptococcus_epidermidis	0
C16H25NO4	Acinetobacter_sp.	0
C6H7N3O	Bacillus_subtilis	0
C15H11Br2N3O	Acinetobacter_nosocomialis	0
C7H7BrO2	Influenza_B_virus	0
C10H8O4	Amycolatopsis_orientalis	0
C6H11BrO2	Mycobacterium_avium	0
C8H11N3O3S	Aspergillus_fumigatus	0
C12H12N2O2S	Achromobacter_sp.	0
C26H21NO2	Raoultella_ornithinolytica	0
C23H27N5O7S	Propionibacterium_acnes	0
C20H28N2O5	Thermus_thermophilus	0
C169H292N54O45	Bacteroides_fragilis	0
C22H16N2O	Streptococcus_sanguinis	0
C7H6O3	Influenza_A_virus	0
C30H25ClN6O2	Staphylococcus_cohnii	0
C8H13NO3	Pichia_anomala	0
C16H17N3O7S2	Aggregatibacter_actinomycetemcomitans	0
C6H12N2O	Influenza_B_virus	0
C22H23ClN6O	Dengue_Virus_Type_2	0
C17H17BrN2O5	Burkholderia_thailandensis	0
C13H6Cl6O2	Firmicutes	0
C36H64O12	Clostridium_perfringens	0
C17H34O2	Amycolatopsis_orientalis	0
C25H41NO10	Hafnia_alvei	0
C10H11F2NO	Mycobacterium_tuberculosis	0
C10H11NO3	Aquifex_aeolicus	0
C10H12N2O3	Trueperella_pyogenes	0
Cl3Fe	Pseudomonas_aeruginosa	0
C12H12Br2O3	Dihydropteroate_synthase_type-1	0
C7H5O3	Lactobacillus_fermenti	0
C6H12N2O	Candida_glabrata	0
C8H8O3	Salmonella_enterica	0
C17H20FN3O3	Candida_guiliermondi	0
C29H39N5O8	Yersinia_enterocolitica	0
C10H8N2	Hafnia_alvei	0
C7H5Br2N3OS	Chromobacterium_violaceum	0
C17H14N2O3S2	Burkholderia_cepacia	0
C88H100Cl2N10O28	Burkholderia_pseudomallei	0
C16H13Br2N3O3	Listeria_monocytogenes_serotype_4a	0
C40H56O2	Neisseria_gonorrhoeae	0
C9H6Cl2O	Geobacillus_kaustophilus	0
C9H6ClN	Staphylococcus_cohnii	0
C22H22N6O7S2	Campylobacter_jejuni	0
C16H13N3O4	Enterobacteria_phage_T4	0
C16H25NO3	Helicobacter_pylori	0
C21H41NO4	Bacillus_anthracis	0
C6H4Br2O2	Listeria_ivanovii	0
C15H14N4O	Burkholderia_pseudomallei	0
C11H13NO	Dengue_Virus_Type_2	0
C26H22N2O3	Salmonella_Typhi	0
C31H44O12	Streptococcus_mutans	0
C20H20O14	Enterobacter_aerogenes	0
C11H15NO2	Acinetobacter_nosocomialis	0
C11H17NO2S	Pseudomonas_libaniensis	0
C61H98N22O10	Streptococcus_pneumoniae	0
C8H12N4O5	Enteric_bacteria_and_other_eubacteria	0
C22H24F3NO10	Enterococcus_gallinarum	0
C6H6O2	Listeria_monocytogenes	0
C25H24O12	Pantoea_agglomerans	0
C8H11N3O3S	Micrococcus_luteus	0
C61H98N22O10	Helicobacter_pylori	0
C18H14Cl4N2O	Bacillus_licheniformis	0
C97H137N23O27S4	Human_herpesvirus_3	0
C205H340N60O53	Pseudomonas_libaniensis	0
K2S2O5	Trichophyton_mentagrophytes	0
C9H11NO3	Candida_krusei	0
C8H12N2O3S	Salmonella_enterica	0
C5H9NO3	Varicella-zoster_virus	0
H2O2	Burkholderia_multivorans	0
C142H247N45O32	Pantoea_agglomerans	0
C10H5ClF3N	Vibrio_cholerae	0
C7H9NO3S2	Mycobacterium_leprae	0
C8H5NO2	Human_immunodeficiency_virus_1	0
C25H35N3O6S	Cronobacter_sakazakii	0
C13H13N3O6S	Staphylococcus_capitis	0
C9H10ClNO2	Escherichia_coli	0
C18H16O7	Burkholderia_pseudomallei	0
C27H42ClNO2	Burkholderia_pseudomallei	0
C14H25NO4	Baker's_yeast	0
C10H19BrO2	Lactobacillus_fermenti	0
C187H326N74O41	Staphylococcus_aureus	0
C15H12O4	Bacillus_amyloliquefaciens	0
C23H24N4O6	Vibrio_parahaemolyticus	0
C10H12N4O5S	Klebsiella_planticola	0
C10H10N2O	Bacteroides_vulgatus	0
C9H9Br2N3OS	Enterococcus_faecium_(Streptococcus_faecium)	0
C10H12O2	Candida_krusei	0
C136H199N39O28	Enterococcus_faecium_(Streptococcus_faecium)	0
C15H10Cl2N2O2	Actinomyces_oris	0
C107H196N28O30	Burkholderia_cepacia	0
C90H174N22O15	Burkholderia_multivorans	0
C20H14O3	Salmonella_enterica	0
C5H7FO3	Actinomyces_oris	0
C120H190N30O22	Citrobacter_freundii	0
C16H20FN3O4	Lactobacillus_fermenti	0
C63H111N23O11	Candida_krusei	0
C6H11NO4	Acinetobacter_nosocomialis	0
C9H6O3	Human_immunodeficiency_virus	0
C9H9F2NO2	Arthrobacter_sp.	0
C71H109N27O14	Hafnia_alvei	0
C9H8O3	Enteric_bacteria_and_other_eubacteria	0
C14H13ClN2O3	Aspergillus_niger	0
C20H18N4O5S2	Vibrio_campbellii	0
C87H124N18O14	Cryptococcus_neoformans	0
C6H4Br2O2	Lysinibacillus_sphaericus	0
C9H9ClFNO2	Enterobacter_cancerogenus	0
C5H3ClO2	Human_parainfluenza_virus_type_2	0
C20H13NO6	Candida_spp.	0
C26H34O6	Bacillus_cereus	0
C26H28N4O2	Listeria_ivanovii	0
C31H44O12	Candida_dubliniensis	0
C6H11BrO2	Enterococcus_faecium_(Streptococcus_faecium)	0
C25H42O5	Acinetobacter_sp.	0
C61H98N16O17	Vibrio_campbellii	0
C37H48N6O5S2	Salmonella_enterica	0
C77H107N25O11S	Bacillus_anthracis	0
C11H15NO3S	Streptococcus_sobrinus	0
ZnO	Arthrobacter_sp.	0
C6H8O6	Dihydropteroate_synthase_type-1	0
C57H90N20O8	Acinetobacter_sp.	0
C9H9N3O6	Schistosoma	0
C16H15F2N3O4S	Kocuria_rhizophila	0
C8H4FNO2	Amycolatopsis_orientalis	0
C20H20O7	Human_parainfluenza_virus_type_2	0
C8H11NO5S	Shigella_flexneri	0
C25H36N3O9PS	Yersinia_enterocolitica	0
C9H9HgNaO2S	Enterococcus_gallinarum	0
C20H15F3N4O3	Eubacterium_ramulus	0
C7H9NO2S2	Corynebacterium_ammoniagenes	0
C6H5NO2	Pichia_anomala	0
C16H18OS2	Acinetobacter_nosocomialis	0
C91H137N25O22	Pseudomonas_putida	0
C11H6O3	Burkholderia_thailandensis	0
C8H11N	Actinomyces_oris	0
C18H16Cl3N3O3S	Campylobacter_jejuni	0
C16H20F3NO2	Burkholderia_thailandensis	0
C18H34Br2O2P2	Gardnerella_vaginalis	0
C8H13NO2S	Streptococcus_mutans	0
C21H33NO4	Hepatitis_B_virus_D	0
C8H4FNO2	Edwardsiella_tarda	0
C3H8NO6P	Achromobacter_sp.	0
C12H22O11	Enterobacter_cloacae	0
C37H67NO13	Human_herpesvirus_3	0
C24H22F3NO3	Acinetobacter_oleiovorans	0
C13H10Cl2N2O3	Streptococcus_pneumoniae	0
C94H168Br10N10O10	Actinoplanes_missouriensis	0
Ag+	Streptococcus_salivarius	0
C18H14Cl4N2O	Lysinibacillus_sphaericus	0
C8H6FNO	Providencia_stuartii	0
C11H8Cl2O4S	Hafnia_alvei	0
C16H19Cl2NO2	Helicobacter_pylori	0
C117H177N33O28	Enterococcus_gallinarum	0
C16H17N5O4S	Baker's_yeast	0
C16H13Cl3N2OS	Pantoea_agglomerans	0
C22H22N6O7S2	Propionibacterium_acnes	0
C25H32O9	Trueperella_pyogenes	0
C41H64O14	Staphylococcus_haemolyticus	0
C32H31BrN2O2	Streptococcus_sanguis	0
C16H14F3N5O	Streptococcus_epidermidis	0
C20H20O7	Gardnerella_vaginalis	0
C28H24O4	Pseudomonas_libaniensis	0
C19H16N2O2	Staphylococcus_aureus	0
C11H21NO6	Firmicutes	0
C124H228Br10N10O10	Cronobacter_sakazakii	0
C10H13NO3S	Providencia_stuartii	0
C15H11O6	Trichophyton_mentagrophytes	0
C6H10OS2	Staphylococcus_chromogenes	0
C91H133N21O24	Candida_spp.	0
C4H4FN3O	Morganella_morganii	0
C4H8N2O3	Acinetobacter_baumannii	0
C15H21NO6	Achromobacter_sp.	0
C22H38ClNO5	Proteus_vulgaris	0
C10H10O4	Staphylococcus_caprae	0
C36H52O13	Streptococcus_pneumoniae_serotype_4	0
C15H11F3N2O	Geobacillus_kaustophilus	0
C17H28O6	Acinetobacter_oleiovorans	0
C10H11NO3	Human_immunodeficiency_virus	0
C21H27N3O7S	Cronobacter_sakazakii	0
C14H12	Salmonella_enterica	0
C21H25N5O8S2	Morganella_morganii	0
C3H7O4P	Helicobacter_pylori	0
C102H182N28O24	Actinomyces_oris	0
C6H13NO2	Halomonas_pacifica	0
C16H14O3	Pseudomonas_chlororaphis	0
C20H20N6O9S	Streptococcus_pyogenes	0
C30H16O8	Human_parainfluenza_virus_type_2	0
C25H20O9	Eubacterium_ramulus	0
C4H4FN3O	Micrococcus_luteus	0
C25H20O10	Candida_guiliermondi	0
C13H9Br2N3O	Streptomyces_gordonii	0
C12H12N2O3	Propionibacterium_acnes	0
C10H11NO3	Vibrio_cholerae	0
C16H15N5O7S2	Candida_dubliniensis	0
C21H17ClO3S	Trichophyton_mentagrophytes	0
C88H139N29O16S2	Staphylococcus_cohnii	0
C8H6ClNO	Staphylococcus_saprophyticus	0
C120H190N30O22	Cronobacter_sakazakii	0
C29H50O2	Staphylococcus_haemolyticus	0
C33H38N4O6	Pseudomonas_japonica	0
C4H4N2O2	Staphylococcus_caprae	0
C11H13Br3O2	Candida_guiliermondi	0
C15H10O2	Stenotrophomonas_maltophilia	0
C9H10ClNO3	Staphylococcus_caprae	0
C10H13BrO3	Streptococcus_sobrinus	0
C16H17N5O4S	Pseudomonas_fluorescens	0
C17H34O2	Campylobacter_jejuni	0
C4H2Cl2O3	Mycobacterium_leprae	0
C11H19NO2S	Streptomyces_rubiginosus	0
C18H36O2	Klebsiella_planticola	0
C66H75Cl2N9O24	Candida_tropicalis	0
C11H9ClO5S	Bacteroides_eggerthii	0
C43H65N5O10	Human_immunodeficiency_virus_1	0
C12H17N3O4S	Streptococcus_parasanguinis	0
C21H18NO4+	Influenza_B_virus	0
C90H159N25O16	Dihydropteroate_synthase_type-1	0
O3Te-2	Streptococcus_sobrinus	0
C21H24FNO10	Achromobacter_sp.	0
C26H22N10O6	Streptococcus_gordonii	0
C4H9NO2S	Pichia_anomala	0
C20H37N3O14	Bacillus_cereus	0
C103H180N36O26S3	Achromobacter_sp.	0
C9H12O2	Aquifex_aeolicus	0
C9H17NO2	Citrobacter_freundii	0
C20H21BrN2O7	Pantoea_agglomerans	0
C126H164N30O21	Staphylococcus_equorum	0
C7H9NO3	Micrococcus_luteus	0
CaCl2	Aeromonas_sobria	0
C6H9N3O2	Acinetobacter_sp.	0
C28H24O4	Pichia_anomala	0
C44H69NO12	Staphylococcus_epidermidis	0
C37H48N6O5S2	Varicella-zoster_virus	0
C42H78N2O14	Enterobacter_ludwigi	0
C88H118N22O12	Corynebacterium_ammoniagenes	0
C12H10S2	Aquifex_aeolicus	0
Na2S2O5	Listeria_monocytogenes	0
C88H139N29O16S2	Obesumbacterium_proteus	0
C27H22N6O3	Salmonella_enterica	0
C10H13NO	Streptococcus_pneumoniae	0
C4H12N2	Enterobacter_ludwigi	0
C20H28N2O5	Dihydropteroate_synthase_type-1	0
C17H21Cl2NO3	Firmicutes	0
C26H18F3NO2	Eikenella_corrodens	0
C8H5NO2	Proteus_mirabilis	0
C34H50N4O9S	Eggerthella_lenta	0
C10H9NO	Staphylococcus_equorum	0
C17H18F3N3O3	Coagulase-_negative_staphylococci	0
C50H88N28O15	Mycobacterium_avium	0
C10H13NO3	Schistosoma	0
C16H16N2O6S2	Shewanella_oneidensis	0
C8H10FN3O3S	Pseudomonas_putida	0
C3H7N	Serratia_marcescens	0
C51H64N4O13	Human_immunodeficiency_virus_1	0
C20H13NO6	Mycobacterium_leprae	0
C68H91N25O8	Candida_dubliniensis	0
C18H37N	Morganella_morganii	0
C13H8Br2ClN3O	Streptococcus_pyogenes	0
C99H155N33O19S4	Human_herpesvirus_3	0
C66H116N26O15S2	Plasmodium_falciparum	0
C7H9NO3	Shewanella_oneidensis	0
C9H10N2O5	Mycobacterium_avium	0
C24H46O11	Helicobacter_pylori	0
C56H71N9O23S	Desulfovibrio_africanus	0
C9H10Br2O2	Influenza_B_virus	0
C23H31NO3	Hepatitis_B_virus_F	0
C6H6O3	Plasmodium_falciparum	0
C16H27NO4	Bacteroides	0
C44H69NO12	Klebsiella_planticola	0
C10H13BrO3	Dihydropteroate_synthase_type-1	0
C20H20N6O9S	Clostridium_pasteurianum	0
C45H56N10O11	Bacteroides_eggerthii	0
C18H13ClFN3	Fusarium_solani	0
C48H56N6O8S2	Candida_glabrata	0
C12H22O2	Lysinibacillus_sphaericus	0
C10H12ClNO3S	Mycobacterium_tuberculosis	0
C15H25NO2S	Candida_glabrata	0
C9H6O3	Bacteroides_uniformis	0
C106H191N35O26	Enterobacter_ludwigi	0
C144H234N36O23	Bacteroides_fragilis	0
C176H302N52O41S	Providencia_stuartii	0
C12H17N5O2S	Enterobacter_cancerogenus	0
C16H19N3O5S	Acinetobacter_baumannii	0
C22H24N2O9	Bacillus_amyloliquefaciens	0
C78H141N31O14S	Streptococcus_oralis	0
C126H164N30O21	Halomonas_pacifica	0
C14H12O3	Pseudomonas_libaniensis	0
C9H6ClN	Burkholderia_pseudomallei	0
C21H27N5O4S	Lysinibacillus_sphaericus	0
C9H8F3NO2	Clostridium_pasteurianum	0
C103H178N34O28	Vibrio_anguillarum	0
C11H12Cl2N2O5	Staphylococcus_epidermidis	0
C38H50N6O5	Vibrio_vulnificus	0
C49H88N14O14S2	Staphylococcus_aureus	0
C8H12N2O3S	Human_parainfluenza_virus_type_2	0
C9H17NO6	Enterobacter_ludwigi	0
C16H14O2	Plasmodium_falciparum	0
C23H24N4O6	Enteric_bacteria_and_other_eubacteria	0
C7H12N2OS	Lactobacillus_fermenti	0
C34H47N13O4	Candida_spp.	0
C77H107N25O11S	Bacteroides	0
C22H20ClNO5	Candida_glabrata	0
C9H6O3	Morganella_morganii	0
C62H108O7	Chromobacterium_violaceum	0
C112H177N29O28S	Plasmodium_falciparum	0
C13H19NO2	Bacteroides_fragilis	0
C18H24F3N3	Shigella_flexneri	0
C15H22O2	Trichophyton_mentagrophytes	0
C23H45N5O14	Enteric_bacteria_and_other_eubacteria	0
C20H15Cl3N2OS	Hepatitis_B_virus_F	0
C20H24FN3O6	Campylobacter_jejuni	0
C8H8O3	Lactobacillus_fermenti	0
C19H22O2	Micrococcus_luteus	0
C19H16N2O2	Enterobacter_cancerogenus	0
C7H9NO	Hepatitis_C_Virus	0
C114H180N30O29S	Influenza_B_virus	0
C87H127N19O15	Desulfovibrio_africanus	0
C13H12	Stenotrophomonas_maltophilia	0
C9H5ClINO	Serratia_liquefaciens	0
C8H7Br2N3OS	Aspergillus_fumigatus	0
C12H22O2	Dengue_Virus_Type_2	0
C8H7BrO2	Streptococcus_mitis	0
C53H101N16NaO16S	Marinobacter_hydrocarbonoclasticus	0
C9H9Cl2NO2	Marinobacter_hydrocarbonoclasticus	0
C169H292N54O45	Streptococcus_pneumoniae	0
C7H5Br2N3OS	Mycobacterium_leprae	0
C10H5BrClNO3	Vibrio_campbellii	0
C16H14O2	Burkholderia_multivorans	0
C26H22N10O6	Eubacterium_ramulus	0
C87H124N18O14	Human_immunodeficiency_virus	0
C20H34O3	Geobacillus_kaustophilus	0
C27H17F6NO	Aeromonas_hydrophila	0
C19H19N3O5S	Yersinia_enterocolitica	0
C88H118N22O12	Eikenella_corrodens	0
C87H127N19O15	Staphylococcus_epidermidis	0
C90H159N25O16	Providencia_stuartii	0
C17H30O7	Staphylococcus_saprophyticus	0
C58H73N7O17	Bacteroides_eggerthii	0
C10H8N2	Trueperella_pyogenes	0
C12H21NO2	Actinoplanes_missouriensis	0
C133H181N39O22	Shigella_flexneri	0
C14H17ClN4O2S	Propionibacterium_acnes	0
C28H24O4	Gardnerella_vaginalis	0
C68H130N18O14	Trichophyton_mentagrophytes	0
C40H50N8O6	Schistosoma	0
C83H115N17O12	Streptomyces_gordonii	0
C35H60O12	Campylobacter_jejuni	0
C233H376N70O71	Influenza_B_virus	0
C9H12N2O2	Human_herpesvirus_5	0
C10H11F2NO	Arthrobacter_sp.	0
C14H16BrNO3S	Escherichia_coli_O6:H1_(strain_CFT073_/_ATCC_700928_/_UPEC)	0
C18H18N6O8S3	Streptococcus_gordonii	0
C58H73N7O17	Human_immunodeficiency_virus	0
C21H27N5O4S	Hafnia_paralvei	0
C19H29NO3	Mycobacterium_avium	0
C4H12N2	Aggregatibacter_actinomycetemcomitans	0
C15H12O2	Marinobacter_hydrocarbonoclasticus	0
C10H15NO	Human_immunodeficiency_virus	0
C63H100N18O15	Human_herpesvirus_1	0
C15H12O2	Providencia_stuartii	0
C61H92N14O20	Bacteroides_vulgatus	0
C15H23N3O3	Bacteroides_eggerthii	0
C13H7Br2Cl2N3O	Enterococcus_faecalis_(Streptococcus_faecalis)	0
C12H10N2O5	Acinetobacter_baumannii	0
C9H11NO3	Mycobacterium_avium	0
C7H5O3	Vibrio_parahaemolyticus	0
C10H15N5O3	Bacillus_cereus	0
C18H19N3O5S	Dengue_Virus_Type_2	0
C4H2Cl2O3	Pseudomonas_japonica	0
C30H25ClN6O2	Dengue_Virus_Type_2	0
C12H23N	Burkholderia_cenocepacia	0
C16H16N4O8S	Dengue_Virus_Type_2	0
C76H52O46	Gardnerella_vaginalis	0
C15H8O6	Serratia_liquefaciens	0
C15H14N4O2S	Clostridium_leptum	0
C48H72O14	Influenza_A_virus	0
C25H30N6O2	Marinobacter_hydrocarbonoclasticus	0
C42H71N3O31	Staphylococcus_epidermidis	0
C24H46O11	Raoultella_ornithinolytica	0
C5H14ClN2O2	Aquifex_aeolicus	0
C30H50O2	Burkholderia_thailandensis	0
C39H51N9O11	Streptococcus_sobrinus	0
C53H101N16NaO16S	Hepatitis_C_Virus	0
C13H9Br2N3O	Mycobacterium_smegmatis	0
C9H14OS3	Eikenella_corrodens	0
C14H25NO4	Vibrio_cholerae	0
C18H18N4O3	Vibrio_harveyi	0
C8H10O2S	Human_immunodeficiency_virus_1	0
C10H13NO2S	Streptococcus_mitis	0
C8H12N4O5	Enterococcus_faecalis_(Streptococcus_faecalis)	0
C6H13NO2	Klebsiella_planticola	0
C15H10O6	Vibrio_parahaemolyticus	0
C15H10Cl2N2O2	Streptococcus_sanguis	0
C7H6O3	Dihydropteroate_synthase_type-1	0
C11H13NO	Geobacillus_kaustophilus	0
C87H127N27O15	Haemophilus_influenzae	0
C74H131N23O17	Aquifex_aeolicus	0
C16H27NO4	Dengue_Virus_Type_2	0
C27H17F6NO	Halomonas_pacifica	0
C27H22N6O4	Eubacterium_ramulus	0
C4H9NO2S	Trichophyton_mentagrophytes	0
C11H12O5	Achromobacter_sp.	0
C20H21N7O6S2	Vibrio_campbellii	0
C10H26N4	Mycobacterium_leprae	0
C100H179N37O16	Streptococcus_epidermidis	0
C20H20N6O9S	Geobacillus_kaustophilus	0
C14H13ClN2O3	Amycolatopsis_orientalis	0
C20H18N4O5S2	Yersinia_enterocolitica	0
C38H52N6O7	Chromobacterium_violaceum	0
C18H16	Candida_guiliermondi	0
C15H18N4O5	Human_immunodeficiency_virus_1	0
C16H16O5	Staphylococcus_equorum	0
C137H232N42O36	Listeria_monocytogenes_serotype_4a	0
C9H9HgNaO2S	Vibrio_campbellii	0
C24H26O6	Enterobacter_cloacae	0
C16H19ClN2O2	Sphingomonas_sp._Ibu-2	0
C11H12N2OS	Gardnerella_vaginalis	0
C56H91N21O9	Streptococcus_salivarius	0
C126H164N30O21	Bacteroides_vulgatus	0
C4H4N2O2	Mycobacterium_avium	0
C9H5BrO2	Stenotrophomonas_maltophilia	0
C32H31BrN2O2	Burkholderia_thailandensis	0
C30H25ClN6O2	Enterobacter_aerogenes	0
C62H108O7	Streptococcus_pneumoniae_serotype_4	0
C20H18N4O5S2	Vibrio_parahaemolyticus	0
C8H12N2O3S	Enterobacteria_phage_T4	0
C6H11NO2	Morganella_morganii	0
C6H9N3O2	Stenotrophomonas_maltophilia	0
C4H2Br2O3	Streptococcus_parasanguinis	0
C83H138N30O14S	Candida_dubliniensis	0
C26H45N3O6S2	Enterococcus_faecalis_(Streptococcus_faecalis)	0
C32H60O10	Candida_albicans	0
C17H33NO6	Staphylococcus_cohnii	0
C28H22O6	Schistosoma	0
C41H74O15	Salmonella_Typhi	0
C98H155N25O22	Aeromonas_hydrophila	0
C34H50N4O9S	Aspergillus_fumigatus	0
C18H20FN3O4	Enterobacteria_phage_T4	0
C8H11N3O	Enterococcus_faecalis_(Streptococcus_faecalis)	0
C6H6N4O4	Serratia_marcescens	0
C25H32O9	Lysinibacillus_sphaericus	0
C20H35NO4	Serratia_marcescens	0
C15H11Cl2NOS	Proteus_vulgaris	0
C13H10N6O5	Pseudomonas_chlororaphis	0
C76H131N19O19	Klebsiella_planticola	0
C21H22N2O5S	Porphyromonas_gingivalis	0
C9H5ClINO	Proteus_vulgaris	0
C4H2Cl2O3	Salmonella_Typhi	0
C88H150N36O20S4	Edwardsiella_tarda	0
C6H4O2	Micrococcus_luteus	0
C22H30Cl2N10	Aquifex_aeolicus	0
C12H10N2O5	Clostridium_leptum	0
C14H18N6O	Streptococcus_oralis	0
C22H24N2O9	Neisseria_gonorrhoeae	0
C20H32O	Streptococcus_salivarius	0
C8H6FN	Burkholderia_pseudomallei	0
C7H5Br2N3OS	Stenotrophomonas_maltophilia	0
C30H18O10	Streptococcus_gordonii	0
C13H11ClN2O3	Lactobacillus_fermenti	0
C8H11NO	Streptococcus_epidermidis	0
C8H6FN	Micrococcus_luteus	0
C10H22O2	Trueperella_pyogenes	0
C23H37NO10	Vibrio_anguillarum	0
C37H42F2N8O4	Streptococcus_mitis	0
C22H38ClNO5	Haemophilus_influenzae	0
C15H21NO6	Pseudoalteromonas_sp.	0
C10H15NO4	Cryptococcus_neoformans	0
C11H14O3	Burkholderia_thailandensis	0
C27H37NO	Streptococcus_mitis	0
C14H10	Aspergillus_niger	0
C89H99Cl2N9O33	Raoultella_ornithinolytica	0
C6H8N2O2S	Staphylococcus_equorum	0
C68H106N16O10	Sphingomonas_sp._Ibu-2	0
C15H21Br2N3O5	Escherichia_coli_O6:H1_(strain_CFT073_/_ATCC_700928_/_UPEC)	0
C32H60O10	Streptococcus_pneumoniae_serotype_4	0
C10H10N2O	Burkholderia_multivorans	0
C20H23N5O6S	Serratia_marcescens	0
C10H12FNO2	Haemophilus_influenzae	0
C20H37N3O14	Streptococcus_salivarius	0
CH2Cl2	Human_herpesvirus_1	0
C6H12N2O4S2	Staphylococcus_caprae	0
C8H20N2	Schistosoma	0
C146H260N52O32	Streptococcus_gordonii	0
C20H19F2N3O5	Streptococcus_mutans	0
C16H17N3O3	Human_herpesvirus_5	0
ClNa	Escherichia_coli	0
C15H10Cl2F3NO2	Staphylococcus_epidermis	0
C10H16N2O8	Enterobacter_cancerogenus	0
C32H31BrN2O2	Listeria_monocytogenes	0
C36H61NaO11	Providencia_stuartii	0
C4H10OS2	Mycobacterium_smegmatis	0
C18H16N4O3S2	Vibrio_parahaemolyticus	0
C8H6N4O5	Chromobacterium_violaceum	0
C10H5BrClNO3	Pantoea_agglomerans	0
C8H12N2O2	Vibrio_campbellii	0
C28H30N4O6	Staphylococcus_chromogenes	0
C233H376N70O71	Dihydropteroate_synthase_type-1	0
C13H16O13S	Candida_tropicalis	0
C15H16F3NO2	Acinetobacter_sp.	0
C21H41N5O7	Enterococcus_faecium_(Streptococcus_faecium)	0
C83H139N29O17S2	Influenza_A_virus	0
C4H7NO4	Obesumbacterium_proteus	0
C15H12O	Plasmodium_falciparum	0
C9H9F2NO2	Enterobacter_aerogenes	0
C7H9NO3	Human_immunodeficiency_virus_1	0
C23H27N5O7S	Aspergillus_niger	0
C6H8O3	Vibrio_anguillarum	0
C9H17NO6	Actinomyces_oris	0
C83H138N30O14S	Lysinibacillus_sphaericus	0
C16H15Cl2NO3	Streptococcus_sanguinis	0
C44H64N10O11	Proteus_vulgaris	0
C11H8ClNO3	Streptococcus_sobrinus	0
C9H9NO	Listeria_ivanovii	0
H2O2	Arthrobacter_sp.	0
C10H11NO3	Human_herpesvirus_3	0
C9H8O3	Human_herpesvirus_4	0
C14H10O3	Bacillus_amyloliquefaciens	0
C27H36FNO	Francisella_novicida	0
C5H9NO3	Francisella_novicida	0
C6H6FN	Bacteroides	0
C9H16O	Arthrobacter_sp.	0
C72H101N17O26	Listeria_monocytogenes	0
C87H127N19O15	Human_herpesvirus_4	0
C62H108O7	Enteric_bacteria_and_other_eubacteria	0
C22H42O11	Mycobacterium_avium	0
C15H14O5	Plasmodium_falciparum	0
C11H12N2OS	Raoultella_ornithinolytica	0
C35H65N11O9	Staphylococcus_epidermis	0
C15H24	Staphylococcus_epidermis	0
C44H64O24	Eggerthella_lenta	0
C15H22O2	Pseudomonas_fluorescens	0
C10H14O2	Candida_spp.	0
C16H19Cl2NO2	Vibrio_parahaemolyticus	0
C101H171N27O24	Streptococcus_sanguinis	0
C27H30O16	Burkholderia_thailandensis	0
C57H90N20O8	Obesumbacterium_proteus	0
C19H22FN3O4	Bacteroides_uniformis	0
C85H143N27O23S9	Plasmodium_falciparum	0
C63H111N23O11	Influenza_B_virus	0
C16H19Cl2NO2	Escherichia_coli_O6:H1_(strain_CFT073_/_ATCC_700928_/_UPEC)	0
C27H37O6	Burkholderia_cepacia	0
C106H191N35O26	Enterobacter_aerogenes	0
C12H7Cl3O2	Streptococcus_pneumoniae_serotype_4	0
C117H177N33O28	Klebsiella_planticola	0
C17H18FN3O3S	Salmonella_Typhi	0
C20H34O3	Hafnia_alvei	0
C23H22N2O5	Streptococcus_mitis	0
Co+2	Streptococcus_epidermidis	0
C2H8N2	Burkholderia_cenocepacia	0
C16H18FN3O3	Bacillus_anthracis	0
C152H226N38O45S3	Morganella_morganii	0
C19H14Cl2F3NO2	Edwardsiella_tarda	0
C12H22O11	Pseudomonas_putida	0
C27H22Cl2N4	Porphyromonas_gingivalis	0
C205H340N60O53	Candida_tropicalis	0
C4H8N2O3	Eggerthella_lenta	0
C98H155N25O22	Edwardsiella_tarda	0
Bi2O3	Firmicutes	0
C44H64N10O11	Streptococcus_sanguis	0
C8H11N5O3	Marinobacter_hydrocarbonoclasticus	0
C11H12N4O2S	Plasmodium_falciparum	0
C56H71N9O23S	Dengue_Virus_Type_2	0
C8H13NO2S	Streptococcus_oralis	0
C5H4N2O3	Streptococcus_salivarius	0
C13H7Br2Cl2N3O	Staphylococcus_haemolyticus	0
C18H23N9O4S3	Stenotrophomonas_maltophilia	0
C7H9NO	Micrococcus_luteus	0
C28H44ClNO2	Staphylococcus_capitis	0
C6H13NO3S	Geobacillus_kaustophilus	0
C106H191N35O26	Aeromonas_hydrophila	0
C12H17N5O2S	Pseudomonas_fluorescens	0
C13H12	Salmonella_Typhi	0
C7H8O2S	Salmonella_enterica	0
C18H37N5O9	Candida_spp.	0
C28H30N4O6	Streptococcus_gordonii	0
C3H7NO2	Clostridium_leptum	0
C62H108O7	Sphingomonas_sp._Ibu-2	0
C89H143N25O17	Bacillus_anthracis	0
C21H18O11	Clostridium_pasteurianum	0
C63H111N23O11	Streptococcus_sanguis	0
C16H13Cl3N2OS	Mycobacterium_tuberculosis	0
C10H10N2O2	Streptococcus_gordonii	0
C14H17ClN4O2S	Campylobacter_jejuni	0
C107H196N28O30	Enterococcus_faecalis_(Streptococcus_faecalis)	0
C21H32ClN3	Hepatitis_C_Virus	0
C23H44O11	Klebsiella_variicola	0
C22H38N2	Bacteroides_eggerthii	0
C8H15BrO2	Escherichia_coli	0
C8H12N2O2	Varicella-zoster_virus	0
C17H19NO8S	Bacteroides_fragilis	0
C72H95N25O12	Enterobacter_cancerogenus	0
C38H50N6O5	Staphylococcus_chromogenes	0
C32H55BrN4O	Bacteroides_fragilis	0
C15H12O5	Hepatitis_B_virus_D	0
C15H14N4O	Streptococcus_mitis	0
C29H50O2	Haemophilus_influenzae	0
C15H21Br2N3O5	Varicella-zoster_virus	0
C10H12N4O5S	Shigella_flexneri	0
C11H8Cl2O4S	Candida_krusei	0
C25H20O10	Human_immunodeficiency_virus	0
C37H67NO13	Lysinibacillus_sphaericus	0
C14H12	Hafnia_alvei	0
C25H27N9O8S2	Streptomyces_rubiginosus	0
C17H30O7	Marinobacter_hydrocarbonoclasticus	0
C25H35N3O6S	Varicella-zoster_virus	0
C16H28N2O4	Pseudomonas_fluorescens	0
C31H36N2O11	Acinetobacter_baumannii	0
C22H38N2	Vibrio_vulnificus	0
C15H18O10	Serratia_marcescens	0
C15H17N5O6S2	Pseudomonas_libaniensis	0
C6H5NO2	Staphylococcus_cohnii	0
C63H99N21O15	Listeria_ivanovii	0
C41H32O26	Candida_guiliermondi	0
C15H16N2O2	Stenotrophomonas_maltophilia	0
C9H9N3O2S2	Streptomyces_sp.	0
C22H34O4	Vibrio_cholerae	0
C74H131N23O17	Eggerthella_lenta	0
C19H16N2O2	Streptococcus_pneumoniae_serotype_4	0
C25H18ClNO	Vibrio_cholerae	0
C9H9N	Dengue_Virus_Type_2	0
C8H6BrN	Candida_tropicalis	0
C38H69NO13	Streptococcus_mutans	0
C8H13NO3	Enterobacter_aerogenes	0
C21H20O6	Staphylococcus_epidermidis	0
C20H32O3	Mycobacterium_tuberculosis	0
C22H42O11	Pseudomonas_fluorescens	0
C5H3BrO2	Pseudomonas_japonica	0
C16H15N2O6P	Acinetobacter_baumannii	0
C18H14Cl4N2O	Burkholderia_cepacia	0
C10H12N4O3	Aspergillus_fumigatus	0
C17H33NO6	Candida_glabrata	0
C22H47N5O21S2	Enteric_bacteria_and_other_eubacteria	0
C12H14N4O2S	Enterobacter_aerogenes	0
C9H8O	Eikenella_corrodens	0
AgO4S	Eikenella_corrodens	0
C7H6Cl4O3	Mycobacterium_smegmatis	0
C28H22O6	Serratia_liquefaciens	0
C13H9ClN2O3	Staphylococcus_aureus	0
C19H18ClN3O5S	Raoultella_ornithinolytica	0
C23H44O11	Coagulase-_negative_staphylococci	0
C26H28ClNO	Staphylococcus_saprophyticus	0
C90H159N25O16	Vibrio_parahaemolyticus	0
C13H8Br2ClN3O	Morganella_morganii	0
C4H11NS	Bacteroides	0
C5H13ClN2O2S	Enterococcus_faecium_(Streptococcus_faecium)	0
C16H18F3NO2	Salmonella_Typhi	0
C9H6Cl2O	Klebsiella_pneumoniae	0
C15H20N2O6	Arthrobacter_sp.	0
C32H60O10	Mycobacterium_avium	0
C70H118N28O11	Amycolatopsis_orientalis	0
C47H75NO17	Amycolatopsis_orientalis	0
C11H12N2O2	Burkholderia_thailandensis	0
C31H48O6	Geobacillus_kaustophilus	0
C120H190N30O22	Bacteroides	0
C21H41N5O7	Vibrio_cholerae	0
C9H10ClNO2	Halomonas_pacifica	0
C38H72N2O12	Human_herpesvirus_3	0
C16H21NO2	Pseudoalteromonas_sp.	0
C9H8F3NO2	Streptococcus_mutans	0
C9H7NO2	Staphylococcus_haemolyticus	0
C16H17N5O7S2	Candida_krusei	0
C14H14S	Bacillus_amyloliquefaciens	0
C14H25NO4	Acinetobacter_oleiovorans	0
C8H7N	Actinomyces_oris	0
C8H6FN	Burkholderia_thailandensis	0
C16H16O5	Francisella_novicida	0
C11H14N2O3	Aquifex_aeolicus	0
C10H14O	Shewanella_oneidensis	0
C6H17N3	Bacteroides_eggerthii	0
C16H20F3NO2	Streptococcus_mutans	0
C13H21NO2S	Acinetobacter_oleiovorans	0
C9H10ClNO3	Edwardsiella_tarda	0
C4H8N2O3	Candida_dubliniensis	0
C10H8O4	Trueperella_pyogenes	0
C9H9Cl2NO2	Amycolatopsis_orientalis	0
C12H21NO2	Enterobacter_cloacae	0
C10H10N4O2S	Staphylococcus_capitis	0
C5H3BrOS	Staphylococcus_epidermidis	0
C87H124N18O14	Listeria_monocytogenes	0
C133H195N51O33	Listeria_ivanovii	0
C17H12ClN3O	Aeromonas_sobria	0
C13H12Cl2O3S	Streptococcus_parasanguinis	0
O4P	Citrobacter_freundii	0
C15H10O6	Pantoea_agglomerans	0
C9H9Br2NO3	Enterobacter_aerogenes	0
C22H26O5	Escherichia_coli_O6:H1_(strain_CFT073_/_ATCC_700928_/_UPEC)	0
C17H16F6N2O	Streptococcus_pneumoniae_serotype_4	0
C36H47N5O4	Serratia_liquefaciens	0
C21H41N5O7	Bacillus_anthracis	0
C11H17NS	Amycolatopsis_orientalis	0
C20H15Cl3N2OS	Staphylococcus_capitis	0
C6H13N5O4	Enterococcus_gallinarum	0
Cl3Fe	Human_immunodeficiency_virus_1	0
C16H18O10	Coagulase-_negative_staphylococci	0
C17H16O3	Edwardsiella_tarda	0
C35H38Cl2N8O4	Micrococcus_luteus	0
C30H42N12O15S3	Yersinia_enterocolitica	0
C205H340N60O53	Candida_dubliniensis	0
C9H12N2O2	Pseudomonas_libaniensis	0
C66H116N26O15S2	Francisella_novicida	0
C136H211N45O26	Clostridium_leptum	0
C6H5NO2	Fusarium_solani	0
C16H22N2O6	Pseudomonas_japonica	0
C63H111N23O11	Hepatitis_B_virus_F	0
C87H127N27O15	Trichophyton_mentagrophytes	0
C22H30Cl2N10	Providencia_stuartii	0
C4H10OS2	Pseudomonas_chlororaphis	0
C22H26O5	Pseudomonas_libaniensis	0
C69H115N21O21	Streptococcus_gordonii	0
C16H22Cl2N2O2S	Halomonas_pacifica	0
C20H32N5O8P	Candida_glabrata	0
C21H18O11	Cryptococcus_neoformans	0
C8H14N3O6P	Burkholderia_pseudomallei	0
C21H29NO2	Staphylococcus_equorum	0
C19H12ClNO3	Staphylococcus_cohnii	0
C11H6O3	Desulfovibrio_africanus	0
C11H13N3O3S	Sphingomonas_sp._Ibu-2	0
C6H6N2O	Lysinibacillus_sphaericus	0
C9H11NO2S	Marinobacter_hydrocarbonoclasticus	0
C82H134N20O13	Firmicutes	0
C20H24N6O5	Pseudomonas_putida	0
C7H9N	Geobacillus_kaustophilus	0
C22H19ClO3	Staphylococcus_aureus	0
C5H13ClN2O2S	Streptococcus_oralis	0
C14H14S	Aspergillus_fumigatus	0
C5H14ClN2O2	Human_immunodeficiency_virus	0
C9H11NO2S	Sphingomonas_sp._Ibu-2	0
C74H121N19O19	Amycolatopsis_orientalis	0
C18H34O2	Burkholderia_pseudomallei	0
C83H139N29O17S2	Bacteroides_uniformis	0
C15H15NO2	Burkholderia_pseudomallei	0
C7H5Br3O2	Streptococcus_pneumoniae	0
C70H122N26O14	Salmonella_Typhi	0
C22H22N6O7S2	Francisella_novicida	0
C7H6FNO2	Candida_parapsilosis	0
C14H11N3O4	Human_immunodeficiency_virus	0
C14H18N6O	Helicobacter_pylori	0
C99H155N33O19S4	Dihydropteroate_synthase_type-1	0
C16H18O10	Human_immunodeficiency_virus	0
C19H18O6	Pseudomonas_chlororaphis	0
C131H229N39O31	Mycobacterium_tuberculosis	0
C18H18N8O7S3	Streptococcus_salivarius	0
C27H32O15	Vibrio_campbellii	0
C22H24N2O9	Micrococcus_luteus	0
C15H18N4O5	Vibrio_vulnificus	0
C29H38N4O10	Bacteroides_uniformis	0
C14H6O8	Streptococcus_parasanguinis	0
C11H13Br3O2	Providencia_stuartii	0
C12H17N3O4S	Yersinia_enterocolitica	0
C23H31NO3	Amycolatopsis_orientalis	0
C29H39N5O8	Cronobacter_sakazakii	0
C6H6ClN	Enterococcus_gallinarum	0
C10H10N2O2	Staphylococcus_epidermidis	0
C61H98N22O10	Citrobacter_freundii	0
C152H249N47O32	Mycobacterium_avium	0
C20H25ClN2O5	Streptococcus_sobrinus	0
C44H69NO12	Gardnerella_vaginalis	0
C9H9Br2N3OS	Varicella-zoster_virus	0
Bi2O3	Proteus_mirabilis	0
C15H14O6	Yersinia_enterocolitica	0
C24H22F3NO3	Bacteroides_eggerthii	0
C16H17N3O3	Neisseria_gonorrhoeae	0
C23H28ClN	Streptomyces_rubiginosus	0
C9H10ClNO2	Acinetobacter_sp.	0
C17H25NO10	Burkholderia_pseudomallei	0
C4H4N2O2	Bacillus_anthracis	0
C100H131N25O14	Streptomyces_rubiginosus	0
C14H18O2	Aeromonas_sobria	0
C19H17N3O	Achromobacter_xylosoxidans	0
C56H103N9O39	Pantoea_agglomerans	0
C8H7Br2N3OS	Streptococcus_gordonii	0
C11H6O3	Edwardsiella_tarda	0
C8H10FN3O3S	Mycobacterium_leprae	0
C15H20O3	Escherichia_coli	0
C204H301N51O64	Vibrio_cholerae	0
C12H21NO2	Burkholderia_pseudomallei	0
C32H55BrN4O	Propionibacterium_acnes	0
C12H10N2O5	Human_immunodeficiency_virus	0
C15H23N3O4S	Aspergillus_niger	0
C39H51N9O11	Proteus_mirabilis	0
C75H70N6O6	Hepatitis_B_virus_F	0
C10H17NO3	Influenza_A_virus	0
C18H37N	Clostridium_pasteurianum	0
C32H45N3O4S	Staphylococcus_saprophyticus	0
C22H18O10	Salmonella_enterica	0
C14H14Cl2N2O	Enterobacteria_phage_T4	0
C9H13NO2S	Bacteroides_eggerthii	0
C124H228Br10O10P10	Salmonella_enterica	0
C20H22N8O6S2	Staphylococcus_caprae	0
C31H44O12	Acinetobacter_sp.	0
C14H11BrN2O2	Human_herpesvirus_3	0
C9H9Cl2NO2	Pseudomonas_aeruginosa	0
ZnCl2	Enterobacteria_phage_T4	0
C9H9HgNaO2S	Vibrio_harveyi	0
C15H10O7	Staphylococcus_saprophyticus	0
C117H191N39O33	Aquifex_aeolicus	0
C41H64O14	Clostridium_perfringens	0
C26H20N6O3	Propionibacterium_acnes	0
C19H17Cl2N3O5S	Streptococcus_epidermidis	0
C14H11BrN2O	Staphylococcus_haemolyticus	0
Cd+2	Streptococcus_mitis	0
C15H20O3	Burkholderia_thailandensis	0
C16H17N9O5S3	Enterobacter_cancerogenus	0
C14H14S2	Obesumbacterium_proteus	0
C10H12N2O3	Escherichia_coli	0
C15H22O3	Pantoea_agglomerans	0
CrO4-2	Vibrio_cholerae	0
C10H8O4	Candida_parapsilosis	0
C16H21NO2	Streptococcus_oralis	0
C9H17NO2	Neisseria_gonorrhoeae	0
C16H17N5O4S	Pseudomonas_putida	0
C14H11Br2N3O2	Human_immunodeficiency_virus_1	0
C19H22FN3O4	Vibrio_campbellii	0
C6H6O2	Streptococcus_sobrinus	0
C74H131N23O17	Cryptococcus_neoformans	0
C12H10S2	Hepatitis_B_virus_F	0
C16H18N2O3	Clostridium_perfringens	0
C8H6ClNO	Francisella_novicida	0
C9H11NO3	Enteric_bacteria_and_other_eubacteria	0
C25H20O10	Lysinibacillus_sphaericus	0
C12H19NO4	Trueperella_pyogenes	0
C7H6Br2O2	Burkholderia_pseudomallei	0
C21H22O4	Haemophilus_influenzae	0
C56H98N16O13	Human_herpesvirus_3	0
C25H35N3O6S	Yersinia_enterocolitica	0
C21H41NO4	Listeria_ivanovii	0
C15H10O3	Lysinibacillus_sphaericus	0
C61H98N16O17	Candida_spp.	0
C10H14O	Pichia_anomala	0
C16H17N3O3	Vibrio_parahaemolyticus	0
C9H11NO3	Candida_albicans	0
C14H14S	Pichia_anomala	0
C15H10O3	Pantoea_agglomerans	0
C108H176N30O27	Serratia_marcescens	0
C145H250N44O29	Actinomyces_oris	0
C8H8OS	Human_parainfluenza_virus_type_2	0
C55H101N23O9	Staphylococcus_chromogenes	0
C9H12O6	Candida_parapsilosis	0
C12H15NO2	Proteus_mirabilis	0
C78H141N31O14S	Varicella-zoster_virus	0
C17H19F2N3O3	Micrococcus_luteus	0
C42H69NO15	Escherichia_coli_O6:H1_(strain_CFT073_/_ATCC_700928_/_UPEC)	0
C22H20O4	Cronobacter_sakazakii	0
C5H10N2O3	Mycobacterium_smegmatis	0
C47H75NO17	Streptococcus_sanguis	0
C10H17N	Serratia_marcescens	0
C56H103N9O39	Streptococcus_pyogenes	0
C17H20FN3O3	Staphylococcus_epidermidis	0
C27H32O14	Lysinibacillus_sphaericus	0
C14H14Cl2N2O	Human_herpesvirus_1	0
C112H177N29O28S	Haemophilus_influenzae	0
C87H127N27O15	Burkholderia_cenocepacia	0
C13H10ClN3O5	Human_immunodeficiency_virus_1	0
C66H75Cl2N9O24	Hafnia_alvei	0
C17H12Br2O3	Haemophilus_influenzae	0
C15H17FN4O3	Human_immunodeficiency_virus	0
C7H11N3O6S	Human_herpesvirus_1	0
C5H2Br2O2	Streptococcus_sanguinis	0
C18H34Br2N2O2	Enterobacter_cancerogenus	0
C10H8N2	Citrobacter_freundii	0
C21H22O4	Staphylococcus_capitis	0
C21H33NO10	Enterobacteria_phage_T4	0
C52H88N10O15	Human_parainfluenza_virus_type_2	0
C19H16N2O2	Enterococcus_gallinarum	0
C15H29NO	Streptococcus_oralis	0
C15H11N3O3	Geobacillus_kaustophilus	0
C17H28O6	Hepatitis_B_virus_D	0
C21H17ClO3S	Burkholderia_thailandensis	0
C26H22N10O6	Human_herpesvirus_4	0
C18H37N	Desulfovibrio_africanus	0
C9H7NO2	Candida_parapsilosis	0
C8H10O2S	Citrobacter_freundii	0
C31H33F3N2O5S	Pseudomonas_aeruginosa	0
C16H32N2O	Providencia_stuartii	0
Zn(NO3)2	Aquifex_aeolicus	0
C102H169N25O20	Kocuria_rhizophila	0
C10H11F2NO	Klebsiella_planticola	0
C9H17NO6	Salmonella_Typhi	0
Na2S2O5	Amycolatopsis_orientalis	0
C56H91N21O9	Human_immunodeficiency_virus_1	0
C8H10N2O3S	Listeria_ivanovii	0
C12H15NO2	Bacteroides_eggerthii	0
